ID,AGE,GENDER,RACE,DRIVING_EXPERIENCE,EDUCATION,INCOME,CREDIT_SCORE,VEHICLE_OWNERSHIP,VEHICLE_YEAR,MARRIED,CHILDREN,POSTAL_CODE,ANNUAL_MILEAGE,VEHICLE_TYPE,SPEEDING_VIOLATIONS,DUIS,PAST_ACCIDENTS,OUTCOME
512493,40-64,female,majority,20-29y,high school,middle class,0.5535601281630852,1.0,before 2015,0.0,1.0,10238,12000.0,sedan,0,0,1,0.0
901806,16-25,female,minority,0-9y,high school,poverty,0.2525014821570652,1.0,before 2015,0.0,1.0,10238,9000.0,sedan,0,0,0,1.0
807092,26-39,female,majority,10-19y,university,middle class,0.6390800755821244,0.0,before 2015,1.0,1.0,10238,10000.0,sedan,0,0,0,0.0
790558,26-39,female,majority,10-19y,university,middle class,0.5179824926082389,1.0,after 2015,1.0,0.0,10238,16000.0,sedan,0,0,0,0.0
749179,26-39,female,majority,10-19y,university,middle class,0.6652700956908707,1.0,before 2015,0.0,1.0,10238,10000.0,sedan,1,0,0,0.0
72382,40-64,male,majority,20-29y,high school,working class,0.4275608354586653,0.0,before 2015,0.0,1.0,10238,14000.0,sedan,0,0,1,0.0
326875,65+,male,majority,0-9y,university,upper class,0.6327218261481451,1.0,before 2015,1.0,1.0,32765,7000.0,sedan,0,0,0,1.0
292254,40-64,female,majority,0-9y,none,middle class,0.479566722770817,1.0,before 2015,0.0,1.0,10238,,sedan,0,0,0,1.0
540591,65+,female,majority,30y+,university,upper class,0.6995446355113222,1.0,after 2015,0.0,1.0,92101,15000.0,sedan,2,0,0,0.0
374337,40-64,male,majority,20-29y,high school,working class,0.4558557235183332,0.0,before 2015,0.0,0.0,10238,13000.0,sedan,0,1,3,0.0
123508,65+,female,majority,30y+,university,upper class,,1.0,after 2015,1.0,1.0,32765,7000.0,sedan,10,1,1,0.0
541648,40-64,female,majority,0-9y,high school,upper class,0.7136079957757449,1.0,after 2015,1.0,0.0,10238,17000.0,sedan,0,0,0,0.0
223064,26-39,male,majority,10-19y,university,upper class,0.719918789869379,1.0,after 2015,1.0,1.0,10238,11000.0,sedan,0,0,3,0.0
882741,40-64,male,majority,0-9y,none,poverty,0.2930184956756164,0.0,before 2015,0.0,1.0,10238,13000.0,sedan,0,0,0,1.0
160763,26-39,male,majority,10-19y,university,middle class,0.5346089416239137,1.0,before 2015,0.0,1.0,10238,11000.0,sports car,1,0,5,0.0
674205,16-25,female,minority,0-9y,high school,working class,0.4209013627520005,0.0,after 2015,0.0,1.0,32765,8000.0,sedan,0,0,0,0.0
3856,40-64,female,majority,0-9y,high school,upper class,0.4966865796888583,1.0,after 2015,0.0,1.0,10238,14000.0,sedan,0,0,0,0.0
691782,26-39,female,majority,10-19y,university,upper class,0.5648598691189141,1.0,after 2015,1.0,1.0,10238,7000.0,sedan,0,0,0,0.0
731733,40-64,female,minority,20-29y,none,poverty,0.3170848157196212,0.0,before 2015,0.0,1.0,10238,10000.0,sedan,1,0,1,0.0
593636,65+,male,majority,20-29y,none,middle class,0.5761410516863594,1.0,after 2015,0.0,1.0,10238,11000.0,sedan,3,1,1,0.0
20645,40-64,female,majority,20-29y,university,upper class,0.6553512480035613,1.0,after 2015,1.0,1.0,92101,10000.0,sedan,1,0,0,0.0
524914,40-64,male,majority,20-29y,high school,upper class,0.3769215797809953,1.0,after 2015,1.0,1.0,10238,11000.0,sedan,4,0,9,0.0
197660,40-64,male,majority,0-9y,high school,working class,0.5689590158642488,1.0,after 2015,1.0,1.0,10238,10000.0,sedan,0,0,0,1.0
680709,65+,female,majority,30y+,university,upper class,0.6958698252477195,0.0,after 2015,1.0,1.0,10238,9000.0,sedan,3,0,2,0.0
816776,26-39,female,majority,10-19y,high school,upper class,0.6616702922734885,1.0,before 2015,1.0,1.0,10238,10000.0,sedan,1,0,1,0.0
107735,65+,male,majority,30y+,university,upper class,0.4758758960926596,1.0,after 2015,1.0,1.0,32765,7000.0,sedan,8,0,4,0.0
822227,16-25,female,majority,0-9y,high school,working class,0.4466683299509061,1.0,after 2015,0.0,0.0,92101,17000.0,sedan,0,0,0,0.0
933988,65+,female,majority,10-19y,high school,upper class,0.5887804243446704,0.0,after 2015,1.0,1.0,10238,9000.0,sedan,0,0,1,0.0
59488,40-64,male,minority,20-29y,university,upper class,0.5628766176819733,1.0,before 2015,1.0,1.0,10238,10000.0,sports car,1,0,3,0.0
331717,40-64,female,majority,20-29y,high school,upper class,0.4646878976644145,1.0,after 2015,0.0,1.0,10238,,sedan,2,1,1,0.0
170494,26-39,female,majority,10-19y,university,upper class,0.5223975134341897,1.0,before 2015,1.0,1.0,10238,8000.0,sedan,3,0,0,0.0
633166,40-64,female,majority,20-29y,none,working class,0.3685388519924869,1.0,before 2015,1.0,1.0,10238,12000.0,sedan,0,0,1,0.0
88340,16-25,male,majority,0-9y,university,working class,0.3450578498840382,1.0,before 2015,1.0,1.0,10238,,sedan,0,0,0,1.0
860511,40-64,female,majority,20-29y,high school,upper class,0.579613604777953,1.0,before 2015,1.0,1.0,32765,8000.0,sedan,4,0,1,0.0
94766,16-25,female,majority,0-9y,high school,working class,0.356589005878555,0.0,before 2015,0.0,1.0,10238,14000.0,sedan,0,0,0,1.0
902987,26-39,female,majority,0-9y,university,upper class,0.7943143735731404,1.0,after 2015,0.0,1.0,10238,11000.0,sedan,0,0,0,0.0
761533,40-64,male,majority,0-9y,none,working class,0.4714899368262763,0.0,before 2015,1.0,1.0,10238,,sedan,0,0,0,0.0
393748,16-25,female,majority,0-9y,university,poverty,0.2818370783216598,0.0,before 2015,0.0,0.0,10238,,sports car,0,0,0,1.0
268399,40-64,male,majority,20-29y,high school,upper class,0.5370649528312461,1.0,before 2015,1.0,1.0,10238,8000.0,sedan,3,1,1,0.0
830012,65+,female,majority,20-29y,university,upper class,0.6148147154486039,1.0,before 2015,1.0,1.0,10238,12000.0,sedan,0,0,1,0.0
410504,40-64,female,minority,10-19y,high school,middle class,0.5926096840740965,0.0,before 2015,1.0,1.0,10238,13000.0,sedan,0,0,0,0.0
812722,65+,female,majority,30y+,university,upper class,0.6469720725930872,1.0,before 2015,1.0,0.0,10238,11000.0,sedan,0,2,0,0.0
545432,16-25,female,majority,0-9y,high school,working class,0.2705635141230467,1.0,before 2015,0.0,0.0,10238,16000.0,sedan,0,0,0,0.0
248605,40-64,female,majority,20-29y,none,middle class,0.5105669130007187,0.0,after 2015,0.0,1.0,10238,15000.0,sedan,1,0,1,0.0
764088,40-64,female,majority,20-29y,university,upper class,0.46994237748042,1.0,before 2015,1.0,1.0,10238,12000.0,sedan,2,0,6,0.0
113172,40-64,male,majority,20-29y,university,upper class,0.4718619293037006,1.0,before 2015,1.0,0.0,10238,11000.0,sedan,3,1,5,0.0
699793,16-25,male,majority,0-9y,high school,poverty,0.280058952547863,0.0,before 2015,0.0,1.0,10238,11000.0,sedan,0,0,0,1.0
447632,16-25,male,majority,0-9y,university,middle class,0.6147395466940077,1.0,before 2015,0.0,0.0,10238,12000.0,sedan,0,0,0,1.0
462073,40-64,female,majority,0-9y,high school,upper class,0.7725922199928316,1.0,before 2015,0.0,1.0,10238,10000.0,sedan,0,0,0,0.0
505241,26-39,male,majority,0-9y,none,poverty,0.2849997121914649,1.0,before 2015,0.0,1.0,10238,,sedan,0,0,0,1.0
539702,40-64,male,majority,20-29y,university,upper class,0.5557121773732416,1.0,after 2015,0.0,0.0,32765,13000.0,sedan,2,2,2,0.0
311880,16-25,male,majority,0-9y,none,poverty,0.3357969699282221,0.0,before 2015,0.0,0.0,32765,,sedan,0,0,0,1.0
545673,65+,male,majority,30y+,university,upper class,0.6167916312739175,1.0,after 2015,0.0,1.0,32765,14000.0,sedan,10,2,3,0.0
157866,16-25,female,minority,0-9y,high school,working class,0.5636837161034072,0.0,before 2015,0.0,1.0,10238,,sedan,0,0,0,1.0
215613,26-39,female,majority,10-19y,high school,upper class,0.5444505055710364,1.0,after 2015,1.0,1.0,10238,8000.0,sedan,0,0,3,0.0
802707,26-39,male,majority,0-9y,none,working class,0.5667317403812019,1.0,before 2015,0.0,0.0,10238,15000.0,sedan,0,0,0,1.0
752655,40-64,male,majority,20-29y,university,upper class,0.5079335015243901,1.0,before 2015,1.0,1.0,10238,9000.0,sports car,3,0,6,0.0
538225,16-25,female,majority,0-9y,none,poverty,0.3679435479917757,0.0,after 2015,1.0,1.0,10238,11000.0,sedan,0,0,0,0.0
508867,40-64,male,minority,20-29y,university,upper class,0.5349072095995847,1.0,after 2015,0.0,1.0,32765,8000.0,sedan,6,1,1,0.0
151493,16-25,male,majority,0-9y,high school,working class,0.3517181900202916,0.0,before 2015,0.0,1.0,10238,,sedan,0,0,0,1.0
636331,65+,female,majority,30y+,high school,upper class,0.4186462666783617,0.0,after 2015,1.0,0.0,10238,11000.0,sedan,7,1,3,0.0
119568,40-64,female,majority,20-29y,university,upper class,0.6046764589038505,1.0,before 2015,0.0,0.0,10238,12000.0,sedan,0,0,0,0.0
966958,40-64,male,majority,20-29y,high school,upper class,0.6882993049868759,1.0,after 2015,0.0,1.0,10238,14000.0,sedan,5,0,1,0.0
431795,65+,female,majority,30y+,high school,upper class,0.5173495976314954,1.0,after 2015,1.0,1.0,32765,6000.0,sedan,10,0,2,0.0
28555,26-39,male,majority,10-19y,university,upper class,,1.0,after 2015,1.0,1.0,10238,6000.0,sedan,3,0,1,0.0
133368,26-39,male,majority,10-19y,university,middle class,,1.0,after 2015,1.0,1.0,10238,12000.0,sedan,1,0,1,0.0
939798,40-64,female,majority,20-29y,high school,working class,0.420639455981065,1.0,before 2015,1.0,0.0,10238,13000.0,sedan,1,1,2,0.0
751596,40-64,female,majority,20-29y,university,upper class,0.7121946993934768,1.0,after 2015,1.0,1.0,10238,12000.0,sports car,0,0,2,0.0
619382,40-64,female,majority,20-29y,university,upper class,0.6674075473242187,1.0,before 2015,1.0,1.0,10238,10000.0,sports car,4,0,1,0.0
379940,26-39,male,majority,0-9y,university,upper class,,1.0,before 2015,0.0,0.0,32765,12000.0,sedan,0,0,0,1.0
609544,16-25,female,majority,0-9y,high school,working class,0.4528580085974892,0.0,before 2015,0.0,0.0,32765,16000.0,sedan,0,0,0,1.0
735929,16-25,male,majority,0-9y,high school,poverty,0.3448180556225356,0.0,before 2015,0.0,1.0,10238,10000.0,sedan,0,0,0,1.0
902646,26-39,female,majority,10-19y,high school,working class,0.5241410821408387,0.0,after 2015,1.0,1.0,10238,12000.0,sedan,2,0,1,0.0
323541,40-64,male,majority,20-29y,high school,middle class,0.505099201641905,0.0,before 2015,0.0,0.0,10238,18000.0,sedan,0,1,1,1.0
994450,40-64,male,majority,20-29y,university,upper class,0.7592246057233212,1.0,before 2015,1.0,1.0,32765,10000.0,sedan,8,2,1,1.0
649911,16-25,male,majority,0-9y,university,working class,0.5138717893886736,1.0,before 2015,0.0,1.0,10238,,sedan,0,0,0,1.0
954538,40-64,female,majority,0-9y,high school,middle class,0.5948693351349871,1.0,after 2015,0.0,1.0,32765,11000.0,sedan,0,0,0,1.0
968669,65+,female,majority,30y+,university,upper class,0.4836380123288594,1.0,after 2015,1.0,1.0,32765,9000.0,sedan,4,1,2,0.0
712777,40-64,female,majority,20-29y,none,upper class,0.685731574404338,1.0,before 2015,1.0,1.0,10238,12000.0,sedan,1,0,4,0.0
389792,65+,male,majority,0-9y,university,upper class,0.649820471216227,1.0,after 2015,1.0,1.0,32765,9000.0,sedan,0,0,0,1.0
899911,40-64,male,majority,10-19y,high school,upper class,0.5783885461834334,0.0,after 2015,1.0,1.0,32765,9000.0,sedan,1,0,2,0.0
936406,26-39,male,majority,0-9y,university,middle class,0.5363660064970701,1.0,before 2015,0.0,0.0,10238,13000.0,sedan,0,0,0,1.0
287352,40-64,female,majority,10-19y,high school,upper class,0.6729865377227907,1.0,after 2015,0.0,1.0,10238,13000.0,sedan,0,0,1,0.0
915405,16-25,male,minority,0-9y,none,working class,0.485242391843809,1.0,after 2015,1.0,0.0,10238,11000.0,sedan,0,0,0,0.0
540542,65+,female,majority,30y+,high school,middle class,0.5185590908783487,1.0,before 2015,0.0,0.0,32765,13000.0,sedan,2,0,0,1.0
123644,65+,female,majority,10-19y,high school,upper class,0.7435175604250973,1.0,after 2015,1.0,1.0,10238,11000.0,sedan,0,0,1,0.0
261354,26-39,female,majority,10-19y,university,upper class,0.6997710983149215,1.0,before 2015,1.0,1.0,10238,10000.0,sedan,0,0,0,0.0
54485,16-25,male,majority,0-9y,high school,poverty,0.19362266071106,0.0,before 2015,0.0,0.0,10238,17000.0,sedan,0,0,0,1.0
793998,16-25,male,majority,0-9y,none,poverty,0.3786146968242724,0.0,before 2015,0.0,1.0,10238,15000.0,sedan,0,0,0,1.0
423856,40-64,female,minority,0-9y,none,working class,0.3272417923694733,1.0,before 2015,1.0,1.0,10238,,sedan,0,0,0,0.0
309530,16-25,female,majority,0-9y,none,working class,0.3017461444213115,1.0,after 2015,1.0,0.0,10238,,sedan,0,0,0,0.0
716558,65+,female,majority,20-29y,university,middle class,,1.0,before 2015,1.0,1.0,10238,8000.0,sports car,4,0,3,0.0
550482,16-25,female,majority,0-9y,high school,working class,0.3549791231763877,1.0,after 2015,0.0,1.0,10238,9000.0,sedan,0,0,0,0.0
715393,65+,female,majority,0-9y,high school,working class,0.4533881137734935,0.0,before 2015,1.0,1.0,32765,5000.0,sedan,0,0,0,1.0
107578,16-25,female,majority,0-9y,high school,poverty,0.289760227971455,0.0,before 2015,0.0,1.0,10238,14000.0,sedan,0,0,0,1.0
920333,26-39,male,majority,10-19y,university,working class,0.3680351400567729,0.0,before 2015,1.0,0.0,10238,,sedan,0,0,0,1.0
544240,40-64,male,majority,20-29y,high school,poverty,0.3022901934726792,0.0,before 2015,0.0,1.0,10238,12000.0,sedan,6,0,1,0.0
337080,65+,male,majority,30y+,university,upper class,0.6404227538536423,1.0,after 2015,1.0,1.0,10238,9000.0,sports car,3,0,7,0.0
453516,26-39,male,minority,0-9y,high school,poverty,0.286949142049306,0.0,before 2015,0.0,0.0,32765,11000.0,sedan,0,0,0,1.0
420787,65+,female,majority,10-19y,university,upper class,0.6687322499159413,1.0,before 2015,1.0,1.0,92101,10000.0,sedan,1,0,0,0.0
776090,26-39,male,majority,10-19y,high school,middle class,0.5564465612117491,1.0,before 2015,1.0,1.0,10238,9000.0,sedan,1,1,1,0.0
168510,26-39,female,majority,10-19y,university,upper class,,0.0,before 2015,1.0,1.0,10238,11000.0,sedan,0,1,0,0.0
313107,40-64,female,majority,0-9y,high school,middle class,0.6230862254029852,1.0,after 2015,0.0,1.0,10238,16000.0,sedan,0,0,0,0.0
432147,26-39,female,minority,10-19y,high school,middle class,0.6194834352092521,1.0,after 2015,1.0,1.0,10238,16000.0,sedan,0,0,0,0.0
187838,26-39,female,majority,0-9y,university,middle class,0.6394231234866508,0.0,before 2015,1.0,1.0,10238,10000.0,sedan,0,0,0,1.0
657999,65+,male,majority,0-9y,high school,upper class,0.4871216304800666,0.0,before 2015,1.0,1.0,32765,7000.0,sedan,0,0,0,1.0
639084,26-39,male,majority,0-9y,university,upper class,0.6764783850579369,1.0,before 2015,0.0,1.0,32765,13000.0,sedan,0,0,0,0.0
263459,40-64,male,majority,0-9y,university,middle class,0.2911508701209556,1.0,before 2015,1.0,1.0,10238,11000.0,sedan,0,0,0,1.0
604531,40-64,female,minority,20-29y,high school,working class,0.5169487326404102,1.0,before 2015,1.0,1.0,10238,13000.0,sedan,0,0,6,0.0
133461,40-64,male,majority,20-29y,none,working class,0.4395658269891232,1.0,before 2015,0.0,0.0,10238,15000.0,sedan,2,0,5,0.0
517332,26-39,male,majority,0-9y,high school,middle class,,1.0,before 2015,0.0,0.0,32765,11000.0,sedan,0,0,0,1.0
640219,26-39,male,majority,10-19y,none,poverty,0.4237378641698245,1.0,before 2015,0.0,0.0,10238,12000.0,sedan,1,0,2,0.0
852185,40-64,male,majority,0-9y,none,upper class,0.6999932295554315,1.0,after 2015,0.0,1.0,10238,11000.0,sedan,0,0,0,1.0
322312,26-39,male,majority,0-9y,none,working class,0.3202152120672084,0.0,before 2015,1.0,1.0,10238,12000.0,sedan,0,0,0,1.0
397215,16-25,male,majority,0-9y,high school,poverty,0.4202663705993406,1.0,before 2015,0.0,1.0,10238,14000.0,sedan,0,0,0,1.0
905916,40-64,female,majority,0-9y,university,upper class,0.4553108506467289,1.0,after 2015,1.0,1.0,32765,5000.0,sedan,0,0,0,0.0
925647,40-64,male,majority,0-9y,high school,middle class,0.6127350251833245,1.0,before 2015,1.0,1.0,32765,13000.0,sedan,0,0,0,1.0
171568,40-64,female,majority,20-29y,high school,middle class,0.601822301869865,0.0,before 2015,0.0,1.0,10238,13000.0,sedan,1,0,2,0.0
78985,40-64,female,majority,20-29y,high school,upper class,0.7340414416940386,1.0,before 2015,1.0,1.0,10238,,sedan,2,0,1,0.0
920288,16-25,male,majority,0-9y,university,middle class,0.5731158598023448,1.0,before 2015,0.0,0.0,10238,14000.0,sports car,0,0,0,1.0
651213,26-39,male,majority,10-19y,high school,poverty,0.2307192677794806,1.0,before 2015,0.0,0.0,10238,17000.0,sedan,1,0,1,0.0
872398,16-25,female,majority,0-9y,university,middle class,0.430903335483273,1.0,before 2015,0.0,0.0,32765,13000.0,sedan,0,0,0,1.0
71738,65+,female,majority,30y+,university,upper class,0.6096020843551448,1.0,before 2015,0.0,1.0,10238,12000.0,sedan,2,1,3,0.0
66769,26-39,female,majority,10-19y,high school,upper class,,1.0,after 2015,1.0,1.0,10238,14000.0,sedan,0,0,0,0.0
434271,40-64,female,majority,20-29y,none,working class,,0.0,after 2015,0.0,1.0,32765,11000.0,sedan,2,1,2,0.0
359552,40-64,male,majority,0-9y,university,upper class,0.6622630915790513,0.0,after 2015,1.0,1.0,92101,10000.0,sedan,0,0,0,0.0
414428,26-39,female,majority,0-9y,none,poverty,0.4171474102529754,0.0,before 2015,0.0,1.0,32765,8000.0,sedan,0,0,0,1.0
659210,65+,female,majority,20-29y,high school,upper class,0.7008414313988571,1.0,after 2015,1.0,1.0,10238,,sedan,1,1,1,0.0
454701,65+,female,majority,30y+,high school,upper class,0.5354853053409482,1.0,after 2015,1.0,1.0,10238,11000.0,sedan,2,1,2,0.0
103367,40-64,male,majority,20-29y,none,middle class,0.5972652576753138,1.0,before 2015,1.0,1.0,10238,13000.0,sedan,4,1,2,0.0
256110,40-64,female,majority,0-9y,high school,upper class,0.5270890686072889,1.0,before 2015,0.0,1.0,32765,,sedan,0,0,0,1.0
511757,40-64,female,majority,10-19y,none,middle class,,1.0,before 2015,1.0,1.0,10238,11000.0,sedan,2,0,1,0.0
136149,40-64,male,majority,0-9y,university,upper class,0.3564497918738667,1.0,before 2015,1.0,0.0,10238,11000.0,sedan,0,0,0,1.0
41547,65+,female,majority,30y+,university,upper class,0.4124185388649153,1.0,after 2015,0.0,1.0,10238,11000.0,sedan,1,1,4,0.0
883610,40-64,female,majority,0-9y,high school,upper class,,1.0,after 2015,1.0,0.0,10238,11000.0,sports car,0,0,0,0.0
834282,26-39,male,majority,10-19y,high school,working class,0.4592380021150925,0.0,before 2015,0.0,0.0,10238,14000.0,sedan,1,0,1,1.0
247819,16-25,male,minority,0-9y,none,poverty,0.3106877761171272,0.0,after 2015,0.0,0.0,10238,13000.0,sedan,0,0,0,0.0
397558,26-39,female,majority,10-19y,university,upper class,0.8360481279708311,1.0,after 2015,1.0,1.0,32765,,sedan,0,1,0,0.0
792223,26-39,female,majority,10-19y,university,middle class,0.4346641920198879,1.0,before 2015,1.0,1.0,32765,,sports car,3,0,1,0.0
658421,16-25,female,majority,0-9y,none,working class,0.530699754687861,1.0,after 2015,0.0,0.0,10238,12000.0,sedan,0,0,0,0.0
341566,16-25,male,minority,0-9y,high school,poverty,0.3430873769883655,0.0,before 2015,0.0,0.0,92101,17000.0,sedan,0,0,0,1.0
154695,40-64,male,majority,0-9y,university,upper class,0.5176533639161799,1.0,before 2015,1.0,1.0,32765,10000.0,sedan,0,0,0,1.0
906950,40-64,male,minority,10-19y,university,upper class,0.5064086371116839,0.0,after 2015,1.0,1.0,10238,11000.0,sedan,3,0,2,0.0
738155,26-39,male,majority,10-19y,high school,working class,0.2976116302421179,0.0,before 2015,0.0,0.0,10238,12000.0,sedan,2,0,4,0.0
939330,26-39,female,majority,0-9y,none,working class,,1.0,before 2015,0.0,1.0,10238,8000.0,sedan,0,0,0,0.0
623545,40-64,male,majority,20-29y,high school,working class,0.4701261680539295,1.0,before 2015,0.0,0.0,10238,12000.0,sedan,6,0,4,0.0
227941,40-64,female,majority,20-29y,university,middle class,0.5660865838074837,1.0,before 2015,1.0,1.0,10238,14000.0,sedan,3,0,4,0.0
287790,26-39,female,minority,10-19y,high school,middle class,0.6238600356746651,1.0,before 2015,1.0,1.0,32765,,sedan,3,0,1,0.0
293784,16-25,female,majority,0-9y,none,poverty,0.2915583574585549,0.0,before 2015,0.0,0.0,10238,,sedan,0,0,0,1.0
379039,26-39,female,majority,10-19y,none,poverty,0.3288220420707868,1.0,before 2015,1.0,1.0,10238,14000.0,sedan,1,0,1,0.0
114334,40-64,male,majority,0-9y,none,upper class,0.6439910880215374,1.0,after 2015,1.0,1.0,10238,11000.0,sedan,0,0,0,0.0
474190,65+,male,majority,30y+,university,upper class,0.6324917354132804,1.0,before 2015,0.0,1.0,32765,13000.0,sedan,10,0,2,0.0
641583,26-39,female,minority,10-19y,none,middle class,0.3492770679966008,1.0,after 2015,0.0,1.0,10238,13000.0,sedan,2,0,1,0.0
912492,40-64,female,majority,20-29y,university,upper class,0.5543731682324414,1.0,before 2015,0.0,1.0,32765,,sedan,4,1,2,0.0
515931,16-25,female,majority,0-9y,high school,poverty,0.419377648649498,0.0,before 2015,0.0,0.0,32765,10000.0,sedan,0,0,0,1.0
845655,65+,male,majority,30y+,university,upper class,0.6519123625904758,1.0,after 2015,1.0,1.0,10238,13000.0,sedan,5,1,6,0.0
88005,16-25,male,majority,0-9y,university,middle class,0.54128087074694,0.0,before 2015,1.0,1.0,10238,14000.0,sports car,0,0,0,1.0
795747,40-64,male,majority,20-29y,high school,working class,0.5595152009839386,1.0,before 2015,1.0,1.0,32765,10000.0,sedan,6,3,1,0.0
320444,26-39,male,majority,0-9y,none,poverty,0.3086490182004943,0.0,before 2015,0.0,1.0,10238,14000.0,sedan,0,0,0,0.0
608703,65+,female,majority,20-29y,none,upper class,0.7676325928262623,1.0,before 2015,1.0,1.0,10238,,sedan,1,0,0,0.0
278816,26-39,male,minority,10-19y,none,upper class,0.4696695415128295,1.0,before 2015,1.0,0.0,32765,8000.0,sedan,6,0,2,0.0
817262,26-39,female,minority,10-19y,university,upper class,0.7123509063293101,0.0,after 2015,0.0,0.0,10238,16000.0,sedan,0,0,0,0.0
308296,16-25,female,majority,0-9y,high school,poverty,0.2850064669711417,0.0,before 2015,0.0,0.0,10238,,sedan,0,0,0,1.0
131420,26-39,male,majority,0-9y,high school,upper class,0.5628882788617214,1.0,before 2015,0.0,1.0,32765,8000.0,sedan,0,0,0,1.0
364211,26-39,female,majority,0-9y,high school,upper class,0.5984750968198154,1.0,before 2015,0.0,1.0,10238,14000.0,sedan,0,0,0,1.0
114396,16-25,female,minority,0-9y,none,poverty,0.4395710203814109,0.0,before 2015,1.0,0.0,10238,,sedan,0,0,0,1.0
92996,16-25,female,majority,0-9y,university,middle class,0.522834109859868,1.0,before 2015,0.0,1.0,10238,11000.0,sedan,0,0,0,1.0
934436,26-39,male,majority,10-19y,high school,working class,0.3987734843619067,1.0,before 2015,0.0,1.0,10238,10000.0,sedan,0,0,0,1.0
445253,16-25,female,majority,0-9y,university,middle class,0.5660004305873472,1.0,before 2015,0.0,1.0,32765,11000.0,sedan,0,0,0,1.0
255616,26-39,female,majority,10-19y,high school,middle class,0.6058083800020564,1.0,before 2015,0.0,1.0,32765,12000.0,sedan,2,0,0,1.0
489066,65+,male,minority,30y+,university,upper class,,1.0,before 2015,1.0,1.0,92101,9000.0,sedan,8,0,4,0.0
702423,26-39,male,majority,10-19y,university,working class,0.5485077614613438,0.0,before 2015,0.0,0.0,32765,13000.0,sedan,1,0,3,1.0
762097,40-64,male,majority,20-29y,university,upper class,0.5982141330124617,1.0,after 2015,0.0,1.0,32765,,sedan,7,2,1,0.0
10693,40-64,female,majority,20-29y,none,working class,0.3753440227515216,1.0,before 2015,1.0,1.0,21217,9000.0,sedan,4,0,2,1.0
41325,40-64,male,majority,20-29y,high school,poverty,0.1154024763653657,0.0,before 2015,0.0,0.0,32765,16000.0,sedan,2,0,0,1.0
780961,65+,female,majority,30y+,university,upper class,0.5345841472675092,1.0,after 2015,1.0,1.0,32765,12000.0,sedan,4,1,0,0.0
35060,65+,female,majority,0-9y,university,upper class,0.5495982093884995,0.0,after 2015,0.0,1.0,10238,12000.0,sedan,0,0,0,1.0
540120,16-25,male,majority,0-9y,university,working class,0.4554049639762782,1.0,before 2015,0.0,0.0,32765,13000.0,sedan,0,0,0,1.0
123428,26-39,male,majority,0-9y,none,poverty,0.1922339121015746,0.0,before 2015,0.0,1.0,10238,14000.0,sedan,0,0,0,1.0
144117,26-39,male,majority,0-9y,none,poverty,0.3856329585067835,0.0,after 2015,0.0,1.0,10238,13000.0,sedan,0,0,0,1.0
530893,26-39,female,majority,10-19y,university,upper class,0.6499302827542016,0.0,before 2015,0.0,0.0,10238,13000.0,sedan,0,1,2,1.0
566713,40-64,female,minority,20-29y,none,middle class,,1.0,before 2015,0.0,1.0,10238,12000.0,sedan,0,0,3,0.0
360906,40-64,female,majority,0-9y,university,upper class,0.5058338435466339,1.0,before 2015,1.0,1.0,10238,13000.0,sedan,0,0,0,1.0
436817,26-39,male,majority,10-19y,university,middle class,,0.0,before 2015,1.0,1.0,10238,12000.0,sedan,3,0,2,0.0
995010,26-39,male,majority,10-19y,none,working class,0.53999019786775,0.0,before 2015,0.0,0.0,10238,22000.0,sedan,0,0,0,1.0
738554,16-25,female,majority,0-9y,none,poverty,0.2284575219722873,1.0,before 2015,0.0,0.0,10238,14000.0,sedan,0,0,0,0.0
297854,40-64,male,majority,20-29y,high school,upper class,0.6867141058386899,1.0,before 2015,1.0,1.0,10238,10000.0,sedan,9,0,2,0.0
207471,16-25,male,majority,0-9y,none,working class,0.4615907343889217,0.0,after 2015,0.0,1.0,10238,12000.0,sedan,0,0,0,1.0
81394,16-25,male,majority,0-9y,none,poverty,0.3136455846123201,1.0,before 2015,0.0,1.0,10238,13000.0,sedan,0,0,0,0.0
990555,40-64,male,majority,20-29y,high school,upper class,0.5734894955803178,1.0,after 2015,1.0,1.0,92101,9000.0,sedan,3,0,1,0.0
833902,16-25,female,majority,0-9y,university,poverty,0.3333790364733304,1.0,before 2015,0.0,0.0,10238,,sedan,0,0,0,0.0
191471,16-25,male,majority,0-9y,none,working class,0.2304479256816975,1.0,before 2015,1.0,1.0,10238,11000.0,sedan,0,0,0,0.0
812159,65+,male,majority,30y+,high school,upper class,0.5523028069815071,0.0,after 2015,1.0,1.0,10238,13000.0,sedan,1,0,2,0.0
372351,65+,male,minority,10-19y,high school,upper class,0.6247510484897659,1.0,before 2015,1.0,1.0,10238,12000.0,sedan,2,0,2,0.0
989339,26-39,female,majority,0-9y,high school,working class,0.5486144093569303,1.0,before 2015,0.0,1.0,10238,,sedan,0,0,0,0.0
245523,40-64,female,majority,10-19y,none,working class,0.3315640659194958,1.0,before 2015,1.0,1.0,32765,12000.0,sedan,3,1,1,0.0
213265,26-39,female,minority,0-9y,none,poverty,0.414141530109731,1.0,before 2015,1.0,1.0,10238,11000.0,sedan,0,0,0,0.0
197470,40-64,female,majority,0-9y,university,upper class,0.6885778870930612,1.0,after 2015,1.0,1.0,32765,11000.0,sedan,0,0,0,0.0
865918,26-39,male,majority,0-9y,university,middle class,0.4444947827993517,0.0,before 2015,1.0,1.0,10238,12000.0,sedan,0,0,0,1.0
460039,16-25,male,majority,0-9y,none,poverty,0.3474697376210051,1.0,before 2015,1.0,1.0,10238,9000.0,sedan,0,0,0,1.0
652127,65+,female,majority,30y+,university,upper class,0.4302488913418512,1.0,after 2015,1.0,1.0,10238,10000.0,sedan,4,1,1,0.0
898565,16-25,female,majority,0-9y,university,middle class,0.6091693713156574,1.0,before 2015,0.0,0.0,10238,17000.0,sedan,0,0,0,0.0
781908,65+,male,majority,30y+,high school,upper class,,1.0,before 2015,1.0,1.0,10238,9000.0,sedan,7,0,5,0.0
871263,65+,female,majority,10-19y,university,upper class,0.5838061362917646,1.0,after 2015,1.0,1.0,10238,11000.0,sedan,0,0,0,0.0
544712,65+,female,majority,20-29y,university,upper class,0.6205968239964096,0.0,after 2015,1.0,1.0,32765,6000.0,sedan,3,1,1,0.0
641758,40-64,female,majority,20-29y,none,working class,0.3389234505866029,1.0,before 2015,0.0,1.0,21217,12000.0,sedan,2,0,1,1.0
671968,40-64,female,majority,20-29y,high school,middle class,0.4550563031107966,1.0,before 2015,0.0,1.0,32765,14000.0,sedan,2,1,1,0.0
945062,65+,male,majority,30y+,university,upper class,0.6442251421874124,1.0,after 2015,0.0,1.0,10238,13000.0,sedan,8,0,3,0.0
5356,65+,female,majority,10-19y,university,middle class,,1.0,after 2015,1.0,1.0,10238,11000.0,sedan,1,0,0,0.0
984163,40-64,male,majority,20-29y,university,upper class,0.8064959362542691,0.0,after 2015,1.0,1.0,21217,14000.0,sedan,2,0,0,1.0
944418,26-39,male,majority,10-19y,university,upper class,0.4887594391545332,1.0,before 2015,0.0,0.0,10238,15000.0,sedan,0,0,0,1.0
849598,65+,female,majority,30y+,high school,upper class,0.6250937860092856,1.0,before 2015,0.0,1.0,10238,13000.0,sedan,3,0,4,0.0
187139,16-25,male,majority,0-9y,none,poverty,0.3813670253394419,1.0,after 2015,0.0,1.0,10238,12000.0,sedan,0,0,0,0.0
33096,65+,male,majority,0-9y,university,upper class,0.5537761327931844,1.0,before 2015,1.0,1.0,10238,12000.0,sedan,0,0,0,0.0
621145,40-64,female,majority,10-19y,university,upper class,0.5391586055181217,1.0,before 2015,1.0,0.0,32765,12000.0,sedan,0,0,0,0.0
503387,26-39,male,majority,10-19y,high school,middle class,0.3850942673098896,0.0,before 2015,0.0,0.0,10238,,sedan,1,0,1,0.0
842614,40-64,female,majority,20-29y,university,middle class,0.5707619137316899,0.0,after 2015,1.0,1.0,32765,,sedan,3,0,2,0.0
712307,40-64,male,majority,20-29y,university,upper class,0.5370148267220706,1.0,before 2015,1.0,1.0,32765,4000.0,sedan,13,0,2,0.0
795662,26-39,female,majority,10-19y,high school,poverty,0.4197341005876831,1.0,before 2015,0.0,0.0,32765,13000.0,sports car,3,0,0,1.0
422816,40-64,male,majority,20-29y,high school,working class,,1.0,before 2015,0.0,0.0,10238,12000.0,sedan,5,0,7,0.0
475000,65+,male,majority,20-29y,university,upper class,0.7198619716146959,1.0,after 2015,1.0,1.0,10238,13000.0,sedan,3,0,1,0.0
183441,40-64,male,majority,20-29y,university,upper class,0.5773259298186989,1.0,after 2015,0.0,1.0,10238,11000.0,sedan,2,0,5,0.0
296014,26-39,female,majority,10-19y,university,upper class,0.6394250854418368,1.0,after 2015,0.0,0.0,10238,13000.0,sedan,1,0,3,0.0
328464,40-64,female,majority,10-19y,high school,middle class,0.6034780339603384,0.0,before 2015,0.0,1.0,10238,14000.0,sedan,0,1,0,1.0
443940,26-39,female,majority,10-19y,none,working class,0.4317279803449425,1.0,before 2015,1.0,1.0,10238,13000.0,sedan,0,0,0,0.0
1860,26-39,female,majority,10-19y,high school,poverty,0.4465547424239288,0.0,before 2015,1.0,1.0,10238,11000.0,sedan,2,0,2,1.0
659897,65+,male,majority,20-29y,university,upper class,0.6701214761226999,1.0,after 2015,1.0,1.0,32765,,sedan,4,1,2,0.0
482179,40-64,female,majority,20-29y,university,upper class,0.6414858257848157,1.0,before 2015,1.0,1.0,10238,10000.0,sedan,4,0,2,0.0
57792,26-39,male,majority,10-19y,none,poverty,0.3002081668900594,1.0,before 2015,1.0,1.0,10238,5000.0,sedan,3,0,5,0.0
813034,26-39,male,majority,10-19y,high school,poverty,,0.0,before 2015,0.0,0.0,10238,17000.0,sedan,0,0,3,1.0
982205,40-64,male,majority,10-19y,high school,upper class,,1.0,after 2015,1.0,1.0,10238,,sedan,0,0,1,0.0
766112,40-64,male,majority,20-29y,university,upper class,0.7327782539533393,1.0,after 2015,0.0,0.0,10238,11000.0,sedan,3,1,4,0.0
142365,26-39,male,majority,10-19y,high school,middle class,0.3604013242738175,1.0,before 2015,1.0,1.0,10238,7000.0,sedan,0,0,0,0.0
178142,26-39,male,majority,10-19y,university,upper class,0.5739100548968327,1.0,before 2015,1.0,1.0,10238,11000.0,sedan,1,0,4,0.0
727166,65+,male,minority,10-19y,high school,upper class,0.5842642101593103,0.0,before 2015,0.0,1.0,10238,14000.0,sedan,2,0,1,1.0
232262,65+,male,majority,10-19y,high school,upper class,0.3995310114066084,1.0,after 2015,1.0,1.0,10238,9000.0,sedan,2,0,0,0.0
909598,26-39,male,majority,10-19y,none,poverty,0.2000544061533787,0.0,before 2015,0.0,0.0,10238,13000.0,sedan,3,1,1,0.0
806041,65+,female,minority,10-19y,university,upper class,0.6649445937643444,1.0,before 2015,1.0,1.0,10238,14000.0,sedan,0,0,0,0.0
458094,65+,male,majority,30y+,high school,upper class,0.5915099991988411,1.0,before 2015,1.0,1.0,10238,11000.0,sports car,1,0,4,0.0
392072,26-39,male,majority,10-19y,university,upper class,0.7506215355606997,1.0,after 2015,0.0,1.0,10238,9000.0,sedan,1,0,1,0.0
734032,65+,male,majority,30y+,high school,upper class,,1.0,after 2015,1.0,1.0,10238,10000.0,sedan,5,0,6,0.0
270409,65+,male,majority,30y+,university,upper class,0.6738192020225572,1.0,after 2015,0.0,1.0,10238,,sedan,9,0,5,0.0
790331,16-25,female,majority,0-9y,high school,poverty,0.3809991021991699,0.0,before 2015,0.0,1.0,10238,15000.0,sedan,0,0,0,1.0
689196,16-25,male,majority,0-9y,high school,middle class,0.636867176141497,0.0,before 2015,1.0,1.0,21217,13000.0,sedan,0,0,0,1.0
792654,40-64,female,majority,20-29y,university,upper class,0.6100105875736568,0.0,after 2015,1.0,1.0,10238,11000.0,sedan,1,1,0,0.0
405770,40-64,male,majority,20-29y,university,upper class,0.4823905980577475,1.0,after 2015,1.0,1.0,10238,12000.0,sedan,2,0,1,0.0
280967,16-25,male,majority,0-9y,university,working class,0.4016725835453395,1.0,before 2015,1.0,1.0,10238,8000.0,sedan,0,0,0,1.0
999797,40-64,male,majority,20-29y,university,upper class,0.5636540752380534,1.0,after 2015,1.0,1.0,32765,8000.0,sports car,13,3,1,0.0
213883,65+,female,majority,0-9y,high school,upper class,0.7820833952337761,1.0,after 2015,0.0,1.0,32765,10000.0,sedan,0,0,0,0.0
891890,16-25,female,majority,0-9y,none,poverty,0.3507586259917119,1.0,before 2015,1.0,1.0,10238,7000.0,sedan,0,0,0,0.0
837522,26-39,female,majority,10-19y,university,upper class,0.5595005013481372,1.0,before 2015,1.0,0.0,21217,12000.0,sedan,0,0,0,1.0
623367,65+,male,majority,20-29y,university,upper class,0.6859457213719147,1.0,before 2015,1.0,1.0,32765,5000.0,sedan,4,1,4,0.0
354854,16-25,male,minority,0-9y,none,poverty,0.3097904471078935,1.0,before 2015,0.0,0.0,32765,10000.0,sedan,0,0,0,1.0
235870,40-64,male,majority,10-19y,university,upper class,0.7181039284052764,1.0,after 2015,1.0,1.0,32765,9000.0,sedan,3,0,3,0.0
821082,65+,male,majority,30y+,university,upper class,0.7404954552119138,1.0,after 2015,1.0,1.0,10238,10000.0,sedan,7,0,3,0.0
102844,40-64,female,majority,0-9y,high school,middle class,0.6487617772165083,1.0,before 2015,1.0,1.0,32765,9000.0,sedan,0,0,0,0.0
299437,40-64,female,majority,0-9y,university,upper class,0.5033494923110008,1.0,before 2015,1.0,1.0,32765,6000.0,sedan,0,0,0,1.0
205892,40-64,female,majority,10-19y,university,upper class,0.5943351017956271,1.0,before 2015,1.0,1.0,32765,5000.0,sedan,1,0,0,0.0
150465,16-25,male,majority,0-9y,high school,poverty,0.4470090425194109,0.0,before 2015,0.0,0.0,10238,17000.0,sedan,0,0,0,1.0
392143,65+,male,majority,20-29y,high school,upper class,0.6140424540441148,0.0,before 2015,0.0,0.0,10238,13000.0,sedan,4,0,1,0.0
795950,40-64,female,majority,20-29y,university,upper class,0.6583678439104292,1.0,before 2015,0.0,1.0,10238,14000.0,sedan,0,0,5,0.0
182298,40-64,female,majority,20-29y,none,working class,,0.0,before 2015,0.0,0.0,10238,11000.0,sedan,2,0,1,0.0
384393,40-64,female,majority,20-29y,high school,upper class,0.7437036763205871,1.0,before 2015,1.0,1.0,10238,12000.0,sedan,1,1,2,0.0
755650,65+,female,majority,30y+,high school,upper class,0.5861296763368554,1.0,after 2015,1.0,1.0,10238,10000.0,sedan,5,2,1,0.0
103756,16-25,male,majority,0-9y,none,working class,0.397924048195759,1.0,after 2015,0.0,1.0,10238,12000.0,sedan,0,0,0,0.0
421642,26-39,female,majority,10-19y,none,upper class,,1.0,before 2015,1.0,0.0,10238,12000.0,sedan,1,0,0,0.0
894128,26-39,female,majority,10-19y,university,upper class,0.6682771777294927,1.0,before 2015,1.0,1.0,10238,13000.0,sedan,4,0,2,0.0
586725,16-25,female,majority,0-9y,none,poverty,,0.0,before 2015,0.0,0.0,10238,12000.0,sedan,0,0,0,1.0
20043,40-64,male,majority,20-29y,university,upper class,0.5820674205410715,1.0,before 2015,1.0,1.0,10238,12000.0,sedan,3,2,4,0.0
189392,40-64,female,majority,10-19y,high school,upper class,0.6913686611251514,1.0,before 2015,1.0,1.0,10238,13000.0,sedan,0,0,2,0.0
17297,16-25,female,majority,0-9y,none,poverty,0.2908504256966667,1.0,before 2015,1.0,1.0,10238,12000.0,sedan,0,0,0,1.0
541565,26-39,female,majority,10-19y,none,middle class,0.5479028599793236,1.0,after 2015,0.0,0.0,10238,14000.0,sedan,1,0,1,0.0
747021,40-64,male,majority,0-9y,university,upper class,0.6839659624662064,1.0,after 2015,1.0,1.0,10238,5000.0,sedan,0,0,0,0.0
828462,40-64,male,majority,20-29y,high school,working class,0.3871071449018297,0.0,before 2015,0.0,1.0,10238,16000.0,sedan,0,0,6,0.0
498176,40-64,female,majority,0-9y,high school,upper class,0.5674248512153593,1.0,before 2015,0.0,0.0,32765,,sedan,0,0,0,1.0
258047,26-39,male,majority,10-19y,high school,upper class,0.5998670608438114,1.0,before 2015,1.0,0.0,10238,10000.0,sedan,2,0,0,0.0
541272,40-64,male,majority,20-29y,high school,middle class,0.4178900827649721,0.0,before 2015,1.0,1.0,10238,10000.0,sedan,4,0,3,0.0
230558,26-39,male,majority,0-9y,university,upper class,0.7244673308645148,1.0,before 2015,0.0,0.0,32765,13000.0,sedan,0,0,0,1.0
864979,26-39,male,majority,10-19y,university,middle class,0.6034064102814811,1.0,before 2015,0.0,1.0,32765,11000.0,sedan,8,0,1,0.0
198963,26-39,male,majority,0-9y,none,poverty,,0.0,before 2015,0.0,0.0,32765,10000.0,sedan,0,0,0,1.0
18293,16-25,male,majority,0-9y,high school,poverty,0.2756617672600435,0.0,before 2015,0.0,0.0,32765,,sedan,0,0,0,1.0
883171,26-39,female,minority,0-9y,high school,poverty,0.4351756628940996,1.0,before 2015,0.0,0.0,10238,15000.0,sports car,0,0,0,1.0
432729,16-25,male,majority,0-9y,university,working class,0.355725534941864,1.0,before 2015,0.0,0.0,10238,16000.0,sedan,0,0,0,1.0
684432,26-39,male,majority,10-19y,university,middle class,0.5315681020693871,0.0,before 2015,1.0,0.0,10238,,sedan,1,0,2,0.0
525251,40-64,male,majority,0-9y,university,middle class,0.5863448610648901,1.0,before 2015,1.0,1.0,10238,8000.0,sports car,0,0,0,1.0
642001,26-39,female,majority,10-19y,none,poverty,0.4303926801851185,0.0,before 2015,0.0,1.0,10238,,sedan,0,0,1,1.0
365982,40-64,female,majority,20-29y,none,working class,0.3301364836409569,0.0,before 2015,1.0,1.0,32765,7000.0,sedan,4,1,0,0.0
679137,40-64,male,majority,20-29y,university,middle class,0.4053191024388989,1.0,after 2015,0.0,1.0,10238,9000.0,sedan,6,1,7,0.0
721009,26-39,male,minority,10-19y,university,upper class,0.6293245630278811,1.0,after 2015,1.0,0.0,92101,13000.0,sedan,0,1,0,0.0
119673,65+,male,majority,30y+,university,upper class,,1.0,before 2015,0.0,1.0,10238,8000.0,sedan,4,0,6,0.0
11165,16-25,female,majority,0-9y,none,poverty,0.4133565343754057,1.0,before 2015,0.0,1.0,32765,6000.0,sedan,0,0,0,0.0
127550,16-25,female,majority,0-9y,none,poverty,0.2161977071379889,1.0,before 2015,0.0,1.0,32765,10000.0,sedan,0,0,0,1.0
550968,16-25,male,majority,0-9y,university,middle class,0.7003260679630406,1.0,before 2015,0.0,0.0,10238,10000.0,sedan,0,0,0,1.0
655511,16-25,female,majority,0-9y,none,poverty,0.377267939245568,0.0,before 2015,1.0,1.0,10238,11000.0,sedan,0,0,0,1.0
208879,40-64,female,majority,20-29y,university,upper class,0.6843057449427008,1.0,after 2015,1.0,1.0,10238,11000.0,sedan,2,1,1,0.0
25092,16-25,female,minority,0-9y,high school,upper class,0.7335173545721723,1.0,after 2015,0.0,0.0,10238,16000.0,sedan,0,0,0,0.0
702797,40-64,female,majority,20-29y,high school,middle class,,0.0,before 2015,1.0,1.0,32765,5000.0,sedan,3,0,3,0.0
494823,40-64,female,majority,10-19y,high school,middle class,0.6000945606700809,0.0,before 2015,0.0,1.0,10238,15000.0,sedan,1,0,0,1.0
783629,40-64,female,majority,20-29y,university,upper class,0.5271028869095301,1.0,before 2015,1.0,0.0,10238,11000.0,sports car,2,1,1,0.0
42602,40-64,female,majority,20-29y,university,upper class,0.7231074522488872,0.0,before 2015,1.0,1.0,10238,12000.0,sedan,2,2,2,0.0
410028,40-64,female,majority,20-29y,none,middle class,0.6514572449171824,1.0,after 2015,1.0,1.0,32765,8000.0,sedan,6,0,3,0.0
740024,26-39,male,majority,0-9y,high school,working class,0.3316889107339181,0.0,before 2015,0.0,0.0,10238,16000.0,sedan,0,0,0,1.0
200636,26-39,male,majority,10-19y,high school,middle class,0.6618055009919552,1.0,before 2015,0.0,1.0,10238,14000.0,sedan,1,0,0,0.0
844202,40-64,female,majority,10-19y,university,upper class,0.6650004005676565,1.0,after 2015,0.0,1.0,10238,14000.0,sedan,0,0,0,0.0
490548,16-25,female,majority,0-9y,high school,middle class,0.454706753385369,1.0,before 2015,0.0,1.0,10238,14000.0,sedan,0,0,0,1.0
565084,40-64,male,majority,20-29y,university,upper class,0.5040570671442238,1.0,before 2015,1.0,1.0,10238,7000.0,sedan,3,0,4,0.0
830071,16-25,male,majority,0-9y,none,working class,0.2443288323783283,1.0,before 2015,0.0,1.0,32765,14000.0,sports car,0,0,0,1.0
757729,65+,female,majority,20-29y,university,upper class,0.7293609365968912,1.0,after 2015,1.0,1.0,32765,7000.0,sedan,2,0,1,0.0
289373,26-39,male,minority,10-19y,university,upper class,0.5414622467447443,1.0,before 2015,1.0,1.0,32765,6000.0,sedan,2,1,1,0.0
759523,65+,male,majority,30y+,high school,upper class,0.6357864862470928,1.0,before 2015,1.0,1.0,10238,9000.0,sedan,1,0,4,0.0
902206,40-64,male,majority,20-29y,university,middle class,0.3439533598074643,0.0,before 2015,1.0,1.0,10238,10000.0,sedan,1,0,6,0.0
855116,65+,male,minority,0-9y,university,upper class,0.7077876452998693,1.0,after 2015,1.0,1.0,10238,11000.0,sedan,0,0,0,0.0
133984,16-25,male,majority,0-9y,university,working class,0.3471382294852088,1.0,before 2015,0.0,1.0,32765,,sedan,0,0,0,1.0
375117,65+,female,majority,10-19y,university,upper class,0.5249004670059866,1.0,before 2015,1.0,1.0,32765,,sedan,2,0,0,1.0
58284,40-64,male,majority,20-29y,university,upper class,0.524854140061048,1.0,before 2015,0.0,0.0,10238,12000.0,sedan,2,1,3,0.0
76282,26-39,female,majority,0-9y,university,upper class,0.5233289385213963,1.0,after 2015,0.0,0.0,32765,,sedan,0,0,0,0.0
876186,26-39,female,majority,10-19y,high school,working class,0.2544232618789974,1.0,before 2015,0.0,0.0,10238,11000.0,sports car,0,1,0,0.0
305200,16-25,female,majority,0-9y,high school,poverty,0.4982558877052364,1.0,before 2015,0.0,1.0,10238,12000.0,sedan,0,0,0,0.0
572994,40-64,male,majority,20-29y,university,upper class,0.6640650143948857,1.0,after 2015,1.0,1.0,10238,11000.0,sedan,0,1,1,0.0
680029,40-64,male,majority,10-19y,high school,middle class,0.3313121291943192,1.0,before 2015,1.0,1.0,21217,9000.0,sedan,0,0,1,1.0
936534,16-25,female,majority,0-9y,none,working class,0.5795235938386997,1.0,before 2015,1.0,1.0,32765,9000.0,sedan,0,0,0,0.0
913065,26-39,male,majority,10-19y,high school,working class,0.4370059167559577,1.0,after 2015,1.0,1.0,32765,7000.0,sedan,4,1,2,0.0
770862,65+,female,majority,0-9y,university,upper class,0.6094154675963287,1.0,after 2015,1.0,1.0,32765,10000.0,sedan,0,0,0,0.0
267190,40-64,male,majority,10-19y,high school,middle class,0.5051554316143794,1.0,after 2015,1.0,1.0,10238,12000.0,sedan,1,0,0,0.0
358754,16-25,female,majority,0-9y,none,poverty,0.4368782604550723,0.0,before 2015,0.0,0.0,32765,8000.0,sedan,0,0,0,1.0
668980,16-25,male,majority,0-9y,university,upper class,0.6536211423481199,1.0,after 2015,0.0,0.0,92101,12000.0,sedan,0,0,0,0.0
114580,65+,male,majority,30y+,university,upper class,0.5820103077860838,1.0,before 2015,1.0,1.0,92101,10000.0,sedan,3,2,1,0.0
285221,65+,male,majority,30y+,high school,middle class,0.410211832996772,1.0,before 2015,1.0,1.0,10238,,sedan,1,1,8,0.0
321869,40-64,male,majority,10-19y,high school,working class,0.4472809765918093,1.0,before 2015,1.0,1.0,32765,8000.0,sedan,4,0,0,0.0
284372,40-64,male,majority,10-19y,university,upper class,,1.0,before 2015,1.0,1.0,10238,12000.0,sedan,3,0,3,0.0
589593,16-25,male,majority,0-9y,high school,upper class,0.4925300820024674,1.0,before 2015,0.0,0.0,10238,18000.0,sedan,0,0,0,1.0
608207,26-39,female,majority,10-19y,university,upper class,0.549476548718367,1.0,after 2015,1.0,1.0,10238,,sedan,0,0,0,0.0
442558,26-39,female,majority,10-19y,high school,upper class,0.4305216869024564,1.0,before 2015,1.0,1.0,10238,,sedan,0,0,0,0.0
13552,40-64,female,majority,20-29y,high school,middle class,0.5871553381197856,1.0,after 2015,0.0,0.0,10238,14000.0,sedan,2,0,1,0.0
378149,16-25,female,majority,0-9y,high school,poverty,0.3655868133054398,1.0,after 2015,0.0,1.0,10238,13000.0,sedan,0,0,0,0.0
361925,40-64,female,minority,10-19y,university,upper class,0.6945959774205787,1.0,after 2015,0.0,1.0,10238,12000.0,sedan,0,0,0,0.0
814024,16-25,female,majority,0-9y,high school,poverty,0.4123934015169594,1.0,before 2015,0.0,0.0,10238,14000.0,sedan,0,0,0,1.0
85337,40-64,female,majority,20-29y,high school,upper class,0.3727670428960929,1.0,after 2015,0.0,0.0,32765,15000.0,sedan,3,0,2,0.0
259935,26-39,male,majority,10-19y,university,upper class,0.6914534434898879,1.0,before 2015,1.0,0.0,10238,,sedan,0,0,0,0.0
909885,65+,male,majority,30y+,university,upper class,0.6794180781959268,1.0,before 2015,1.0,1.0,32765,8000.0,sedan,11,0,4,0.0
737176,65+,male,majority,10-19y,high school,middle class,0.4093866302921833,1.0,after 2015,1.0,1.0,10238,13000.0,sedan,2,0,0,0.0
823832,40-64,female,majority,20-29y,high school,middle class,0.5439778428391174,1.0,before 2015,0.0,0.0,10238,14000.0,sedan,1,0,0,0.0
810318,40-64,male,majority,20-29y,high school,middle class,0.5380413060925483,1.0,after 2015,1.0,1.0,10238,11000.0,sedan,3,1,1,0.0
891782,16-25,male,majority,0-9y,high school,poverty,0.1555965806036122,0.0,before 2015,0.0,0.0,10238,13000.0,sedan,0,0,0,1.0
901560,16-25,female,majority,0-9y,high school,poverty,0.4015336878789244,0.0,before 2015,0.0,1.0,10238,13000.0,sedan,0,0,0,0.0
90516,16-25,male,majority,0-9y,high school,poverty,0.2778711865905412,0.0,before 2015,1.0,1.0,32765,9000.0,sedan,0,0,0,1.0
144603,40-64,male,majority,20-29y,university,upper class,0.3451830367277076,1.0,after 2015,0.0,1.0,10238,15000.0,sedan,0,0,0,0.0
946706,16-25,male,majority,0-9y,high school,poverty,0.2887835942837985,0.0,before 2015,0.0,0.0,10238,15000.0,sedan,0,0,0,1.0
221675,26-39,male,majority,10-19y,university,working class,0.3898977902841324,0.0,before 2015,0.0,1.0,32765,14000.0,sedan,3,0,3,1.0
307985,65+,female,majority,0-9y,high school,upper class,0.5630339027045643,0.0,after 2015,1.0,1.0,10238,14000.0,sedan,0,0,0,0.0
811326,40-64,female,majority,20-29y,high school,poverty,,1.0,before 2015,0.0,1.0,10238,15000.0,sedan,0,0,0,0.0
523455,26-39,female,majority,10-19y,high school,middle class,0.4383220370386718,0.0,before 2015,0.0,0.0,10238,17000.0,sedan,2,0,0,0.0
318799,40-64,male,majority,0-9y,high school,upper class,0.5708800671227644,0.0,after 2015,1.0,1.0,10238,14000.0,sedan,0,0,0,1.0
664557,26-39,female,majority,10-19y,high school,working class,0.4359312030698289,0.0,before 2015,0.0,1.0,10238,10000.0,sedan,1,0,0,1.0
869590,26-39,female,majority,10-19y,high school,poverty,0.3932545285816853,0.0,after 2015,1.0,0.0,10238,12000.0,sedan,1,0,1,0.0
482487,40-64,female,majority,10-19y,none,poverty,,0.0,before 2015,1.0,1.0,32765,5000.0,sedan,2,0,0,1.0
687330,16-25,male,majority,0-9y,none,working class,,1.0,before 2015,1.0,1.0,10238,8000.0,sedan,0,0,0,1.0
763104,16-25,male,majority,0-9y,high school,poverty,0.3613831569995003,0.0,before 2015,0.0,0.0,10238,20000.0,sedan,0,0,0,1.0
661932,40-64,male,majority,20-29y,university,upper class,0.6261446378547981,1.0,before 2015,1.0,1.0,10238,9000.0,sedan,3,0,4,0.0
579720,26-39,male,majority,10-19y,university,working class,0.4495886310379405,0.0,before 2015,0.0,1.0,10238,,sports car,0,0,1,1.0
745999,40-64,female,majority,20-29y,high school,middle class,0.5461243165310067,0.0,before 2015,1.0,0.0,10238,9000.0,sedan,3,0,1,0.0
703794,40-64,female,majority,0-9y,high school,upper class,0.6819611420152124,1.0,after 2015,1.0,1.0,10238,7000.0,sedan,0,0,0,0.0
129218,16-25,female,majority,0-9y,high school,middle class,0.4570728331773832,1.0,before 2015,1.0,0.0,32765,10000.0,sedan,0,0,0,1.0
17483,26-39,female,majority,10-19y,high school,poverty,0.3759554170653639,0.0,before 2015,0.0,1.0,10238,,sedan,0,0,1,0.0
801363,16-25,male,majority,0-9y,high school,poverty,0.3268623226674747,1.0,before 2015,0.0,0.0,10238,12000.0,sedan,0,0,0,0.0
172866,16-25,female,majority,0-9y,none,working class,0.5137348627380244,0.0,before 2015,0.0,0.0,10238,11000.0,sedan,0,0,0,1.0
853177,16-25,female,majority,0-9y,none,poverty,0.3899118166885952,1.0,before 2015,1.0,0.0,10238,14000.0,sedan,0,0,0,0.0
122263,26-39,female,majority,0-9y,university,middle class,0.582616606286407,1.0,before 2015,1.0,1.0,10238,12000.0,sedan,0,0,0,0.0
247107,26-39,male,majority,10-19y,high school,poverty,0.2256597356116017,0.0,before 2015,0.0,0.0,10238,15000.0,sedan,0,0,4,1.0
932781,40-64,male,majority,10-19y,none,middle class,0.4979684927863103,1.0,before 2015,1.0,1.0,10238,8000.0,sedan,1,1,5,0.0
154388,65+,female,majority,0-9y,university,upper class,0.6879374825561041,1.0,after 2015,1.0,0.0,10238,13000.0,sedan,0,0,0,1.0
698622,16-25,female,majority,0-9y,high school,working class,0.3264397847182172,1.0,before 2015,0.0,0.0,10238,18000.0,sedan,0,0,0,1.0
434608,16-25,male,majority,0-9y,none,poverty,0.4420712939761764,0.0,before 2015,1.0,0.0,10238,11000.0,sedan,0,0,0,1.0
313949,26-39,male,majority,10-19y,none,poverty,0.4157358422399237,0.0,before 2015,1.0,1.0,10238,10000.0,sedan,1,0,1,1.0
64396,40-64,male,majority,20-29y,high school,upper class,0.5516997777782384,0.0,before 2015,0.0,1.0,32765,8000.0,sedan,6,3,2,0.0
533402,40-64,male,majority,20-29y,university,upper class,0.6720139999690964,1.0,before 2015,1.0,0.0,10238,13000.0,sedan,5,1,0,0.0
989017,26-39,female,majority,10-19y,high school,poverty,0.3888483991332456,0.0,before 2015,0.0,0.0,10238,16000.0,sedan,0,1,1,0.0
5195,40-64,female,majority,0-9y,university,upper class,0.5640824695825345,1.0,after 2015,1.0,1.0,32765,6000.0,sports car,0,0,0,0.0
882271,40-64,male,majority,20-29y,none,poverty,0.4002505875039869,0.0,before 2015,1.0,1.0,10238,10000.0,sedan,1,1,0,0.0
475633,65+,female,majority,30y+,university,upper class,0.6616362384897012,1.0,before 2015,1.0,1.0,10238,13000.0,sedan,3,1,2,0.0
511060,26-39,male,majority,10-19y,high school,working class,0.4992632819538944,1.0,before 2015,1.0,1.0,10238,9000.0,sedan,1,0,2,0.0
744452,26-39,female,majority,10-19y,none,poverty,0.3850742172062564,1.0,before 2015,0.0,1.0,10238,15000.0,sedan,3,0,0,0.0
440763,65+,female,majority,20-29y,university,upper class,0.4993612646695344,1.0,before 2015,1.0,1.0,10238,7000.0,sedan,2,0,1,0.0
371260,40-64,female,majority,20-29y,university,upper class,0.6183041682194829,1.0,after 2015,1.0,1.0,21217,8000.0,sedan,2,0,1,1.0
851428,40-64,female,majority,10-19y,high school,working class,0.2778104486315901,0.0,before 2015,0.0,1.0,10238,12000.0,sedan,0,0,2,1.0
418841,16-25,male,minority,0-9y,none,poverty,0.3186855562451054,1.0,before 2015,1.0,0.0,32765,9000.0,sedan,0,0,0,1.0
312112,40-64,male,majority,20-29y,university,upper class,0.6870212507119465,1.0,before 2015,0.0,1.0,92101,15000.0,sedan,2,0,1,0.0
134805,40-64,male,majority,0-9y,high school,middle class,0.444347624418146,1.0,before 2015,1.0,1.0,10238,10000.0,sedan,0,0,0,1.0
22905,26-39,female,majority,10-19y,high school,upper class,0.5431775519517923,1.0,before 2015,1.0,1.0,32765,8000.0,sedan,1,0,0,0.0
358868,65+,male,majority,10-19y,university,upper class,0.6797417136012012,1.0,before 2015,1.0,1.0,92101,,sedan,2,0,1,0.0
668975,16-25,male,majority,0-9y,high school,poverty,0.2816226283589605,1.0,before 2015,0.0,1.0,10238,10000.0,sedan,0,0,0,1.0
708830,65+,male,majority,0-9y,university,upper class,0.5854859057934497,0.0,before 2015,1.0,1.0,10238,12000.0,sedan,0,0,0,1.0
293414,65+,female,majority,30y+,university,upper class,0.4869348894960016,1.0,before 2015,0.0,1.0,32765,12000.0,sedan,3,1,0,0.0
92066,40-64,female,majority,20-29y,high school,working class,0.4326072305459561,1.0,before 2015,1.0,1.0,10238,11000.0,sedan,0,0,1,0.0
297659,65+,female,majority,10-19y,high school,middle class,0.6338098771565343,1.0,before 2015,0.0,1.0,32765,9000.0,sedan,2,0,1,1.0
113980,40-64,female,majority,20-29y,university,upper class,,1.0,after 2015,1.0,1.0,10238,9000.0,sedan,3,0,3,0.0
145781,26-39,male,majority,10-19y,university,middle class,0.4472392183805535,0.0,before 2015,1.0,0.0,10238,11000.0,sedan,0,1,3,0.0
952819,40-64,male,majority,10-19y,none,middle class,0.4035794336161504,1.0,after 2015,1.0,1.0,10238,,sedan,3,0,1,0.0
704602,16-25,female,majority,0-9y,high school,poverty,0.4367822925882561,1.0,before 2015,0.0,0.0,10238,15000.0,sedan,0,0,0,1.0
831974,16-25,female,majority,0-9y,university,middle class,0.5589896183531635,1.0,before 2015,1.0,0.0,92101,9000.0,sedan,0,0,0,0.0
172991,16-25,female,majority,0-9y,none,poverty,0.331407984186196,1.0,before 2015,0.0,0.0,32765,8000.0,sedan,0,0,0,1.0
63974,16-25,female,majority,0-9y,high school,working class,0.5288387700729013,1.0,before 2015,0.0,0.0,10238,10000.0,sedan,0,0,0,0.0
706391,40-64,male,majority,20-29y,none,working class,0.3644164683986453,0.0,before 2015,1.0,1.0,10238,13000.0,sedan,3,0,5,0.0
463739,26-39,male,majority,10-19y,university,middle class,0.5913065168138344,1.0,before 2015,1.0,0.0,10238,,sedan,1,0,1,0.0
592075,26-39,male,majority,0-9y,high school,middle class,0.4475817236304154,0.0,before 2015,1.0,1.0,10238,10000.0,sedan,0,0,0,0.0
998896,40-64,female,majority,20-29y,university,upper class,0.3896134225180453,1.0,after 2015,1.0,1.0,32765,11000.0,sedan,2,1,0,0.0
909838,40-64,male,majority,20-29y,high school,middle class,0.4505384577546662,1.0,before 2015,0.0,1.0,32765,12000.0,sedan,3,0,1,0.0
811811,40-64,female,majority,20-29y,university,upper class,0.4834974413683278,1.0,after 2015,1.0,1.0,10238,8000.0,sedan,1,1,1,0.0
288572,26-39,female,majority,10-19y,high school,working class,0.5084666027665685,0.0,after 2015,0.0,1.0,32765,5000.0,sedan,1,1,0,0.0
938007,26-39,male,majority,10-19y,high school,working class,0.4396116383216474,1.0,after 2015,0.0,1.0,10238,17000.0,sedan,0,1,0,0.0
769692,16-25,female,majority,0-9y,high school,working class,0.5697721184546425,1.0,before 2015,0.0,0.0,10238,15000.0,sedan,0,0,0,1.0
227133,16-25,female,majority,0-9y,university,working class,0.3661258328267826,0.0,before 2015,0.0,0.0,10238,,sports car,0,0,0,0.0
26625,16-25,female,majority,0-9y,university,poverty,0.5207603742973385,0.0,before 2015,1.0,1.0,32765,,sedan,0,0,0,1.0
456117,40-64,male,majority,20-29y,university,upper class,0.5996274550959251,1.0,before 2015,0.0,1.0,10238,14000.0,sedan,3,0,3,0.0
439435,40-64,female,majority,20-29y,none,poverty,,0.0,before 2015,0.0,1.0,10238,10000.0,sedan,5,0,0,0.0
723433,65+,female,majority,10-19y,high school,upper class,0.430980325123681,0.0,after 2015,1.0,1.0,10238,11000.0,sedan,0,0,2,0.0
479267,26-39,male,majority,10-19y,high school,working class,0.2835499981405837,1.0,before 2015,1.0,0.0,10238,11000.0,sedan,4,0,0,0.0
504941,26-39,male,majority,10-19y,high school,working class,0.5621951528284931,1.0,before 2015,0.0,0.0,10238,19000.0,sedan,0,0,0,0.0
214281,26-39,male,majority,10-19y,none,poverty,0.0953870936940878,1.0,before 2015,0.0,0.0,10238,15000.0,sedan,2,1,2,1.0
480618,40-64,female,majority,20-29y,high school,middle class,0.5566161573304335,1.0,before 2015,1.0,1.0,10238,12000.0,sedan,1,0,4,0.0
34708,40-64,female,majority,20-29y,university,upper class,0.6684571148957105,1.0,before 2015,1.0,1.0,32765,11000.0,sedan,4,3,0,0.0
836845,40-64,male,majority,10-19y,university,upper class,0.6240850982971254,0.0,after 2015,1.0,0.0,10238,,sedan,0,0,0,0.0
686633,40-64,male,minority,10-19y,high school,working class,0.4403876390907521,0.0,before 2015,1.0,1.0,32765,4000.0,sedan,3,1,0,1.0
197417,40-64,male,majority,20-29y,university,upper class,0.6539520896541305,1.0,before 2015,1.0,1.0,32765,7000.0,sedan,8,1,3,0.0
26925,65+,male,majority,10-19y,high school,upper class,0.6661000735280626,0.0,after 2015,0.0,1.0,10238,,sedan,0,1,0,0.0
821985,65+,male,majority,30y+,university,upper class,0.7896637075334306,1.0,before 2015,1.0,1.0,10238,7000.0,sedan,8,0,5,0.0
373718,16-25,male,majority,0-9y,high school,working class,0.3828235905144389,1.0,after 2015,0.0,0.0,10238,16000.0,sedan,0,0,0,0.0
599732,65+,male,majority,0-9y,university,upper class,0.6943393878817111,1.0,before 2015,1.0,1.0,92101,12000.0,sedan,0,0,0,1.0
114941,26-39,male,minority,10-19y,none,working class,,0.0,before 2015,0.0,0.0,10238,12000.0,sedan,3,0,1,1.0
350540,65+,female,majority,30y+,university,upper class,0.5197631166283038,1.0,before 2015,1.0,1.0,32765,,sedan,5,1,0,0.0
255230,65+,male,majority,10-19y,high school,upper class,0.5639397587703121,1.0,before 2015,0.0,1.0,10238,13000.0,sedan,2,1,1,0.0
146453,65+,male,majority,10-19y,university,upper class,0.5978510844277737,1.0,before 2015,1.0,0.0,10238,12000.0,sedan,0,0,1,0.0
767755,26-39,male,majority,10-19y,university,working class,0.254887989812431,1.0,after 2015,1.0,0.0,10238,8000.0,sedan,3,0,6,0.0
407773,65+,female,majority,10-19y,high school,upper class,0.6057278680009118,1.0,after 2015,0.0,1.0,32765,9000.0,sedan,1,0,1,0.0
415422,40-64,female,majority,20-29y,university,middle class,0.5375697591393559,0.0,before 2015,1.0,1.0,10238,8000.0,sedan,0,1,4,0.0
191501,26-39,female,majority,10-19y,high school,working class,0.4878101589182866,1.0,before 2015,1.0,1.0,10238,,sedan,1,0,2,0.0
137311,16-25,female,majority,0-9y,none,working class,,1.0,after 2015,0.0,1.0,92101,15000.0,sedan,0,0,0,0.0
74575,26-39,male,majority,10-19y,none,working class,0.2095867357182056,0.0,after 2015,1.0,0.0,10238,16000.0,sedan,1,0,0,0.0
176669,26-39,male,majority,10-19y,university,upper class,0.5653445977259643,1.0,before 2015,1.0,0.0,10238,,sedan,0,1,1,0.0
95823,40-64,female,majority,10-19y,high school,upper class,0.5097640526667242,0.0,before 2015,1.0,1.0,10238,11000.0,sedan,0,0,4,0.0
606154,26-39,female,minority,10-19y,university,working class,0.4044758799397153,0.0,before 2015,0.0,0.0,10238,12000.0,sedan,1,0,0,0.0
986376,40-64,female,majority,20-29y,high school,upper class,,1.0,after 2015,1.0,1.0,10238,8000.0,sedan,2,1,3,0.0
432058,40-64,male,majority,10-19y,university,middle class,0.6080560740690575,1.0,after 2015,0.0,1.0,32765,9000.0,sedan,0,0,3,0.0
198273,65+,male,majority,20-29y,university,upper class,0.6904423335733175,1.0,after 2015,1.0,1.0,32765,9000.0,sedan,8,0,2,0.0
440681,40-64,female,majority,20-29y,none,middle class,,0.0,after 2015,1.0,1.0,10238,11000.0,sports car,2,1,1,0.0
652898,65+,male,majority,0-9y,university,upper class,0.7145333783406751,1.0,before 2015,0.0,0.0,10238,11000.0,sedan,0,0,0,0.0
408070,26-39,male,majority,10-19y,high school,upper class,,1.0,before 2015,0.0,0.0,10238,13000.0,sedan,0,1,0,0.0
360947,65+,female,majority,30y+,university,upper class,0.6250936326831269,1.0,after 2015,1.0,1.0,10238,12000.0,sedan,1,0,1,0.0
235062,16-25,female,majority,0-9y,none,poverty,,1.0,before 2015,0.0,0.0,32765,13000.0,sedan,0,0,0,1.0
278037,26-39,female,majority,10-19y,high school,upper class,0.659592617889624,0.0,before 2015,1.0,1.0,10238,,sedan,0,0,0,0.0
351926,26-39,female,minority,10-19y,none,middle class,0.4912868706305165,1.0,after 2015,1.0,1.0,32765,8000.0,sedan,4,0,1,0.0
776131,40-64,male,majority,20-29y,high school,upper class,0.6076010361513239,1.0,after 2015,1.0,1.0,10238,14000.0,sedan,4,1,6,0.0
646480,16-25,male,majority,0-9y,high school,working class,0.5236375573456156,1.0,before 2015,0.0,0.0,32765,11000.0,sedan,0,0,0,1.0
89090,26-39,male,majority,10-19y,high school,upper class,0.6826905787793902,0.0,after 2015,0.0,0.0,10238,15000.0,sedan,0,0,2,0.0
330386,40-64,male,majority,20-29y,high school,upper class,0.5618940247556938,1.0,before 2015,0.0,1.0,32765,9000.0,sedan,12,0,0,0.0
453375,40-64,male,minority,20-29y,high school,middle class,0.5059289542380285,1.0,before 2015,1.0,0.0,10238,12000.0,sports car,3,0,7,0.0
336753,65+,male,majority,30y+,high school,working class,0.3479315814537255,0.0,before 2015,1.0,1.0,10238,12000.0,sedan,5,1,5,0.0
266689,26-39,male,majority,0-9y,high school,working class,0.3765336761885949,0.0,before 2015,1.0,1.0,10238,7000.0,sedan,0,0,0,1.0
899971,16-25,male,majority,0-9y,university,middle class,0.4607789929674074,1.0,before 2015,1.0,0.0,10238,13000.0,sedan,0,0,0,1.0
999259,40-64,female,majority,20-29y,high school,poverty,,0.0,before 2015,1.0,1.0,10238,11000.0,sedan,0,0,1,0.0
375322,26-39,male,majority,10-19y,high school,middle class,0.6062550323138055,1.0,after 2015,1.0,1.0,10238,12000.0,sedan,0,0,2,0.0
129404,26-39,female,majority,10-19y,high school,upper class,0.5053107318393695,1.0,after 2015,1.0,1.0,10238,13000.0,sedan,1,0,0,0.0
311831,40-64,male,majority,20-29y,university,upper class,0.4162840973092876,1.0,after 2015,0.0,1.0,32765,11000.0,sedan,7,2,2,0.0
102601,40-64,female,majority,0-9y,university,upper class,0.615640833707188,1.0,after 2015,1.0,1.0,32765,,sedan,0,0,0,0.0
758530,26-39,male,majority,10-19y,high school,middle class,0.5547457193004666,0.0,before 2015,0.0,0.0,10238,13000.0,sedan,1,0,1,1.0
712048,26-39,male,minority,10-19y,high school,middle class,0.5246026119203341,1.0,before 2015,1.0,1.0,32765,6000.0,sedan,5,1,2,0.0
904196,40-64,male,minority,10-19y,university,upper class,0.6062649561711828,1.0,after 2015,1.0,1.0,92101,,sedan,0,0,0,0.0
275011,26-39,male,majority,0-9y,none,poverty,0.3955660024667341,1.0,before 2015,0.0,1.0,10238,,sedan,0,0,0,1.0
670181,40-64,female,minority,0-9y,university,upper class,0.5885286739426923,1.0,after 2015,0.0,1.0,10238,10000.0,sedan,0,0,0,0.0
418920,26-39,female,majority,0-9y,university,upper class,0.6793798380252772,1.0,before 2015,1.0,1.0,10238,11000.0,sedan,0,0,0,0.0
555255,26-39,male,majority,0-9y,high school,upper class,0.6317992974828051,1.0,after 2015,1.0,1.0,32765,5000.0,sedan,0,0,0,0.0
903819,40-64,female,majority,10-19y,high school,middle class,0.5727872533240705,1.0,after 2015,0.0,0.0,10238,15000.0,sedan,1,0,0,0.0
294092,40-64,male,majority,10-19y,university,working class,0.337982157109614,0.0,before 2015,0.0,1.0,10238,14000.0,sedan,0,0,2,1.0
579201,65+,male,majority,30y+,university,upper class,0.6316163309947952,1.0,before 2015,1.0,1.0,10238,7000.0,sedan,9,2,11,0.0
254918,26-39,male,majority,0-9y,none,middle class,0.3726891290710714,0.0,before 2015,0.0,1.0,10238,14000.0,sedan,0,0,0,0.0
625532,26-39,male,majority,10-19y,none,working class,0.3481526200753498,0.0,after 2015,1.0,0.0,10238,12000.0,sedan,1,0,1,0.0
187856,26-39,female,majority,0-9y,high school,upper class,0.5715238084155025,1.0,before 2015,1.0,1.0,10238,9000.0,sedan,0,0,0,1.0
708283,26-39,female,majority,0-9y,none,poverty,0.2921921490656985,0.0,after 2015,0.0,1.0,10238,12000.0,sedan,0,0,0,0.0
122326,16-25,male,majority,0-9y,none,poverty,0.3105687885204088,1.0,before 2015,1.0,0.0,10238,17000.0,sedan,0,0,0,1.0
129323,65+,female,majority,20-29y,high school,upper class,0.5811899693152835,1.0,after 2015,1.0,1.0,10238,10000.0,sedan,2,0,5,0.0
197936,65+,male,majority,20-29y,university,upper class,0.6623549081430589,1.0,after 2015,1.0,1.0,32765,11000.0,sedan,4,0,2,0.0
519878,26-39,male,minority,10-19y,university,upper class,0.6201273841736746,1.0,after 2015,1.0,1.0,10238,9000.0,sedan,2,0,4,0.0
258856,26-39,male,majority,10-19y,university,middle class,0.3850924462355255,1.0,before 2015,0.0,1.0,32765,15000.0,sedan,2,1,0,1.0
70277,26-39,female,majority,10-19y,none,working class,0.2389675485310191,1.0,before 2015,0.0,1.0,10238,13000.0,sedan,0,0,1,0.0
800126,65+,male,majority,20-29y,university,upper class,0.5820319285827447,1.0,before 2015,1.0,1.0,10238,10000.0,sedan,1,0,4,0.0
332683,16-25,female,majority,0-9y,university,middle class,,1.0,before 2015,0.0,1.0,10238,10000.0,sedan,0,0,0,0.0
838106,26-39,female,majority,10-19y,high school,upper class,0.5446454504752837,1.0,before 2015,1.0,1.0,10238,,sedan,0,0,0,0.0
529539,40-64,male,majority,10-19y,none,middle class,0.5379109705719599,1.0,before 2015,1.0,1.0,10238,10000.0,sedan,1,0,5,0.0
746172,16-25,female,majority,0-9y,high school,working class,0.3104439496869316,1.0,before 2015,0.0,1.0,10238,13000.0,sedan,0,0,0,1.0
527784,26-39,female,majority,10-19y,none,working class,0.4774916538581971,1.0,before 2015,0.0,1.0,32765,10000.0,sedan,1,0,0,0.0
486150,40-64,male,majority,20-29y,university,middle class,0.6835622996764328,0.0,after 2015,1.0,1.0,10238,9000.0,sedan,2,0,5,0.0
589051,40-64,female,majority,20-29y,high school,upper class,0.6260941669291762,1.0,after 2015,1.0,1.0,10238,8000.0,sedan,2,1,1,0.0
900892,26-39,female,majority,10-19y,high school,middle class,0.4362221796429071,1.0,after 2015,1.0,1.0,10238,11000.0,sports car,1,0,1,0.0
601890,26-39,male,majority,0-9y,high school,middle class,0.5049309453099293,1.0,before 2015,0.0,1.0,10238,15000.0,sedan,0,0,0,1.0
856974,26-39,female,majority,10-19y,high school,poverty,0.507382750269999,0.0,before 2015,0.0,1.0,10238,15000.0,sedan,0,0,0,0.0
412878,40-64,female,majority,10-19y,high school,upper class,0.5646160302496541,1.0,after 2015,1.0,0.0,32765,14000.0,sedan,0,0,1,0.0
555833,26-39,male,majority,10-19y,none,working class,0.3498143324719373,0.0,before 2015,0.0,1.0,32765,7000.0,sedan,4,0,0,1.0
657988,16-25,male,majority,0-9y,high school,poverty,0.4720419041541344,0.0,before 2015,0.0,0.0,10238,,sedan,0,0,0,1.0
985851,16-25,male,majority,0-9y,none,poverty,0.3517128768422053,0.0,before 2015,1.0,0.0,10238,13000.0,sedan,0,0,0,1.0
532888,40-64,male,majority,20-29y,none,working class,,1.0,before 2015,1.0,0.0,10238,14000.0,sedan,1,2,3,0.0
95412,40-64,male,minority,20-29y,high school,upper class,0.7080741498657761,1.0,after 2015,1.0,1.0,10238,10000.0,sedan,1,0,4,0.0
739171,40-64,female,majority,20-29y,high school,upper class,0.5109045610544121,1.0,before 2015,1.0,1.0,10238,10000.0,sedan,1,0,3,0.0
732445,65+,male,majority,10-19y,university,upper class,0.5526961708148909,1.0,before 2015,0.0,1.0,10238,9000.0,sedan,2,0,4,0.0
292274,40-64,male,majority,20-29y,high school,middle class,0.3346569081343249,0.0,before 2015,0.0,1.0,92101,14000.0,sedan,0,1,2,1.0
171787,65+,male,majority,20-29y,university,upper class,0.5768973389326224,1.0,after 2015,1.0,1.0,21217,11000.0,sedan,4,1,0,1.0
687774,26-39,female,majority,10-19y,none,poverty,0.3550991539047511,0.0,before 2015,1.0,0.0,10238,12000.0,sedan,0,0,0,0.0
743166,40-64,male,majority,20-29y,university,upper class,0.644447075341619,1.0,after 2015,1.0,1.0,92101,13000.0,sedan,1,0,0,0.0
609451,26-39,male,majority,10-19y,high school,working class,0.3418025374295406,0.0,before 2015,1.0,0.0,32765,12000.0,sedan,3,0,2,1.0
641920,40-64,male,majority,20-29y,high school,upper class,0.7034073771736609,1.0,before 2015,1.0,1.0,32765,13000.0,sedan,4,1,1,0.0
897708,26-39,male,majority,10-19y,high school,working class,0.389233759485732,0.0,before 2015,0.0,0.0,10238,16000.0,sedan,2,0,0,1.0
490829,26-39,male,majority,10-19y,high school,middle class,0.6176889058571783,1.0,before 2015,0.0,0.0,10238,14000.0,sedan,0,0,0,0.0
569220,26-39,male,majority,10-19y,none,working class,0.4863769900569829,0.0,after 2015,0.0,1.0,10238,,sedan,0,0,2,0.0
130061,26-39,male,majority,0-9y,high school,middle class,0.5722153142431586,1.0,before 2015,0.0,0.0,10238,16000.0,sedan,0,0,0,1.0
983251,16-25,male,majority,0-9y,high school,poverty,0.1992925327715535,1.0,before 2015,0.0,0.0,10238,14000.0,sedan,0,0,0,1.0
498246,40-64,female,majority,0-9y,high school,upper class,0.7102227949180816,1.0,after 2015,1.0,1.0,10238,15000.0,sedan,0,0,0,0.0
792106,16-25,male,majority,0-9y,none,poverty,0.2577256895870561,0.0,after 2015,0.0,1.0,32765,10000.0,sedan,0,0,0,1.0
617236,65+,male,majority,20-29y,high school,working class,0.3140366583099796,1.0,before 2015,1.0,1.0,10238,13000.0,sports car,3,1,3,0.0
208897,26-39,female,majority,10-19y,high school,middle class,0.7603046768859507,1.0,before 2015,0.0,0.0,10238,13000.0,sports car,0,0,0,0.0
345510,65+,female,minority,30y+,university,upper class,,1.0,before 2015,0.0,0.0,32765,12000.0,sedan,1,0,2,0.0
168937,16-25,female,majority,0-9y,high school,upper class,0.6621970815237619,1.0,after 2015,0.0,0.0,10238,12000.0,sedan,0,0,0,0.0
48329,40-64,male,majority,10-19y,university,upper class,0.5330426957734821,0.0,after 2015,1.0,1.0,10238,12000.0,sedan,1,1,2,1.0
56391,65+,male,majority,20-29y,high school,upper class,0.6897682642706402,1.0,before 2015,1.0,1.0,10238,10000.0,sedan,4,0,5,0.0
145697,65+,male,majority,0-9y,university,upper class,0.3727413985220319,1.0,before 2015,1.0,1.0,32765,6000.0,sedan,0,0,0,1.0
248851,65+,male,majority,30y+,university,upper class,0.5695226383731321,0.0,before 2015,1.0,1.0,10238,8000.0,sedan,5,0,8,0.0
848121,65+,male,majority,30y+,university,upper class,0.5354411836435228,1.0,before 2015,1.0,1.0,10238,,sedan,2,1,2,0.0
104504,65+,female,majority,10-19y,university,upper class,0.4990427927530763,1.0,after 2015,1.0,1.0,10238,6000.0,sedan,1,1,0,0.0
332140,16-25,male,majority,0-9y,high school,poverty,0.3708472704797005,0.0,before 2015,0.0,1.0,10238,,sedan,0,0,0,1.0
370440,26-39,female,minority,10-19y,high school,upper class,0.6315436327083316,1.0,before 2015,0.0,0.0,32765,10000.0,sedan,1,0,1,0.0
70922,16-25,female,majority,0-9y,high school,poverty,,1.0,before 2015,0.0,1.0,32765,,sedan,0,0,0,1.0
394169,65+,female,majority,10-19y,university,upper class,0.6099849924008637,1.0,before 2015,1.0,1.0,10238,9000.0,sedan,0,1,0,0.0
800498,65+,male,majority,30y+,university,upper class,0.5843478180715549,1.0,before 2015,1.0,1.0,10238,12000.0,sedan,2,0,5,0.0
692460,26-39,male,majority,10-19y,none,middle class,0.5037686995508438,0.0,before 2015,0.0,1.0,92101,,sedan,0,0,1,1.0
833770,40-64,male,majority,20-29y,university,upper class,0.613220489579212,1.0,after 2015,1.0,1.0,10238,14000.0,sedan,0,0,3,0.0
324324,40-64,male,majority,20-29y,high school,middle class,0.4823276209848559,1.0,before 2015,1.0,1.0,10238,9000.0,sedan,3,1,2,0.0
774402,26-39,male,majority,0-9y,none,working class,0.4503293443741408,1.0,after 2015,1.0,1.0,10238,13000.0,sedan,0,0,0,0.0
529067,26-39,male,majority,10-19y,university,working class,0.4327990376137225,1.0,before 2015,0.0,1.0,10238,13000.0,sedan,0,0,0,0.0
893506,65+,female,minority,30y+,university,upper class,0.5714023734738001,1.0,after 2015,0.0,1.0,10238,13000.0,sedan,3,1,1,0.0
470092,26-39,female,minority,10-19y,university,upper class,0.5899381961460256,1.0,after 2015,1.0,1.0,10238,8000.0,sedan,1,0,3,0.0
41497,16-25,female,majority,0-9y,university,working class,0.5432601158286279,0.0,before 2015,0.0,1.0,10238,10000.0,sedan,0,0,0,1.0
310421,16-25,female,minority,0-9y,none,poverty,0.4176123262588365,0.0,before 2015,0.0,1.0,10238,13000.0,sedan,0,0,0,1.0
393563,16-25,female,majority,0-9y,none,poverty,0.4284872507567927,1.0,before 2015,0.0,1.0,10238,14000.0,sedan,0,0,0,1.0
446206,40-64,male,majority,20-29y,high school,upper class,0.5838985964818494,1.0,after 2015,0.0,0.0,10238,16000.0,sedan,0,1,1,0.0
542696,26-39,female,majority,10-19y,none,poverty,0.3542937522701511,0.0,before 2015,0.0,1.0,10238,13000.0,sedan,0,1,0,0.0
376376,16-25,female,majority,0-9y,high school,poverty,0.2742570556762941,1.0,before 2015,0.0,1.0,10238,12000.0,sedan,0,0,0,1.0
271405,65+,male,majority,10-19y,university,upper class,0.6385769563942826,1.0,before 2015,1.0,1.0,32765,12000.0,sedan,1,0,0,0.0
71232,26-39,female,majority,0-9y,none,working class,,1.0,before 2015,0.0,0.0,10238,13000.0,sedan,0,0,0,1.0
76297,40-64,male,majority,0-9y,university,upper class,0.5968280062363127,1.0,after 2015,1.0,1.0,92101,13000.0,sedan,0,0,0,0.0
67013,40-64,female,majority,20-29y,university,working class,0.4722141399816714,1.0,before 2015,0.0,1.0,32765,10000.0,sedan,5,0,0,0.0
681603,26-39,male,majority,10-19y,high school,working class,0.3849691710608993,1.0,before 2015,0.0,1.0,32765,7000.0,sedan,4,0,1,0.0
480327,40-64,male,majority,20-29y,university,upper class,0.4176167529380851,0.0,after 2015,1.0,1.0,10238,9000.0,sedan,2,1,3,0.0
895571,40-64,female,majority,20-29y,university,upper class,0.6448895574873921,1.0,after 2015,0.0,1.0,32765,14000.0,sedan,1,0,0,0.0
419566,26-39,female,majority,10-19y,high school,working class,,0.0,before 2015,0.0,0.0,32765,12000.0,sedan,1,1,0,1.0
159521,65+,female,majority,20-29y,high school,upper class,0.5534622777479923,1.0,before 2015,1.0,0.0,10238,8000.0,sedan,3,1,4,0.0
954393,16-25,male,majority,0-9y,university,working class,0.3775879427770994,1.0,after 2015,0.0,0.0,10238,13000.0,sedan,0,0,0,0.0
486821,26-39,female,majority,10-19y,none,poverty,0.3649909855025003,0.0,before 2015,0.0,0.0,10238,,sedan,0,0,0,0.0
309491,40-64,female,majority,10-19y,high school,working class,0.4239258564525829,0.0,before 2015,1.0,1.0,10238,11000.0,sedan,2,0,1,0.0
460018,16-25,male,majority,0-9y,none,poverty,0.327273334521353,1.0,after 2015,0.0,0.0,10238,16000.0,sedan,0,0,0,0.0
349786,40-64,female,majority,20-29y,high school,upper class,0.6312359635092651,1.0,after 2015,1.0,1.0,10238,10000.0,sedan,1,1,2,0.0
977745,26-39,female,minority,0-9y,none,poverty,,1.0,before 2015,0.0,1.0,32765,11000.0,sedan,0,0,0,0.0
676084,40-64,female,majority,10-19y,university,upper class,0.6842442510124921,1.0,after 2015,0.0,1.0,10238,14000.0,sedan,1,0,0,0.0
895195,26-39,male,majority,10-19y,university,upper class,0.4886390921860349,1.0,after 2015,1.0,1.0,10238,8000.0,sedan,0,1,3,0.0
392401,40-64,male,majority,20-29y,high school,upper class,0.6173695276288708,1.0,after 2015,1.0,1.0,32765,11000.0,sedan,3,3,0,0.0
934558,65+,male,majority,20-29y,high school,middle class,0.3030111934015117,1.0,before 2015,1.0,1.0,10238,10000.0,sedan,4,0,6,0.0
393578,26-39,male,majority,10-19y,high school,middle class,0.4749628788875642,1.0,after 2015,1.0,1.0,92101,13000.0,sedan,1,0,1,0.0
979772,65+,female,majority,30y+,university,upper class,0.6019296536623298,1.0,after 2015,1.0,1.0,32765,6000.0,sedan,6,1,1,0.0
967355,26-39,female,majority,10-19y,none,working class,0.5951810837458443,0.0,before 2015,1.0,1.0,10238,12000.0,sedan,2,0,0,0.0
390765,65+,male,majority,30y+,high school,upper class,0.6215417562731184,1.0,after 2015,1.0,1.0,10238,,sedan,5,2,6,0.0
144248,65+,male,minority,30y+,university,upper class,0.3894266905483992,1.0,before 2015,1.0,1.0,10238,12000.0,sedan,0,0,6,0.0
372931,40-64,female,majority,20-29y,high school,upper class,0.6613391398483415,1.0,after 2015,1.0,1.0,10238,12000.0,sedan,1,0,0,0.0
166423,40-64,male,majority,20-29y,high school,middle class,0.5038033404653214,1.0,before 2015,1.0,1.0,10238,10000.0,sedan,3,0,2,0.0
730415,26-39,female,majority,0-9y,university,middle class,0.4761858212677493,1.0,before 2015,0.0,1.0,10238,12000.0,sports car,0,0,0,0.0
119735,26-39,female,majority,0-9y,high school,upper class,0.6428990696502471,1.0,before 2015,0.0,0.0,10238,10000.0,sedan,0,0,0,1.0
998817,26-39,female,minority,10-19y,university,middle class,0.5124333302576248,0.0,before 2015,0.0,0.0,10238,17000.0,sedan,0,0,1,0.0
210810,26-39,female,majority,10-19y,none,working class,0.5123501239909536,1.0,before 2015,0.0,1.0,10238,16000.0,sedan,1,0,0,0.0
229398,65+,male,majority,30y+,high school,upper class,0.7198423257971679,1.0,after 2015,0.0,1.0,10238,17000.0,sedan,3,2,2,0.0
640069,26-39,female,majority,10-19y,high school,middle class,0.6579868362422994,1.0,before 2015,1.0,0.0,10238,17000.0,sedan,3,0,3,0.0
631585,65+,female,majority,20-29y,university,upper class,0.7226741315484707,1.0,before 2015,1.0,1.0,32765,7000.0,sedan,1,0,0,0.0
517511,26-39,female,majority,10-19y,none,poverty,0.3460042308900576,1.0,before 2015,0.0,1.0,10238,13000.0,sedan,0,0,0,0.0
603591,16-25,male,majority,0-9y,university,middle class,0.4911714317868657,1.0,before 2015,1.0,0.0,32765,9000.0,sedan,0,0,0,1.0
527103,26-39,male,majority,10-19y,none,poverty,0.4412887875093094,0.0,before 2015,0.0,1.0,10238,16000.0,sedan,0,1,5,1.0
25072,16-25,female,minority,0-9y,high school,poverty,0.5039245145240226,0.0,before 2015,0.0,0.0,32765,13000.0,sedan,0,0,0,1.0
798069,40-64,male,majority,0-9y,university,upper class,0.5836705952546154,1.0,after 2015,0.0,1.0,10238,16000.0,sedan,0,0,0,1.0
40708,26-39,male,majority,0-9y,university,middle class,0.4426275807536748,0.0,before 2015,1.0,1.0,10238,11000.0,sedan,0,0,0,1.0
987989,65+,female,majority,30y+,high school,upper class,0.7064255559004173,1.0,after 2015,0.0,1.0,21217,15000.0,sedan,0,0,1,1.0
908652,16-25,male,majority,0-9y,high school,middle class,0.3930218877792529,0.0,before 2015,0.0,0.0,10238,13000.0,sedan,0,0,0,1.0
487355,40-64,male,majority,0-9y,high school,working class,0.4317004117968687,0.0,before 2015,0.0,1.0,10238,10000.0,sedan,0,0,0,1.0
453713,40-64,female,majority,0-9y,high school,upper class,0.5889931124102499,1.0,before 2015,1.0,0.0,10238,,sedan,0,0,0,0.0
263154,26-39,female,minority,10-19y,high school,working class,0.5343435230995932,0.0,before 2015,0.0,0.0,10238,14000.0,sedan,0,0,0,1.0
908853,65+,male,majority,10-19y,university,upper class,0.494675905573652,1.0,before 2015,1.0,1.0,10238,10000.0,sedan,0,1,1,0.0
409030,26-39,female,majority,0-9y,university,middle class,,0.0,after 2015,1.0,1.0,10238,9000.0,sedan,0,0,0,1.0
65029,65+,male,majority,30y+,university,upper class,0.5279775076783684,1.0,after 2015,1.0,1.0,10238,12000.0,sedan,6,0,3,0.0
679306,65+,male,majority,20-29y,high school,middle class,0.5466101369180384,0.0,before 2015,0.0,1.0,10238,,sedan,1,0,3,0.0
90447,26-39,male,minority,10-19y,none,working class,,1.0,before 2015,1.0,1.0,10238,12000.0,sedan,2,1,1,0.0
380072,26-39,male,majority,0-9y,none,working class,0.3661697993399885,1.0,before 2015,0.0,0.0,10238,14000.0,sedan,0,0,0,1.0
761047,40-64,female,majority,0-9y,none,middle class,0.5685774434782941,1.0,before 2015,1.0,0.0,10238,11000.0,sedan,0,0,0,0.0
420096,65+,female,majority,30y+,none,upper class,0.4935150641243264,1.0,after 2015,1.0,1.0,10238,7000.0,sedan,1,1,3,0.0
43235,40-64,female,majority,20-29y,high school,upper class,0.6990516504418061,1.0,before 2015,1.0,1.0,10238,11000.0,sedan,3,0,2,0.0
957230,16-25,female,majority,0-9y,none,poverty,0.3134341026539473,1.0,before 2015,0.0,0.0,10238,17000.0,sedan,0,0,0,0.0
214482,26-39,male,majority,10-19y,university,upper class,0.4908294164091601,1.0,before 2015,1.0,1.0,32765,6000.0,sedan,1,0,2,0.0
501359,16-25,male,majority,0-9y,high school,middle class,0.4779712932320399,0.0,before 2015,0.0,0.0,10238,14000.0,sedan,0,0,0,1.0
536135,26-39,male,majority,10-19y,high school,middle class,0.4049288507406456,1.0,before 2015,1.0,1.0,92101,11000.0,sedan,2,0,0,0.0
693562,26-39,female,minority,0-9y,high school,working class,0.3930785440575526,1.0,before 2015,1.0,0.0,32765,8000.0,sedan,0,0,0,0.0
248253,26-39,male,majority,10-19y,university,middle class,0.3156366369853307,1.0,before 2015,1.0,1.0,92101,14000.0,sedan,1,0,0,1.0
862136,26-39,male,majority,10-19y,university,working class,0.2260193423943462,0.0,before 2015,1.0,0.0,92101,9000.0,sedan,1,0,2,1.0
148455,16-25,male,majority,0-9y,none,poverty,0.3651934455267515,0.0,before 2015,0.0,0.0,10238,,sedan,0,0,0,1.0
850687,40-64,male,majority,20-29y,high school,upper class,0.553308152582268,0.0,before 2015,0.0,0.0,32765,,sedan,3,1,0,0.0
174090,26-39,male,majority,10-19y,high school,poverty,0.4077655174920378,0.0,before 2015,1.0,1.0,32765,9000.0,sedan,8,1,1,1.0
150276,65+,male,majority,30y+,high school,upper class,0.5949848654212657,1.0,after 2015,1.0,1.0,10238,7000.0,sedan,3,0,8,0.0
447793,16-25,female,majority,0-9y,high school,poverty,,0.0,before 2015,0.0,1.0,92101,8000.0,sedan,0,0,0,0.0
935057,65+,male,majority,0-9y,university,upper class,0.5979218315246748,1.0,before 2015,0.0,1.0,10238,13000.0,sedan,0,0,0,0.0
904219,26-39,female,majority,10-19y,high school,working class,0.3018784742305601,1.0,before 2015,0.0,0.0,32765,8000.0,sedan,1,0,0,0.0
115958,26-39,female,majority,0-9y,high school,poverty,0.4684196703713496,0.0,after 2015,1.0,1.0,10238,12000.0,sedan,0,0,0,0.0
559866,26-39,female,majority,10-19y,high school,poverty,0.5273394341183449,0.0,before 2015,0.0,0.0,92101,15000.0,sports car,2,1,0,1.0
278500,40-64,male,majority,20-29y,university,upper class,0.5820403536659148,1.0,after 2015,0.0,1.0,10238,14000.0,sedan,2,0,4,0.0
25949,26-39,male,majority,10-19y,high school,working class,0.4294653536972943,0.0,before 2015,1.0,0.0,10238,12000.0,sedan,3,0,3,1.0
304034,65+,male,majority,30y+,university,upper class,0.4543385633149859,1.0,after 2015,1.0,1.0,10238,12000.0,sedan,5,0,6,0.0
86754,40-64,male,majority,20-29y,university,upper class,0.4899924372348231,1.0,before 2015,1.0,1.0,32765,8000.0,sedan,6,4,1,0.0
344794,40-64,female,majority,20-29y,university,upper class,0.6204086890787407,1.0,before 2015,1.0,1.0,10238,9000.0,sedan,1,0,2,0.0
780041,40-64,female,majority,20-29y,none,poverty,0.3648882615904017,1.0,before 2015,0.0,1.0,21217,,sedan,0,1,2,1.0
806393,65+,male,minority,30y+,university,upper class,0.6194525598603691,1.0,before 2015,0.0,1.0,10238,13000.0,sedan,2,0,6,0.0
90176,16-25,male,majority,0-9y,none,poverty,0.3842342291965312,0.0,before 2015,0.0,1.0,10238,9000.0,sedan,0,0,0,1.0
181858,65+,male,majority,10-19y,high school,upper class,0.6250976480020242,0.0,before 2015,1.0,1.0,10238,,sedan,2,0,0,1.0
669186,40-64,male,majority,0-9y,university,upper class,0.5999925100888724,1.0,before 2015,0.0,1.0,10238,10000.0,sedan,0,0,0,1.0
139861,40-64,female,majority,10-19y,high school,upper class,0.58306031835725,1.0,after 2015,1.0,1.0,32765,7000.0,sedan,2,0,2,0.0
992359,16-25,male,majority,0-9y,none,poverty,0.4030959607049746,0.0,before 2015,0.0,1.0,10238,15000.0,sedan,0,0,0,0.0
981439,26-39,female,majority,10-19y,high school,poverty,0.3878305984953276,0.0,before 2015,0.0,1.0,10238,11000.0,sedan,1,1,0,1.0
692484,26-39,female,majority,10-19y,university,working class,,0.0,before 2015,0.0,1.0,32765,11000.0,sedan,3,0,1,0.0
291441,16-25,female,majority,0-9y,high school,working class,0.5468524546537378,0.0,after 2015,0.0,0.0,10238,15000.0,sedan,0,0,0,1.0
41476,65+,female,majority,10-19y,high school,middle class,,1.0,before 2015,0.0,1.0,92101,14000.0,sedan,1,1,0,0.0
80167,40-64,female,majority,20-29y,university,upper class,0.7658383224497411,1.0,before 2015,1.0,1.0,10238,14000.0,sports car,1,0,2,0.0
987779,65+,female,majority,30y+,high school,upper class,0.4956615644496181,1.0,before 2015,1.0,1.0,10238,11000.0,sedan,3,0,3,0.0
76113,40-64,female,majority,20-29y,high school,upper class,,1.0,after 2015,1.0,0.0,32765,11000.0,sedan,0,2,0,0.0
339486,26-39,male,minority,0-9y,none,poverty,0.2896316531588382,0.0,after 2015,1.0,1.0,10238,,sedan,0,0,0,1.0
22475,40-64,female,majority,0-9y,high school,middle class,0.5905674346205279,1.0,before 2015,1.0,0.0,10238,11000.0,sedan,0,0,0,0.0
458428,26-39,female,majority,10-19y,high school,upper class,0.8246055134031282,1.0,after 2015,0.0,0.0,10238,14000.0,sedan,1,0,1,0.0
829901,65+,male,majority,30y+,high school,upper class,0.7020880143855619,1.0,after 2015,1.0,1.0,32765,11000.0,sedan,10,2,3,0.0
992537,16-25,female,majority,0-9y,none,poverty,0.3502986139950299,0.0,before 2015,1.0,1.0,10238,,sedan,0,0,0,1.0
146361,26-39,male,majority,10-19y,none,poverty,0.3009812918467103,0.0,before 2015,1.0,1.0,32765,5000.0,sedan,4,0,3,1.0
513509,16-25,male,majority,0-9y,none,poverty,0.2597680122744796,0.0,before 2015,0.0,0.0,10238,12000.0,sedan,0,0,0,1.0
220730,65+,female,majority,10-19y,high school,upper class,0.6363437668457077,1.0,before 2015,1.0,1.0,10238,13000.0,sports car,1,0,2,1.0
974103,40-64,female,majority,10-19y,none,upper class,0.6326816478087667,1.0,before 2015,1.0,1.0,10238,11000.0,sedan,0,1,2,0.0
911614,26-39,female,majority,10-19y,university,middle class,0.4631298696568432,1.0,after 2015,0.0,0.0,10238,13000.0,sedan,2,0,0,0.0
48036,26-39,female,majority,10-19y,university,middle class,0.6729433010805125,0.0,after 2015,1.0,1.0,92101,8000.0,sedan,2,0,0,0.0
476769,40-64,male,majority,20-29y,university,middle class,0.577135941672739,0.0,before 2015,1.0,1.0,10238,7000.0,sedan,4,0,3,0.0
555505,26-39,male,majority,10-19y,high school,working class,0.4244052719925573,0.0,before 2015,1.0,1.0,92101,15000.0,sedan,0,0,2,0.0
749244,40-64,female,majority,0-9y,high school,upper class,,1.0,after 2015,1.0,1.0,10238,13000.0,sedan,0,0,0,0.0
447424,40-64,male,majority,20-29y,high school,middle class,0.5778131836961647,1.0,before 2015,0.0,0.0,10238,12000.0,sedan,3,2,4,0.0
131347,65+,female,majority,30y+,none,working class,0.4919249368588813,0.0,before 2015,0.0,1.0,32765,12000.0,sedan,7,0,2,0.0
3526,65+,male,majority,30y+,high school,upper class,0.7280756018177765,1.0,after 2015,1.0,0.0,10238,13000.0,sedan,4,1,3,0.0
428267,40-64,male,majority,20-29y,university,upper class,0.6607949382386376,1.0,after 2015,1.0,1.0,32765,10000.0,sedan,7,0,1,0.0
875043,26-39,female,majority,10-19y,high school,upper class,0.6964039617112442,0.0,after 2015,1.0,0.0,10238,14000.0,sedan,1,0,1,0.0
277818,40-64,male,majority,10-19y,university,upper class,0.4494294839841602,1.0,before 2015,0.0,1.0,10238,,sedan,3,1,2,1.0
451963,65+,male,majority,30y+,high school,upper class,0.713619531907858,1.0,before 2015,1.0,1.0,10238,11000.0,sedan,2,1,2,0.0
340860,65+,male,majority,20-29y,university,upper class,0.7429578822641658,0.0,after 2015,1.0,1.0,10238,14000.0,sedan,2,2,3,0.0
369647,16-25,male,majority,0-9y,university,middle class,0.4088759086346603,1.0,before 2015,0.0,0.0,10238,18000.0,sedan,0,0,0,1.0
362036,26-39,female,majority,10-19y,none,working class,0.5172340131467813,0.0,before 2015,0.0,1.0,32765,9000.0,sedan,1,0,1,0.0
745764,16-25,male,majority,0-9y,none,poverty,,1.0,before 2015,0.0,1.0,10238,15000.0,sedan,0,0,0,1.0
138709,26-39,male,majority,10-19y,high school,middle class,0.5249091088744845,1.0,after 2015,1.0,1.0,32765,10000.0,sedan,7,0,1,0.0
273939,65+,male,majority,20-29y,high school,upper class,0.6713585572774622,1.0,after 2015,1.0,1.0,32765,6000.0,sedan,8,1,2,0.0
643377,40-64,male,majority,20-29y,university,middle class,0.5615413060142965,0.0,after 2015,0.0,1.0,10238,13000.0,sedan,0,1,2,0.0
854068,65+,female,majority,30y+,university,upper class,0.8200196878140237,1.0,after 2015,1.0,1.0,10238,15000.0,sedan,1,1,1,0.0
107189,26-39,male,majority,10-19y,high school,middle class,0.5605659929367516,1.0,before 2015,0.0,0.0,10238,,sedan,0,0,6,1.0
604387,40-64,female,majority,20-29y,none,middle class,0.4779300200328349,1.0,before 2015,1.0,1.0,32765,12000.0,sedan,3,0,0,0.0
338722,26-39,male,majority,10-19y,high school,working class,0.3947155816821041,1.0,after 2015,0.0,1.0,32765,11000.0,sports car,1,0,1,0.0
626051,16-25,male,minority,0-9y,high school,poverty,0.4861063085385872,1.0,before 2015,0.0,1.0,32765,5000.0,sedan,0,0,0,0.0
3170,40-64,female,majority,10-19y,none,working class,0.4916892938181081,1.0,before 2015,0.0,1.0,10238,12000.0,sedan,1,0,0,0.0
642405,40-64,female,majority,20-29y,high school,upper class,0.561554377080833,1.0,after 2015,1.0,1.0,10238,13000.0,sedan,0,0,1,0.0
867896,40-64,female,majority,20-29y,university,upper class,0.6140851562528803,1.0,after 2015,1.0,1.0,32765,5000.0,sedan,2,1,0,0.0
612627,26-39,female,majority,10-19y,none,poverty,,1.0,before 2015,0.0,0.0,10238,16000.0,sedan,0,0,1,0.0
579898,26-39,female,majority,10-19y,high school,upper class,0.5009739750388296,1.0,before 2015,1.0,1.0,32765,6000.0,sedan,2,0,1,0.0
730240,26-39,female,majority,10-19y,high school,working class,0.3645356612084071,0.0,before 2015,0.0,0.0,10238,,sedan,0,0,1,1.0
949152,26-39,female,majority,10-19y,university,upper class,0.7454327103696547,0.0,after 2015,0.0,0.0,32765,9000.0,sedan,0,0,0,0.0
968115,65+,male,majority,30y+,university,upper class,,1.0,after 2015,1.0,1.0,10238,12000.0,sedan,5,0,8,0.0
419313,16-25,male,majority,0-9y,none,poverty,0.3932427454412925,0.0,before 2015,0.0,0.0,10238,,sports car,0,0,0,1.0
832985,26-39,male,majority,0-9y,university,upper class,0.6649526471177105,1.0,before 2015,0.0,1.0,10238,15000.0,sedan,0,0,0,0.0
625152,26-39,male,majority,0-9y,high school,middle class,,1.0,before 2015,0.0,0.0,32765,15000.0,sports car,0,0,0,1.0
381865,26-39,male,majority,10-19y,university,middle class,0.6341069822933729,0.0,after 2015,0.0,0.0,32765,15000.0,sports car,4,0,2,1.0
391433,16-25,male,majority,0-9y,high school,working class,0.5258578434064174,1.0,before 2015,0.0,0.0,10238,18000.0,sedan,0,0,0,1.0
595493,40-64,female,majority,0-9y,university,upper class,0.5910270591496051,1.0,after 2015,1.0,1.0,10238,9000.0,sedan,0,0,0,0.0
99879,65+,female,majority,20-29y,high school,upper class,0.5909658708909031,1.0,after 2015,0.0,1.0,32765,10000.0,sedan,4,1,1,0.0
534080,40-64,male,majority,10-19y,university,upper class,0.4046021758569752,1.0,after 2015,1.0,0.0,10238,15000.0,sedan,0,0,0,0.0
250947,26-39,female,majority,10-19y,high school,middle class,0.5467610803924773,1.0,after 2015,0.0,1.0,10238,16000.0,sedan,0,0,1,0.0
98194,65+,male,majority,30y+,university,upper class,0.6381252493051189,1.0,before 2015,1.0,1.0,10238,9000.0,sedan,4,0,6,0.0
619329,40-64,female,majority,20-29y,university,upper class,0.6258479108755962,1.0,after 2015,0.0,1.0,10238,11000.0,sedan,0,0,5,0.0
272017,65+,male,majority,30y+,university,upper class,0.48677813254442,1.0,after 2015,1.0,1.0,10238,13000.0,sedan,4,0,5,0.0
931660,65+,female,majority,30y+,university,upper class,0.6473828507763691,1.0,after 2015,0.0,1.0,10238,10000.0,sedan,1,0,4,0.0
331821,40-64,female,minority,0-9y,none,working class,0.47479444427068,0.0,before 2015,1.0,1.0,92101,10000.0,sedan,0,0,0,0.0
739141,26-39,male,majority,10-19y,high school,middle class,0.4281283031639512,1.0,before 2015,1.0,1.0,10238,13000.0,sedan,0,1,3,0.0
902574,65+,male,majority,30y+,high school,upper class,,1.0,after 2015,0.0,1.0,10238,13000.0,sedan,4,2,4,0.0
374072,40-64,male,majority,20-29y,high school,middle class,0.5031786410700181,0.0,after 2015,0.0,1.0,32765,11000.0,sedan,4,0,1,0.0
977617,40-64,female,majority,20-29y,university,middle class,0.7005592185702892,1.0,after 2015,1.0,1.0,21217,12000.0,sedan,2,0,0,1.0
363045,26-39,male,majority,10-19y,university,middle class,,0.0,before 2015,0.0,1.0,10238,11000.0,sedan,4,0,1,0.0
347978,65+,female,majority,20-29y,high school,upper class,0.7171247147685673,1.0,after 2015,1.0,1.0,92101,9000.0,sedan,1,1,0,0.0
184604,26-39,male,majority,10-19y,university,upper class,0.5416548065025522,1.0,after 2015,1.0,1.0,32765,13000.0,sedan,3,0,2,0.0
978770,40-64,female,majority,10-19y,university,upper class,0.7203760616486813,1.0,after 2015,1.0,1.0,10238,10000.0,sedan,1,0,0,0.0
329777,40-64,female,majority,0-9y,high school,middle class,,0.0,after 2015,0.0,0.0,10238,19000.0,sedan,0,0,0,1.0
205417,40-64,male,majority,20-29y,university,upper class,0.7326876616299971,1.0,after 2015,1.0,1.0,32765,11000.0,sedan,8,1,2,0.0
347653,40-64,male,majority,20-29y,university,upper class,0.4669035543886058,1.0,after 2015,0.0,1.0,32765,11000.0,sedan,5,3,3,0.0
167956,40-64,female,majority,10-19y,high school,middle class,0.5879247174379107,1.0,after 2015,1.0,1.0,10238,12000.0,sedan,1,0,1,0.0
472589,65+,female,minority,30y+,university,upper class,0.5662385712592211,1.0,before 2015,0.0,1.0,10238,11000.0,sedan,7,1,2,0.0
186651,26-39,female,majority,10-19y,high school,working class,0.6897285195206259,1.0,after 2015,0.0,0.0,10238,13000.0,sedan,1,0,1,0.0
12037,26-39,female,majority,10-19y,university,upper class,0.7259926462960027,0.0,before 2015,0.0,0.0,32765,16000.0,sedan,0,0,0,0.0
803658,40-64,male,majority,10-19y,university,upper class,0.4573296070639581,1.0,after 2015,1.0,1.0,10238,7000.0,sedan,3,0,0,0.0
406826,26-39,male,majority,10-19y,university,upper class,,1.0,before 2015,0.0,1.0,10238,16000.0,sedan,0,0,1,0.0
870637,65+,female,minority,0-9y,high school,upper class,0.6868348054365346,1.0,after 2015,1.0,1.0,10238,15000.0,sedan,0,0,0,0.0
917126,65+,male,majority,30y+,university,upper class,,1.0,before 2015,1.0,1.0,32765,9000.0,sedan,11,2,4,0.0
57669,26-39,female,majority,0-9y,high school,middle class,0.5797885131299185,1.0,before 2015,1.0,1.0,10238,8000.0,sedan,0,0,0,1.0
666386,40-64,male,majority,20-29y,high school,upper class,0.6405034643072922,1.0,after 2015,1.0,1.0,10238,,sedan,4,0,1,0.0
722448,16-25,female,majority,0-9y,high school,middle class,,1.0,after 2015,1.0,1.0,10238,10000.0,sedan,0,0,0,0.0
149003,40-64,male,majority,20-29y,high school,middle class,0.4445139630544579,0.0,after 2015,1.0,1.0,92101,11000.0,sedan,6,0,4,0.0
62038,65+,male,majority,30y+,university,upper class,0.7286601324813126,1.0,after 2015,1.0,1.0,10238,9000.0,sedan,4,3,4,0.0
435057,16-25,male,majority,0-9y,none,working class,0.5336166248933796,1.0,after 2015,1.0,0.0,32765,10000.0,sedan,0,0,0,0.0
754120,16-25,male,majority,0-9y,high school,working class,,1.0,after 2015,0.0,1.0,32765,14000.0,sedan,0,0,0,1.0
820690,65+,male,majority,30y+,university,upper class,0.5386236932875669,1.0,after 2015,1.0,1.0,10238,9000.0,sedan,8,0,5,0.0
250336,40-64,female,majority,20-29y,university,upper class,0.5832958365331581,1.0,before 2015,0.0,0.0,10238,14000.0,sedan,0,0,0,0.0
633972,16-25,male,majority,0-9y,university,working class,0.1966518580351812,1.0,before 2015,1.0,0.0,10238,15000.0,sedan,0,0,0,0.0
100870,26-39,female,minority,0-9y,high school,middle class,0.5610299695298051,1.0,before 2015,0.0,0.0,10238,17000.0,sedan,0,0,0,0.0
809136,26-39,female,majority,10-19y,high school,working class,0.3824578961514226,1.0,before 2015,0.0,0.0,10238,14000.0,sedan,0,0,5,0.0
96421,65+,male,majority,30y+,university,upper class,0.7042280046651094,1.0,after 2015,0.0,0.0,10238,14000.0,sedan,5,0,2,0.0
416575,26-39,male,majority,10-19y,high school,middle class,0.4410815998953904,1.0,before 2015,1.0,1.0,10238,7000.0,sedan,1,0,5,0.0
528413,26-39,female,majority,0-9y,none,poverty,0.3936564898754295,1.0,before 2015,0.0,1.0,10238,11000.0,sedan,0,0,0,0.0
36613,26-39,male,majority,10-19y,university,working class,0.5897793467930541,1.0,before 2015,0.0,0.0,92101,18000.0,sedan,2,1,0,1.0
636886,16-25,male,majority,0-9y,high school,middle class,0.4243746466627321,1.0,before 2015,1.0,0.0,10238,15000.0,sports car,0,0,0,1.0
480887,40-64,female,majority,20-29y,none,working class,0.3763609329888923,1.0,before 2015,0.0,0.0,10238,15000.0,sedan,0,0,0,0.0
64984,16-25,male,minority,0-9y,none,working class,0.4025785640861608,1.0,before 2015,0.0,0.0,32765,14000.0,sedan,0,0,0,1.0
719606,26-39,male,majority,10-19y,university,upper class,0.4892065918233577,1.0,before 2015,1.0,1.0,10238,9000.0,sports car,2,1,0,0.0
758417,65+,female,majority,10-19y,university,upper class,0.7825371105736847,1.0,before 2015,1.0,1.0,10238,16000.0,sedan,0,0,1,0.0
762382,26-39,male,majority,10-19y,university,middle class,0.662974125323889,1.0,after 2015,1.0,1.0,32765,8000.0,sports car,4,0,3,0.0
751811,26-39,female,majority,10-19y,university,upper class,0.5029447868604816,1.0,before 2015,0.0,1.0,10238,8000.0,sports car,2,0,1,0.0
988458,65+,female,majority,30y+,none,upper class,0.5658647797711369,1.0,after 2015,1.0,1.0,32765,6000.0,sedan,10,3,4,0.0
492664,16-25,male,majority,0-9y,university,middle class,,1.0,before 2015,1.0,0.0,32765,10000.0,sedan,0,0,0,1.0
567612,65+,male,majority,0-9y,none,working class,0.4687555409847495,1.0,before 2015,1.0,1.0,32765,8000.0,sedan,0,0,0,0.0
184392,40-64,male,minority,20-29y,high school,middle class,0.5334854542420271,1.0,before 2015,1.0,1.0,10238,9000.0,sedan,6,0,2,0.0
620243,65+,male,minority,30y+,university,upper class,0.4873628706992316,1.0,before 2015,1.0,1.0,10238,13000.0,sedan,5,4,9,0.0
613485,26-39,female,majority,10-19y,university,working class,0.3831498666542099,0.0,after 2015,1.0,1.0,32765,11000.0,sedan,3,1,0,0.0
550889,40-64,male,majority,20-29y,university,upper class,0.4204131554039249,1.0,before 2015,0.0,1.0,32765,11000.0,sedan,4,0,2,0.0
220243,65+,female,majority,20-29y,university,upper class,0.7534863598137707,0.0,before 2015,1.0,1.0,10238,10000.0,sedan,1,0,2,0.0
237361,65+,male,majority,0-9y,high school,upper class,0.7302332838693537,1.0,before 2015,0.0,0.0,32765,11000.0,sedan,0,0,0,1.0
41135,40-64,female,majority,20-29y,university,upper class,0.6081458907931849,1.0,before 2015,1.0,0.0,32765,8000.0,sedan,2,1,0,0.0
546389,26-39,female,majority,10-19y,none,poverty,0.4117578066757061,0.0,before 2015,0.0,0.0,10238,18000.0,sedan,0,0,0,1.0
30802,65+,female,majority,0-9y,university,upper class,0.5902500669549591,1.0,after 2015,1.0,1.0,10238,12000.0,sedan,0,0,0,0.0
993267,26-39,female,majority,10-19y,high school,poverty,0.3858741008429725,1.0,before 2015,0.0,0.0,10238,14000.0,sedan,0,1,0,0.0
542102,16-25,female,majority,0-9y,none,poverty,0.3959623593743085,1.0,before 2015,1.0,1.0,32765,10000.0,sedan,0,0,0,0.0
67899,65+,male,majority,30y+,high school,upper class,,1.0,after 2015,1.0,1.0,10238,7000.0,sedan,5,0,11,0.0
848667,16-25,female,majority,0-9y,university,upper class,0.6035708014041429,1.0,before 2015,1.0,0.0,10238,17000.0,sedan,0,0,0,0.0
332743,26-39,male,majority,0-9y,university,upper class,0.6367641521533212,1.0,before 2015,1.0,1.0,10238,10000.0,sedan,0,0,0,1.0
781586,40-64,female,majority,10-19y,university,upper class,,1.0,after 2015,1.0,0.0,10238,13000.0,sedan,0,1,0,0.0
439105,40-64,female,majority,0-9y,university,upper class,0.4720291922931867,1.0,after 2015,1.0,1.0,92101,9000.0,sedan,0,0,0,1.0
951613,26-39,female,majority,10-19y,none,working class,0.4056386696737108,1.0,before 2015,0.0,1.0,10238,15000.0,sedan,1,1,0,0.0
745325,65+,female,majority,0-9y,high school,upper class,0.6112652567938774,1.0,after 2015,1.0,1.0,10238,,sedan,0,0,0,0.0
827898,40-64,male,majority,20-29y,university,upper class,0.6695729313068942,1.0,after 2015,0.0,1.0,21217,11000.0,sedan,3,0,1,1.0
821534,40-64,male,majority,10-19y,none,poverty,0.408216868683217,1.0,before 2015,0.0,1.0,10238,14000.0,sedan,1,0,0,0.0
127507,65+,male,majority,0-9y,university,upper class,0.5387208204393835,0.0,before 2015,0.0,0.0,10238,16000.0,sedan,0,0,0,1.0
395702,65+,female,majority,30y+,high school,upper class,0.739856729888181,1.0,before 2015,0.0,1.0,92101,11000.0,sedan,1,0,3,0.0
167554,26-39,male,majority,10-19y,university,upper class,0.6197971712851519,1.0,before 2015,0.0,0.0,32765,17000.0,sedan,1,0,0,1.0
612315,26-39,male,majority,0-9y,none,working class,0.2484790445851948,1.0,before 2015,1.0,1.0,10238,7000.0,sedan,0,0,0,0.0
748173,26-39,male,majority,10-19y,none,poverty,0.2539444112229153,1.0,before 2015,0.0,1.0,10238,15000.0,sedan,1,0,1,1.0
877560,26-39,male,minority,10-19y,university,upper class,0.5572413287521248,1.0,before 2015,1.0,0.0,32765,8000.0,sedan,0,0,0,0.0
826621,26-39,male,majority,10-19y,university,upper class,0.576642413549302,1.0,before 2015,1.0,1.0,32765,10000.0,sedan,1,0,0,0.0
130166,65+,female,majority,0-9y,high school,upper class,0.7466558621357801,1.0,after 2015,0.0,0.0,10238,,sedan,0,0,0,0.0
442082,26-39,female,minority,10-19y,high school,middle class,0.4795366164624789,0.0,before 2015,0.0,1.0,32765,10000.0,sedan,4,1,0,0.0
169421,16-25,female,majority,0-9y,university,middle class,0.564717400251573,1.0,after 2015,0.0,1.0,10238,14000.0,sedan,0,0,0,0.0
738117,26-39,female,majority,10-19y,high school,middle class,0.5206088095165088,1.0,before 2015,0.0,0.0,32765,14000.0,sedan,1,1,1,0.0
199281,26-39,male,majority,10-19y,university,middle class,0.5356438028269401,1.0,before 2015,1.0,1.0,32765,,sedan,2,0,0,1.0
745207,26-39,female,majority,10-19y,high school,working class,0.3934548898400073,1.0,before 2015,0.0,0.0,10238,15000.0,sedan,0,0,0,0.0
519000,16-25,female,minority,0-9y,high school,poverty,0.3931988750256138,1.0,before 2015,0.0,1.0,32765,,sports car,0,0,0,0.0
357983,65+,male,majority,30y+,university,upper class,0.7180679557502564,1.0,before 2015,1.0,1.0,10238,12000.0,sedan,4,1,5,0.0
50356,65+,male,majority,30y+,university,upper class,0.650428057330145,1.0,before 2015,0.0,1.0,10238,10000.0,sedan,4,0,3,0.0
739932,16-25,female,majority,0-9y,high school,poverty,0.4289832028689519,0.0,before 2015,1.0,1.0,32765,12000.0,sedan,0,0,0,1.0
458828,26-39,male,majority,10-19y,high school,poverty,0.3070550976960573,1.0,before 2015,0.0,0.0,10238,14000.0,sedan,3,0,2,0.0
961235,26-39,female,majority,10-19y,university,middle class,0.582925835203462,1.0,before 2015,0.0,0.0,10238,12000.0,sports car,0,0,1,0.0
477879,40-64,female,majority,20-29y,university,middle class,0.6939492437536389,1.0,before 2015,1.0,1.0,10238,10000.0,sedan,1,0,3,0.0
535293,16-25,female,majority,0-9y,high school,working class,0.3833147491990453,1.0,before 2015,0.0,0.0,10238,15000.0,sedan,0,0,0,1.0
944240,40-64,female,majority,0-9y,high school,upper class,0.7219201756268278,0.0,after 2015,0.0,1.0,92101,11000.0,sedan,0,0,0,1.0
783720,26-39,male,minority,10-19y,high school,middle class,0.5358780117500972,0.0,before 2015,0.0,1.0,10238,11000.0,sedan,0,0,1,0.0
41036,40-64,male,majority,20-29y,university,upper class,0.5289439454882233,1.0,after 2015,0.0,1.0,10238,,sedan,2,0,4,0.0
576125,65+,male,majority,30y+,high school,upper class,,1.0,before 2015,1.0,1.0,10238,12000.0,sedan,3,0,7,0.0
194478,26-39,female,majority,0-9y,none,working class,,0.0,before 2015,0.0,1.0,10238,13000.0,sedan,0,0,0,1.0
370672,26-39,male,majority,10-19y,none,poverty,0.2874575410236509,0.0,before 2015,0.0,1.0,32765,,sedan,2,1,2,1.0
658967,16-25,female,majority,0-9y,university,working class,0.5649717966582063,1.0,after 2015,0.0,0.0,32765,14000.0,sedan,0,0,0,0.0
121703,40-64,male,majority,20-29y,university,upper class,0.4406711241391632,0.0,after 2015,1.0,0.0,10238,13000.0,sedan,4,0,2,0.0
72568,65+,female,majority,30y+,high school,upper class,0.5704071780719698,1.0,after 2015,1.0,1.0,10238,11000.0,sedan,2,0,3,0.0
114885,40-64,male,majority,0-9y,university,upper class,0.5641387945355132,1.0,before 2015,1.0,1.0,10238,11000.0,sedan,0,0,0,0.0
101156,26-39,male,majority,10-19y,university,working class,0.4491222842625798,1.0,before 2015,1.0,1.0,10238,12000.0,sedan,0,0,0,1.0
954412,16-25,male,majority,0-9y,high school,poverty,0.3260615480435063,0.0,before 2015,0.0,1.0,10238,10000.0,sedan,0,0,0,1.0
356221,26-39,female,majority,0-9y,high school,working class,0.3169549856454914,0.0,before 2015,1.0,1.0,32765,5000.0,sedan,0,0,0,1.0
510597,16-25,female,majority,0-9y,high school,poverty,0.4399165171368632,0.0,before 2015,1.0,0.0,10238,15000.0,sedan,0,0,0,1.0
47896,16-25,female,majority,0-9y,high school,working class,0.5416544222018453,1.0,before 2015,0.0,1.0,10238,15000.0,sedan,0,0,0,1.0
476077,26-39,male,majority,10-19y,university,middle class,0.3946292553209671,1.0,before 2015,0.0,1.0,10238,11000.0,sedan,2,0,3,0.0
444308,16-25,female,majority,0-9y,high school,poverty,0.2987359142645556,0.0,before 2015,0.0,1.0,32765,9000.0,sedan,0,0,0,1.0
589105,26-39,male,majority,0-9y,high school,working class,0.5042053863471003,0.0,before 2015,0.0,1.0,10238,14000.0,sedan,0,0,0,1.0
430410,26-39,female,majority,10-19y,university,middle class,0.5458036378825034,1.0,before 2015,0.0,1.0,10238,11000.0,sedan,1,1,0,0.0
299429,26-39,female,majority,0-9y,university,upper class,,1.0,after 2015,0.0,1.0,10238,,sedan,0,0,0,0.0
767312,26-39,male,majority,10-19y,high school,working class,0.4708203950012678,1.0,before 2015,0.0,1.0,32765,9000.0,sedan,2,0,0,0.0
293988,65+,female,minority,0-9y,university,upper class,0.6001310093299637,1.0,after 2015,1.0,0.0,32765,11000.0,sedan,0,0,0,0.0
775902,26-39,male,majority,10-19y,university,working class,0.4980538083280816,1.0,after 2015,1.0,1.0,10238,12000.0,sedan,1,0,0,0.0
68145,16-25,female,majority,0-9y,high school,poverty,0.4129918414421705,0.0,before 2015,0.0,0.0,10238,,sedan,0,0,0,1.0
571560,26-39,male,majority,10-19y,none,poverty,,0.0,before 2015,0.0,1.0,10238,14000.0,sedan,2,0,0,1.0
424713,40-64,female,majority,20-29y,high school,middle class,0.4462008751123418,1.0,before 2015,1.0,1.0,10238,11000.0,sedan,0,0,1,0.0
713543,16-25,male,majority,0-9y,high school,middle class,0.528252123724409,1.0,before 2015,0.0,0.0,10238,14000.0,sedan,0,0,0,1.0
429728,40-64,male,majority,20-29y,high school,upper class,0.6370447435902447,1.0,before 2015,1.0,1.0,10238,8000.0,sedan,4,1,2,0.0
924998,40-64,female,majority,20-29y,university,upper class,0.6983343972589173,1.0,before 2015,1.0,1.0,10238,13000.0,sedan,1,0,2,0.0
208928,26-39,female,majority,0-9y,high school,middle class,0.6266431041870515,1.0,after 2015,0.0,1.0,10238,14000.0,sedan,0,0,0,0.0
674189,65+,male,majority,0-9y,high school,upper class,0.671695481913853,1.0,before 2015,1.0,1.0,32765,10000.0,sedan,0,0,0,1.0
678798,16-25,female,majority,0-9y,high school,poverty,0.2955426897086224,0.0,after 2015,0.0,1.0,10238,10000.0,sedan,0,0,0,0.0
611418,16-25,female,majority,0-9y,high school,working class,,1.0,before 2015,0.0,0.0,10238,18000.0,sedan,0,0,0,0.0
589113,65+,male,minority,30y+,none,middle class,0.4429112897612818,1.0,before 2015,1.0,1.0,10238,13000.0,sedan,6,0,4,0.0
287643,40-64,male,majority,20-29y,university,upper class,0.5599667453093222,1.0,before 2015,1.0,1.0,10238,,sedan,2,0,1,0.0
854096,65+,female,majority,20-29y,university,upper class,,1.0,after 2015,1.0,1.0,10238,10000.0,sedan,0,0,1,0.0
465998,26-39,female,majority,10-19y,high school,middle class,0.5398349390130314,1.0,before 2015,1.0,1.0,10238,9000.0,sedan,1,0,0,0.0
30482,65+,male,majority,30y+,none,middle class,0.7155713344900813,1.0,before 2015,1.0,1.0,10238,6000.0,sedan,3,1,5,0.0
732843,40-64,male,majority,20-29y,university,middle class,,1.0,before 2015,0.0,0.0,10238,15000.0,sedan,2,0,5,0.0
625565,26-39,male,majority,10-19y,high school,middle class,,0.0,after 2015,0.0,1.0,10238,13000.0,sedan,1,0,2,1.0
386225,16-25,female,majority,0-9y,high school,upper class,0.4693514628560762,1.0,before 2015,1.0,1.0,32765,7000.0,sedan,0,0,0,0.0
126571,16-25,female,majority,0-9y,none,working class,0.4556299715795965,1.0,after 2015,0.0,1.0,10238,12000.0,sports car,0,0,0,0.0
540567,65+,male,majority,30y+,high school,upper class,,1.0,after 2015,1.0,1.0,10238,12000.0,sedan,4,2,7,0.0
458721,26-39,female,majority,0-9y,university,middle class,0.6237900769375626,0.0,before 2015,0.0,1.0,92101,8000.0,sedan,0,0,0,1.0
140311,16-25,female,majority,0-9y,high school,working class,0.5105416142994454,0.0,before 2015,0.0,0.0,10238,12000.0,sedan,0,0,0,1.0
156894,65+,female,majority,10-19y,high school,upper class,0.7322471159823747,1.0,after 2015,1.0,0.0,10238,16000.0,sedan,0,0,3,0.0
551195,65+,male,majority,30y+,university,upper class,0.7012927943446796,1.0,before 2015,0.0,0.0,10238,15000.0,sedan,3,0,2,0.0
804529,40-64,male,majority,0-9y,university,upper class,0.667599327119331,1.0,before 2015,0.0,0.0,10238,10000.0,sedan,0,0,0,1.0
177748,26-39,male,majority,10-19y,none,working class,0.3195548615459186,1.0,after 2015,0.0,1.0,10238,16000.0,sedan,1,1,0,0.0
306470,40-64,male,majority,20-29y,high school,upper class,,1.0,before 2015,1.0,0.0,10238,13000.0,sedan,4,0,1,0.0
661290,16-25,female,majority,0-9y,high school,working class,0.4029648240770943,1.0,before 2015,0.0,1.0,10238,,sedan,0,0,0,1.0
957656,65+,male,majority,20-29y,high school,middle class,0.6404256230186519,1.0,after 2015,1.0,1.0,10238,10000.0,sedan,1,0,4,0.0
784424,26-39,male,majority,10-19y,university,middle class,0.3439176712853585,1.0,before 2015,0.0,0.0,10238,16000.0,sedan,0,0,0,1.0
180465,40-64,male,majority,20-29y,university,upper class,0.5469528093344056,1.0,before 2015,1.0,1.0,10238,15000.0,sedan,3,4,5,1.0
982232,16-25,male,majority,0-9y,high school,poverty,0.438596842291891,0.0,before 2015,0.0,1.0,32765,14000.0,sedan,0,0,0,1.0
929575,16-25,female,majority,0-9y,high school,poverty,0.3897618136756094,0.0,before 2015,0.0,0.0,32765,12000.0,sedan,0,0,0,1.0
798010,26-39,male,majority,10-19y,university,upper class,,1.0,after 2015,1.0,1.0,10238,11000.0,sedan,2,0,1,0.0
652469,65+,male,majority,20-29y,high school,upper class,0.434597730710752,1.0,after 2015,1.0,1.0,10238,12000.0,sedan,4,0,5,0.0
829600,26-39,female,majority,10-19y,high school,working class,0.522098674864146,0.0,before 2015,0.0,0.0,10238,16000.0,sedan,0,0,1,0.0
314491,26-39,female,majority,10-19y,high school,middle class,0.6108047334413801,1.0,before 2015,1.0,1.0,10238,10000.0,sedan,0,0,2,0.0
214198,16-25,female,majority,0-9y,none,poverty,0.5042733084385276,0.0,before 2015,0.0,0.0,10238,15000.0,sedan,0,0,0,1.0
240658,16-25,female,majority,0-9y,high school,working class,0.4177139816231188,1.0,before 2015,0.0,1.0,10238,18000.0,sedan,0,0,0,1.0
389959,65+,female,majority,30y+,university,upper class,0.6262660814278748,0.0,after 2015,1.0,1.0,10238,11000.0,sedan,0,1,0,0.0
20975,26-39,male,majority,10-19y,university,upper class,0.6261051802166032,1.0,before 2015,0.0,0.0,32765,11000.0,sedan,1,0,0,0.0
654226,16-25,male,majority,0-9y,high school,poverty,0.3142597883561767,0.0,before 2015,0.0,1.0,10238,9000.0,sedan,0,0,0,1.0
902936,65+,female,majority,10-19y,university,upper class,0.7672585842304487,1.0,after 2015,1.0,1.0,10238,12000.0,sedan,0,0,0,0.0
517553,65+,female,majority,10-19y,university,upper class,0.8023923038242871,1.0,after 2015,1.0,1.0,10238,8000.0,sedan,0,0,0,0.0
450037,16-25,female,majority,0-9y,university,middle class,0.4935506202970006,0.0,before 2015,0.0,1.0,10238,10000.0,sedan,0,0,0,0.0
841635,16-25,female,majority,0-9y,none,poverty,0.3191346657246941,0.0,after 2015,0.0,0.0,10238,11000.0,sedan,0,0,0,1.0
931078,40-64,female,majority,20-29y,none,poverty,0.2990802016189651,0.0,before 2015,1.0,1.0,10238,11000.0,sedan,3,0,1,0.0
818173,40-64,male,majority,20-29y,university,upper class,0.7557590484416451,1.0,after 2015,1.0,1.0,10238,12000.0,sedan,2,0,2,0.0
116313,65+,male,majority,30y+,university,upper class,,1.0,after 2015,0.0,0.0,32765,,sedan,3,3,2,0.0
585733,26-39,female,majority,10-19y,university,working class,0.4690188616884754,1.0,before 2015,1.0,1.0,10238,7000.0,sedan,1,0,1,0.0
461006,26-39,female,majority,0-9y,university,working class,0.468689297434465,0.0,after 2015,0.0,1.0,10238,14000.0,sedan,0,0,0,1.0
81701,65+,male,majority,30y+,high school,middle class,0.6984843588459909,1.0,before 2015,1.0,0.0,10238,8000.0,sedan,1,0,8,0.0
98839,26-39,female,minority,10-19y,university,working class,0.3931531299744003,1.0,before 2015,0.0,1.0,32765,12000.0,sedan,1,0,0,0.0
958992,26-39,male,majority,10-19y,high school,working class,0.534353992539389,1.0,after 2015,0.0,1.0,32765,12000.0,sedan,2,0,0,0.0
673967,65+,male,majority,30y+,university,upper class,,1.0,after 2015,1.0,1.0,10238,7000.0,sedan,4,1,6,0.0
316960,40-64,female,majority,20-29y,university,upper class,0.6218458273374082,0.0,after 2015,0.0,1.0,10238,15000.0,sedan,0,0,0,0.0
972043,16-25,male,majority,0-9y,high school,poverty,0.3208233119135779,0.0,before 2015,0.0,0.0,10238,13000.0,sedan,0,0,0,1.0
160230,26-39,male,minority,10-19y,none,working class,0.4125766334796993,0.0,after 2015,0.0,0.0,10238,14000.0,sedan,2,0,1,0.0
293460,26-39,female,minority,10-19y,high school,poverty,0.3339270485028465,1.0,before 2015,0.0,1.0,10238,13000.0,sedan,0,0,0,0.0
382705,16-25,female,majority,0-9y,university,upper class,0.4316194342524034,1.0,after 2015,0.0,1.0,10238,11000.0,sedan,0,0,0,0.0
659166,40-64,male,majority,20-29y,none,middle class,0.5571845090154689,1.0,before 2015,0.0,0.0,32765,14000.0,sedan,3,1,2,0.0
545575,16-25,female,majority,0-9y,high school,poverty,0.3187312451367876,1.0,before 2015,1.0,0.0,10238,10000.0,sedan,0,0,0,0.0
703214,26-39,male,majority,10-19y,university,upper class,0.6936394752701402,1.0,after 2015,0.0,0.0,32765,16000.0,sedan,2,0,0,0.0
683202,65+,male,minority,10-19y,high school,upper class,0.679535593605594,1.0,after 2015,1.0,1.0,10238,,sedan,2,0,1,0.0
656578,16-25,male,majority,0-9y,none,poverty,0.3232024613815447,0.0,before 2015,0.0,0.0,32765,14000.0,sedan,0,0,0,1.0
251778,16-25,male,majority,0-9y,none,poverty,0.3821187918865734,1.0,before 2015,0.0,0.0,10238,15000.0,sedan,0,0,0,1.0
673813,65+,female,majority,10-19y,high school,upper class,0.4549700561261504,1.0,after 2015,1.0,1.0,10238,5000.0,sedan,0,1,0,0.0
807847,65+,male,majority,20-29y,university,upper class,0.6330139475122963,1.0,after 2015,0.0,1.0,10238,14000.0,sedan,3,1,4,0.0
341683,26-39,female,majority,10-19y,university,upper class,0.5288729799351679,1.0,before 2015,0.0,1.0,10238,14000.0,sedan,0,0,0,0.0
644057,26-39,female,majority,10-19y,university,upper class,0.5768240844559903,1.0,after 2015,0.0,1.0,10238,14000.0,sedan,1,0,0,0.0
69212,40-64,male,majority,10-19y,university,upper class,0.5245211285285368,1.0,before 2015,1.0,1.0,32765,,sedan,3,0,0,1.0
871638,40-64,female,majority,10-19y,high school,middle class,0.5546780709314852,0.0,before 2015,1.0,1.0,10238,10000.0,sedan,1,0,3,0.0
619605,40-64,male,majority,0-9y,high school,working class,0.4410965972714857,1.0,before 2015,0.0,1.0,10238,,sports car,0,0,0,1.0
39511,16-25,female,majority,0-9y,high school,working class,0.4890449500064779,1.0,before 2015,1.0,1.0,10238,11000.0,sedan,0,0,0,1.0
621464,65+,female,majority,30y+,high school,upper class,0.5579703352368941,0.0,before 2015,1.0,1.0,10238,10000.0,sedan,4,2,5,0.0
436863,16-25,male,majority,0-9y,high school,working class,0.5022869533930133,0.0,before 2015,1.0,0.0,10238,12000.0,sedan,0,0,0,1.0
455260,26-39,female,majority,10-19y,high school,working class,0.3703704548445514,1.0,before 2015,1.0,1.0,32765,9000.0,sedan,1,0,0,0.0
814001,40-64,female,majority,20-29y,high school,upper class,0.8242392308473437,1.0,before 2015,1.0,1.0,10238,11000.0,sedan,2,1,0,0.0
989064,26-39,male,majority,0-9y,none,poverty,0.3308186664986927,0.0,after 2015,1.0,1.0,10238,12000.0,sedan,0,0,0,1.0
491650,26-39,male,majority,0-9y,high school,middle class,0.5770280074678966,1.0,before 2015,0.0,0.0,10238,12000.0,sedan,0,0,0,0.0
510231,26-39,female,majority,10-19y,high school,working class,0.3846403721622462,0.0,before 2015,0.0,1.0,10238,11000.0,sedan,0,0,1,0.0
623711,65+,male,majority,30y+,high school,upper class,0.6924913175032974,1.0,after 2015,0.0,1.0,10238,13000.0,sedan,4,0,6,0.0
992804,40-64,female,minority,10-19y,none,poverty,,0.0,before 2015,0.0,1.0,10238,16000.0,sedan,0,0,0,0.0
619509,16-25,female,majority,0-9y,high school,upper class,0.6309877833728277,0.0,after 2015,0.0,0.0,32765,12000.0,sedan,0,0,0,1.0
376036,16-25,male,majority,0-9y,high school,poverty,0.3026170589503209,1.0,before 2015,0.0,1.0,32765,,sedan,0,0,0,1.0
943754,16-25,male,majority,0-9y,none,working class,0.5224226279932157,0.0,before 2015,0.0,0.0,32765,12000.0,sedan,0,0,0,1.0
815798,40-64,male,majority,0-9y,university,upper class,0.6167520788507199,1.0,before 2015,0.0,1.0,32765,,sedan,0,0,0,0.0
314564,16-25,female,majority,0-9y,high school,poverty,0.3975139345685761,0.0,before 2015,1.0,0.0,10238,13000.0,sedan,0,0,0,1.0
812582,16-25,female,majority,0-9y,university,upper class,0.5614998970421214,1.0,after 2015,1.0,0.0,10238,13000.0,sedan,0,0,0,0.0
904742,40-64,male,majority,10-19y,high school,middle class,0.438870922090682,1.0,before 2015,1.0,1.0,10238,,sedan,2,0,2,0.0
859676,26-39,male,majority,10-19y,high school,middle class,0.6191939666417331,1.0,before 2015,0.0,0.0,10238,,sedan,1,0,0,0.0
547164,40-64,female,majority,20-29y,high school,upper class,0.4945546402758661,1.0,after 2015,0.0,0.0,32765,13000.0,sedan,2,1,0,0.0
648192,40-64,male,majority,20-29y,university,middle class,0.4760755481035748,0.0,before 2015,0.0,0.0,10238,16000.0,sedan,2,0,3,0.0
357892,16-25,male,majority,0-9y,high school,poverty,0.3718529804298523,0.0,before 2015,1.0,0.0,32765,11000.0,sports car,0,0,0,1.0
412755,26-39,male,majority,10-19y,none,working class,0.3363879044749127,0.0,before 2015,0.0,1.0,10238,16000.0,sedan,2,0,1,0.0
749301,26-39,female,majority,10-19y,high school,middle class,0.5513387192212215,1.0,after 2015,0.0,0.0,10238,13000.0,sedan,0,0,0,0.0
152981,26-39,female,majority,10-19y,high school,working class,0.4194678754342423,0.0,before 2015,0.0,0.0,92101,15000.0,sports car,0,0,1,1.0
662672,40-64,female,majority,10-19y,high school,working class,0.4351936688486559,0.0,before 2015,0.0,0.0,10238,13000.0,sedan,2,0,2,1.0
772197,40-64,male,majority,20-29y,university,middle class,0.4904823185081317,1.0,before 2015,0.0,0.0,10238,18000.0,sedan,0,2,2,0.0
327937,26-39,male,majority,10-19y,university,upper class,0.7055175137381444,1.0,before 2015,1.0,1.0,10238,11000.0,sedan,4,1,2,1.0
899957,40-64,female,minority,20-29y,university,upper class,,1.0,before 2015,0.0,1.0,10238,15000.0,sedan,0,1,1,0.0
396849,40-64,male,majority,10-19y,university,upper class,0.6885787961397686,1.0,before 2015,0.0,1.0,10238,15000.0,sedan,0,0,0,1.0
318240,26-39,male,majority,10-19y,university,upper class,0.7370411530461375,1.0,before 2015,1.0,0.0,32765,9000.0,sedan,3,1,2,0.0
294405,40-64,male,majority,20-29y,none,poverty,0.2812613732110971,0.0,before 2015,0.0,0.0,32765,14000.0,sedan,3,1,1,0.0
64931,65+,female,majority,30y+,university,upper class,0.6700919450647312,0.0,before 2015,1.0,1.0,92101,11000.0,sedan,1,0,1,0.0
122492,16-25,female,minority,0-9y,high school,working class,0.4826291669367409,0.0,before 2015,0.0,0.0,10238,10000.0,sedan,0,0,0,1.0
16371,26-39,female,majority,10-19y,university,upper class,,0.0,before 2015,1.0,1.0,32765,7000.0,sedan,3,0,0,1.0
749612,65+,male,majority,10-19y,university,upper class,0.584608456109682,0.0,before 2015,1.0,1.0,10238,13000.0,sedan,0,1,2,0.0
905733,65+,female,majority,30y+,university,upper class,0.5414858094443581,1.0,after 2015,1.0,1.0,32765,11000.0,sedan,6,0,1,0.0
991767,65+,male,majority,30y+,high school,upper class,0.5077832022402061,1.0,after 2015,1.0,1.0,32765,9000.0,sedan,8,3,2,0.0
375184,40-64,female,majority,20-29y,none,working class,0.3684660188079731,1.0,before 2015,1.0,1.0,32765,,sedan,5,2,1,0.0
341327,26-39,male,majority,10-19y,high school,upper class,0.5879638795165849,1.0,before 2015,1.0,1.0,10238,12000.0,sedan,1,0,5,0.0
171360,40-64,male,majority,10-19y,university,upper class,0.7081604643645906,1.0,after 2015,1.0,1.0,10238,11000.0,sedan,0,0,0,0.0
744591,26-39,male,majority,0-9y,high school,working class,0.4694285820819799,1.0,before 2015,0.0,0.0,10238,17000.0,sedan,0,0,0,1.0
231661,40-64,male,majority,20-29y,high school,middle class,0.5022849652731057,0.0,before 2015,0.0,0.0,10238,14000.0,sports car,3,0,4,0.0
931351,65+,female,majority,30y+,university,upper class,0.6952954138630036,0.0,after 2015,1.0,1.0,92101,11000.0,sedan,1,0,1,0.0
329598,26-39,female,minority,0-9y,none,middle class,,0.0,before 2015,1.0,0.0,10238,14000.0,sedan,0,0,0,1.0
27492,65+,male,minority,30y+,high school,upper class,0.6129390900576029,0.0,after 2015,1.0,1.0,10238,8000.0,sedan,3,0,3,0.0
574832,16-25,male,majority,0-9y,none,working class,0.4961009681469475,0.0,before 2015,1.0,1.0,10238,5000.0,sedan,0,0,0,1.0
603013,26-39,female,majority,10-19y,high school,middle class,0.4056368272230281,1.0,after 2015,0.0,0.0,10238,16000.0,sedan,2,0,0,0.0
541074,26-39,male,majority,10-19y,high school,working class,0.5059182300320118,0.0,before 2015,1.0,1.0,10238,10000.0,sedan,2,1,0,0.0
943922,26-39,male,majority,10-19y,university,upper class,0.6563457625165399,0.0,after 2015,1.0,1.0,32765,6000.0,sedan,8,0,0,0.0
363787,40-64,male,majority,20-29y,none,working class,0.5240293740807962,1.0,before 2015,0.0,0.0,32765,14000.0,sedan,4,0,1,0.0
553435,26-39,male,majority,10-19y,high school,middle class,0.5475625496114908,1.0,before 2015,1.0,0.0,10238,12000.0,sedan,1,1,1,0.0
440831,16-25,male,majority,0-9y,university,working class,0.3900668519222092,0.0,before 2015,0.0,0.0,10238,16000.0,sedan,0,0,0,1.0
436675,40-64,male,majority,20-29y,high school,upper class,0.5650031106332037,1.0,after 2015,1.0,0.0,32765,10000.0,sedan,6,3,1,0.0
409904,65+,female,majority,0-9y,high school,upper class,0.5585067510751159,1.0,after 2015,0.0,1.0,10238,,sports car,0,0,0,0.0
773539,26-39,female,minority,10-19y,high school,upper class,0.4869143968069608,1.0,before 2015,1.0,0.0,32765,11000.0,sedan,2,0,0,1.0
56973,26-39,female,majority,10-19y,university,working class,0.3617024291111733,1.0,before 2015,0.0,0.0,10238,10000.0,sedan,0,0,0,0.0
471255,16-25,female,majority,0-9y,high school,poverty,0.3290758809841991,1.0,before 2015,0.0,0.0,10238,17000.0,sedan,0,0,0,1.0
853741,40-64,male,majority,20-29y,high school,middle class,0.6463943250639713,1.0,before 2015,1.0,1.0,32765,10000.0,sedan,8,1,0,0.0
302883,26-39,male,majority,10-19y,university,middle class,0.5428894787174905,0.0,before 2015,1.0,1.0,21217,12000.0,sports car,3,0,1,1.0
907915,26-39,female,majority,0-9y,university,middle class,0.5799346731224745,1.0,before 2015,0.0,0.0,10238,16000.0,sedan,0,0,0,1.0
790241,26-39,female,majority,0-9y,high school,middle class,0.708304096204226,0.0,before 2015,0.0,1.0,10238,16000.0,sedan,0,0,0,1.0
683612,16-25,male,majority,0-9y,high school,poverty,0.3989893200608582,0.0,before 2015,0.0,1.0,32765,7000.0,sedan,0,0,0,1.0
640807,16-25,female,majority,0-9y,none,working class,0.3682210111582465,1.0,before 2015,0.0,0.0,10238,13000.0,sedan,0,0,0,0.0
625221,40-64,female,minority,0-9y,high school,upper class,0.6312183625354687,1.0,before 2015,1.0,1.0,10238,10000.0,sedan,0,0,0,0.0
914443,26-39,female,majority,10-19y,university,upper class,0.5382330646862179,1.0,after 2015,0.0,0.0,10238,,sedan,0,0,0,0.0
240407,16-25,female,minority,0-9y,high school,working class,0.5253111108305094,1.0,before 2015,0.0,1.0,32765,8000.0,sedan,0,0,0,1.0
189528,26-39,female,majority,10-19y,high school,working class,0.339876509128876,1.0,before 2015,0.0,1.0,32765,10000.0,sedan,0,0,1,0.0
218247,65+,male,majority,30y+,high school,upper class,0.7340918436647348,1.0,before 2015,1.0,1.0,10238,12000.0,sedan,4,1,3,0.0
215319,65+,female,majority,30y+,university,upper class,0.7257495693841259,1.0,before 2015,1.0,1.0,10238,11000.0,sedan,2,0,2,0.0
100681,16-25,male,majority,0-9y,high school,working class,0.5788724499342854,0.0,before 2015,1.0,1.0,10238,11000.0,sedan,0,0,0,1.0
958262,65+,male,majority,0-9y,high school,upper class,,1.0,before 2015,1.0,1.0,10238,7000.0,sedan,0,0,0,1.0
90159,16-25,female,majority,0-9y,none,poverty,,0.0,before 2015,0.0,0.0,10238,19000.0,sedan,0,0,0,1.0
529826,40-64,male,majority,20-29y,none,working class,0.2614768987482765,0.0,before 2015,1.0,1.0,10238,10000.0,sedan,0,1,4,0.0
909112,26-39,male,majority,10-19y,none,working class,0.4220538658043846,0.0,before 2015,0.0,0.0,32765,15000.0,sedan,0,1,1,1.0
436935,26-39,male,majority,0-9y,none,working class,0.4270493417836966,1.0,after 2015,0.0,1.0,10238,8000.0,sedan,0,0,0,0.0
621643,40-64,male,majority,10-19y,high school,upper class,0.6206126651253843,1.0,before 2015,1.0,0.0,32765,10000.0,sedan,0,1,1,1.0
956081,26-39,female,minority,10-19y,high school,poverty,0.2868040259094392,0.0,before 2015,0.0,0.0,10238,17000.0,sedan,0,0,2,1.0
755181,26-39,female,majority,0-9y,high school,poverty,0.3290046035884444,0.0,before 2015,0.0,1.0,32765,7000.0,sedan,0,0,0,0.0
332700,40-64,female,majority,20-29y,university,upper class,0.5298649623852705,1.0,before 2015,1.0,1.0,10238,11000.0,sedan,1,0,1,0.0
598794,65+,male,majority,20-29y,university,upper class,0.5652583172558898,1.0,before 2015,0.0,1.0,10238,11000.0,sedan,0,1,6,0.0
941648,65+,female,majority,30y+,high school,upper class,,0.0,after 2015,1.0,1.0,10238,13000.0,sedan,1,0,3,0.0
320647,16-25,male,majority,0-9y,high school,poverty,0.3566508009417655,1.0,before 2015,0.0,1.0,10238,11000.0,sedan,0,0,0,1.0
892717,65+,male,majority,30y+,university,upper class,0.5455142196510997,1.0,after 2015,1.0,1.0,10238,12000.0,sedan,6,0,8,0.0
703581,26-39,male,majority,10-19y,high school,upper class,0.4473939530293328,1.0,before 2015,1.0,1.0,10238,10000.0,sedan,2,0,4,0.0
338489,65+,female,majority,30y+,high school,upper class,0.5602019423466031,1.0,after 2015,1.0,1.0,10238,11000.0,sedan,3,2,2,0.0
513025,40-64,female,majority,10-19y,high school,middle class,0.5396323415270233,1.0,before 2015,1.0,1.0,10238,,sedan,2,0,1,0.0
38503,65+,female,majority,30y+,university,upper class,0.5414959451391379,0.0,before 2015,0.0,1.0,32765,11000.0,sedan,7,0,1,0.0
331547,26-39,male,minority,10-19y,high school,middle class,0.5504725756139147,1.0,before 2015,0.0,0.0,10238,14000.0,sedan,2,0,1,0.0
527739,26-39,male,majority,10-19y,university,upper class,0.4287285121728106,1.0,before 2015,0.0,0.0,10238,14000.0,sedan,2,0,0,0.0
292609,65+,female,majority,10-19y,university,upper class,0.6603027887946995,1.0,after 2015,1.0,1.0,10238,14000.0,sedan,0,0,0,0.0
854685,26-39,female,majority,0-9y,none,working class,0.4638268843521842,0.0,before 2015,0.0,0.0,10238,18000.0,sedan,0,0,0,1.0
200709,26-39,male,minority,0-9y,high school,working class,0.4845533311312765,0.0,before 2015,0.0,0.0,32765,13000.0,sedan,0,0,0,1.0
150843,65+,female,majority,30y+,university,upper class,0.7041103092342212,1.0,before 2015,1.0,1.0,10238,8000.0,sedan,2,0,2,0.0
3038,26-39,female,majority,10-19y,high school,working class,0.3752825494625618,1.0,after 2015,0.0,0.0,21217,16000.0,sedan,0,1,0,1.0
889867,40-64,male,minority,0-9y,none,middle class,0.6328643879795967,1.0,before 2015,1.0,1.0,10238,10000.0,sedan,0,0,0,1.0
892945,40-64,male,majority,20-29y,university,upper class,0.413281482037438,1.0,after 2015,1.0,1.0,10238,13000.0,sedan,0,0,7,0.0
829408,26-39,female,minority,0-9y,university,upper class,0.6573121349168785,0.0,after 2015,0.0,0.0,10238,13000.0,sedan,0,0,0,0.0
558452,26-39,female,majority,10-19y,high school,middle class,0.5394884672858902,1.0,before 2015,1.0,1.0,10238,8000.0,sedan,0,0,2,0.0
378713,40-64,male,majority,20-29y,university,upper class,0.5369467752841159,0.0,before 2015,0.0,1.0,10238,12000.0,sedan,0,0,1,0.0
321057,40-64,male,majority,20-29y,university,upper class,0.5720389751390466,1.0,before 2015,1.0,1.0,32765,7000.0,sedan,13,0,1,0.0
872633,16-25,female,minority,0-9y,none,working class,,0.0,before 2015,0.0,0.0,32765,11000.0,sedan,0,0,0,1.0
466383,26-39,male,majority,10-19y,university,upper class,0.4724089205532677,1.0,before 2015,0.0,1.0,32765,11000.0,sedan,2,0,1,0.0
906621,26-39,female,majority,10-19y,high school,upper class,0.7203766079759821,1.0,after 2015,0.0,0.0,10238,17000.0,sedan,1,0,0,0.0
334319,16-25,male,majority,0-9y,none,poverty,0.2912171614439346,0.0,after 2015,0.0,0.0,10238,15000.0,sedan,0,0,0,0.0
968169,26-39,female,majority,10-19y,high school,middle class,0.4184594364748849,0.0,before 2015,0.0,1.0,10238,12000.0,sedan,0,0,0,0.0
962015,26-39,female,majority,0-9y,high school,working class,0.5431550853251759,0.0,before 2015,0.0,0.0,32765,13000.0,sedan,0,0,0,1.0
75361,65+,male,majority,30y+,high school,upper class,0.6587101106094441,1.0,before 2015,1.0,1.0,10238,10000.0,sedan,4,0,1,0.0
710465,26-39,male,minority,10-19y,university,middle class,0.574656447660975,1.0,before 2015,0.0,0.0,10238,14000.0,sedan,3,1,0,0.0
86519,26-39,male,minority,10-19y,high school,poverty,0.3723248690093146,0.0,before 2015,1.0,1.0,10238,10000.0,sedan,2,0,3,1.0
459692,40-64,female,majority,10-19y,high school,working class,0.3140534394892877,0.0,before 2015,0.0,0.0,32765,10000.0,sedan,1,0,1,0.0
454863,40-64,male,majority,20-29y,university,upper class,0.6497793515077945,0.0,after 2015,1.0,1.0,32765,9000.0,sedan,1,1,2,0.0
54590,26-39,female,majority,0-9y,high school,working class,0.3292572324917755,1.0,before 2015,1.0,1.0,10238,11000.0,sedan,0,0,0,1.0
945740,65+,male,majority,10-19y,high school,upper class,0.541304357097057,1.0,after 2015,1.0,1.0,10238,9000.0,sedan,2,0,1,0.0
786100,26-39,female,majority,10-19y,high school,middle class,0.5866044035645778,1.0,before 2015,1.0,1.0,10238,11000.0,sedan,0,0,2,0.0
531038,26-39,female,majority,10-19y,high school,middle class,0.6806248475377844,1.0,after 2015,0.0,1.0,10238,12000.0,sedan,0,0,0,0.0
403707,40-64,female,minority,20-29y,high school,middle class,0.5860627511953006,0.0,before 2015,0.0,1.0,32765,13000.0,sports car,2,1,0,0.0
708364,65+,male,majority,10-19y,university,upper class,0.7210323866035943,1.0,after 2015,1.0,0.0,32765,11000.0,sedan,0,0,1,0.0
209518,40-64,female,majority,0-9y,high school,upper class,0.4680045782114708,1.0,before 2015,1.0,1.0,32765,7000.0,sedan,0,0,0,1.0
565198,16-25,male,majority,0-9y,none,poverty,0.2859976102627207,0.0,before 2015,0.0,1.0,10238,12000.0,sedan,0,0,0,1.0
725657,26-39,female,minority,10-19y,high school,middle class,0.5600963262097186,0.0,after 2015,1.0,1.0,32765,8000.0,sedan,3,0,0,0.0
919375,40-64,male,minority,20-29y,university,upper class,0.5848863739254324,1.0,after 2015,1.0,1.0,32765,7000.0,sedan,9,0,3,0.0
302978,40-64,female,majority,20-29y,university,upper class,0.7073807601666705,1.0,after 2015,1.0,1.0,32765,8000.0,sedan,4,0,1,0.0
298663,40-64,male,majority,20-29y,none,middle class,0.4463857379667779,1.0,before 2015,1.0,1.0,10238,9000.0,sedan,2,0,8,0.0
939217,40-64,female,majority,10-19y,university,upper class,,1.0,before 2015,0.0,1.0,32765,10000.0,sedan,5,0,1,0.0
978021,40-64,male,majority,20-29y,university,upper class,0.6026557000791793,1.0,after 2015,1.0,1.0,10238,7000.0,sedan,4,0,6,0.0
272076,40-64,female,minority,20-29y,university,upper class,0.6644962988533755,1.0,before 2015,1.0,1.0,10238,11000.0,sedan,1,0,1,0.0
775772,65+,female,majority,10-19y,high school,upper class,0.5152512634730513,1.0,before 2015,1.0,1.0,10238,11000.0,sedan,2,0,2,0.0
883553,26-39,male,majority,10-19y,none,poverty,0.4686611361796674,1.0,before 2015,0.0,1.0,10238,,sedan,1,0,2,1.0
542801,40-64,male,majority,20-29y,high school,upper class,0.5379870992551136,1.0,after 2015,1.0,1.0,10238,11000.0,sedan,1,0,3,0.0
813337,16-25,female,majority,0-9y,high school,upper class,0.6228238061137384,1.0,before 2015,0.0,0.0,32765,11000.0,sports car,0,0,0,1.0
602998,65+,male,majority,20-29y,none,working class,0.426828388879915,1.0,before 2015,1.0,0.0,10238,14000.0,sedan,3,1,7,0.0
330613,40-64,female,majority,20-29y,high school,upper class,0.4912530942089903,1.0,before 2015,0.0,0.0,10238,14000.0,sedan,0,0,2,0.0
285906,26-39,female,majority,0-9y,none,working class,0.5163347418034226,1.0,before 2015,1.0,1.0,32765,9000.0,sedan,0,0,0,1.0
657577,40-64,male,majority,20-29y,high school,upper class,0.6846906708686749,1.0,after 2015,1.0,0.0,10238,11000.0,sedan,2,1,6,0.0
455460,16-25,male,majority,0-9y,high school,middle class,0.5698551276345389,1.0,after 2015,1.0,0.0,10238,11000.0,sedan,0,0,0,0.0
16946,16-25,female,majority,0-9y,high school,poverty,0.277929013275103,0.0,before 2015,0.0,0.0,10238,17000.0,sedan,0,0,0,1.0
819469,26-39,female,majority,0-9y,university,upper class,0.6213619336621787,1.0,after 2015,0.0,1.0,10238,13000.0,sedan,0,0,0,0.0
792208,26-39,female,majority,10-19y,university,upper class,0.6284960662120435,1.0,after 2015,1.0,1.0,10238,11000.0,sedan,0,0,2,0.0
486230,40-64,female,majority,0-9y,university,middle class,0.5327435769003523,0.0,before 2015,1.0,1.0,10238,16000.0,sedan,0,0,0,1.0
373070,40-64,female,majority,20-29y,university,upper class,,1.0,before 2015,1.0,1.0,92101,9000.0,sedan,4,0,1,0.0
424339,16-25,female,majority,0-9y,none,poverty,,0.0,before 2015,0.0,0.0,32765,11000.0,sedan,0,0,0,1.0
201634,65+,female,majority,30y+,university,upper class,,1.0,after 2015,1.0,1.0,10238,,sedan,1,0,0,0.0
839783,65+,female,majority,30y+,high school,upper class,,1.0,after 2015,1.0,1.0,32765,7000.0,sedan,5,0,0,0.0
622612,16-25,male,majority,0-9y,none,working class,0.463940368494201,1.0,before 2015,0.0,0.0,10238,18000.0,sports car,0,0,0,0.0
931947,16-25,female,majority,0-9y,none,poverty,0.1412946066838692,0.0,after 2015,0.0,1.0,10238,10000.0,sedan,0,0,0,1.0
144961,16-25,female,majority,0-9y,high school,poverty,0.3599976528793667,1.0,before 2015,0.0,0.0,10238,15000.0,sedan,0,0,0,1.0
2906,40-64,male,majority,10-19y,university,upper class,0.6853981719804065,1.0,before 2015,1.0,1.0,10238,8000.0,sedan,3,0,2,0.0
272901,65+,male,majority,0-9y,high school,upper class,0.5777629937378045,1.0,after 2015,1.0,1.0,10238,11000.0,sedan,0,0,0,0.0
928283,26-39,male,majority,10-19y,none,middle class,0.5088732820883513,1.0,after 2015,1.0,1.0,10238,13000.0,sedan,0,0,3,0.0
964716,26-39,female,minority,0-9y,none,poverty,0.4451711249556711,0.0,before 2015,1.0,1.0,32765,8000.0,sedan,0,0,0,1.0
258115,40-64,male,majority,20-29y,university,upper class,0.493529174226109,1.0,before 2015,1.0,0.0,10238,8000.0,sedan,1,0,5,0.0
284158,65+,male,majority,30y+,university,upper class,0.5505629540058324,0.0,after 2015,0.0,1.0,10238,17000.0,sedan,4,1,3,0.0
30163,26-39,male,majority,0-9y,none,poverty,0.4863356551428036,0.0,before 2015,0.0,0.0,10238,,sedan,0,0,0,1.0
46149,40-64,male,majority,10-19y,university,upper class,0.7832878607386976,1.0,before 2015,1.0,1.0,10238,10000.0,sedan,2,1,2,0.0
522326,26-39,male,majority,0-9y,university,upper class,0.6126661552063589,1.0,before 2015,1.0,1.0,32765,6000.0,sedan,0,0,0,0.0
202518,26-39,female,minority,10-19y,none,poverty,0.3135714708801836,0.0,before 2015,1.0,1.0,10238,8000.0,sedan,0,0,2,0.0
123705,40-64,female,minority,20-29y,high school,upper class,0.5610588085481812,1.0,before 2015,0.0,1.0,10238,14000.0,sedan,3,0,1,0.0
304606,26-39,male,majority,10-19y,none,poverty,0.2654492785421727,0.0,after 2015,0.0,0.0,10238,17000.0,sedan,0,1,1,0.0
96383,65+,female,majority,30y+,university,upper class,,1.0,after 2015,0.0,1.0,32765,,sedan,3,0,1,0.0
39271,16-25,female,majority,0-9y,high school,working class,0.477052430617012,1.0,after 2015,0.0,1.0,10238,15000.0,sedan,0,0,0,1.0
250532,16-25,male,majority,0-9y,none,poverty,0.3967625549479261,0.0,after 2015,0.0,0.0,10238,14000.0,sedan,0,0,0,0.0
692471,40-64,female,majority,10-19y,none,poverty,0.3675225984431894,0.0,before 2015,1.0,1.0,10238,7000.0,sedan,1,0,0,0.0
142359,16-25,female,minority,0-9y,none,poverty,0.3603076975327467,0.0,before 2015,0.0,1.0,10238,16000.0,sedan,0,0,0,1.0
261699,65+,female,minority,30y+,university,upper class,0.7383996023443815,1.0,after 2015,0.0,1.0,10238,16000.0,sedan,1,0,1,0.0
403686,16-25,male,majority,0-9y,university,middle class,0.4965338738721264,1.0,before 2015,1.0,1.0,10238,6000.0,sedan,0,0,0,0.0
611544,65+,female,majority,30y+,university,upper class,0.6772216106455591,0.0,before 2015,1.0,1.0,10238,12000.0,sedan,3,1,2,0.0
191217,40-64,female,majority,20-29y,none,working class,0.3377072597027285,0.0,before 2015,0.0,0.0,10238,14000.0,sedan,3,1,1,0.0
303181,26-39,female,majority,10-19y,university,middle class,,1.0,before 2015,1.0,0.0,10238,13000.0,sedan,0,0,1,0.0
701405,26-39,female,majority,0-9y,high school,poverty,0.2508318262318689,0.0,before 2015,0.0,1.0,92101,13000.0,sedan,0,0,0,0.0
663458,16-25,female,majority,0-9y,high school,poverty,0.3049876423937953,0.0,before 2015,0.0,0.0,10238,15000.0,sedan,0,0,0,1.0
486308,40-64,female,majority,20-29y,high school,middle class,,1.0,before 2015,1.0,1.0,10238,10000.0,sedan,1,1,2,0.0
416306,26-39,female,majority,10-19y,high school,middle class,0.6142580732736506,1.0,after 2015,1.0,0.0,10238,9000.0,sedan,0,0,1,0.0
757285,26-39,male,majority,10-19y,high school,middle class,0.478717087520263,1.0,before 2015,1.0,0.0,10238,14000.0,sedan,2,0,0,0.0
465907,65+,male,majority,20-29y,university,upper class,0.6287561730711299,1.0,before 2015,1.0,1.0,10238,7000.0,sedan,3,1,9,0.0
950709,40-64,male,majority,20-29y,university,upper class,0.6653927395254361,1.0,after 2015,1.0,1.0,92101,9000.0,sedan,0,0,3,0.0
414418,26-39,female,majority,0-9y,high school,middle class,0.5580379199417775,1.0,before 2015,1.0,1.0,32765,,sedan,0,0,0,1.0
601142,40-64,male,majority,0-9y,university,upper class,0.6854850623381209,1.0,before 2015,0.0,1.0,10238,11000.0,sedan,0,0,0,1.0
887325,16-25,female,majority,0-9y,high school,poverty,0.2983002002798249,0.0,before 2015,0.0,0.0,10238,17000.0,sedan,0,0,0,1.0
864844,16-25,female,majority,0-9y,none,poverty,0.2408585357293881,0.0,before 2015,0.0,1.0,10238,13000.0,sedan,0,0,0,1.0
361193,16-25,male,majority,0-9y,high school,working class,0.4609659013699166,0.0,before 2015,0.0,0.0,92101,15000.0,sedan,0,0,0,1.0
694890,26-39,female,majority,10-19y,none,middle class,0.4149902226943815,0.0,after 2015,0.0,1.0,32765,,sedan,3,0,1,1.0
548489,26-39,female,majority,10-19y,high school,working class,0.5211344299762245,0.0,after 2015,1.0,1.0,10238,13000.0,sedan,1,0,0,0.0
151252,16-25,male,majority,0-9y,university,middle class,0.6235462115803201,1.0,before 2015,1.0,0.0,10238,11000.0,sedan,0,0,0,0.0
835204,26-39,female,minority,10-19y,high school,poverty,0.2837353178716667,0.0,before 2015,0.0,1.0,10238,13000.0,sedan,0,0,0,0.0
169486,26-39,female,majority,10-19y,none,poverty,0.2427347048473718,0.0,before 2015,0.0,1.0,32765,8000.0,sedan,2,0,0,0.0
864083,65+,male,majority,30y+,high school,upper class,0.7731601636776191,1.0,before 2015,1.0,1.0,32765,8000.0,sports car,10,2,4,0.0
823538,65+,female,majority,10-19y,university,upper class,0.7281374767556841,1.0,before 2015,1.0,1.0,32765,9000.0,sedan,2,0,0,0.0
931629,26-39,male,majority,0-9y,high school,working class,0.397676854501618,0.0,before 2015,0.0,0.0,10238,12000.0,sedan,0,0,0,1.0
842364,26-39,female,majority,0-9y,university,middle class,0.6655749122210538,1.0,after 2015,0.0,0.0,10238,12000.0,sedan,0,0,0,0.0
96803,40-64,female,majority,20-29y,university,upper class,0.5872893810932033,1.0,after 2015,1.0,0.0,32765,12000.0,sedan,1,0,1,0.0
340134,40-64,male,majority,10-19y,high school,upper class,0.5844501971313054,1.0,after 2015,1.0,1.0,10238,10000.0,sedan,1,0,0,0.0
872809,40-64,male,majority,20-29y,university,upper class,,1.0,after 2015,1.0,1.0,32765,8000.0,sedan,7,1,3,0.0
552900,40-64,female,majority,20-29y,high school,middle class,0.5520606278186667,1.0,before 2015,1.0,0.0,10238,14000.0,sedan,2,0,2,0.0
48520,40-64,male,majority,20-29y,none,poverty,0.1184454426595448,0.0,before 2015,0.0,1.0,10238,17000.0,sedan,1,1,0,0.0
172025,26-39,female,minority,0-9y,none,working class,0.4905686431114045,1.0,before 2015,0.0,1.0,10238,13000.0,sedan,0,0,0,0.0
513952,26-39,female,minority,0-9y,high school,middle class,0.5208708404176335,1.0,before 2015,1.0,1.0,10238,,sedan,0,0,0,0.0
675338,65+,female,majority,0-9y,high school,upper class,0.5986285534053452,0.0,after 2015,1.0,1.0,10238,10000.0,sedan,0,0,0,1.0
744915,26-39,male,majority,10-19y,high school,upper class,0.5609217671373717,1.0,after 2015,1.0,0.0,10238,15000.0,sedan,1,1,1,0.0
893157,26-39,male,minority,10-19y,none,working class,0.3511104702009341,0.0,before 2015,0.0,0.0,10238,14000.0,sedan,0,0,0,0.0
552705,40-64,female,majority,0-9y,high school,working class,0.3186677015072492,1.0,before 2015,0.0,1.0,10238,13000.0,sedan,0,0,0,0.0
797033,40-64,male,minority,20-29y,high school,middle class,0.6067334199289113,1.0,before 2015,1.0,1.0,10238,,sedan,3,1,2,0.0
291792,16-25,female,minority,0-9y,high school,poverty,0.3271557503951095,1.0,before 2015,0.0,0.0,32765,15000.0,sedan,0,0,0,1.0
634897,26-39,male,majority,10-19y,none,poverty,,0.0,before 2015,0.0,1.0,10238,11000.0,sedan,1,1,0,1.0
159034,26-39,female,majority,10-19y,university,middle class,0.3740275788282017,1.0,before 2015,1.0,1.0,10238,12000.0,sedan,3,0,1,0.0
482624,65+,female,majority,0-9y,university,upper class,0.5573745044426411,1.0,before 2015,1.0,1.0,10238,7000.0,sedan,0,0,0,0.0
531612,16-25,male,majority,0-9y,high school,poverty,,1.0,before 2015,1.0,1.0,10238,9000.0,sedan,0,0,0,0.0
158868,40-64,male,minority,20-29y,high school,middle class,0.5777847889982202,0.0,before 2015,0.0,1.0,10238,12000.0,sedan,3,2,2,0.0
881386,40-64,female,majority,20-29y,university,upper class,0.5677376065084613,1.0,after 2015,1.0,1.0,10238,11000.0,sedan,0,0,3,0.0
922757,65+,male,majority,10-19y,high school,upper class,0.6363106328264545,1.0,after 2015,1.0,1.0,10238,,sedan,2,0,2,0.0
621378,40-64,female,majority,20-29y,high school,middle class,0.6542522695839297,1.0,before 2015,1.0,1.0,10238,14000.0,sedan,0,0,5,0.0
359219,65+,male,majority,0-9y,high school,upper class,0.5702930111850311,1.0,after 2015,1.0,0.0,10238,15000.0,sedan,0,0,0,0.0
354598,26-39,male,majority,10-19y,none,working class,0.3870634360404613,1.0,before 2015,0.0,0.0,10238,14000.0,sedan,0,0,1,0.0
872992,40-64,female,minority,20-29y,university,upper class,0.6306307935993771,1.0,before 2015,0.0,0.0,10238,16000.0,sedan,2,0,0,0.0
414497,40-64,male,majority,10-19y,university,upper class,0.5571697141942088,1.0,after 2015,1.0,1.0,10238,11000.0,sedan,0,0,0,0.0
174879,40-64,female,majority,0-9y,university,upper class,0.7012597772312479,1.0,after 2015,1.0,1.0,10238,5000.0,sedan,0,0,0,0.0
72249,26-39,male,majority,10-19y,none,poverty,0.3414632204431089,0.0,before 2015,1.0,1.0,10238,10000.0,sedan,1,0,1,0.0
926129,26-39,female,majority,10-19y,none,poverty,0.2073374290521331,1.0,before 2015,1.0,1.0,92101,11000.0,sports car,2,0,0,1.0
516920,65+,male,minority,30y+,university,upper class,0.5266055787819602,1.0,before 2015,1.0,1.0,32765,8000.0,sedan,15,0,3,0.0
866608,16-25,male,majority,0-9y,high school,poverty,0.1921586821692091,1.0,after 2015,0.0,0.0,32765,15000.0,sedan,0,0,0,0.0
461832,16-25,male,majority,0-9y,high school,working class,,0.0,before 2015,0.0,1.0,10238,15000.0,sedan,0,0,0,1.0
606287,16-25,female,majority,0-9y,high school,poverty,,0.0,before 2015,0.0,0.0,10238,15000.0,sedan,0,0,0,1.0
471822,65+,male,majority,20-29y,university,upper class,0.6340212804612396,1.0,before 2015,0.0,1.0,32765,9000.0,sedan,3,1,1,0.0
364800,40-64,male,majority,20-29y,university,upper class,0.4576822397720842,1.0,before 2015,0.0,0.0,10238,13000.0,sedan,4,0,6,0.0
706833,16-25,male,majority,0-9y,none,poverty,,0.0,before 2015,0.0,1.0,10238,13000.0,sedan,0,0,0,1.0
860910,16-25,female,majority,0-9y,high school,poverty,0.4422964763625578,0.0,before 2015,0.0,1.0,10238,15000.0,sedan,0,0,0,1.0
341096,40-64,male,majority,0-9y,none,working class,0.5552446634739091,0.0,before 2015,0.0,1.0,10238,13000.0,sedan,0,0,0,1.0
873325,26-39,female,majority,10-19y,none,poverty,0.4728683213157021,0.0,before 2015,1.0,1.0,32765,9000.0,sedan,2,0,0,0.0
858684,40-64,female,majority,20-29y,university,upper class,,1.0,before 2015,1.0,0.0,10238,11000.0,sedan,2,0,2,0.0
870976,40-64,female,majority,20-29y,high school,working class,0.5048383516331792,1.0,before 2015,1.0,1.0,10238,11000.0,sedan,2,0,0,0.0
435832,40-64,male,majority,20-29y,university,middle class,0.4595883640126887,0.0,before 2015,1.0,1.0,32765,8000.0,sedan,7,0,1,0.0
264164,26-39,female,majority,10-19y,none,poverty,,0.0,before 2015,0.0,0.0,10238,13000.0,sports car,1,0,0,1.0
863165,40-64,female,majority,10-19y,university,upper class,0.6089308232085261,1.0,before 2015,0.0,0.0,10238,12000.0,sedan,0,0,0,0.0
854176,26-39,female,minority,10-19y,high school,middle class,0.4594468638715299,1.0,before 2015,0.0,1.0,10238,14000.0,sedan,0,0,0,1.0
67841,26-39,male,majority,10-19y,none,poverty,0.4166623408665704,0.0,before 2015,1.0,0.0,10238,12000.0,sedan,3,0,2,0.0
29307,26-39,female,majority,10-19y,high school,middle class,,0.0,before 2015,0.0,1.0,32765,12000.0,sedan,2,1,0,1.0
489132,40-64,male,majority,10-19y,high school,upper class,0.5290549281347546,1.0,after 2015,0.0,1.0,10238,8000.0,sedan,2,1,3,0.0
193785,26-39,female,majority,0-9y,high school,upper class,0.4225791031356819,1.0,before 2015,1.0,1.0,10238,,sedan,0,0,0,0.0
800943,26-39,male,minority,10-19y,none,poverty,0.3797179437274305,1.0,before 2015,0.0,0.0,32765,9000.0,sedan,2,0,0,0.0
467914,16-25,male,majority,0-9y,none,working class,0.4780304585238096,0.0,before 2015,0.0,0.0,21217,16000.0,sedan,0,0,0,1.0
541804,26-39,male,majority,10-19y,none,poverty,0.3754611884221273,0.0,before 2015,0.0,0.0,10238,17000.0,sedan,0,0,1,1.0
766476,40-64,female,majority,20-29y,high school,poverty,0.4283474492507223,0.0,before 2015,0.0,1.0,10238,14000.0,sedan,2,0,0,0.0
444073,16-25,male,minority,0-9y,high school,working class,0.4723364781950884,1.0,after 2015,1.0,0.0,92101,15000.0,sedan,0,0,0,1.0
537037,26-39,male,majority,10-19y,high school,middle class,0.5909271047250865,1.0,before 2015,0.0,0.0,10238,15000.0,sedan,0,1,0,0.0
43968,26-39,female,majority,10-19y,none,poverty,0.376447450727611,1.0,before 2015,1.0,0.0,10238,14000.0,sedan,0,0,0,0.0
382661,65+,female,majority,30y+,university,upper class,0.6034148000738244,1.0,before 2015,1.0,1.0,10238,5000.0,sedan,4,1,1,0.0
331632,26-39,male,minority,0-9y,none,working class,0.3199505722308352,1.0,before 2015,1.0,1.0,10238,13000.0,sports car,0,0,0,1.0
764835,26-39,male,minority,10-19y,high school,poverty,0.3045684602333574,0.0,before 2015,0.0,0.0,10238,14000.0,sedan,1,0,1,0.0
408917,65+,female,majority,30y+,high school,upper class,0.5405085121127992,0.0,before 2015,1.0,1.0,32765,6000.0,sedan,7,1,0,0.0
894333,16-25,male,majority,0-9y,high school,middle class,0.6855670948359924,1.0,before 2015,0.0,1.0,32765,11000.0,sedan,0,0,0,1.0
828111,16-25,male,majority,0-9y,none,poverty,0.4138170668973727,1.0,before 2015,0.0,1.0,10238,10000.0,sedan,0,0,0,1.0
191199,26-39,female,majority,10-19y,none,poverty,0.3191446331446736,0.0,before 2015,0.0,1.0,32765,9000.0,sedan,1,0,0,1.0
922977,26-39,female,majority,10-19y,university,working class,0.3820266609685973,0.0,before 2015,0.0,1.0,10238,11000.0,sedan,1,0,1,0.0
448925,26-39,female,majority,0-9y,none,poverty,,0.0,before 2015,0.0,1.0,10238,17000.0,sedan,0,0,0,0.0
740173,26-39,male,minority,0-9y,high school,poverty,0.1747592446844146,1.0,before 2015,0.0,0.0,10238,14000.0,sedan,0,0,0,1.0
415219,16-25,female,majority,0-9y,high school,poverty,,0.0,before 2015,0.0,0.0,10238,16000.0,sedan,0,0,0,0.0
287238,65+,female,majority,30y+,high school,upper class,0.6795259372735327,1.0,before 2015,1.0,1.0,10238,10000.0,sedan,2,1,0,0.0
400248,40-64,female,majority,20-29y,high school,upper class,,1.0,before 2015,1.0,1.0,10238,11000.0,sedan,1,0,0,0.0
877855,26-39,male,majority,0-9y,none,poverty,0.2511777872672904,0.0,before 2015,1.0,1.0,10238,11000.0,sedan,0,0,0,1.0
897844,26-39,female,majority,10-19y,university,upper class,,1.0,before 2015,0.0,1.0,10238,11000.0,sedan,1,0,1,0.0
961840,16-25,female,majority,0-9y,none,poverty,0.3724255107914251,0.0,before 2015,0.0,0.0,10238,15000.0,sedan,0,0,0,1.0
734633,16-25,female,majority,0-9y,none,poverty,0.3543730628022394,1.0,before 2015,1.0,0.0,32765,9000.0,sedan,0,0,0,1.0
409125,26-39,male,majority,0-9y,university,upper class,0.5714563420401908,1.0,after 2015,0.0,1.0,10238,11000.0,sedan,0,0,0,0.0
226408,26-39,male,majority,10-19y,high school,middle class,0.493597504370531,1.0,before 2015,1.0,0.0,10238,13000.0,sedan,0,0,1,0.0
781035,16-25,male,majority,0-9y,high school,poverty,0.2343895342350447,1.0,before 2015,0.0,0.0,32765,12000.0,sedan,0,0,0,1.0
709636,40-64,male,majority,20-29y,university,upper class,0.3673908132079513,1.0,before 2015,0.0,1.0,10238,11000.0,sedan,6,0,0,0.0
612685,26-39,male,majority,10-19y,university,middle class,,1.0,before 2015,1.0,1.0,10238,10000.0,sedan,5,0,1,0.0
969530,26-39,female,minority,0-9y,university,middle class,0.6674176964471904,1.0,before 2015,1.0,1.0,10238,12000.0,sports car,0,0,0,1.0
804403,26-39,male,majority,10-19y,high school,working class,,0.0,before 2015,0.0,0.0,32765,13000.0,sedan,4,0,0,1.0
854217,40-64,male,majority,10-19y,university,upper class,0.6157527189496566,1.0,before 2015,1.0,1.0,32765,8000.0,sports car,2,0,0,0.0
672440,26-39,male,majority,10-19y,high school,middle class,0.5635735071671988,1.0,before 2015,1.0,1.0,92101,11000.0,sedan,2,0,1,0.0
222373,40-64,male,majority,20-29y,university,upper class,0.5389042254220835,1.0,after 2015,1.0,1.0,32765,9000.0,sedan,5,0,1,0.0
338645,16-25,female,majority,0-9y,none,poverty,0.291594811098864,1.0,before 2015,0.0,1.0,10238,14000.0,sedan,0,0,0,1.0
511641,26-39,male,minority,10-19y,none,poverty,0.2885813295301705,0.0,before 2015,1.0,0.0,10238,13000.0,sedan,0,0,5,1.0
683736,26-39,female,majority,10-19y,high school,working class,0.4400170768463599,1.0,before 2015,1.0,1.0,10238,14000.0,sedan,0,0,1,0.0
196941,16-25,male,majority,0-9y,high school,working class,0.2616949116854254,0.0,before 2015,0.0,1.0,10238,13000.0,sedan,0,0,0,1.0
56765,26-39,female,majority,10-19y,high school,middle class,0.3347397301816484,1.0,after 2015,1.0,1.0,10238,9000.0,sedan,1,0,0,0.0
9941,26-39,female,majority,10-19y,high school,poverty,0.4076710274049052,0.0,before 2015,0.0,1.0,10238,12000.0,sedan,2,0,1,0.0
193127,16-25,male,majority,0-9y,high school,poverty,0.4171379042012048,0.0,before 2015,0.0,1.0,32765,9000.0,sedan,0,0,0,1.0
417103,26-39,female,majority,0-9y,none,working class,0.3322173325159018,0.0,before 2015,1.0,1.0,10238,13000.0,sedan,0,0,0,0.0
588405,40-64,female,majority,0-9y,high school,middle class,0.6745695670750705,0.0,after 2015,1.0,1.0,32765,12000.0,sedan,0,0,0,1.0
16453,65+,female,majority,0-9y,none,working class,0.5761218348559991,0.0,before 2015,1.0,0.0,92101,13000.0,sedan,0,0,0,1.0
792806,65+,male,majority,30y+,high school,upper class,,1.0,before 2015,1.0,1.0,32765,9000.0,sedan,11,2,1,0.0
899267,65+,female,majority,30y+,high school,upper class,0.5434466456733709,1.0,before 2015,1.0,1.0,10238,,sedan,4,1,2,0.0
413424,40-64,female,majority,10-19y,university,upper class,,1.0,after 2015,1.0,1.0,32765,4000.0,sedan,2,0,0,0.0
792526,26-39,male,majority,0-9y,high school,working class,0.546417410483119,1.0,before 2015,0.0,0.0,32765,11000.0,sedan,0,0,0,1.0
484906,40-64,female,majority,20-29y,high school,middle class,0.709246871000109,0.0,before 2015,1.0,1.0,10238,8000.0,sedan,4,0,4,0.0
482099,40-64,female,majority,20-29y,high school,upper class,0.7397365430996375,0.0,before 2015,1.0,1.0,10238,9000.0,sedan,0,1,2,0.0
269039,26-39,male,majority,0-9y,university,working class,0.388131979866247,0.0,after 2015,0.0,1.0,32765,15000.0,sedan,0,0,0,1.0
266757,40-64,male,minority,10-19y,none,working class,0.4411041307313577,1.0,before 2015,0.0,1.0,10238,13000.0,sedan,4,0,0,0.0
864573,40-64,female,majority,20-29y,high school,middle class,0.7008385894147232,1.0,after 2015,0.0,1.0,10238,16000.0,sedan,0,0,1,0.0
839121,65+,female,majority,10-19y,none,middle class,0.5664726020813448,1.0,before 2015,1.0,1.0,10238,8000.0,sedan,1,0,2,0.0
180310,26-39,male,majority,10-19y,high school,middle class,0.5192192445150815,1.0,before 2015,0.0,1.0,92101,11000.0,sedan,0,0,0,0.0
582301,40-64,female,majority,20-29y,high school,upper class,0.7543676049142142,1.0,before 2015,1.0,1.0,10238,14000.0,sedan,2,1,3,0.0
958732,26-39,female,majority,0-9y,university,upper class,0.654758523557963,1.0,before 2015,0.0,1.0,32765,11000.0,sedan,0,0,0,1.0
733619,26-39,male,majority,10-19y,university,upper class,0.5708669818485634,1.0,after 2015,0.0,0.0,10238,14000.0,sedan,0,1,0,0.0
502873,16-25,male,majority,0-9y,university,middle class,0.5195575514701699,1.0,before 2015,0.0,0.0,32765,10000.0,sedan,0,0,0,0.0
708828,40-64,female,minority,20-29y,high school,upper class,0.5598309463350708,1.0,after 2015,1.0,1.0,10238,7000.0,sedan,1,0,0,0.0
75570,26-39,female,majority,0-9y,high school,middle class,0.6180505986472008,1.0,after 2015,0.0,0.0,92101,15000.0,sedan,0,0,0,0.0
255458,16-25,female,majority,0-9y,high school,middle class,0.6062851093087311,1.0,after 2015,1.0,1.0,10238,9000.0,sedan,0,0,0,0.0
991100,40-64,female,majority,20-29y,university,upper class,0.5427538918056778,1.0,after 2015,0.0,1.0,10238,,sedan,0,0,0,0.0
192271,40-64,female,majority,20-29y,none,middle class,0.5310233106225158,1.0,before 2015,1.0,1.0,10238,12000.0,sedan,0,3,2,0.0
203498,40-64,male,majority,0-9y,university,upper class,0.5832300420155135,0.0,after 2015,1.0,1.0,32765,6000.0,sedan,0,0,0,1.0
417589,65+,male,majority,0-9y,university,upper class,0.6063061374642535,1.0,after 2015,1.0,1.0,10238,10000.0,sedan,0,0,0,0.0
955684,26-39,male,majority,10-19y,high school,middle class,0.4089790797336115,1.0,before 2015,1.0,0.0,10238,14000.0,sedan,1,0,1,0.0
576743,40-64,female,minority,10-19y,university,upper class,0.6868684280913652,1.0,after 2015,1.0,0.0,10238,14000.0,sedan,0,0,0,0.0
437535,26-39,female,majority,10-19y,high school,middle class,,1.0,after 2015,1.0,0.0,10238,15000.0,sedan,0,0,0,0.0
152162,65+,female,majority,10-19y,university,upper class,0.6297624937989372,1.0,after 2015,1.0,1.0,10238,12000.0,sedan,1,0,1,0.0
877770,26-39,female,majority,10-19y,university,working class,0.4691488744590532,0.0,before 2015,0.0,0.0,32765,,sedan,1,0,0,1.0
285038,26-39,female,majority,0-9y,university,middle class,0.4703683576848383,1.0,after 2015,0.0,0.0,10238,,sedan,0,0,0,0.0
387325,16-25,male,majority,0-9y,university,working class,0.4088801195621983,1.0,before 2015,0.0,0.0,10238,12000.0,sedan,0,0,0,1.0
372219,16-25,male,majority,0-9y,university,working class,,1.0,before 2015,1.0,0.0,10238,12000.0,sedan,0,0,0,0.0
180870,40-64,female,majority,20-29y,university,upper class,0.5915072906372144,1.0,after 2015,1.0,1.0,10238,11000.0,sedan,0,0,2,0.0
112772,65+,male,majority,30y+,university,upper class,0.6633920115683729,1.0,before 2015,0.0,1.0,10238,13000.0,sedan,2,1,5,0.0
538031,16-25,male,majority,0-9y,high school,working class,0.4169011832545236,0.0,before 2015,0.0,0.0,10238,14000.0,sedan,0,0,0,1.0
812307,40-64,female,majority,20-29y,none,middle class,,1.0,before 2015,0.0,1.0,10238,,sedan,4,0,0,0.0
471702,65+,female,majority,10-19y,high school,upper class,0.5646452920588425,1.0,after 2015,0.0,0.0,10238,,sedan,0,0,0,0.0
66960,26-39,female,majority,10-19y,none,middle class,0.5836264756827344,1.0,before 2015,0.0,1.0,10238,11000.0,sedan,0,0,1,0.0
668061,65+,female,majority,0-9y,university,upper class,0.7403233056364579,1.0,after 2015,1.0,1.0,32765,10000.0,sedan,0,0,0,0.0
441183,26-39,female,majority,10-19y,high school,middle class,0.5789086394845918,1.0,before 2015,0.0,1.0,10238,9000.0,sports car,0,1,1,0.0
937879,16-25,female,majority,0-9y,high school,poverty,0.4719870981911113,0.0,before 2015,0.0,1.0,32765,14000.0,sedan,0,0,0,1.0
384342,65+,female,majority,20-29y,university,upper class,0.512923620015934,1.0,before 2015,1.0,1.0,32765,6000.0,sedan,6,0,0,0.0
570724,26-39,female,majority,10-19y,university,upper class,0.8110580664014475,1.0,after 2015,1.0,1.0,32765,9000.0,sedan,4,0,0,0.0
53907,65+,male,majority,30y+,none,upper class,0.5853329533352766,1.0,before 2015,1.0,1.0,10238,12000.0,sports car,2,0,1,0.0
684728,40-64,male,majority,20-29y,high school,middle class,0.58690907508666,1.0,before 2015,1.0,1.0,32765,8000.0,sedan,7,0,6,0.0
796578,16-25,female,minority,0-9y,high school,poverty,0.3328405916686445,0.0,before 2015,0.0,1.0,10238,15000.0,sedan,0,0,0,1.0
581847,16-25,female,majority,0-9y,none,working class,0.5043548159571868,1.0,before 2015,0.0,0.0,32765,14000.0,sedan,0,0,0,1.0
859506,26-39,male,majority,10-19y,none,poverty,,1.0,before 2015,0.0,0.0,10238,17000.0,sedan,2,0,2,0.0
515945,65+,female,majority,30y+,university,upper class,,1.0,after 2015,0.0,0.0,10238,,sedan,2,0,2,0.0
256743,65+,female,majority,30y+,university,upper class,0.4681964499145391,1.0,after 2015,1.0,1.0,32765,7000.0,sedan,7,0,2,0.0
519379,26-39,female,majority,10-19y,university,upper class,0.5176109753939993,1.0,before 2015,1.0,1.0,10238,10000.0,sedan,0,0,0,0.0
544253,65+,male,majority,30y+,university,upper class,0.6024400464824318,1.0,before 2015,0.0,1.0,10238,14000.0,sedan,3,0,5,0.0
646502,16-25,female,majority,0-9y,none,poverty,0.3393005417362712,0.0,before 2015,1.0,0.0,10238,15000.0,sedan,0,0,0,1.0
151587,26-39,male,majority,10-19y,university,working class,0.5332127241455101,0.0,before 2015,0.0,0.0,32765,13000.0,sedan,0,0,0,1.0
936450,40-64,female,minority,20-29y,university,upper class,0.6170091118547167,1.0,after 2015,1.0,1.0,10238,7000.0,sedan,0,0,1,0.0
703666,65+,male,majority,10-19y,high school,upper class,0.5420113858437505,1.0,before 2015,1.0,1.0,10238,14000.0,sedan,1,2,1,0.0
314599,40-64,female,majority,20-29y,high school,middle class,0.4552114357588755,1.0,after 2015,1.0,0.0,10238,16000.0,sedan,1,1,1,0.0
310538,65+,female,minority,20-29y,none,upper class,0.6547931661113645,1.0,before 2015,0.0,1.0,32765,8000.0,sedan,2,2,3,0.0
158794,16-25,male,majority,0-9y,high school,middle class,0.4379113324577937,1.0,before 2015,1.0,1.0,32765,16000.0,sedan,0,0,0,1.0
111291,40-64,male,minority,0-9y,high school,upper class,0.6590428828046322,1.0,after 2015,1.0,1.0,32765,9000.0,sedan,0,0,0,0.0
704651,16-25,male,majority,0-9y,university,middle class,0.613793495440892,1.0,after 2015,1.0,1.0,10238,14000.0,sedan,0,0,0,1.0
876350,26-39,female,majority,10-19y,university,upper class,0.6988969859155649,1.0,after 2015,1.0,1.0,10238,10000.0,sedan,0,0,0,0.0
776955,26-39,female,majority,10-19y,high school,middle class,,0.0,before 2015,1.0,1.0,10238,16000.0,sedan,0,0,0,0.0
89454,26-39,female,majority,0-9y,high school,working class,0.563520096524054,1.0,before 2015,0.0,1.0,10238,12000.0,sedan,0,0,0,0.0
114349,65+,male,majority,30y+,university,upper class,0.7046726751659493,1.0,before 2015,1.0,1.0,32765,9000.0,sedan,10,0,2,0.0
993828,65+,female,majority,20-29y,high school,upper class,0.6811444065079352,1.0,before 2015,0.0,1.0,92101,13000.0,sedan,1,0,0,0.0
729695,40-64,female,minority,20-29y,high school,upper class,,1.0,before 2015,1.0,1.0,10238,13000.0,sedan,1,1,0,0.0
330715,40-64,male,majority,20-29y,university,upper class,0.4167113132566401,1.0,before 2015,1.0,1.0,10238,6000.0,sedan,5,1,5,0.0
281734,65+,female,majority,0-9y,university,upper class,0.6908848837711149,1.0,before 2015,0.0,1.0,92101,13000.0,sedan,0,0,0,1.0
265151,65+,female,minority,30y+,none,middle class,0.3573674053757103,1.0,after 2015,0.0,0.0,10238,14000.0,sedan,2,0,1,0.0
887362,16-25,female,majority,0-9y,high school,poverty,0.3447214705641955,1.0,before 2015,1.0,0.0,10238,13000.0,sedan,0,0,0,1.0
669779,26-39,female,majority,10-19y,university,working class,0.5299963882834899,1.0,before 2015,1.0,1.0,32765,8000.0,sedan,1,1,1,0.0
397329,40-64,male,majority,0-9y,high school,upper class,0.5566387394320059,1.0,after 2015,1.0,1.0,10238,5000.0,sedan,0,0,0,0.0
153124,65+,female,majority,30y+,high school,upper class,,1.0,before 2015,1.0,1.0,10238,,sedan,1,1,2,0.0
723319,16-25,male,majority,0-9y,high school,poverty,0.3842040037156091,0.0,after 2015,0.0,0.0,10238,18000.0,sedan,0,0,0,1.0
337651,40-64,male,minority,10-19y,university,upper class,0.4870127077463123,1.0,before 2015,1.0,1.0,10238,10000.0,sedan,1,0,1,0.0
498216,16-25,female,majority,0-9y,none,poverty,0.2735775343032223,0.0,before 2015,1.0,1.0,10238,10000.0,sedan,0,0,0,1.0
404091,65+,male,majority,30y+,university,upper class,0.6507924653984001,1.0,before 2015,1.0,1.0,10238,12000.0,sedan,2,1,8,0.0
975805,40-64,male,majority,20-29y,university,upper class,0.7442115208443449,1.0,before 2015,1.0,1.0,32765,5000.0,sedan,9,0,1,0.0
3004,26-39,male,majority,10-19y,university,middle class,0.4990390378280581,1.0,before 2015,0.0,1.0,32765,9000.0,sedan,2,1,2,0.0
966860,65+,female,majority,30y+,none,working class,0.6056339486090861,1.0,before 2015,1.0,1.0,92101,12000.0,sedan,1,1,0,0.0
158804,40-64,female,minority,20-29y,high school,upper class,0.6267468514453324,0.0,before 2015,1.0,1.0,10238,13000.0,sedan,2,0,4,0.0
16925,16-25,male,majority,0-9y,high school,poverty,0.4053794646469236,0.0,before 2015,1.0,0.0,10238,,sedan,0,0,0,1.0
254028,65+,male,minority,10-19y,university,upper class,0.5411171526670346,0.0,after 2015,1.0,1.0,10238,7000.0,sedan,2,0,4,1.0
858278,26-39,female,majority,10-19y,high school,middle class,0.5840680087396983,0.0,before 2015,0.0,0.0,32765,,sedan,0,0,0,1.0
991373,40-64,female,majority,10-19y,university,upper class,0.6236477209573313,1.0,before 2015,1.0,1.0,10238,13000.0,sedan,0,0,1,0.0
729096,26-39,female,majority,10-19y,high school,middle class,0.5735528833585384,1.0,after 2015,1.0,0.0,32765,11000.0,sedan,0,0,0,0.0
640124,40-64,female,majority,10-19y,high school,middle class,0.4581195186110832,0.0,after 2015,0.0,1.0,10238,13000.0,sedan,0,0,0,1.0
708418,65+,female,majority,30y+,high school,upper class,0.7379541562453047,1.0,after 2015,1.0,1.0,10238,11000.0,sedan,1,0,0,0.0
808100,26-39,female,majority,10-19y,high school,middle class,0.6784162320169361,1.0,before 2015,0.0,1.0,10238,13000.0,sedan,0,0,1,0.0
712117,65+,female,majority,20-29y,high school,upper class,0.4492972668548298,1.0,after 2015,1.0,1.0,32765,3000.0,sedan,8,0,2,0.0
47618,40-64,male,majority,20-29y,university,middle class,0.3450334750268468,1.0,after 2015,0.0,1.0,10238,14000.0,sedan,1,0,2,0.0
166158,26-39,male,majority,10-19y,university,upper class,0.4508257531023888,1.0,after 2015,0.0,1.0,92101,12000.0,sedan,1,0,0,0.0
432535,40-64,female,majority,20-29y,university,upper class,0.5755767562772276,1.0,after 2015,1.0,0.0,32765,15000.0,sedan,1,2,1,0.0
791808,16-25,male,majority,0-9y,high school,working class,0.4223828049555804,1.0,before 2015,1.0,1.0,32765,9000.0,sedan,0,0,0,0.0
494338,40-64,female,majority,10-19y,high school,middle class,0.4152593246800269,1.0,before 2015,1.0,1.0,32765,6000.0,sedan,1,1,0,0.0
921332,40-64,male,majority,20-29y,university,middle class,0.5260178391079982,1.0,before 2015,0.0,1.0,10238,15000.0,sedan,5,2,3,0.0
609345,16-25,female,majority,0-9y,high school,poverty,0.4686229631074164,0.0,before 2015,1.0,0.0,10238,14000.0,sedan,0,0,0,1.0
984632,65+,male,majority,30y+,university,upper class,0.6213946273294794,0.0,after 2015,1.0,1.0,10238,9000.0,sedan,5,1,6,0.0
118562,16-25,male,majority,0-9y,university,working class,0.4749423084591305,1.0,before 2015,0.0,1.0,10238,15000.0,sedan,0,0,0,1.0
998663,40-64,female,majority,20-29y,university,upper class,0.8455758523974766,1.0,before 2015,1.0,1.0,32765,8000.0,sedan,3,1,0,0.0
427931,16-25,male,majority,0-9y,university,working class,0.3372749668897357,1.0,before 2015,0.0,0.0,10238,15000.0,sedan,0,0,0,0.0
636547,40-64,female,majority,20-29y,high school,working class,0.5660057779321281,1.0,before 2015,1.0,1.0,32765,10000.0,sedan,6,1,2,0.0
626989,16-25,male,majority,0-9y,high school,working class,0.3791073032178336,0.0,after 2015,0.0,0.0,92101,12000.0,sedan,0,0,0,1.0
856630,16-25,female,majority,0-9y,high school,middle class,0.4801406677163008,0.0,after 2015,0.0,0.0,32765,14000.0,sedan,0,0,0,1.0
15411,40-64,male,majority,20-29y,university,upper class,,1.0,before 2015,0.0,1.0,10238,15000.0,sedan,1,0,3,0.0
385192,26-39,male,majority,10-19y,high school,upper class,0.5623970196789541,1.0,before 2015,1.0,1.0,10238,11000.0,sedan,0,0,2,0.0
386239,26-39,male,majority,10-19y,high school,poverty,0.4080588882044432,0.0,before 2015,0.0,1.0,10238,11000.0,sedan,2,0,2,0.0
969017,26-39,male,majority,0-9y,university,middle class,0.6533210896931927,1.0,after 2015,1.0,1.0,10238,12000.0,sedan,0,0,0,0.0
5306,26-39,male,majority,0-9y,university,middle class,0.4950597535122331,0.0,before 2015,1.0,1.0,10238,,sedan,0,0,0,1.0
227991,26-39,male,majority,0-9y,university,middle class,,0.0,before 2015,0.0,1.0,21217,,sedan,0,0,0,1.0
93976,65+,male,majority,30y+,high school,upper class,0.5883961826816051,1.0,after 2015,0.0,0.0,10238,17000.0,sedan,0,0,2,0.0
608476,26-39,female,majority,0-9y,university,working class,0.2947766518672688,0.0,before 2015,1.0,1.0,32765,11000.0,sedan,0,0,0,1.0
658776,65+,male,majority,10-19y,university,upper class,0.4575461359722819,1.0,before 2015,1.0,1.0,10238,9000.0,sedan,1,0,2,0.0
195814,16-25,female,majority,0-9y,none,poverty,0.1926279254414204,0.0,before 2015,1.0,1.0,32765,8000.0,sedan,0,0,0,1.0
703280,40-64,female,majority,20-29y,university,upper class,,1.0,before 2015,1.0,0.0,10238,10000.0,sedan,1,0,1,0.0
595172,65+,female,majority,30y+,university,upper class,0.5652465474664438,1.0,before 2015,1.0,1.0,10238,8000.0,sports car,4,1,5,0.0
445911,40-64,female,majority,0-9y,high school,upper class,0.5615310319383646,1.0,before 2015,0.0,1.0,32765,11000.0,sedan,0,0,0,1.0
730142,40-64,male,majority,20-29y,university,upper class,0.5559890754273217,1.0,after 2015,0.0,0.0,10238,19000.0,sedan,0,0,1,0.0
470927,65+,female,majority,30y+,university,upper class,0.6366120174315458,1.0,before 2015,0.0,0.0,10238,13000.0,sedan,4,0,0,0.0
187054,26-39,female,majority,10-19y,high school,upper class,0.5819921084455086,1.0,before 2015,1.0,1.0,10238,8000.0,sedan,1,0,1,0.0
993418,40-64,female,majority,0-9y,none,working class,,1.0,before 2015,1.0,1.0,10238,10000.0,sedan,0,0,0,0.0
78568,65+,male,majority,30y+,university,upper class,0.5854794736959827,1.0,before 2015,0.0,1.0,10238,12000.0,sedan,5,2,4,0.0
692697,26-39,female,majority,10-19y,high school,poverty,0.4255236483019129,1.0,before 2015,1.0,1.0,10238,9000.0,sedan,1,0,0,0.0
235880,40-64,male,majority,20-29y,university,upper class,0.5837447823245655,1.0,after 2015,1.0,1.0,32765,7000.0,sedan,7,3,1,0.0
592421,16-25,female,majority,0-9y,high school,middle class,0.584410230882218,1.0,before 2015,1.0,1.0,10238,14000.0,sedan,0,0,0,1.0
721594,65+,male,majority,0-9y,university,upper class,0.5856176485260333,1.0,before 2015,1.0,1.0,10238,14000.0,sedan,0,0,0,1.0
326316,40-64,female,majority,20-29y,university,upper class,0.8147964340698576,1.0,after 2015,1.0,1.0,32765,8000.0,sedan,3,0,1,0.0
846922,65+,male,majority,30y+,university,upper class,0.6050717889516587,1.0,after 2015,1.0,1.0,10238,14000.0,sedan,3,0,3,0.0
83170,40-64,female,majority,0-9y,none,working class,0.466873796227501,1.0,before 2015,0.0,1.0,32765,11000.0,sedan,0,0,0,1.0
893612,65+,female,majority,10-19y,high school,upper class,0.6854959050234728,1.0,after 2015,1.0,1.0,10238,13000.0,sedan,0,1,0,0.0
67486,26-39,male,majority,10-19y,high school,working class,,0.0,after 2015,0.0,0.0,10238,15000.0,sedan,1,0,0,0.0
910346,26-39,female,majority,10-19y,none,middle class,0.5222314755016938,1.0,after 2015,0.0,1.0,32765,,sedan,1,0,0,0.0
800606,65+,female,majority,30y+,university,upper class,0.4909965150866821,1.0,before 2015,1.0,1.0,32765,5000.0,sedan,4,0,4,0.0
88259,26-39,female,majority,10-19y,high school,middle class,0.4312361779058995,1.0,before 2015,0.0,0.0,10238,13000.0,sedan,1,0,0,1.0
498020,65+,female,majority,30y+,university,upper class,0.6064851062892352,1.0,after 2015,1.0,1.0,10238,12000.0,sedan,3,3,0,0.0
887267,26-39,male,majority,10-19y,university,middle class,0.5013150905182883,0.0,before 2015,0.0,0.0,10238,17000.0,sedan,1,0,0,1.0
171167,26-39,female,majority,0-9y,university,working class,0.4478258160136167,1.0,before 2015,0.0,0.0,10238,17000.0,sedan,0,0,0,1.0
65112,40-64,male,majority,10-19y,high school,upper class,,1.0,before 2015,1.0,1.0,10238,9000.0,sedan,0,0,1,0.0
569066,40-64,female,majority,10-19y,high school,upper class,0.6539015362424077,0.0,after 2015,1.0,0.0,10238,14000.0,sedan,2,1,0,0.0
633889,26-39,female,majority,10-19y,university,poverty,0.4186997107293674,0.0,before 2015,0.0,0.0,10238,16000.0,sedan,0,0,0,1.0
136321,65+,female,majority,30y+,high school,upper class,0.426949153464342,1.0,before 2015,1.0,1.0,32765,6000.0,sedan,6,1,2,0.0
858974,65+,male,majority,30y+,high school,middle class,0.4880664264907637,1.0,before 2015,1.0,1.0,10238,14000.0,sedan,6,0,11,0.0
387710,65+,female,majority,30y+,high school,upper class,0.7790401376827991,0.0,after 2015,1.0,1.0,10238,10000.0,sedan,2,0,4,0.0
313691,40-64,male,minority,20-29y,university,upper class,0.8564629599734954,1.0,after 2015,0.0,1.0,10238,12000.0,sedan,8,0,4,0.0
215555,65+,female,majority,30y+,university,upper class,0.6318939098560339,1.0,after 2015,1.0,1.0,21217,,sedan,3,0,1,1.0
976565,16-25,male,majority,0-9y,high school,poverty,0.3548520408825502,0.0,before 2015,1.0,1.0,10238,9000.0,sedan,0,0,0,1.0
598245,40-64,female,majority,10-19y,university,upper class,0.6344892138804339,1.0,before 2015,1.0,1.0,10238,13000.0,sedan,0,1,0,0.0
618721,40-64,female,majority,10-19y,university,upper class,0.5786532065868522,1.0,after 2015,1.0,1.0,10238,12000.0,sedan,0,0,1,0.0
364114,40-64,male,majority,20-29y,university,upper class,0.5519916141223832,1.0,after 2015,1.0,0.0,10238,11000.0,sedan,1,0,4,0.0
816938,16-25,male,majority,0-9y,high school,working class,0.3707923839557827,0.0,before 2015,1.0,1.0,10238,13000.0,sedan,0,0,0,1.0
171758,26-39,female,minority,10-19y,high school,upper class,0.6432246395908321,1.0,after 2015,1.0,0.0,10238,11000.0,sedan,1,0,0,0.0
85599,26-39,female,majority,10-19y,high school,poverty,,1.0,before 2015,0.0,0.0,10238,15000.0,sedan,1,0,0,0.0
7184,65+,female,majority,30y+,high school,upper class,0.5524704477115191,1.0,after 2015,1.0,1.0,10238,10000.0,sedan,4,0,8,0.0
920063,40-64,female,majority,20-29y,university,upper class,0.6799893874477569,0.0,after 2015,0.0,0.0,10238,16000.0,sedan,4,0,0,0.0
993501,26-39,male,majority,0-9y,high school,working class,,0.0,before 2015,1.0,1.0,32765,8000.0,sedan,0,0,0,0.0
635647,40-64,male,majority,20-29y,high school,upper class,0.5606472181250814,0.0,before 2015,0.0,1.0,32765,10000.0,sedan,2,0,4,0.0
470664,26-39,male,majority,0-9y,university,working class,0.2500917022572353,1.0,before 2015,0.0,1.0,10238,16000.0,sedan,0,0,0,1.0
591958,16-25,male,majority,0-9y,high school,working class,0.4894491078101466,0.0,before 2015,1.0,0.0,10238,12000.0,sedan,0,0,0,1.0
190062,26-39,male,majority,10-19y,high school,working class,0.372447204860674,1.0,before 2015,0.0,0.0,10238,14000.0,sedan,3,1,1,1.0
407928,65+,male,majority,10-19y,high school,upper class,0.4454055686003449,1.0,before 2015,1.0,1.0,10238,14000.0,sedan,1,0,2,0.0
380644,40-64,female,minority,10-19y,high school,upper class,0.5932952607036057,1.0,before 2015,1.0,1.0,32765,8000.0,sedan,2,1,0,0.0
559904,26-39,female,majority,0-9y,university,upper class,0.6874077602000476,1.0,before 2015,1.0,1.0,32765,9000.0,sedan,0,0,0,0.0
894556,65+,female,majority,30y+,high school,upper class,0.7093633038278796,0.0,after 2015,1.0,1.0,10238,11000.0,sedan,4,0,9,0.0
8605,16-25,female,majority,0-9y,university,poverty,0.5001587138540445,0.0,before 2015,1.0,1.0,32765,9000.0,sedan,0,0,0,0.0
397069,16-25,male,minority,0-9y,none,poverty,0.2474479455051233,0.0,before 2015,0.0,0.0,10238,,sedan,0,0,0,1.0
128172,26-39,male,majority,10-19y,university,upper class,,1.0,before 2015,1.0,1.0,10238,,sedan,1,0,2,0.0
791917,40-64,female,majority,20-29y,high school,upper class,0.6789547922251441,1.0,after 2015,1.0,0.0,32765,,sedan,7,0,0,0.0
492427,65+,male,majority,0-9y,university,upper class,0.5016231164587127,1.0,before 2015,1.0,1.0,10238,14000.0,sedan,0,0,0,1.0
884798,26-39,male,majority,10-19y,high school,middle class,0.5693098658760901,0.0,before 2015,1.0,1.0,10238,12000.0,sedan,3,0,2,0.0
113572,26-39,male,majority,10-19y,high school,middle class,0.5043595216849033,1.0,before 2015,0.0,0.0,21217,,sedan,0,0,0,1.0
849334,40-64,male,majority,10-19y,university,upper class,0.5990789728864245,0.0,after 2015,1.0,1.0,10238,8000.0,sedan,1,0,1,0.0
130132,26-39,male,majority,10-19y,high school,poverty,0.2537695780346572,0.0,before 2015,0.0,0.0,92101,15000.0,sedan,1,1,0,1.0
863474,40-64,male,majority,10-19y,university,upper class,0.7133739757784759,0.0,before 2015,0.0,0.0,10238,10000.0,sedan,4,0,1,0.0
765540,26-39,male,minority,10-19y,high school,middle class,0.5927251997599887,1.0,after 2015,0.0,1.0,32765,,sedan,2,1,2,0.0
921097,40-64,female,majority,20-29y,university,upper class,,1.0,after 2015,1.0,1.0,92101,11000.0,sedan,3,0,2,0.0
976334,16-25,male,majority,0-9y,high school,poverty,0.4508333570220496,0.0,before 2015,0.0,0.0,10238,14000.0,sedan,0,0,0,1.0
598271,26-39,female,majority,10-19y,university,middle class,0.5780625582423655,1.0,before 2015,0.0,0.0,10238,,sedan,0,0,0,0.0
201907,26-39,male,majority,0-9y,high school,middle class,0.5874184253702303,1.0,before 2015,0.0,0.0,10238,15000.0,sports car,0,0,0,0.0
507656,40-64,female,majority,20-29y,university,upper class,0.7419833551538102,1.0,after 2015,1.0,1.0,10238,12000.0,sports car,1,1,0,0.0
967747,26-39,female,majority,0-9y,high school,working class,0.3987313542454155,0.0,before 2015,0.0,1.0,10238,12000.0,sedan,0,0,0,0.0
271098,16-25,female,majority,0-9y,high school,poverty,0.3592160443049964,0.0,before 2015,1.0,1.0,32765,6000.0,sedan,0,0,0,0.0
557345,26-39,male,majority,10-19y,university,middle class,0.5423099054020178,1.0,before 2015,0.0,0.0,32765,,sedan,1,1,0,0.0
936784,26-39,female,minority,10-19y,none,poverty,0.3706813762670471,0.0,before 2015,0.0,0.0,10238,17000.0,sedan,1,0,0,1.0
486729,65+,female,majority,30y+,high school,upper class,0.6381004203412624,0.0,before 2015,1.0,1.0,10238,,sedan,2,1,4,0.0
184752,40-64,male,majority,20-29y,university,upper class,0.5902217017469229,1.0,before 2015,1.0,1.0,10238,8000.0,sedan,4,0,3,0.0
247210,16-25,male,majority,0-9y,high school,poverty,0.3489212338027023,0.0,before 2015,0.0,1.0,32765,,sedan,0,0,0,1.0
498650,65+,male,minority,10-19y,high school,upper class,0.5127680383278216,1.0,before 2015,0.0,0.0,10238,18000.0,sedan,0,0,0,0.0
573078,26-39,male,majority,0-9y,high school,middle class,0.4403405026714519,1.0,before 2015,0.0,0.0,10238,18000.0,sedan,0,0,0,1.0
360818,65+,female,majority,30y+,university,upper class,,0.0,after 2015,1.0,1.0,10238,11000.0,sports car,2,1,0,0.0
483174,26-39,male,majority,0-9y,university,upper class,0.4801721956073917,1.0,before 2015,0.0,0.0,10238,14000.0,sedan,0,0,0,1.0
109870,65+,female,majority,0-9y,high school,upper class,0.5614622301842259,1.0,after 2015,1.0,1.0,32765,4000.0,sedan,0,0,0,0.0
566066,40-64,female,majority,20-29y,high school,upper class,0.6479272957531299,1.0,before 2015,0.0,1.0,10238,12000.0,sedan,1,0,1,0.0
78172,26-39,male,majority,10-19y,university,middle class,,1.0,before 2015,1.0,0.0,10238,9000.0,sports car,2,1,0,0.0
163282,16-25,female,majority,0-9y,high school,working class,0.2763445973341886,0.0,before 2015,0.0,1.0,10238,15000.0,sports car,0,0,0,1.0
941468,65+,male,majority,0-9y,university,upper class,0.5535450317966117,1.0,before 2015,1.0,1.0,10238,11000.0,sedan,0,0,0,0.0
993569,26-39,female,majority,10-19y,none,middle class,0.6144328631450537,1.0,before 2015,0.0,0.0,10238,16000.0,sedan,0,0,1,0.0
431314,26-39,male,majority,0-9y,university,middle class,0.6477554969922709,1.0,before 2015,1.0,1.0,10238,,sedan,0,0,0,0.0
327702,26-39,male,majority,10-19y,none,poverty,0.4637100759339165,1.0,before 2015,0.0,1.0,10238,12000.0,sedan,4,0,1,0.0
16991,65+,female,majority,20-29y,university,upper class,0.5722172659561666,1.0,before 2015,1.0,1.0,10238,9000.0,sports car,3,1,0,0.0
414136,16-25,male,minority,0-9y,none,poverty,0.2780592730162457,0.0,before 2015,0.0,0.0,32765,13000.0,sedan,0,0,0,1.0
383237,16-25,male,majority,0-9y,none,poverty,0.3108475813289624,1.0,before 2015,0.0,1.0,10238,,sedan,0,0,0,1.0
851152,26-39,female,majority,10-19y,none,working class,,0.0,before 2015,1.0,1.0,10238,,sedan,0,0,1,0.0
882775,16-25,female,majority,0-9y,high school,working class,0.4237711447220497,1.0,after 2015,0.0,0.0,32765,13000.0,sedan,0,0,0,1.0
509738,26-39,male,majority,0-9y,university,upper class,0.4562250485636365,1.0,after 2015,0.0,1.0,10238,13000.0,sedan,0,0,0,0.0
105389,26-39,female,majority,10-19y,none,working class,0.3350076408868216,1.0,before 2015,0.0,0.0,10238,16000.0,sedan,1,0,0,0.0
576932,16-25,female,majority,0-9y,university,working class,0.3524008983182698,0.0,before 2015,0.0,1.0,32765,12000.0,sedan,0,0,0,1.0
489949,65+,female,majority,10-19y,high school,upper class,0.692112519652541,1.0,before 2015,1.0,1.0,10238,13000.0,sedan,0,0,0,0.0
864601,16-25,male,majority,0-9y,high school,poverty,0.3398648345906033,0.0,before 2015,0.0,0.0,10238,16000.0,sedan,0,0,0,1.0
73883,26-39,female,majority,10-19y,university,upper class,0.687002119857287,0.0,before 2015,1.0,1.0,10238,9000.0,sedan,1,1,1,1.0
163142,65+,male,majority,30y+,university,upper class,0.5571016855346206,1.0,after 2015,0.0,1.0,10238,10000.0,sedan,9,0,3,0.0
112524,26-39,male,majority,10-19y,university,upper class,0.6527432465482012,1.0,before 2015,0.0,1.0,10238,11000.0,sedan,1,0,2,0.0
286212,16-25,male,majority,0-9y,high school,poverty,0.203690934418108,1.0,before 2015,0.0,0.0,10238,14000.0,sedan,0,0,0,1.0
625639,26-39,male,majority,10-19y,university,upper class,0.6859577669209735,1.0,before 2015,1.0,1.0,10238,10000.0,sedan,1,2,1,0.0
772387,40-64,male,majority,20-29y,high school,middle class,0.5829767916139257,0.0,before 2015,1.0,1.0,10238,14000.0,sedan,2,0,1,0.0
552861,65+,male,majority,30y+,university,middle class,0.344829978720007,1.0,before 2015,0.0,1.0,32765,,sedan,6,1,2,0.0
84792,26-39,female,majority,10-19y,university,upper class,,1.0,after 2015,0.0,0.0,10238,12000.0,sedan,0,0,1,0.0
551000,40-64,male,majority,20-29y,university,upper class,0.6249151692479712,1.0,after 2015,0.0,1.0,10238,12000.0,sedan,2,0,1,0.0
440993,16-25,male,majority,0-9y,university,working class,0.3707348173567914,1.0,before 2015,0.0,0.0,10238,12000.0,sedan,0,0,0,1.0
162129,16-25,male,majority,0-9y,university,working class,0.5423278808698635,0.0,before 2015,0.0,0.0,32765,14000.0,sedan,0,0,0,1.0
772474,26-39,male,majority,10-19y,high school,poverty,0.3983986936411343,0.0,before 2015,1.0,1.0,10238,11000.0,sedan,1,0,1,0.0
990159,65+,male,majority,30y+,high school,upper class,0.6573853491786664,1.0,before 2015,1.0,1.0,10238,9000.0,sedan,7,0,8,0.0
217002,16-25,male,majority,0-9y,high school,poverty,0.3863880207638034,0.0,before 2015,0.0,0.0,10238,13000.0,sedan,0,0,0,1.0
965317,26-39,male,majority,0-9y,university,upper class,,0.0,after 2015,0.0,1.0,10238,11000.0,sedan,0,0,0,1.0
446063,16-25,male,majority,0-9y,none,poverty,0.371813066706245,0.0,before 2015,0.0,1.0,32765,8000.0,sedan,0,0,0,1.0
60951,16-25,female,majority,0-9y,high school,working class,0.3643273511086715,1.0,before 2015,0.0,0.0,32765,18000.0,sedan,0,0,0,1.0
466578,26-39,female,majority,10-19y,high school,middle class,0.5267473391434415,1.0,after 2015,0.0,1.0,10238,14000.0,sedan,0,0,0,0.0
640704,16-25,female,majority,0-9y,high school,working class,0.4338402932332741,1.0,before 2015,1.0,0.0,32765,11000.0,sedan,0,0,0,0.0
135565,26-39,female,majority,10-19y,university,working class,,0.0,before 2015,0.0,0.0,21217,13000.0,sedan,0,0,1,1.0
758277,16-25,male,majority,0-9y,high school,upper class,0.5066478748732997,1.0,before 2015,0.0,1.0,10238,17000.0,sedan,0,0,0,1.0
127862,26-39,male,majority,10-19y,high school,middle class,0.4682312487922276,0.0,after 2015,0.0,1.0,10238,,sedan,1,0,3,0.0
651342,40-64,male,majority,20-29y,high school,working class,0.51038152684021,1.0,before 2015,0.0,0.0,10238,15000.0,sedan,2,0,5,0.0
861645,40-64,male,majority,20-29y,high school,poverty,0.2651149490079868,0.0,before 2015,0.0,1.0,10238,14000.0,sedan,4,2,2,0.0
975718,40-64,female,majority,0-9y,university,upper class,0.4840149273174377,1.0,after 2015,1.0,1.0,10238,10000.0,sedan,0,0,0,0.0
225143,40-64,male,majority,20-29y,university,upper class,0.6150681575582413,1.0,after 2015,1.0,1.0,10238,11000.0,sedan,1,0,3,0.0
331467,26-39,male,majority,0-9y,none,poverty,0.298678278073503,0.0,before 2015,0.0,0.0,10238,16000.0,sedan,0,0,0,1.0
118073,26-39,male,majority,10-19y,high school,upper class,0.4149491483789273,1.0,before 2015,1.0,1.0,10238,9000.0,sedan,0,0,1,0.0
76313,65+,male,majority,20-29y,high school,upper class,0.6368800363562604,1.0,before 2015,1.0,1.0,32765,6000.0,sedan,10,0,3,0.0
545108,65+,female,majority,20-29y,none,middle class,0.527208345033553,1.0,before 2015,0.0,1.0,32765,13000.0,sedan,1,1,2,1.0
161832,40-64,female,majority,0-9y,none,working class,0.5038597346352107,0.0,before 2015,1.0,1.0,10238,11000.0,sedan,0,0,0,1.0
937771,26-39,male,majority,10-19y,high school,upper class,0.5411583382830242,1.0,after 2015,0.0,1.0,10238,10000.0,sedan,1,0,2,0.0
773045,65+,female,minority,20-29y,university,upper class,0.7351303352292949,0.0,after 2015,0.0,1.0,10238,11000.0,sedan,0,0,3,0.0
238126,40-64,male,majority,0-9y,university,upper class,0.502503312527169,1.0,after 2015,0.0,1.0,32765,7000.0,sedan,0,0,0,0.0
4747,40-64,female,majority,20-29y,none,middle class,0.6534312027273705,1.0,before 2015,0.0,1.0,10238,10000.0,sedan,0,0,0,0.0
607845,26-39,female,majority,10-19y,university,upper class,0.7008514124485435,1.0,before 2015,0.0,1.0,32765,10000.0,sedan,3,0,1,1.0
592880,26-39,male,majority,10-19y,high school,middle class,0.4584271899596414,0.0,after 2015,0.0,1.0,10238,17000.0,sedan,0,0,0,1.0
9289,16-25,female,majority,0-9y,university,upper class,0.6338175350480558,1.0,before 2015,1.0,1.0,10238,7000.0,sedan,0,0,0,1.0
855264,65+,female,majority,0-9y,university,upper class,0.6245493379924929,1.0,before 2015,0.0,1.0,32765,9000.0,sedan,0,0,0,1.0
348388,26-39,male,majority,10-19y,university,middle class,0.5418672821303814,0.0,before 2015,1.0,0.0,32765,6000.0,sedan,3,2,1,0.0
607487,65+,male,minority,30y+,high school,middle class,0.434205848653748,1.0,before 2015,1.0,1.0,10238,6000.0,sedan,6,1,8,0.0
590453,40-64,female,majority,20-29y,none,working class,,1.0,before 2015,0.0,1.0,92101,12000.0,sedan,2,0,0,0.0
89713,26-39,male,majority,0-9y,high school,middle class,0.5197055835934128,1.0,before 2015,0.0,0.0,10238,13000.0,sedan,0,0,0,1.0
495404,26-39,male,majority,0-9y,university,upper class,0.4966414602056878,1.0,after 2015,0.0,0.0,32765,14000.0,sedan,0,0,0,0.0
741452,16-25,female,minority,0-9y,high school,poverty,0.4575970504976258,1.0,before 2015,0.0,0.0,10238,15000.0,sedan,0,0,0,0.0
713809,16-25,female,majority,0-9y,high school,poverty,0.5284744290047411,0.0,before 2015,0.0,0.0,10238,20000.0,sedan,0,0,0,1.0
377194,40-64,female,majority,20-29y,high school,upper class,,1.0,after 2015,1.0,1.0,10238,10000.0,sports car,1,0,2,0.0
890778,40-64,female,majority,20-29y,university,middle class,0.5464164840061576,1.0,before 2015,1.0,0.0,10238,10000.0,sedan,4,0,3,0.0
112454,26-39,male,majority,0-9y,none,poverty,0.3482357882933829,0.0,before 2015,1.0,1.0,32765,7000.0,sedan,0,0,0,1.0
628082,26-39,male,majority,10-19y,high school,working class,0.4606261840596258,1.0,before 2015,1.0,0.0,32765,10000.0,sedan,3,1,2,0.0
35051,26-39,female,majority,0-9y,high school,working class,0.2428566469410784,1.0,before 2015,1.0,1.0,10238,11000.0,sedan,0,0,0,0.0
211993,65+,male,majority,10-19y,university,upper class,0.5528902169259813,1.0,before 2015,1.0,1.0,10238,9000.0,sedan,2,1,5,0.0
372985,16-25,female,majority,0-9y,university,working class,0.4834977826092593,0.0,before 2015,0.0,1.0,10238,9000.0,sedan,0,0,0,1.0
840029,26-39,female,minority,10-19y,none,poverty,0.3489741682186933,0.0,before 2015,0.0,1.0,10238,14000.0,sedan,0,0,0,0.0
525422,26-39,male,majority,0-9y,university,upper class,0.6292971341820589,1.0,after 2015,1.0,1.0,10238,10000.0,sedan,0,0,0,0.0
24843,16-25,male,majority,0-9y,high school,poverty,0.3651767737128879,0.0,before 2015,0.0,1.0,10238,7000.0,sedan,0,0,0,1.0
983137,26-39,female,minority,10-19y,none,working class,0.4528159473200856,0.0,before 2015,0.0,1.0,32765,12000.0,sedan,0,0,0,1.0
607238,65+,male,majority,30y+,university,upper class,0.7123848645541435,1.0,before 2015,1.0,1.0,10238,9000.0,sedan,3,0,6,0.0
215537,16-25,female,majority,0-9y,high school,working class,0.5092381076694258,0.0,after 2015,1.0,0.0,10238,,sedan,0,0,0,0.0
384487,16-25,male,majority,0-9y,high school,working class,,0.0,before 2015,0.0,0.0,10238,13000.0,sedan,0,0,0,1.0
921978,40-64,male,minority,20-29y,none,working class,0.2917081032559605,0.0,after 2015,0.0,1.0,32765,10000.0,sedan,9,0,2,0.0
171600,26-39,female,majority,10-19y,none,poverty,0.4475562405871088,1.0,before 2015,0.0,0.0,10238,17000.0,sedan,1,0,0,1.0
580209,40-64,male,minority,10-19y,high school,upper class,0.7243925070753335,1.0,after 2015,1.0,1.0,10238,7000.0,sedan,2,0,4,0.0
855349,26-39,male,majority,10-19y,high school,middle class,0.7534458230449081,1.0,before 2015,0.0,0.0,32765,12000.0,sedan,4,0,1,0.0
657711,26-39,male,majority,10-19y,high school,upper class,0.6074493976689813,1.0,after 2015,0.0,0.0,10238,20000.0,sedan,0,1,1,1.0
390473,26-39,male,majority,10-19y,high school,working class,,1.0,before 2015,0.0,1.0,10238,16000.0,sports car,0,1,1,0.0
161784,26-39,female,majority,0-9y,none,poverty,0.2076497221944782,0.0,before 2015,1.0,1.0,10238,11000.0,sedan,0,0,0,1.0
913429,65+,female,majority,30y+,university,upper class,0.7573618236272646,1.0,before 2015,0.0,1.0,10238,11000.0,sedan,3,1,0,0.0
210010,65+,male,majority,0-9y,university,upper class,0.6207631255663467,1.0,after 2015,1.0,1.0,32765,7000.0,sedan,0,0,0,1.0
422329,65+,female,majority,30y+,university,upper class,,1.0,before 2015,0.0,1.0,10238,10000.0,sedan,5,0,1,0.0
63508,16-25,female,majority,0-9y,high school,poverty,0.4287138097752097,0.0,before 2015,1.0,1.0,10238,13000.0,sedan,0,0,0,1.0
233711,40-64,female,majority,20-29y,university,upper class,0.612433309524402,1.0,before 2015,0.0,1.0,10238,10000.0,sedan,0,0,2,0.0
705310,40-64,male,minority,0-9y,none,middle class,0.385141018106485,1.0,after 2015,1.0,0.0,10238,13000.0,sedan,0,0,0,0.0
880820,65+,male,majority,30y+,university,upper class,0.4955533459614399,1.0,after 2015,1.0,1.0,10238,13000.0,sedan,3,1,3,0.0
830294,65+,female,minority,30y+,high school,middle class,,1.0,before 2015,1.0,1.0,92101,13000.0,sedan,1,1,2,0.0
594112,65+,male,majority,30y+,high school,middle class,,1.0,before 2015,0.0,1.0,32765,11000.0,sedan,7,2,3,0.0
634006,26-39,male,majority,10-19y,university,upper class,0.6467083588488515,0.0,after 2015,1.0,0.0,32765,11000.0,sedan,6,0,1,0.0
419018,16-25,female,majority,0-9y,high school,working class,0.3198732815128818,0.0,before 2015,0.0,0.0,92101,,sedan,0,0,0,1.0
433183,26-39,female,majority,10-19y,none,working class,0.4910380133996946,1.0,before 2015,0.0,1.0,10238,16000.0,sedan,0,0,0,1.0
522707,65+,male,majority,30y+,high school,upper class,0.5944585157381121,1.0,before 2015,1.0,0.0,10238,14000.0,sedan,4,0,4,0.0
880371,26-39,male,majority,10-19y,high school,poverty,0.2606224091335968,0.0,before 2015,0.0,1.0,32765,12000.0,sedan,6,0,0,0.0
920252,65+,female,majority,20-29y,university,upper class,0.6656943190857183,1.0,after 2015,1.0,1.0,10238,10000.0,sedan,2,0,1,0.0
971543,16-25,male,majority,0-9y,high school,poverty,0.2104283800148802,0.0,before 2015,0.0,0.0,10238,15000.0,sedan,0,0,0,1.0
906649,16-25,female,majority,0-9y,high school,poverty,0.3904928315382309,0.0,before 2015,0.0,0.0,10238,11000.0,sedan,0,0,0,1.0
926255,65+,female,majority,30y+,university,upper class,0.5326246407175399,0.0,before 2015,1.0,0.0,10238,11000.0,sedan,1,0,1,0.0
294244,26-39,male,majority,10-19y,none,working class,0.3184456295189433,1.0,before 2015,1.0,1.0,10238,13000.0,sports car,1,0,2,0.0
65898,65+,female,majority,10-19y,high school,middle class,0.6212693959586079,1.0,before 2015,1.0,1.0,10238,10000.0,sedan,1,1,1,0.0
520977,16-25,female,majority,0-9y,high school,poverty,0.2964579189655135,0.0,before 2015,0.0,1.0,10238,13000.0,sedan,0,0,0,0.0
402988,26-39,female,majority,10-19y,university,upper class,0.7417184644820252,1.0,after 2015,1.0,1.0,10238,11000.0,sedan,0,0,0,0.0
650065,65+,male,majority,30y+,university,upper class,,1.0,before 2015,1.0,1.0,10238,8000.0,sedan,4,0,5,0.0
795366,16-25,female,majority,0-9y,none,poverty,,0.0,before 2015,0.0,0.0,10238,14000.0,sedan,0,0,0,1.0
854754,40-64,male,majority,20-29y,high school,upper class,0.4903766586426402,1.0,after 2015,1.0,0.0,10238,16000.0,sedan,0,1,2,0.0
182758,16-25,male,majority,0-9y,high school,poverty,,0.0,before 2015,0.0,0.0,10238,14000.0,sedan,0,0,0,1.0
968311,65+,male,majority,10-19y,university,upper class,0.5787321513939002,1.0,after 2015,1.0,1.0,10238,7000.0,sedan,2,0,1,0.0
7048,16-25,male,majority,0-9y,university,upper class,,1.0,after 2015,0.0,0.0,10238,17000.0,sedan,0,0,0,0.0
21512,26-39,female,majority,10-19y,university,upper class,0.5188882562309625,1.0,after 2015,1.0,1.0,10238,9000.0,sedan,0,0,1,0.0
617007,40-64,male,majority,10-19y,university,upper class,0.5128461364179456,1.0,after 2015,1.0,1.0,10238,10000.0,sedan,4,0,2,0.0
663444,40-64,female,majority,10-19y,university,upper class,0.5842434269819075,1.0,before 2015,1.0,1.0,10238,9000.0,sedan,1,0,0,0.0
528908,26-39,male,majority,10-19y,high school,upper class,0.586404603348796,1.0,after 2015,1.0,1.0,32765,2000.0,sedan,3,0,1,0.0
700776,26-39,female,minority,10-19y,high school,upper class,,0.0,before 2015,0.0,0.0,10238,13000.0,sedan,1,0,1,0.0
132062,26-39,female,minority,0-9y,high school,working class,0.4521636357034289,1.0,before 2015,0.0,0.0,10238,15000.0,sedan,0,0,0,1.0
875379,40-64,male,minority,20-29y,university,upper class,0.6069875300207482,1.0,before 2015,0.0,1.0,10238,11000.0,sedan,3,1,3,0.0
140764,26-39,male,majority,10-19y,none,poverty,,0.0,before 2015,0.0,0.0,10238,12000.0,sedan,1,0,1,1.0
861693,65+,female,majority,10-19y,university,upper class,,1.0,before 2015,1.0,1.0,10238,12000.0,sedan,0,0,0,0.0
485351,65+,male,majority,0-9y,university,upper class,0.4750104979182919,1.0,after 2015,0.0,0.0,32765,11000.0,sedan,0,0,0,0.0
2654,16-25,male,majority,0-9y,high school,poverty,0.2266204187196561,0.0,before 2015,0.0,1.0,10238,12000.0,sedan,0,0,0,1.0
962343,65+,male,majority,0-9y,university,upper class,,1.0,before 2015,1.0,0.0,10238,12000.0,sedan,0,0,0,0.0
443217,16-25,female,majority,0-9y,high school,poverty,0.3803445345644651,0.0,before 2015,0.0,0.0,32765,15000.0,sedan,0,0,0,1.0
701634,16-25,male,majority,0-9y,high school,poverty,0.2143218397025281,1.0,before 2015,0.0,0.0,32765,15000.0,sedan,0,0,0,1.0
550637,16-25,female,majority,0-9y,none,poverty,0.3959679247361437,0.0,before 2015,0.0,1.0,10238,14000.0,sedan,0,0,0,1.0
810830,40-64,male,majority,20-29y,high school,working class,0.492792355183104,0.0,before 2015,1.0,1.0,10238,11000.0,sedan,4,0,3,0.0
622631,40-64,female,majority,20-29y,university,upper class,0.5228435801363425,1.0,before 2015,1.0,0.0,10238,14000.0,sedan,0,1,2,0.0
569710,40-64,female,minority,0-9y,none,upper class,0.4961001371598092,1.0,after 2015,1.0,0.0,92101,14000.0,sedan,0,0,0,0.0
867300,65+,male,majority,0-9y,university,upper class,0.5183450827189473,1.0,after 2015,0.0,0.0,92101,,sedan,0,0,0,0.0
759694,40-64,female,majority,0-9y,university,upper class,0.6637738894818269,0.0,before 2015,1.0,1.0,10238,11000.0,sedan,0,0,0,0.0
199651,16-25,male,majority,0-9y,high school,working class,0.3667668775354431,1.0,before 2015,0.0,1.0,32765,,sedan,0,0,0,1.0
769972,65+,male,majority,30y+,high school,upper class,0.5426244160681951,0.0,before 2015,1.0,1.0,10238,11000.0,sedan,1,2,5,0.0
311722,16-25,female,majority,0-9y,none,poverty,0.3729905825054102,1.0,before 2015,0.0,0.0,10238,15000.0,sedan,0,0,0,0.0
727706,65+,male,majority,10-19y,university,upper class,0.5517639856736082,0.0,before 2015,1.0,1.0,10238,9000.0,sedan,0,0,2,1.0
987946,40-64,male,majority,20-29y,high school,working class,0.3257088395291581,1.0,before 2015,0.0,1.0,32765,10000.0,sedan,6,1,2,0.0
81474,26-39,female,majority,0-9y,high school,middle class,0.5891423791815076,0.0,after 2015,1.0,1.0,10238,10000.0,sedan,0,0,0,0.0
605896,26-39,female,majority,10-19y,none,poverty,0.3262403387046744,1.0,before 2015,0.0,1.0,32765,13000.0,sedan,2,0,0,1.0
392953,26-39,female,majority,0-9y,high school,middle class,0.4722447576591855,0.0,before 2015,1.0,0.0,32765,8000.0,sedan,0,0,0,1.0
600491,26-39,female,majority,10-19y,high school,working class,0.4263980866133057,0.0,before 2015,0.0,1.0,10238,14000.0,sedan,0,0,0,0.0
614254,65+,female,majority,30y+,high school,upper class,0.6080699138239518,1.0,before 2015,1.0,1.0,32765,7000.0,sedan,3,2,0,0.0
313857,16-25,female,minority,0-9y,none,poverty,0.3597423112305584,0.0,before 2015,0.0,0.0,10238,16000.0,sedan,0,0,0,1.0
575492,26-39,female,majority,10-19y,none,poverty,0.3440723769349517,1.0,before 2015,0.0,1.0,10238,15000.0,sedan,0,0,2,0.0
113911,26-39,female,minority,10-19y,high school,middle class,0.5850571880333831,0.0,before 2015,0.0,1.0,32765,8000.0,sedan,2,0,1,0.0
41820,40-64,female,majority,0-9y,high school,working class,0.4096777740824082,0.0,before 2015,0.0,0.0,10238,13000.0,sedan,0,0,0,1.0
74109,65+,female,majority,30y+,high school,upper class,0.7325167189145091,1.0,after 2015,0.0,1.0,10238,14000.0,sedan,1,1,1,0.0
683927,40-64,female,majority,20-29y,university,middle class,0.5849341635897704,0.0,before 2015,1.0,1.0,32765,7000.0,sedan,1,1,0,0.0
555049,26-39,female,majority,0-9y,high school,upper class,0.5317340905527375,1.0,before 2015,1.0,1.0,10238,14000.0,sedan,0,0,0,1.0
634176,40-64,male,majority,20-29y,high school,middle class,0.3714854162402074,1.0,before 2015,1.0,1.0,10238,,sedan,3,0,5,0.0
906507,40-64,female,majority,10-19y,university,upper class,0.5171310078682555,1.0,after 2015,1.0,1.0,32765,,sedan,2,0,0,0.0
265676,16-25,male,majority,0-9y,none,poverty,0.1693395631005956,0.0,before 2015,0.0,0.0,10238,14000.0,sedan,0,0,0,1.0
121496,40-64,male,majority,0-9y,none,middle class,0.5491989032257741,1.0,after 2015,1.0,1.0,10238,7000.0,sedan,0,0,0,0.0
973470,16-25,male,minority,0-9y,university,middle class,0.4699857525886301,1.0,before 2015,0.0,1.0,32765,11000.0,sedan,0,0,0,1.0
422563,40-64,male,majority,20-29y,university,upper class,0.6651879748430346,0.0,before 2015,0.0,1.0,10238,14000.0,sedan,2,0,1,0.0
89633,40-64,female,majority,20-29y,university,upper class,0.7005824087005094,1.0,after 2015,1.0,1.0,32765,,sedan,3,2,2,0.0
77873,40-64,male,minority,0-9y,university,upper class,0.5586854907694557,1.0,after 2015,1.0,1.0,10238,10000.0,sedan,0,0,0,0.0
18850,26-39,female,minority,10-19y,high school,poverty,0.175240246078814,0.0,before 2015,1.0,1.0,10238,14000.0,sedan,1,0,0,0.0
843827,26-39,female,majority,10-19y,university,upper class,0.5156581144811223,0.0,before 2015,0.0,1.0,10238,15000.0,sedan,0,0,1,0.0
324448,16-25,male,minority,0-9y,none,poverty,0.2652885371930958,0.0,before 2015,0.0,1.0,32765,,sedan,0,0,0,1.0
366481,26-39,female,majority,0-9y,high school,working class,0.592974630453278,0.0,before 2015,0.0,1.0,32765,10000.0,sedan,0,0,0,1.0
839572,40-64,male,majority,20-29y,high school,working class,0.4529442316093683,0.0,before 2015,1.0,1.0,10238,12000.0,sedan,3,0,1,0.0
818433,16-25,male,majority,0-9y,university,working class,0.2350866512184662,1.0,after 2015,0.0,0.0,10238,17000.0,sedan,0,0,0,0.0
671872,26-39,female,majority,10-19y,high school,working class,0.3715865728965999,0.0,before 2015,1.0,1.0,32765,11000.0,sedan,1,2,0,1.0
760083,65+,female,majority,30y+,university,upper class,0.7317510997528144,0.0,before 2015,0.0,1.0,10238,11000.0,sports car,3,1,3,0.0
380555,65+,male,majority,10-19y,university,upper class,,1.0,after 2015,0.0,0.0,10238,16000.0,sedan,1,0,0,0.0
809040,40-64,female,majority,20-29y,university,upper class,0.7754948133696272,0.0,after 2015,0.0,1.0,10238,14000.0,sedan,3,0,1,0.0
210978,40-64,female,majority,0-9y,high school,working class,0.5321225124933344,0.0,before 2015,0.0,0.0,10238,16000.0,sedan,0,0,0,1.0
201203,40-64,female,majority,20-29y,university,middle class,0.628190237209943,0.0,after 2015,0.0,0.0,32765,,sedan,0,0,0,0.0
220269,65+,female,majority,30y+,university,upper class,0.5824680179178995,1.0,before 2015,0.0,1.0,10238,14000.0,sedan,1,1,3,0.0
430796,40-64,female,majority,20-29y,none,upper class,0.6005077593091429,1.0,after 2015,0.0,1.0,10238,15000.0,sedan,0,1,1,0.0
31654,65+,male,minority,30y+,university,upper class,0.4698487774216746,1.0,after 2015,0.0,1.0,10238,12000.0,sedan,8,1,10,0.0
999039,26-39,female,majority,10-19y,university,middle class,0.4970631199385591,1.0,before 2015,1.0,1.0,32765,8000.0,sedan,1,0,0,0.0
992975,65+,female,majority,10-19y,none,middle class,0.6827064892633193,1.0,after 2015,0.0,1.0,32765,11000.0,sedan,3,0,0,0.0
454809,26-39,male,majority,0-9y,university,middle class,0.4280803263315709,0.0,before 2015,1.0,1.0,10238,7000.0,sedan,0,0,0,1.0
949343,26-39,female,majority,10-19y,high school,working class,0.3688705897717839,1.0,before 2015,0.0,0.0,10238,13000.0,sedan,0,0,0,0.0
89787,16-25,female,majority,0-9y,none,poverty,0.3543835237013797,1.0,before 2015,1.0,0.0,32765,13000.0,sedan,0,0,0,1.0
80718,26-39,male,majority,10-19y,university,upper class,0.6227949196734675,1.0,after 2015,1.0,1.0,10238,,sedan,1,0,2,0.0
823976,26-39,female,majority,10-19y,high school,working class,0.6027156169402226,1.0,after 2015,0.0,1.0,32765,12000.0,sedan,3,1,0,0.0
980800,65+,male,majority,30y+,university,upper class,0.6385371846477582,1.0,before 2015,1.0,1.0,10238,8000.0,sports car,4,0,8,0.0
542236,26-39,male,minority,10-19y,none,working class,0.436944194154781,1.0,before 2015,0.0,0.0,10238,12000.0,sedan,3,0,0,0.0
981019,26-39,female,majority,10-19y,high school,middle class,0.4592168939388092,1.0,before 2015,0.0,1.0,32765,,sedan,1,1,1,0.0
875592,40-64,male,majority,20-29y,university,upper class,0.5064172047172271,1.0,before 2015,0.0,1.0,32765,12000.0,sedan,4,1,1,0.0
347755,65+,male,minority,0-9y,university,upper class,0.6814422418900506,1.0,after 2015,1.0,1.0,10238,9000.0,sedan,0,0,0,0.0
273595,65+,female,majority,10-19y,university,upper class,0.4719024225308068,1.0,after 2015,1.0,1.0,10238,13000.0,sedan,0,0,0,0.0
313903,16-25,male,majority,0-9y,none,poverty,,0.0,before 2015,0.0,0.0,10238,14000.0,sedan,0,0,0,1.0
201418,26-39,female,majority,10-19y,university,working class,0.4048654473735125,1.0,before 2015,0.0,0.0,10238,16000.0,sedan,0,0,0,1.0
265296,40-64,female,majority,20-29y,high school,working class,0.4520404049216578,0.0,before 2015,0.0,1.0,32765,10000.0,sedan,0,2,0,0.0
35009,16-25,male,majority,0-9y,none,working class,0.3240569486205867,0.0,before 2015,1.0,1.0,32765,9000.0,sedan,0,0,0,1.0
707885,40-64,male,majority,20-29y,high school,working class,0.456883464869468,1.0,before 2015,0.0,1.0,32765,13000.0,sedan,5,0,1,0.0
378383,26-39,male,majority,10-19y,none,poverty,0.3708743122219038,0.0,before 2015,0.0,0.0,10238,12000.0,sedan,0,0,1,0.0
278596,26-39,female,majority,10-19y,high school,working class,0.5817659713567438,0.0,before 2015,0.0,0.0,10238,17000.0,sedan,0,0,0,1.0
277842,16-25,female,majority,0-9y,high school,poverty,0.5026227727549983,1.0,before 2015,1.0,0.0,10238,10000.0,sedan,0,0,0,0.0
458071,26-39,male,majority,0-9y,university,upper class,0.4303346446522289,1.0,before 2015,1.0,1.0,32765,11000.0,sedan,0,0,0,0.0
695567,26-39,male,majority,10-19y,high school,middle class,,1.0,before 2015,1.0,0.0,10238,12000.0,sedan,1,0,1,0.0
65962,26-39,male,majority,0-9y,high school,working class,,1.0,before 2015,0.0,1.0,32765,14000.0,sedan,0,0,0,1.0
398376,26-39,male,majority,0-9y,none,middle class,0.417634288834272,1.0,before 2015,1.0,1.0,10238,10000.0,sedan,0,0,0,0.0
471696,40-64,male,majority,10-19y,university,middle class,0.3803560286607813,0.0,before 2015,1.0,1.0,10238,8000.0,sedan,2,0,2,1.0
239209,65+,male,majority,30y+,high school,upper class,0.6747867912236135,1.0,before 2015,0.0,1.0,10238,12000.0,sedan,6,0,7,0.0
219553,26-39,male,majority,10-19y,university,upper class,0.7492616372893721,1.0,before 2015,0.0,0.0,10238,13000.0,sedan,0,0,0,0.0
634266,40-64,male,majority,20-29y,high school,upper class,0.6728746331104438,0.0,after 2015,1.0,1.0,10238,8000.0,sedan,3,0,2,0.0
284446,16-25,male,majority,0-9y,university,middle class,0.4902259461404842,1.0,before 2015,0.0,1.0,10238,13000.0,sedan,0,0,0,1.0
26836,40-64,female,majority,10-19y,university,upper class,0.6657579836268851,1.0,before 2015,1.0,1.0,10238,,sedan,1,0,0,0.0
706349,65+,male,majority,10-19y,university,upper class,0.7270329897821235,1.0,before 2015,1.0,1.0,10238,10000.0,sedan,1,1,2,0.0
25215,65+,female,minority,0-9y,high school,upper class,0.7089001773362056,1.0,after 2015,0.0,1.0,10238,11000.0,sedan,0,0,0,0.0
867562,40-64,female,majority,20-29y,university,upper class,,1.0,after 2015,1.0,1.0,10238,15000.0,sedan,0,0,1,0.0
982150,16-25,male,majority,0-9y,university,middle class,0.4788538424981473,0.0,before 2015,1.0,0.0,10238,16000.0,sedan,0,0,0,1.0
279225,40-64,male,majority,10-19y,high school,middle class,0.6244125383903321,1.0,before 2015,0.0,1.0,32765,11000.0,sedan,4,0,0,1.0
402116,16-25,male,majority,0-9y,high school,poverty,0.4466288938870481,0.0,before 2015,0.0,0.0,10238,16000.0,sedan,0,0,0,1.0
787277,40-64,female,minority,20-29y,high school,upper class,0.6341130347959856,1.0,before 2015,1.0,1.0,10238,12000.0,sedan,3,0,1,0.0
157696,26-39,male,majority,10-19y,university,working class,0.340278741649701,0.0,before 2015,0.0,0.0,32765,12000.0,sedan,4,2,2,1.0
128369,40-64,male,majority,20-29y,university,upper class,0.6953231970861331,0.0,before 2015,1.0,1.0,32765,7000.0,sedan,3,1,1,0.0
739999,40-64,female,minority,10-19y,university,middle class,0.5638599791376707,0.0,before 2015,1.0,1.0,10238,13000.0,sedan,0,0,1,0.0
723172,16-25,female,majority,0-9y,university,middle class,0.4452397305357933,1.0,before 2015,0.0,0.0,10238,,sedan,0,0,0,0.0
24832,65+,male,majority,10-19y,university,upper class,0.512299236712214,1.0,after 2015,1.0,1.0,32765,8000.0,sedan,3,0,2,0.0
195743,16-25,female,majority,0-9y,none,poverty,0.4633027803572463,0.0,before 2015,0.0,0.0,10238,17000.0,sedan,0,0,0,1.0
373953,65+,male,majority,0-9y,university,upper class,0.4857196085460185,1.0,before 2015,1.0,1.0,10238,11000.0,sedan,0,0,0,0.0
245004,40-64,male,majority,10-19y,university,upper class,0.7351283436011039,1.0,before 2015,0.0,1.0,10238,11000.0,sedan,3,1,0,0.0
783149,40-64,female,majority,10-19y,university,upper class,0.7206610780215068,1.0,after 2015,1.0,1.0,10238,9000.0,sedan,4,0,0,0.0
247930,26-39,male,majority,10-19y,high school,working class,0.5746291487013679,1.0,after 2015,1.0,0.0,10238,14000.0,sedan,0,0,1,0.0
716007,16-25,female,majority,0-9y,none,poverty,0.5142351891507717,0.0,before 2015,0.0,1.0,10238,13000.0,sedan,0,0,0,1.0
953021,26-39,male,majority,0-9y,university,middle class,0.4739316494372351,1.0,after 2015,0.0,1.0,10238,,sedan,0,0,0,0.0
853899,40-64,male,majority,0-9y,none,poverty,0.3467482556316243,1.0,before 2015,0.0,1.0,32765,9000.0,sedan,0,0,0,1.0
156736,40-64,female,majority,20-29y,high school,middle class,0.4331407796093584,1.0,after 2015,1.0,0.0,10238,14000.0,sedan,0,0,2,0.0
768784,65+,female,majority,30y+,university,upper class,0.6751971538113963,1.0,before 2015,0.0,1.0,10238,10000.0,sports car,2,0,2,0.0
985408,26-39,male,majority,10-19y,university,upper class,0.6468445561336958,1.0,before 2015,0.0,1.0,32765,10000.0,sedan,4,1,0,0.0
701574,40-64,male,minority,20-29y,university,upper class,0.5430953673667149,1.0,before 2015,1.0,1.0,10238,11000.0,sedan,4,2,2,0.0
643790,26-39,female,majority,10-19y,university,middle class,0.5984971836466728,1.0,before 2015,0.0,1.0,10238,12000.0,sedan,0,0,1,0.0
110873,65+,male,majority,0-9y,high school,upper class,0.5623645761675636,1.0,after 2015,1.0,1.0,10238,9000.0,sedan,0,0,0,0.0
331227,16-25,female,majority,0-9y,university,working class,0.4877696980616919,1.0,before 2015,0.0,0.0,32765,11000.0,sedan,0,0,0,1.0
62485,40-64,male,majority,20-29y,university,upper class,0.5575315995275689,1.0,before 2015,1.0,1.0,10238,9000.0,sedan,2,0,7,0.0
452356,40-64,female,majority,10-19y,none,middle class,,1.0,before 2015,0.0,1.0,32765,10000.0,sedan,2,0,0,0.0
5656,40-64,male,majority,20-29y,university,upper class,0.6521572894862243,1.0,after 2015,1.0,1.0,10238,,sedan,6,0,2,0.0
607082,26-39,female,majority,10-19y,high school,working class,0.5749290207818821,1.0,before 2015,0.0,0.0,10238,15000.0,sedan,0,0,0,0.0
328664,26-39,male,majority,0-9y,high school,working class,0.3662098408890193,0.0,before 2015,0.0,0.0,32765,10000.0,sedan,0,0,0,1.0
647230,26-39,male,majority,10-19y,high school,poverty,0.4859030683167008,1.0,before 2015,0.0,0.0,10238,14000.0,sedan,1,1,0,0.0
465150,65+,male,majority,30y+,university,middle class,0.561353084181797,1.0,before 2015,1.0,1.0,10238,6000.0,sedan,8,0,9,0.0
465420,65+,female,majority,20-29y,high school,middle class,0.411143781211444,1.0,before 2015,0.0,1.0,10238,14000.0,sedan,1,0,1,0.0
403031,16-25,female,majority,0-9y,none,working class,,0.0,before 2015,0.0,1.0,32765,12000.0,sedan,0,0,0,1.0
799734,26-39,male,majority,0-9y,university,upper class,0.3995197370775148,1.0,before 2015,0.0,0.0,10238,12000.0,sedan,0,0,0,1.0
562564,26-39,female,majority,10-19y,university,upper class,0.8327923827915409,1.0,before 2015,1.0,1.0,10238,14000.0,sedan,2,0,2,0.0
442227,40-64,female,majority,20-29y,none,middle class,0.7424417038212764,1.0,before 2015,0.0,1.0,10238,14000.0,sedan,2,0,2,0.0
468409,26-39,male,majority,0-9y,high school,middle class,0.4709402314479679,1.0,before 2015,0.0,1.0,10238,14000.0,sedan,0,0,0,0.0
543980,26-39,female,majority,0-9y,high school,middle class,0.4633403265073366,1.0,after 2015,1.0,1.0,10238,9000.0,sedan,0,0,0,0.0
926334,40-64,female,majority,0-9y,high school,working class,0.3933243530697776,1.0,before 2015,0.0,1.0,10238,12000.0,sedan,0,0,0,0.0
91184,65+,female,majority,30y+,high school,upper class,0.7576248110302851,1.0,after 2015,1.0,1.0,10238,12000.0,sedan,0,1,1,0.0
724812,26-39,male,majority,10-19y,university,middle class,,0.0,after 2015,0.0,1.0,10238,11000.0,sedan,3,0,1,0.0
864818,26-39,male,minority,10-19y,high school,middle class,0.5020129372313837,1.0,before 2015,1.0,1.0,10238,10000.0,sedan,2,0,3,0.0
157882,16-25,male,majority,0-9y,university,working class,,1.0,before 2015,0.0,0.0,21217,14000.0,sedan,0,0,0,1.0
73652,26-39,female,majority,10-19y,university,upper class,,1.0,before 2015,1.0,0.0,32765,9000.0,sedan,2,0,0,0.0
476089,16-25,male,majority,0-9y,high school,poverty,0.2387284686650751,0.0,before 2015,0.0,0.0,32765,14000.0,sedan,0,0,0,1.0
894225,16-25,female,majority,0-9y,none,poverty,0.5213510383697199,0.0,before 2015,0.0,0.0,21217,17000.0,sedan,0,0,0,1.0
573931,16-25,female,minority,0-9y,none,poverty,0.4793922697595563,0.0,before 2015,0.0,0.0,10238,12000.0,sedan,0,0,0,1.0
724739,40-64,male,majority,0-9y,university,upper class,0.6775390802967439,1.0,after 2015,1.0,1.0,32765,11000.0,sports car,0,0,0,0.0
344228,65+,male,majority,0-9y,university,upper class,0.737994819837278,1.0,after 2015,1.0,0.0,10238,17000.0,sedan,0,0,0,0.0
655303,40-64,male,majority,10-19y,none,working class,0.3086161858723703,0.0,before 2015,0.0,1.0,92101,12000.0,sedan,2,1,1,1.0
826526,16-25,female,majority,0-9y,high school,poverty,0.326073298912384,1.0,before 2015,0.0,1.0,32765,12000.0,sedan,0,0,0,1.0
618453,26-39,male,minority,10-19y,high school,working class,0.5097097414863175,1.0,before 2015,0.0,1.0,10238,12000.0,sedan,0,0,0,1.0
656450,16-25,female,majority,0-9y,none,poverty,0.4784936524828958,1.0,after 2015,0.0,1.0,10238,16000.0,sedan,0,0,0,0.0
270827,16-25,female,minority,0-9y,high school,poverty,0.3486077166376033,0.0,before 2015,0.0,0.0,10238,18000.0,sedan,0,0,0,1.0
102661,26-39,female,majority,10-19y,university,upper class,,1.0,after 2015,0.0,0.0,10238,15000.0,sedan,1,0,0,0.0
61789,40-64,female,majority,20-29y,high school,middle class,0.6735097524290821,0.0,before 2015,1.0,1.0,10238,12000.0,sedan,0,0,0,0.0
778230,65+,female,majority,30y+,university,upper class,0.6275676333855695,1.0,before 2015,1.0,0.0,10238,13000.0,sedan,3,1,4,0.0
527488,16-25,female,majority,0-9y,high school,poverty,0.1573968220490889,1.0,before 2015,0.0,0.0,10238,15000.0,sedan,0,0,0,0.0
811607,26-39,male,majority,10-19y,high school,middle class,,1.0,before 2015,0.0,0.0,32765,15000.0,sedan,2,0,2,1.0
996412,65+,male,majority,30y+,university,upper class,0.5672085630614355,1.0,after 2015,1.0,1.0,32765,7000.0,sedan,7,3,3,0.0
396285,40-64,male,majority,20-29y,university,upper class,0.5231613440500279,1.0,after 2015,1.0,1.0,10238,10000.0,sedan,2,0,3,0.0
421501,26-39,male,majority,10-19y,high school,poverty,0.3444398567768867,0.0,before 2015,0.0,0.0,10238,15000.0,sedan,1,0,1,0.0
458531,40-64,male,majority,10-19y,high school,working class,0.3299958800281384,0.0,before 2015,0.0,0.0,32765,,sedan,9,0,2,1.0
42872,26-39,male,majority,10-19y,university,upper class,0.6636154524180936,1.0,before 2015,1.0,0.0,32765,8000.0,sedan,2,0,2,1.0
420721,40-64,male,minority,20-29y,none,middle class,0.4723758873069391,1.0,before 2015,1.0,1.0,10238,10000.0,sports car,4,0,3,0.0
436666,26-39,male,majority,10-19y,none,poverty,0.4394514155216835,0.0,after 2015,0.0,0.0,32765,14000.0,sports car,0,0,0,1.0
479665,26-39,female,majority,10-19y,high school,middle class,0.6076431032309679,1.0,after 2015,1.0,1.0,10238,14000.0,sedan,1,0,1,0.0
254721,65+,male,majority,30y+,high school,upper class,0.6325632210270822,1.0,before 2015,1.0,0.0,32765,14000.0,sedan,12,0,1,0.0
378082,40-64,female,majority,20-29y,university,middle class,0.6454167954287058,0.0,before 2015,1.0,1.0,10238,13000.0,sedan,3,2,1,0.0
189479,16-25,male,majority,0-9y,high school,working class,0.3780741998209805,0.0,before 2015,1.0,0.0,10238,12000.0,sports car,0,0,0,1.0
969407,40-64,female,majority,20-29y,high school,upper class,0.4869412364076045,1.0,before 2015,1.0,1.0,10238,12000.0,sedan,1,0,4,0.0
519341,40-64,male,minority,0-9y,none,poverty,0.3393086444315488,1.0,before 2015,1.0,1.0,10238,10000.0,sedan,0,0,0,1.0
984062,16-25,female,majority,0-9y,high school,working class,0.5336007026250289,0.0,before 2015,0.0,0.0,10238,14000.0,sedan,0,0,0,1.0
441784,26-39,male,majority,0-9y,none,poverty,0.4517129984575386,1.0,before 2015,1.0,1.0,10238,11000.0,sedan,0,0,0,1.0
299392,16-25,female,majority,0-9y,none,poverty,,0.0,before 2015,0.0,1.0,10238,11000.0,sedan,0,0,0,1.0
449679,40-64,male,majority,20-29y,university,upper class,0.7053790428997995,1.0,before 2015,0.0,1.0,10238,12000.0,sedan,2,0,4,0.0
272509,40-64,male,majority,10-19y,high school,upper class,0.5819216048220232,1.0,before 2015,0.0,1.0,10238,12000.0,sedan,1,0,1,1.0
694795,65+,female,majority,10-19y,university,upper class,0.5910989151873356,0.0,after 2015,1.0,1.0,10238,10000.0,sedan,1,0,1,0.0
624919,65+,male,majority,30y+,high school,upper class,0.6935957205432375,1.0,after 2015,1.0,1.0,10238,9000.0,sedan,5,0,5,0.0
424515,65+,male,majority,30y+,university,upper class,0.7810158108961347,1.0,before 2015,1.0,1.0,10238,10000.0,sedan,2,0,1,0.0
535774,65+,male,majority,0-9y,university,upper class,0.7563542562715098,1.0,before 2015,1.0,1.0,10238,13000.0,sedan,0,0,0,0.0
563007,16-25,female,minority,0-9y,none,poverty,0.3901451713079541,0.0,before 2015,0.0,1.0,10238,12000.0,sedan,0,0,0,1.0
304482,26-39,male,majority,0-9y,university,upper class,0.6452619927658005,1.0,after 2015,1.0,1.0,10238,7000.0,sedan,0,0,0,0.0
31557,40-64,female,majority,20-29y,university,upper class,0.6382727825433337,1.0,before 2015,1.0,1.0,10238,8000.0,sedan,3,0,6,0.0
128508,16-25,female,majority,0-9y,high school,working class,0.5494739604537581,1.0,before 2015,0.0,0.0,10238,,sedan,0,0,0,1.0
871443,40-64,female,majority,20-29y,university,upper class,,1.0,before 2015,1.0,1.0,10238,13000.0,sedan,1,0,1,0.0
547620,16-25,female,minority,0-9y,none,poverty,0.3854870339226485,0.0,before 2015,0.0,0.0,10238,,sedan,0,0,0,1.0
836212,40-64,male,majority,20-29y,high school,working class,0.4660439400287874,1.0,before 2015,1.0,1.0,10238,13000.0,sedan,3,1,2,0.0
835167,65+,female,majority,30y+,university,upper class,0.5673271728407454,0.0,before 2015,1.0,1.0,10238,11000.0,sedan,1,0,4,0.0
169783,26-39,male,minority,10-19y,university,upper class,0.6099165563503943,1.0,before 2015,0.0,1.0,32765,12000.0,sedan,5,1,1,0.0
383166,26-39,female,majority,10-19y,university,upper class,0.5875253220333557,1.0,before 2015,0.0,0.0,32765,11000.0,sports car,2,0,0,0.0
855355,16-25,female,majority,0-9y,none,middle class,0.5353128388192372,0.0,after 2015,0.0,0.0,10238,15000.0,sedan,0,0,0,1.0
424820,26-39,female,minority,10-19y,high school,middle class,0.540182723180248,1.0,before 2015,1.0,1.0,10238,,sedan,0,0,1,0.0
355019,26-39,male,majority,10-19y,university,upper class,0.5954371784751078,1.0,after 2015,0.0,1.0,10238,9000.0,sedan,3,1,2,0.0
980778,16-25,female,majority,0-9y,none,poverty,0.5393224217499232,1.0,before 2015,0.0,0.0,10238,15000.0,sedan,0,0,0,0.0
525347,26-39,male,majority,10-19y,high school,middle class,0.5144605261762479,1.0,before 2015,1.0,1.0,10238,13000.0,sports car,0,1,0,0.0
274793,65+,male,minority,30y+,university,upper class,0.5841638627422637,1.0,after 2015,1.0,1.0,10238,9000.0,sedan,10,1,3,0.0
251765,26-39,female,majority,10-19y,none,working class,0.5669224482583299,1.0,before 2015,1.0,1.0,10238,16000.0,sedan,0,0,1,0.0
672128,16-25,female,majority,0-9y,high school,middle class,0.5898682089570818,1.0,before 2015,0.0,0.0,10238,18000.0,sedan,0,0,0,0.0
222879,65+,male,majority,20-29y,high school,upper class,0.5801247496816917,1.0,after 2015,1.0,1.0,10238,11000.0,sedan,6,2,2,0.0
683643,40-64,male,majority,20-29y,high school,upper class,0.4614531851675966,1.0,after 2015,1.0,1.0,32765,,sedan,7,0,2,0.0
358078,16-25,male,majority,0-9y,high school,working class,0.4220740438928461,0.0,before 2015,0.0,0.0,10238,15000.0,sedan,0,0,0,1.0
615907,40-64,female,majority,20-29y,university,upper class,,1.0,after 2015,1.0,1.0,10238,10000.0,sedan,0,0,1,0.0
755962,40-64,female,majority,10-19y,university,middle class,0.4907620684055287,1.0,before 2015,1.0,1.0,10238,11000.0,sedan,0,0,2,0.0
530366,26-39,female,majority,10-19y,none,middle class,0.4162114507143063,0.0,before 2015,1.0,1.0,10238,12000.0,sedan,1,0,1,0.0
412029,40-64,female,majority,20-29y,high school,upper class,0.6992028342229414,1.0,after 2015,1.0,0.0,10238,13000.0,sedan,2,1,1,0.0
453587,16-25,male,majority,0-9y,none,poverty,0.5011041861477193,1.0,before 2015,0.0,1.0,32765,14000.0,sedan,0,0,0,1.0
5017,65+,male,majority,20-29y,high school,upper class,0.5826338974357931,1.0,before 2015,1.0,1.0,92101,9000.0,sedan,4,0,1,0.0
428670,40-64,female,majority,10-19y,university,middle class,0.5191956219648337,0.0,before 2015,1.0,0.0,32765,13000.0,sedan,2,0,0,1.0
518188,26-39,female,majority,0-9y,none,middle class,0.4374226306331744,1.0,after 2015,1.0,1.0,32765,12000.0,sedan,0,0,0,0.0
994772,40-64,male,majority,20-29y,high school,middle class,0.5723973007903935,1.0,before 2015,1.0,1.0,10238,10000.0,sedan,3,0,1,0.0
172803,40-64,male,majority,0-9y,university,upper class,0.4417132728803951,1.0,after 2015,1.0,1.0,32765,8000.0,sedan,0,0,0,0.0
338756,40-64,female,majority,10-19y,none,upper class,,1.0,before 2015,1.0,1.0,10238,13000.0,sedan,0,0,2,0.0
595150,26-39,female,majority,10-19y,university,upper class,,1.0,after 2015,1.0,0.0,10238,11000.0,sports car,2,0,0,0.0
483693,16-25,female,majority,0-9y,high school,working class,0.2919776582051944,0.0,before 2015,0.0,1.0,32765,12000.0,sedan,0,0,0,1.0
752366,26-39,male,majority,10-19y,high school,middle class,0.427270927766737,0.0,after 2015,1.0,1.0,10238,,sedan,1,0,0,0.0
711932,65+,female,majority,30y+,university,upper class,0.6641610956184248,1.0,before 2015,1.0,0.0,10238,14000.0,sedan,2,1,2,0.0
801325,26-39,female,majority,0-9y,high school,middle class,0.6522244431750291,1.0,after 2015,0.0,1.0,10238,9000.0,sedan,0,0,0,0.0
146993,40-64,male,majority,20-29y,high school,middle class,0.5826401515017708,0.0,after 2015,0.0,1.0,10238,12000.0,sedan,0,1,3,0.0
472205,40-64,female,majority,20-29y,university,upper class,,1.0,before 2015,1.0,1.0,32765,11000.0,sedan,3,1,0,0.0
934994,40-64,female,majority,20-29y,high school,upper class,,1.0,before 2015,1.0,1.0,10238,10000.0,sedan,2,1,0,0.0
312454,16-25,female,majority,0-9y,none,poverty,,0.0,before 2015,0.0,0.0,10238,,sedan,0,0,0,1.0
293395,16-25,female,majority,0-9y,high school,working class,,1.0,before 2015,0.0,0.0,32765,,sedan,0,0,0,1.0
187735,40-64,male,majority,20-29y,university,upper class,0.5860322133857707,1.0,before 2015,1.0,1.0,10238,13000.0,sedan,1,0,5,0.0
475556,26-39,female,majority,10-19y,high school,working class,0.3562232691382527,1.0,before 2015,0.0,1.0,10238,13000.0,sedan,0,0,0,0.0
622256,16-25,female,majority,0-9y,high school,upper class,0.591478692183566,1.0,before 2015,1.0,1.0,10238,13000.0,sedan,0,0,0,0.0
667374,40-64,male,majority,20-29y,none,poverty,0.4754131702415028,1.0,before 2015,0.0,1.0,32765,10000.0,sedan,9,2,1,0.0
710895,16-25,male,majority,0-9y,high school,poverty,0.2678767803164774,0.0,before 2015,0.0,0.0,10238,14000.0,sedan,0,0,0,1.0
771373,26-39,female,majority,10-19y,none,poverty,0.4741201321807367,0.0,before 2015,0.0,0.0,10238,12000.0,sedan,0,0,0,1.0
930070,40-64,female,majority,20-29y,university,upper class,,0.0,before 2015,1.0,1.0,10238,,sedan,1,0,2,0.0
778420,26-39,female,majority,10-19y,high school,poverty,0.3397399692489963,0.0,before 2015,0.0,0.0,32765,14000.0,sedan,1,0,0,1.0
209583,40-64,female,majority,0-9y,high school,upper class,0.6734074069818765,1.0,before 2015,0.0,0.0,32765,14000.0,sedan,0,0,0,1.0
857596,40-64,male,majority,20-29y,high school,upper class,0.6220980397455637,1.0,before 2015,1.0,1.0,32765,7000.0,sedan,6,1,4,0.0
73961,16-25,female,majority,0-9y,high school,working class,0.3918469002457876,1.0,before 2015,0.0,0.0,32765,13000.0,sedan,0,0,0,0.0
29008,65+,male,majority,20-29y,high school,upper class,0.5516614915267227,1.0,before 2015,1.0,1.0,32765,12000.0,sedan,5,0,0,0.0
356763,65+,female,majority,10-19y,university,upper class,,1.0,after 2015,1.0,1.0,10238,,sports car,0,0,2,0.0
268227,65+,male,minority,30y+,high school,middle class,0.3224660183950982,1.0,after 2015,1.0,1.0,10238,,sedan,2,0,1,0.0
447292,16-25,female,majority,0-9y,university,working class,0.4948182190512221,0.0,after 2015,0.0,0.0,10238,16000.0,sedan,0,0,0,1.0
317313,65+,male,majority,10-19y,university,upper class,0.6146903887940329,0.0,after 2015,0.0,1.0,10238,,sedan,4,0,1,0.0
589218,65+,male,majority,20-29y,high school,upper class,0.4856727576949824,1.0,before 2015,1.0,1.0,10238,14000.0,sedan,4,2,0,0.0
979729,40-64,female,majority,20-29y,university,upper class,0.6140919403501407,1.0,before 2015,1.0,1.0,10238,10000.0,sedan,3,0,2,0.0
822944,40-64,female,majority,20-29y,high school,upper class,0.5635429652490147,1.0,after 2015,1.0,1.0,32765,6000.0,sedan,1,0,2,0.0
935327,65+,male,majority,10-19y,high school,upper class,0.4784375832901694,1.0,after 2015,1.0,1.0,10238,11000.0,sedan,0,0,1,0.0
429717,40-64,male,majority,0-9y,high school,upper class,,1.0,before 2015,0.0,1.0,10238,11000.0,sedan,0,0,0,1.0
891551,65+,male,majority,30y+,university,upper class,0.6460011119753553,1.0,before 2015,1.0,1.0,32765,9000.0,sedan,10,1,7,0.0
710116,26-39,male,majority,10-19y,university,middle class,0.5301684741477407,1.0,after 2015,0.0,1.0,92101,12000.0,sedan,1,0,0,0.0
993623,16-25,male,majority,0-9y,none,poverty,0.3994260117649263,1.0,before 2015,0.0,1.0,10238,9000.0,sedan,0,0,0,0.0
26255,40-64,female,majority,0-9y,university,upper class,0.6412526439911048,1.0,before 2015,0.0,1.0,32765,10000.0,sedan,0,0,0,0.0
324572,16-25,female,majority,0-9y,none,poverty,0.4349262934292713,1.0,before 2015,0.0,0.0,10238,17000.0,sedan,0,0,0,1.0
695445,40-64,female,majority,20-29y,none,middle class,0.5651553579174025,1.0,before 2015,1.0,0.0,10238,13000.0,sedan,1,0,0,0.0
13172,65+,female,majority,30y+,university,upper class,0.6160987648933925,1.0,before 2015,1.0,1.0,10238,10000.0,sedan,1,2,5,0.0
144925,16-25,male,minority,0-9y,none,poverty,0.2702524597102402,0.0,before 2015,0.0,0.0,10238,15000.0,sedan,0,0,0,1.0
244,65+,female,majority,30y+,high school,upper class,0.6882907952522875,0.0,before 2015,1.0,1.0,32765,13000.0,sedan,2,0,2,0.0
466727,65+,female,majority,30y+,university,upper class,0.7149178252967803,1.0,before 2015,1.0,1.0,10238,8000.0,sedan,4,0,2,0.0
529364,26-39,male,majority,10-19y,none,poverty,0.2276480880935439,1.0,before 2015,0.0,1.0,32765,12000.0,sedan,3,0,0,1.0
469490,16-25,female,majority,0-9y,university,upper class,0.6632948509821023,1.0,before 2015,0.0,0.0,32765,15000.0,sedan,0,0,0,1.0
932826,65+,female,majority,10-19y,high school,upper class,0.6831120926846176,1.0,after 2015,1.0,1.0,10238,11000.0,sedan,0,0,0,0.0
853693,26-39,male,majority,10-19y,none,middle class,0.4292448592231091,1.0,after 2015,1.0,1.0,92101,11000.0,sedan,3,0,1,0.0
571823,65+,male,majority,30y+,university,upper class,0.565015422135134,1.0,before 2015,1.0,1.0,10238,14000.0,sedan,3,0,4,0.0
656474,40-64,female,majority,20-29y,university,upper class,0.701307725246646,1.0,after 2015,1.0,1.0,32765,9000.0,sedan,5,0,0,0.0
422409,26-39,female,majority,10-19y,high school,poverty,0.3233952211549333,1.0,before 2015,0.0,1.0,32765,12000.0,sedan,2,0,2,0.0
670749,40-64,female,majority,20-29y,high school,upper class,,1.0,after 2015,0.0,1.0,32765,8000.0,sedan,6,0,0,0.0
126077,26-39,female,majority,10-19y,university,upper class,0.606735714725739,1.0,before 2015,0.0,1.0,10238,12000.0,sedan,1,0,2,0.0
924074,65+,female,majority,30y+,university,upper class,0.5823117228256375,1.0,before 2015,0.0,1.0,10238,13000.0,sedan,0,1,3,0.0
292048,16-25,female,minority,0-9y,none,poverty,0.4182087066621732,0.0,before 2015,1.0,1.0,10238,,sedan,0,0,0,1.0
493590,26-39,male,majority,10-19y,university,middle class,0.5519504952618395,0.0,after 2015,0.0,0.0,10238,17000.0,sedan,0,0,1,0.0
747580,16-25,female,majority,0-9y,high school,poverty,0.3260288993113341,0.0,before 2015,1.0,0.0,10238,19000.0,sedan,0,0,0,1.0
13712,40-64,male,majority,0-9y,none,working class,0.2750996000343182,1.0,before 2015,1.0,1.0,32765,8000.0,sedan,0,0,0,1.0
993899,26-39,male,majority,10-19y,high school,working class,,0.0,before 2015,0.0,1.0,92101,14000.0,sedan,0,0,2,1.0
906476,65+,male,majority,30y+,high school,upper class,0.5400197326674643,1.0,before 2015,1.0,0.0,10238,15000.0,sedan,1,0,2,0.0
87330,65+,female,majority,30y+,university,upper class,0.6843084001191895,1.0,before 2015,1.0,1.0,10238,14000.0,sedan,0,2,0,0.0
930795,65+,female,majority,30y+,university,upper class,,1.0,after 2015,0.0,1.0,10238,12000.0,sedan,1,0,5,0.0
696102,40-64,male,majority,20-29y,university,upper class,0.7549694794813531,1.0,before 2015,1.0,1.0,10238,13000.0,sedan,5,2,0,0.0
383749,26-39,male,minority,10-19y,university,working class,0.4341160068029161,0.0,before 2015,0.0,0.0,10238,11000.0,sedan,4,1,4,0.0
96679,16-25,female,majority,0-9y,none,poverty,0.1541351795574787,1.0,before 2015,0.0,0.0,10238,18000.0,sedan,0,0,0,1.0
393613,26-39,female,majority,10-19y,high school,working class,0.4895334733760352,1.0,before 2015,0.0,0.0,92101,13000.0,sedan,1,1,0,0.0
7967,40-64,male,majority,20-29y,high school,working class,0.3247438305466974,1.0,before 2015,1.0,1.0,10238,10000.0,sedan,4,0,3,0.0
929121,40-64,female,majority,20-29y,university,upper class,0.5487401616880897,1.0,after 2015,0.0,1.0,10238,12000.0,sedan,2,0,0,0.0
744174,40-64,male,majority,0-9y,high school,working class,0.3685447255468517,0.0,before 2015,1.0,1.0,10238,9000.0,sedan,0,0,0,1.0
503269,40-64,female,minority,20-29y,high school,working class,0.3740604475477269,1.0,before 2015,0.0,1.0,32765,12000.0,sports car,2,1,0,0.0
307824,16-25,female,minority,0-9y,none,working class,0.4457678862819977,0.0,before 2015,0.0,0.0,32765,15000.0,sedan,0,0,0,1.0
838182,65+,male,majority,0-9y,university,upper class,0.6428710808160226,1.0,after 2015,0.0,0.0,10238,18000.0,sedan,0,0,0,1.0
140098,40-64,male,majority,10-19y,none,poverty,0.2776754527322686,0.0,before 2015,0.0,1.0,32765,9000.0,sedan,3,0,1,0.0
86202,40-64,female,majority,20-29y,high school,middle class,,1.0,before 2015,0.0,1.0,32765,12000.0,sedan,2,0,0,0.0
200116,26-39,male,majority,10-19y,high school,working class,,1.0,before 2015,0.0,1.0,10238,13000.0,sports car,2,0,2,0.0
630765,26-39,male,majority,10-19y,none,middle class,0.5046098109552535,0.0,before 2015,0.0,1.0,10238,8000.0,sedan,2,0,4,0.0
213761,16-25,female,majority,0-9y,high school,working class,0.503454287259761,1.0,after 2015,0.0,0.0,10238,15000.0,sedan,0,0,0,0.0
956829,40-64,male,majority,20-29y,university,upper class,0.5073023393867552,1.0,after 2015,0.0,1.0,10238,,sedan,3,1,1,0.0
786259,26-39,male,majority,10-19y,high school,upper class,0.5581335428975873,1.0,before 2015,1.0,1.0,32765,9000.0,sedan,4,1,1,1.0
735199,26-39,female,majority,10-19y,university,poverty,0.259542659940459,1.0,before 2015,0.0,1.0,10238,12000.0,sedan,0,0,0,0.0
918841,65+,male,majority,10-19y,high school,upper class,0.5764795251446632,1.0,after 2015,1.0,1.0,32765,,sedan,3,1,0,0.0
211850,65+,female,majority,30y+,university,upper class,,1.0,before 2015,1.0,1.0,10238,12000.0,sedan,4,1,5,0.0
431519,40-64,male,majority,10-19y,university,upper class,0.8255494416904662,0.0,after 2015,1.0,1.0,10238,12000.0,sedan,2,1,0,0.0
514225,40-64,male,majority,20-29y,none,working class,0.4270750382439556,1.0,before 2015,1.0,1.0,92101,13000.0,sedan,2,2,2,0.0
354689,16-25,female,majority,0-9y,high school,working class,0.4145847394995623,0.0,after 2015,0.0,0.0,10238,12000.0,sedan,0,0,0,1.0
583391,65+,male,majority,10-19y,university,upper class,0.674130280008358,1.0,before 2015,1.0,1.0,10238,11000.0,sedan,4,0,4,0.0
372874,26-39,female,majority,10-19y,high school,working class,0.4929078849478778,0.0,before 2015,0.0,0.0,10238,17000.0,sedan,0,0,0,0.0
956607,26-39,female,majority,0-9y,university,middle class,0.561189880696348,1.0,after 2015,1.0,1.0,10238,8000.0,sedan,0,0,0,0.0
456628,26-39,male,majority,10-19y,university,working class,0.4911505233399931,0.0,before 2015,0.0,1.0,10238,11000.0,sedan,2,0,1,1.0
373573,40-64,male,majority,20-29y,none,upper class,0.6675682172147324,1.0,after 2015,0.0,1.0,10238,11000.0,sedan,3,0,6,0.0
939604,16-25,male,majority,0-9y,high school,middle class,0.4674824622624675,1.0,before 2015,0.0,0.0,10238,19000.0,sedan,0,0,0,1.0
306817,26-39,male,minority,10-19y,high school,upper class,,1.0,before 2015,0.0,1.0,10238,13000.0,sports car,2,0,1,0.0
875302,26-39,male,majority,10-19y,university,middle class,0.5281550824018106,1.0,after 2015,1.0,1.0,10238,8000.0,sedan,1,0,0,0.0
576583,26-39,female,majority,0-9y,high school,working class,0.395930988823429,0.0,before 2015,0.0,1.0,10238,11000.0,sedan,0,0,0,0.0
250758,16-25,male,majority,0-9y,university,working class,0.5089922281999854,0.0,before 2015,0.0,1.0,10238,13000.0,sedan,0,0,0,1.0
634882,16-25,male,majority,0-9y,university,working class,0.2866281924034722,1.0,before 2015,0.0,1.0,32765,14000.0,sedan,0,0,0,1.0
762976,16-25,female,majority,0-9y,high school,middle class,,1.0,after 2015,0.0,0.0,10238,15000.0,sedan,0,0,0,0.0
869232,16-25,female,minority,0-9y,none,poverty,0.4804927632251741,1.0,before 2015,0.0,0.0,10238,15000.0,sedan,0,0,0,1.0
159418,40-64,male,majority,0-9y,high school,working class,0.4644116361856702,1.0,after 2015,0.0,0.0,32765,13000.0,sedan,0,0,0,0.0
362279,26-39,male,minority,10-19y,high school,poverty,0.2114238848505276,1.0,before 2015,1.0,1.0,10238,8000.0,sedan,0,0,0,0.0
567122,26-39,female,majority,10-19y,university,upper class,0.5213673670739867,1.0,before 2015,1.0,1.0,10238,8000.0,sedan,0,0,0,0.0
940325,16-25,female,minority,0-9y,none,poverty,0.383696830868923,0.0,before 2015,0.0,1.0,32765,13000.0,sedan,0,0,0,1.0
124813,16-25,male,majority,0-9y,university,middle class,,0.0,before 2015,0.0,0.0,10238,,sedan,0,0,0,1.0
932068,65+,male,majority,30y+,university,middle class,,0.0,before 2015,1.0,1.0,10238,10000.0,sedan,3,2,4,0.0
212678,65+,female,majority,20-29y,university,upper class,0.700017431968704,1.0,after 2015,0.0,1.0,32765,13000.0,sedan,1,0,1,0.0
889207,40-64,female,majority,10-19y,high school,upper class,0.6125447655033714,1.0,after 2015,1.0,0.0,32765,9000.0,sedan,3,0,0,0.0
333079,65+,male,majority,30y+,high school,working class,,0.0,before 2015,1.0,1.0,10238,9000.0,sedan,8,0,2,0.0
969113,16-25,female,majority,0-9y,high school,poverty,0.4505980694614075,0.0,before 2015,0.0,1.0,32765,10000.0,sedan,0,0,0,1.0
284939,65+,female,majority,30y+,university,upper class,0.6741638934694225,1.0,after 2015,1.0,1.0,10238,13000.0,sedan,3,0,5,0.0
705418,16-25,male,majority,0-9y,none,poverty,0.3174531702820791,0.0,before 2015,0.0,0.0,32765,15000.0,sedan,0,0,0,1.0
638945,16-25,female,majority,0-9y,none,poverty,0.3418617252047898,0.0,before 2015,0.0,0.0,10238,9000.0,sedan,0,0,0,1.0
829918,26-39,male,majority,10-19y,high school,upper class,0.5289724613573763,1.0,before 2015,1.0,1.0,10238,10000.0,sedan,0,0,2,0.0
201430,40-64,male,majority,0-9y,university,upper class,0.6531007822538435,1.0,after 2015,0.0,1.0,32765,10000.0,sedan,0,0,0,0.0
997850,26-39,female,majority,10-19y,high school,working class,0.435684443338844,1.0,after 2015,0.0,0.0,10238,18000.0,sedan,1,0,0,0.0
431488,26-39,female,minority,10-19y,university,upper class,0.4455147420403712,1.0,before 2015,1.0,1.0,10238,13000.0,sedan,1,0,1,0.0
918463,26-39,male,majority,10-19y,none,poverty,0.2256017788949476,0.0,before 2015,0.0,1.0,10238,9000.0,sedan,5,1,2,1.0
512035,40-64,female,majority,20-29y,high school,working class,0.4503634589093056,0.0,before 2015,0.0,0.0,32765,7000.0,sedan,2,0,0,0.0
545388,26-39,male,majority,10-19y,none,poverty,0.3693925027985697,0.0,before 2015,0.0,1.0,10238,12000.0,sedan,1,0,0,1.0
696528,16-25,male,majority,0-9y,none,poverty,0.1645111021901411,0.0,before 2015,1.0,1.0,10238,11000.0,sedan,0,0,0,1.0
147362,16-25,female,majority,0-9y,high school,poverty,0.3443427869982636,1.0,before 2015,0.0,0.0,10238,17000.0,sedan,0,0,0,1.0
767002,65+,male,minority,30y+,university,upper class,,1.0,before 2015,1.0,1.0,10238,14000.0,sedan,0,0,2,0.0
624077,65+,female,majority,30y+,none,upper class,0.5948797136778915,1.0,before 2015,1.0,1.0,32765,8000.0,sports car,10,0,1,0.0
557142,65+,female,majority,0-9y,high school,upper class,0.6422872856222149,0.0,after 2015,1.0,1.0,10238,9000.0,sports car,0,0,0,1.0
371252,40-64,male,minority,20-29y,none,poverty,,0.0,before 2015,0.0,1.0,10238,13000.0,sedan,2,1,3,0.0
391880,65+,male,majority,30y+,none,middle class,,1.0,before 2015,1.0,1.0,32765,10000.0,sedan,12,2,2,0.0
953868,65+,female,majority,30y+,university,upper class,0.731143593597601,1.0,before 2015,1.0,0.0,10238,10000.0,sedan,4,1,3,0.0
109980,26-39,female,majority,10-19y,high school,working class,0.3670173487205561,0.0,before 2015,1.0,1.0,10238,9000.0,sedan,2,1,2,0.0
519855,26-39,female,majority,10-19y,high school,middle class,0.5436758162626819,1.0,before 2015,1.0,1.0,10238,13000.0,sedan,0,1,0,0.0
920567,65+,female,majority,30y+,high school,upper class,0.5645300727892164,1.0,before 2015,1.0,1.0,10238,12000.0,sedan,1,1,6,0.0
591072,26-39,male,majority,10-19y,high school,middle class,0.6485681228268269,0.0,before 2015,0.0,0.0,10238,14000.0,sedan,2,0,1,1.0
842838,26-39,female,majority,10-19y,none,middle class,0.5265182975837509,1.0,before 2015,0.0,0.0,32765,15000.0,sedan,1,1,0,0.0
297613,40-64,female,majority,0-9y,university,upper class,0.6600195827192816,1.0,after 2015,0.0,1.0,10238,12000.0,sedan,0,0,0,0.0
396092,40-64,male,majority,20-29y,high school,middle class,,1.0,before 2015,1.0,1.0,32765,6000.0,sedan,11,0,6,0.0
969959,26-39,male,minority,10-19y,high school,working class,0.4328792985209903,1.0,before 2015,0.0,1.0,10238,14000.0,sedan,0,2,0,0.0
525952,26-39,female,majority,10-19y,high school,poverty,0.3820049779901528,0.0,before 2015,0.0,1.0,10238,18000.0,sedan,0,0,0,1.0
805314,16-25,male,majority,0-9y,none,poverty,0.3269877087775192,0.0,before 2015,0.0,1.0,10238,10000.0,sedan,0,0,0,1.0
100153,26-39,female,majority,10-19y,none,poverty,,0.0,before 2015,0.0,0.0,10238,15000.0,sedan,1,0,1,1.0
71781,16-25,male,majority,0-9y,university,middle class,0.4350460544954154,1.0,after 2015,0.0,1.0,32765,10000.0,sedan,0,0,0,0.0
169712,40-64,female,majority,0-9y,high school,upper class,0.5723946620910344,1.0,before 2015,1.0,0.0,10238,11000.0,sedan,0,0,0,0.0
930270,40-64,female,majority,20-29y,high school,upper class,0.7161298671692884,0.0,before 2015,1.0,1.0,92101,10000.0,sedan,3,0,0,1.0
344845,26-39,female,majority,0-9y,high school,middle class,0.5749370954399275,0.0,after 2015,1.0,1.0,10238,10000.0,sedan,0,0,0,0.0
776868,40-64,male,majority,20-29y,university,upper class,0.7408836608342264,1.0,after 2015,1.0,1.0,10238,8000.0,sedan,1,0,5,0.0
53828,16-25,male,minority,0-9y,high school,working class,0.4987146666985322,0.0,before 2015,1.0,1.0,10238,8000.0,sedan,0,0,0,1.0
266664,40-64,male,majority,0-9y,none,working class,0.3230986555294417,0.0,before 2015,1.0,1.0,10238,6000.0,sedan,0,0,0,1.0
149588,40-64,male,majority,0-9y,university,upper class,0.7465386189361777,1.0,before 2015,1.0,1.0,32765,9000.0,sedan,0,0,0,1.0
703726,16-25,male,minority,0-9y,none,poverty,0.21872019835535,1.0,after 2015,0.0,0.0,32765,15000.0,sedan,0,0,0,1.0
489766,65+,male,majority,30y+,university,upper class,0.5410420482192485,1.0,after 2015,1.0,1.0,32765,10000.0,sedan,10,1,5,0.0
350437,40-64,female,majority,10-19y,none,poverty,0.3204049009931331,0.0,before 2015,0.0,1.0,10238,13000.0,sedan,1,0,0,0.0
57461,16-25,male,majority,0-9y,high school,poverty,0.178051021339576,1.0,before 2015,0.0,1.0,10238,12000.0,sedan,0,0,0,0.0
723965,26-39,male,majority,10-19y,high school,working class,0.552069269258652,1.0,before 2015,0.0,1.0,10238,15000.0,sedan,0,0,0,0.0
311925,40-64,female,majority,20-29y,university,upper class,0.6922263720357502,1.0,before 2015,1.0,1.0,10238,13000.0,sedan,0,0,0,0.0
725213,16-25,male,minority,0-9y,none,poverty,0.4219520977864965,0.0,before 2015,0.0,1.0,10238,15000.0,sedan,0,0,0,1.0
406439,40-64,female,majority,20-29y,high school,middle class,0.6988472211428242,1.0,after 2015,0.0,0.0,10238,15000.0,sedan,4,1,1,0.0
352416,65+,female,majority,0-9y,university,upper class,0.5893197550966527,1.0,before 2015,1.0,1.0,32765,9000.0,sedan,0,0,0,0.0
958920,40-64,female,minority,20-29y,none,middle class,0.3715929512772006,1.0,after 2015,1.0,1.0,32765,6000.0,sedan,3,1,1,0.0
394049,65+,female,minority,10-19y,university,upper class,0.7210573217719684,0.0,after 2015,1.0,1.0,32765,12000.0,sedan,1,0,0,1.0
58611,16-25,female,majority,0-9y,high school,poverty,0.3652981607970365,1.0,before 2015,0.0,0.0,10238,14000.0,sports car,0,0,0,0.0
566509,26-39,male,majority,10-19y,high school,middle class,0.5131891962025216,0.0,after 2015,1.0,1.0,10238,10000.0,sedan,2,0,1,0.0
667165,40-64,female,majority,20-29y,university,upper class,0.6117018176344066,0.0,before 2015,1.0,0.0,32765,9000.0,sedan,5,0,1,0.0
364265,16-25,female,minority,0-9y,high school,middle class,0.5605136817904375,1.0,after 2015,0.0,1.0,10238,10000.0,sports car,0,0,0,0.0
362618,40-64,male,majority,20-29y,high school,upper class,0.7065178185585059,1.0,before 2015,1.0,1.0,10238,11000.0,sedan,4,1,7,0.0
889181,40-64,female,majority,10-19y,university,upper class,0.5171903559665946,1.0,before 2015,1.0,1.0,10238,9000.0,sedan,2,0,0,0.0
940447,26-39,male,majority,10-19y,none,working class,0.3938994995924077,0.0,after 2015,0.0,0.0,10238,14000.0,sedan,1,0,1,0.0
902477,40-64,male,majority,10-19y,high school,upper class,0.5362740945253154,1.0,after 2015,1.0,1.0,10238,11000.0,sedan,3,2,3,0.0
70559,26-39,male,majority,10-19y,none,poverty,0.3216412224769529,0.0,before 2015,0.0,1.0,10238,10000.0,sedan,1,0,2,1.0
870829,26-39,male,majority,10-19y,none,poverty,0.3077483134833512,0.0,before 2015,1.0,1.0,10238,16000.0,sedan,0,0,2,0.0
793551,40-64,female,majority,20-29y,high school,middle class,0.7159265369092279,1.0,before 2015,0.0,1.0,10238,11000.0,sedan,1,0,1,0.0
195356,40-64,female,majority,20-29y,none,middle class,0.4968856408377733,1.0,after 2015,0.0,1.0,10238,13000.0,sedan,1,0,1,0.0
224530,16-25,female,majority,0-9y,none,poverty,0.3550800529957848,1.0,before 2015,0.0,1.0,32765,12000.0,sedan,0,0,0,0.0
534758,16-25,male,majority,0-9y,university,working class,0.4862577533981535,0.0,before 2015,1.0,0.0,32765,12000.0,sedan,0,0,0,1.0
207887,26-39,male,majority,10-19y,high school,poverty,0.3450262977143895,0.0,before 2015,0.0,1.0,10238,14000.0,sedan,0,0,2,0.0
632803,26-39,female,majority,10-19y,high school,working class,0.4009857999275263,0.0,before 2015,0.0,1.0,10238,12000.0,sedan,1,0,0,1.0
661538,40-64,male,majority,20-29y,none,middle class,0.3649900516894193,1.0,before 2015,0.0,1.0,10238,,sedan,1,0,6,0.0
560257,26-39,male,majority,10-19y,high school,working class,0.3563552245022904,1.0,before 2015,0.0,1.0,10238,11000.0,sedan,0,0,2,0.0
976407,40-64,female,minority,10-19y,high school,middle class,0.6200389582828856,1.0,after 2015,1.0,1.0,10238,12000.0,sedan,1,0,1,0.0
446423,40-64,female,majority,20-29y,none,middle class,0.4871334705412062,1.0,before 2015,0.0,1.0,10238,13000.0,sedan,0,0,0,0.0
161019,26-39,female,majority,10-19y,none,poverty,0.3489177971707855,0.0,before 2015,1.0,0.0,10238,,sedan,0,0,0,0.0
860657,65+,female,majority,0-9y,university,upper class,,0.0,before 2015,1.0,1.0,10238,10000.0,sedan,0,0,0,0.0
935526,40-64,male,majority,20-29y,high school,upper class,0.7200397941607997,1.0,after 2015,1.0,1.0,10238,8000.0,sedan,2,0,2,0.0
907988,40-64,female,majority,10-19y,high school,upper class,0.7545042422001754,1.0,before 2015,1.0,1.0,32765,8000.0,sedan,0,0,2,0.0
204368,40-64,male,majority,10-19y,none,middle class,0.4817634106317849,1.0,before 2015,0.0,1.0,10238,13000.0,sedan,0,0,3,0.0
4953,40-64,male,majority,0-9y,none,upper class,0.6877309573983202,1.0,after 2015,0.0,0.0,10238,14000.0,sedan,0,0,0,0.0
794889,26-39,male,majority,0-9y,university,working class,0.5162958681886699,0.0,before 2015,0.0,0.0,10238,15000.0,sedan,0,0,0,1.0
922147,26-39,female,minority,10-19y,university,middle class,0.6575450568373521,1.0,before 2015,1.0,1.0,10238,13000.0,sedan,0,0,1,0.0
623818,40-64,male,majority,20-29y,university,upper class,0.6711715088389153,1.0,before 2015,1.0,1.0,10238,,sedan,2,2,2,0.0
880213,26-39,female,majority,10-19y,none,middle class,0.5127966986898517,1.0,before 2015,0.0,1.0,10238,11000.0,sedan,0,0,0,0.0
304719,65+,female,majority,30y+,high school,upper class,0.5397957091782065,1.0,before 2015,1.0,1.0,10238,8000.0,sedan,4,1,5,0.0
695357,26-39,female,majority,10-19y,high school,working class,0.4126790215583455,1.0,after 2015,1.0,1.0,10238,13000.0,sedan,0,0,0,0.0
620196,40-64,male,majority,20-29y,high school,upper class,0.6018666157702437,1.0,before 2015,1.0,1.0,10238,9000.0,sedan,1,0,3,0.0
411384,40-64,male,majority,0-9y,university,upper class,0.4188607685119005,1.0,before 2015,1.0,1.0,10238,5000.0,sedan,0,0,0,1.0
905027,65+,male,majority,10-19y,high school,middle class,0.4564119861529349,1.0,before 2015,1.0,0.0,10238,12000.0,sedan,0,1,2,0.0
706892,40-64,female,majority,20-29y,university,upper class,0.6630513690689503,1.0,after 2015,1.0,1.0,10238,,sedan,2,0,0,0.0
281804,65+,female,majority,30y+,high school,upper class,0.6354537452847215,1.0,before 2015,1.0,1.0,32765,10000.0,sedan,6,0,1,0.0
692867,40-64,male,majority,20-29y,university,upper class,0.541762035186092,1.0,before 2015,1.0,1.0,10238,11000.0,sedan,2,1,2,0.0
462639,26-39,male,majority,10-19y,university,upper class,0.4325483359197449,1.0,after 2015,0.0,0.0,10238,17000.0,sedan,0,0,2,0.0
938476,26-39,male,minority,10-19y,high school,middle class,0.5952817629709132,1.0,before 2015,1.0,1.0,32765,8000.0,sedan,1,0,1,0.0
339853,40-64,male,majority,20-29y,university,upper class,0.704085650847231,1.0,after 2015,1.0,1.0,32765,7000.0,sedan,12,0,5,0.0
885413,65+,male,majority,20-29y,high school,upper class,0.5988548494250686,1.0,after 2015,1.0,1.0,32765,7000.0,sedan,6,1,0,0.0
429865,65+,male,majority,30y+,high school,upper class,0.6427072842693191,1.0,before 2015,1.0,1.0,10238,13000.0,sedan,3,0,5,0.0
149365,65+,female,majority,30y+,high school,upper class,0.8060777297210387,0.0,before 2015,1.0,1.0,32765,9000.0,sedan,3,1,0,0.0
985369,40-64,female,minority,20-29y,none,middle class,0.4181034551402552,1.0,before 2015,1.0,1.0,10238,11000.0,sedan,3,0,1,0.0
587387,26-39,male,majority,10-19y,high school,working class,0.381262306885702,1.0,after 2015,1.0,1.0,10238,9000.0,sedan,3,0,2,0.0
200777,65+,male,majority,10-19y,university,upper class,0.6457550060669115,1.0,after 2015,1.0,1.0,32765,9000.0,sedan,2,0,0,0.0
934158,40-64,female,minority,20-29y,high school,upper class,0.8102003352829421,1.0,before 2015,0.0,1.0,10238,,sedan,1,0,0,0.0
659968,26-39,female,majority,10-19y,university,middle class,0.4903003084993614,1.0,before 2015,1.0,1.0,10238,10000.0,sedan,0,0,1,0.0
338472,40-64,male,majority,20-29y,university,upper class,0.6000246088971019,0.0,before 2015,0.0,1.0,10238,,sedan,2,0,5,0.0
32376,26-39,female,majority,10-19y,high school,middle class,0.5817502371285453,1.0,before 2015,0.0,1.0,10238,14000.0,sedan,0,0,0,1.0
504743,26-39,female,majority,10-19y,high school,middle class,0.4862485671686249,1.0,before 2015,0.0,0.0,10238,9000.0,sedan,1,0,0,0.0
397601,16-25,female,majority,0-9y,university,working class,0.3982778867962707,1.0,after 2015,0.0,1.0,10238,,sedan,0,0,0,0.0
686598,40-64,male,majority,20-29y,university,upper class,0.5429711948411161,1.0,before 2015,1.0,1.0,10238,11000.0,sedan,3,0,1,0.0
346059,26-39,male,majority,10-19y,university,middle class,0.6073963264420993,1.0,before 2015,1.0,0.0,92101,13000.0,sedan,1,0,1,1.0
849205,40-64,male,majority,20-29y,high school,middle class,0.4374925466030241,0.0,after 2015,0.0,1.0,10238,11000.0,sedan,6,0,0,0.0
887498,40-64,female,majority,20-29y,university,upper class,0.7086117611504978,1.0,before 2015,0.0,1.0,10238,9000.0,sedan,1,0,0,0.0
331139,65+,female,majority,10-19y,high school,upper class,0.5608678151640738,1.0,before 2015,1.0,0.0,10238,15000.0,sports car,0,0,0,0.0
790367,65+,male,minority,0-9y,none,upper class,0.5477426092642328,1.0,after 2015,1.0,1.0,10238,10000.0,sports car,0,0,0,0.0
918589,26-39,female,majority,10-19y,none,poverty,,0.0,before 2015,0.0,0.0,32765,15000.0,sedan,2,0,0,1.0
691177,26-39,male,majority,0-9y,university,middle class,,0.0,after 2015,0.0,1.0,32765,12000.0,sedan,0,0,0,1.0
937208,65+,female,majority,20-29y,university,upper class,0.6049973930028122,1.0,after 2015,1.0,1.0,10238,13000.0,sedan,2,1,0,0.0
40583,26-39,female,minority,10-19y,university,working class,,0.0,before 2015,0.0,1.0,10238,15000.0,sedan,0,0,0,0.0
783247,26-39,female,majority,10-19y,university,upper class,0.4846411600523535,1.0,before 2015,1.0,1.0,10238,8000.0,sports car,1,0,1,0.0
849811,65+,female,minority,30y+,high school,upper class,0.587831426389767,1.0,after 2015,1.0,0.0,32765,,sports car,3,0,1,0.0
272051,26-39,female,majority,10-19y,none,poverty,0.5720190012201976,1.0,before 2015,0.0,0.0,10238,17000.0,sedan,0,0,1,1.0
80686,40-64,male,majority,20-29y,university,middle class,0.6308423358739552,1.0,before 2015,0.0,0.0,10238,12000.0,sedan,3,0,1,0.0
667912,65+,female,majority,0-9y,university,upper class,0.5499953205668339,1.0,after 2015,1.0,1.0,10238,10000.0,sedan,0,0,0,0.0
94842,40-64,male,minority,20-29y,university,upper class,0.6963522638151409,1.0,after 2015,1.0,1.0,10238,10000.0,sedan,3,0,4,0.0
484399,16-25,female,majority,0-9y,high school,working class,0.4095135306516067,0.0,before 2015,0.0,0.0,10238,17000.0,sedan,0,0,0,1.0
161165,40-64,female,majority,0-9y,university,upper class,0.6621457887543006,1.0,before 2015,1.0,1.0,10238,11000.0,sedan,0,0,0,0.0
125456,40-64,female,minority,20-29y,high school,upper class,0.4854096107116239,0.0,after 2015,1.0,1.0,10238,9000.0,sedan,2,1,3,0.0
155014,26-39,male,majority,10-19y,none,middle class,0.5281288008928885,0.0,before 2015,0.0,0.0,10238,12000.0,sedan,0,0,1,0.0
110314,40-64,male,minority,10-19y,university,upper class,0.6395575603258792,1.0,after 2015,1.0,1.0,10238,12000.0,sedan,0,0,1,0.0
708613,40-64,female,minority,0-9y,none,working class,0.4297041296211053,0.0,before 2015,0.0,0.0,10238,13000.0,sedan,0,0,0,1.0
417669,40-64,male,majority,20-29y,university,upper class,0.6255380658356853,1.0,before 2015,1.0,1.0,10238,12000.0,sedan,6,0,1,0.0
425934,16-25,male,majority,0-9y,none,poverty,0.2155387479567611,1.0,before 2015,0.0,1.0,10238,12000.0,sedan,0,0,0,1.0
819023,26-39,female,majority,10-19y,high school,upper class,0.6074893477679281,1.0,before 2015,1.0,0.0,10238,12000.0,sedan,2,0,2,0.0
492516,65+,female,majority,30y+,university,upper class,0.8094112590513309,1.0,before 2015,1.0,1.0,10238,9000.0,sedan,5,0,4,0.0
470792,40-64,female,majority,20-29y,none,middle class,0.3939431387052909,1.0,after 2015,0.0,1.0,32765,12000.0,sedan,2,1,0,0.0
940414,26-39,male,majority,10-19y,none,poverty,0.267850926228347,1.0,after 2015,0.0,1.0,10238,11000.0,sports car,2,0,1,0.0
201088,65+,female,majority,0-9y,high school,middle class,0.574961078622218,1.0,after 2015,1.0,1.0,10238,11000.0,sedan,0,0,0,0.0
37519,65+,female,majority,0-9y,university,upper class,0.560541352496778,1.0,before 2015,1.0,1.0,32765,3000.0,sedan,0,0,0,1.0
130769,65+,female,majority,0-9y,high school,upper class,0.6180232418322302,1.0,after 2015,1.0,0.0,92101,14000.0,sedan,0,0,0,0.0
705399,40-64,female,majority,10-19y,university,upper class,0.5520183886629846,1.0,after 2015,0.0,0.0,10238,13000.0,sedan,0,0,0,0.0
994719,40-64,female,majority,20-29y,high school,working class,0.4690905208181935,1.0,before 2015,1.0,1.0,32765,3000.0,sedan,4,0,2,0.0
715348,65+,male,majority,30y+,university,upper class,0.6359540391347808,1.0,before 2015,1.0,1.0,10238,10000.0,sedan,5,2,3,0.0
790787,40-64,female,majority,10-19y,high school,working class,0.5575721093560834,1.0,before 2015,0.0,1.0,10238,11000.0,sedan,1,0,0,0.0
747158,40-64,male,majority,10-19y,high school,poverty,0.2447002822554663,0.0,after 2015,0.0,1.0,32765,13000.0,sedan,0,0,0,1.0
45157,26-39,male,minority,0-9y,none,poverty,0.292372046730257,0.0,before 2015,1.0,1.0,10238,11000.0,sedan,0,0,0,1.0
28132,16-25,male,majority,0-9y,high school,working class,0.2701780893985927,1.0,after 2015,0.0,0.0,10238,13000.0,sedan,0,0,0,1.0
78280,26-39,male,majority,10-19y,university,middle class,0.3973993818926896,1.0,before 2015,1.0,1.0,10238,,sports car,1,0,1,0.0
426907,16-25,female,majority,0-9y,none,poverty,0.3293593350870786,0.0,before 2015,0.0,1.0,32765,13000.0,sedan,0,0,0,1.0
512014,65+,male,majority,30y+,high school,middle class,0.6423726842464099,0.0,before 2015,0.0,1.0,32765,13000.0,sedan,8,2,1,0.0
759621,16-25,female,majority,0-9y,high school,working class,0.4707666573162489,1.0,before 2015,0.0,0.0,32765,12000.0,sedan,0,0,0,0.0
696265,26-39,female,majority,10-19y,university,upper class,0.7062848162701159,1.0,after 2015,1.0,1.0,10238,8000.0,sedan,2,1,0,0.0
469772,16-25,male,majority,0-9y,university,working class,0.5251503019981206,0.0,before 2015,0.0,1.0,32765,8000.0,sedan,0,0,0,1.0
401934,16-25,female,majority,0-9y,none,poverty,0.3602106622711334,0.0,before 2015,0.0,0.0,92101,18000.0,sedan,0,0,0,1.0
741247,26-39,female,majority,10-19y,high school,middle class,0.6165924777058676,1.0,before 2015,1.0,1.0,32765,10000.0,sedan,1,1,1,0.0
69241,26-39,male,majority,0-9y,university,upper class,0.6588498265607253,1.0,before 2015,1.0,1.0,10238,9000.0,sedan,0,0,0,1.0
699207,26-39,female,majority,10-19y,none,poverty,0.5375161311706116,0.0,before 2015,0.0,1.0,10238,11000.0,sedan,1,0,0,0.0
480051,16-25,male,majority,0-9y,high school,middle class,,1.0,after 2015,1.0,0.0,32765,11000.0,sports car,0,0,0,0.0
772042,26-39,male,majority,10-19y,none,working class,0.5981145934451958,0.0,before 2015,0.0,1.0,32765,,sedan,3,0,1,1.0
623636,26-39,female,majority,10-19y,university,upper class,0.6847622988569981,0.0,after 2015,1.0,1.0,10238,14000.0,sedan,1,0,2,0.0
156807,65+,male,majority,20-29y,university,upper class,0.6465297264942811,1.0,before 2015,1.0,1.0,10238,6000.0,sedan,3,1,5,0.0
686824,65+,female,majority,10-19y,high school,upper class,0.6894318277896103,1.0,after 2015,0.0,1.0,10238,16000.0,sedan,0,0,0,0.0
519982,16-25,female,majority,0-9y,none,poverty,,1.0,before 2015,1.0,1.0,10238,9000.0,sedan,0,0,0,0.0
277229,40-64,male,majority,10-19y,university,middle class,0.5804717515794329,1.0,before 2015,0.0,1.0,10238,11000.0,sedan,1,2,2,0.0
307408,26-39,female,minority,10-19y,none,working class,,1.0,before 2015,0.0,1.0,10238,9000.0,sedan,2,0,0,0.0
782647,16-25,male,majority,0-9y,high school,working class,,1.0,before 2015,0.0,1.0,10238,,sedan,0,0,0,0.0
161641,26-39,female,majority,10-19y,high school,working class,,1.0,before 2015,1.0,1.0,10238,8000.0,sedan,0,0,1,0.0
143785,40-64,female,majority,20-29y,university,upper class,0.6554399817895643,1.0,after 2015,1.0,1.0,32765,8000.0,sedan,1,0,0,0.0
267138,40-64,female,majority,20-29y,none,middle class,0.4508686835898137,0.0,after 2015,0.0,1.0,10238,11000.0,sedan,1,0,0,0.0
982915,40-64,male,majority,0-9y,university,upper class,0.5633602834787163,1.0,before 2015,0.0,1.0,10238,10000.0,sedan,0,0,0,0.0
621262,65+,female,majority,20-29y,university,upper class,0.4974103899565097,1.0,after 2015,0.0,1.0,10238,12000.0,sedan,1,0,1,0.0
296897,26-39,male,majority,10-19y,none,poverty,0.4222944935844876,0.0,before 2015,0.0,0.0,32765,14000.0,sedan,3,0,0,1.0
546494,40-64,female,majority,20-29y,high school,middle class,,0.0,before 2015,1.0,1.0,10238,14000.0,sedan,0,0,0,0.0
237986,16-25,female,majority,0-9y,high school,poverty,0.2866241766490909,0.0,before 2015,0.0,0.0,10238,16000.0,sedan,0,0,0,1.0
927463,26-39,female,majority,10-19y,high school,working class,0.4378414664614671,1.0,before 2015,0.0,0.0,10238,13000.0,sedan,2,0,3,0.0
246580,65+,male,majority,0-9y,high school,upper class,,1.0,before 2015,0.0,1.0,10238,15000.0,sedan,0,0,0,0.0
66535,26-39,female,majority,10-19y,university,middle class,0.4968750939797052,1.0,after 2015,1.0,0.0,32765,6000.0,sedan,3,0,0,0.0
472347,40-64,male,majority,20-29y,none,middle class,0.4654115935738457,1.0,before 2015,0.0,1.0,10238,14000.0,sedan,3,0,1,0.0
705254,26-39,male,majority,10-19y,university,upper class,0.5792421978398589,1.0,before 2015,0.0,1.0,10238,11000.0,sedan,1,0,3,0.0
158333,65+,female,majority,30y+,high school,upper class,0.5817975203419883,1.0,after 2015,1.0,1.0,10238,,sedan,2,0,5,0.0
273042,26-39,female,majority,10-19y,university,working class,0.3900112191131237,1.0,before 2015,0.0,0.0,10238,19000.0,sedan,0,2,0,0.0
526996,40-64,female,majority,10-19y,high school,upper class,0.6333926663072394,1.0,before 2015,0.0,1.0,10238,16000.0,sedan,1,0,0,1.0
491567,65+,female,majority,30y+,none,upper class,0.5431625565124614,1.0,after 2015,0.0,0.0,10238,16000.0,sedan,0,0,0,0.0
472762,40-64,female,majority,20-29y,none,poverty,,0.0,before 2015,1.0,1.0,10238,7000.0,sedan,0,0,2,0.0
374142,65+,female,majority,10-19y,university,upper class,0.6655668427949974,0.0,after 2015,0.0,1.0,10238,14000.0,sedan,0,0,1,1.0
948302,40-64,female,majority,0-9y,university,upper class,0.5753697596133064,1.0,after 2015,1.0,1.0,32765,9000.0,sedan,0,0,0,0.0
903217,26-39,female,majority,0-9y,university,middle class,0.4969487452557816,0.0,after 2015,0.0,0.0,10238,14000.0,sedan,0,0,0,1.0
508146,26-39,male,majority,10-19y,none,poverty,0.4645345001201633,0.0,before 2015,0.0,1.0,10238,,sedan,1,1,0,0.0
384432,26-39,male,majority,10-19y,high school,poverty,0.3176532911030203,1.0,before 2015,1.0,1.0,10238,9000.0,sedan,0,0,4,0.0
659824,40-64,female,majority,20-29y,high school,middle class,,1.0,before 2015,1.0,1.0,32765,5000.0,sedan,5,0,0,0.0
999634,40-64,male,majority,20-29y,high school,middle class,0.4685393781011972,1.0,after 2015,0.0,0.0,10238,18000.0,sedan,3,0,3,0.0
176415,26-39,female,majority,0-9y,university,middle class,0.4771355471466757,1.0,after 2015,0.0,0.0,10238,16000.0,sedan,0,0,0,0.0
883104,40-64,female,majority,20-29y,university,upper class,0.6874928008429386,1.0,after 2015,1.0,1.0,10238,8000.0,sports car,2,0,5,0.0
822325,26-39,female,minority,10-19y,none,working class,0.5054014188775956,0.0,before 2015,0.0,1.0,10238,11000.0,sports car,1,0,1,0.0
897410,65+,male,majority,30y+,high school,upper class,0.693324860926029,1.0,before 2015,1.0,1.0,10238,14000.0,sedan,3,1,3,0.0
934316,26-39,male,majority,10-19y,high school,working class,,1.0,before 2015,1.0,1.0,32765,,sedan,1,0,1,0.0
94241,26-39,female,majority,10-19y,university,middle class,0.4920460979337053,1.0,before 2015,1.0,1.0,10238,12000.0,sedan,1,0,0,0.0
585537,65+,male,majority,10-19y,university,upper class,0.5031840274119616,1.0,after 2015,1.0,1.0,10238,8000.0,sedan,1,2,2,0.0
60609,26-39,male,majority,10-19y,university,upper class,0.6068207924340454,1.0,before 2015,1.0,1.0,32765,,sedan,5,0,0,1.0
883608,26-39,male,minority,0-9y,none,poverty,0.283039766034497,1.0,before 2015,0.0,0.0,32765,,sports car,0,0,0,1.0
342342,16-25,female,majority,0-9y,high school,working class,0.4425687110792027,0.0,before 2015,0.0,0.0,32765,16000.0,sedan,0,0,0,1.0
243888,26-39,male,majority,10-19y,none,poverty,0.1436568483193364,0.0,before 2015,0.0,0.0,10238,17000.0,sedan,1,0,1,0.0
76473,26-39,female,majority,0-9y,high school,upper class,0.5895362266658405,0.0,before 2015,1.0,0.0,32765,10000.0,sedan,0,0,0,0.0
19556,16-25,female,majority,0-9y,university,middle class,0.6955403751894537,1.0,after 2015,0.0,1.0,10238,16000.0,sedan,0,0,0,0.0
945619,26-39,female,majority,10-19y,high school,middle class,0.6943885556325824,0.0,after 2015,1.0,1.0,10238,10000.0,sedan,2,0,1,0.0
883888,40-64,male,majority,10-19y,high school,middle class,0.5848186739158909,1.0,before 2015,1.0,1.0,10238,,sedan,0,1,2,0.0
774388,26-39,female,majority,10-19y,none,poverty,0.2341980151733733,0.0,after 2015,1.0,1.0,32765,10000.0,sedan,2,0,1,0.0
778081,65+,female,majority,30y+,high school,upper class,0.6911491389241807,1.0,before 2015,1.0,1.0,10238,,sedan,2,1,3,0.0
805148,16-25,female,majority,0-9y,high school,middle class,0.5995107478403817,1.0,before 2015,0.0,0.0,32765,11000.0,sedan,0,0,0,0.0
579336,65+,female,majority,10-19y,university,upper class,0.5733880426029547,1.0,after 2015,1.0,1.0,10238,10000.0,sedan,0,0,2,0.0
607386,16-25,male,minority,0-9y,none,poverty,0.3410406534529566,1.0,before 2015,1.0,1.0,10238,14000.0,sedan,0,0,0,1.0
946135,26-39,female,majority,10-19y,high school,working class,0.3774203905415542,1.0,before 2015,0.0,1.0,92101,,sedan,1,0,0,0.0
441806,65+,female,minority,30y+,none,upper class,0.6438294985996167,1.0,before 2015,1.0,1.0,10238,11000.0,sedan,2,2,1,0.0
449629,26-39,female,minority,0-9y,none,poverty,0.2959614920166271,0.0,before 2015,1.0,1.0,10238,9000.0,sedan,0,0,0,1.0
820634,16-25,male,majority,0-9y,university,middle class,0.6514543800907053,1.0,after 2015,0.0,1.0,10238,,sedan,0,0,0,0.0
312360,16-25,female,majority,0-9y,high school,working class,0.5819435693706934,1.0,before 2015,1.0,1.0,10238,11000.0,sedan,0,0,0,1.0
579072,40-64,female,majority,10-19y,high school,middle class,0.4315068771925517,1.0,before 2015,1.0,1.0,92101,15000.0,sedan,0,0,0,1.0
196570,40-64,female,majority,10-19y,university,upper class,0.7819530183027448,1.0,after 2015,1.0,1.0,10238,16000.0,sedan,3,1,0,0.0
879579,26-39,female,majority,0-9y,high school,working class,0.3195428007274368,0.0,before 2015,1.0,0.0,10238,19000.0,sedan,0,0,0,1.0
689861,26-39,female,majority,10-19y,high school,poverty,0.3567519094094252,1.0,before 2015,1.0,1.0,10238,12000.0,sedan,1,0,0,0.0
302852,40-64,male,majority,20-29y,high school,middle class,0.5300029601626921,0.0,before 2015,1.0,1.0,32765,8000.0,sedan,9,1,1,0.0
611942,40-64,female,majority,20-29y,university,upper class,0.5505940925339683,0.0,after 2015,1.0,1.0,10238,6000.0,sedan,2,0,6,0.0
533665,40-64,male,minority,20-29y,university,upper class,0.6239669002821674,1.0,before 2015,1.0,0.0,10238,13000.0,sedan,1,0,0,0.0
505857,16-25,male,majority,0-9y,high school,poverty,0.3019639944771714,0.0,before 2015,1.0,0.0,32765,11000.0,sedan,0,0,0,1.0
483195,65+,male,majority,10-19y,university,upper class,0.6706215882714347,1.0,before 2015,1.0,1.0,92101,9000.0,sedan,1,0,0,0.0
128270,26-39,female,majority,10-19y,none,poverty,0.2492100963315842,0.0,before 2015,0.0,1.0,92101,13000.0,sedan,0,0,0,0.0
617787,65+,male,majority,10-19y,none,upper class,0.5639881890141439,1.0,after 2015,1.0,1.0,10238,9000.0,sedan,3,1,2,0.0
367223,26-39,female,majority,10-19y,none,middle class,0.4860998376306382,0.0,after 2015,0.0,0.0,10238,17000.0,sedan,1,0,0,1.0
578035,40-64,female,majority,20-29y,high school,upper class,0.6211206784777938,1.0,before 2015,1.0,1.0,10238,10000.0,sedan,1,1,2,0.0
816988,40-64,female,majority,20-29y,university,upper class,0.4600415995270326,1.0,before 2015,1.0,1.0,32765,9000.0,sedan,1,1,1,0.0
229265,40-64,male,majority,20-29y,high school,upper class,0.4144222255873609,1.0,after 2015,1.0,1.0,10238,14000.0,sedan,1,0,4,0.0
742164,65+,female,majority,30y+,university,upper class,0.6740414294106584,1.0,after 2015,1.0,1.0,10238,7000.0,sedan,1,0,2,0.0
253678,26-39,female,minority,10-19y,university,working class,0.2860896047851427,0.0,before 2015,1.0,1.0,10238,7000.0,sedan,1,0,1,0.0
918280,40-64,male,majority,20-29y,university,upper class,0.7373210898498997,0.0,before 2015,1.0,1.0,10238,11000.0,sedan,4,1,4,1.0
880786,26-39,female,minority,10-19y,high school,middle class,0.6599500775694354,0.0,after 2015,0.0,1.0,10238,10000.0,sedan,0,0,1,0.0
335122,40-64,female,majority,0-9y,none,middle class,0.3460145477683494,1.0,before 2015,1.0,1.0,32765,6000.0,sedan,0,0,0,1.0
295456,16-25,female,majority,0-9y,high school,working class,0.3753627061617993,0.0,after 2015,0.0,1.0,10238,14000.0,sedan,0,0,0,0.0
32523,65+,male,majority,10-19y,high school,upper class,0.7292185662357293,1.0,after 2015,1.0,1.0,10238,12000.0,sedan,1,0,0,0.0
668720,40-64,male,majority,20-29y,none,poverty,0.3994501842011815,0.0,before 2015,0.0,1.0,32765,6000.0,sedan,6,0,1,0.0
501954,26-39,male,majority,10-19y,none,working class,0.4337008084550018,1.0,before 2015,1.0,0.0,10238,11000.0,sedan,0,0,0,0.0
708087,16-25,male,majority,0-9y,none,working class,0.557150249939646,0.0,before 2015,0.0,1.0,10238,12000.0,sedan,0,0,0,1.0
690562,65+,female,majority,20-29y,high school,upper class,0.8356412446550553,0.0,before 2015,1.0,1.0,32765,10000.0,sedan,3,0,0,0.0
280788,16-25,female,minority,0-9y,high school,working class,0.5184407641921249,0.0,before 2015,1.0,0.0,10238,16000.0,sedan,0,0,0,1.0
825218,26-39,female,majority,0-9y,high school,working class,0.3006288858443253,1.0,before 2015,0.0,1.0,10238,12000.0,sedan,0,0,0,0.0
287710,65+,male,majority,10-19y,university,upper class,0.5520767973926749,0.0,before 2015,0.0,1.0,10238,13000.0,sedan,1,0,1,1.0
14662,16-25,female,majority,0-9y,none,poverty,0.4162127670592956,1.0,before 2015,0.0,1.0,10238,12000.0,sedan,0,0,0,0.0
146897,26-39,female,majority,0-9y,high school,middle class,0.6046842696715551,1.0,before 2015,1.0,1.0,21217,11000.0,sedan,0,0,0,1.0
263890,40-64,female,majority,20-29y,high school,upper class,0.6735746205526248,1.0,after 2015,1.0,1.0,10238,10000.0,sedan,1,0,2,0.0
244725,16-25,female,majority,0-9y,high school,poverty,0.5099604407566505,0.0,before 2015,0.0,0.0,10238,17000.0,sedan,0,0,0,1.0
262122,65+,female,majority,20-29y,none,upper class,0.3883294126398464,1.0,before 2015,0.0,1.0,10238,10000.0,sedan,1,0,1,0.0
317463,16-25,female,majority,0-9y,university,middle class,0.5166275624988707,1.0,before 2015,1.0,1.0,32765,11000.0,sports car,0,0,0,0.0
761223,26-39,female,minority,0-9y,university,middle class,0.5358403859005467,1.0,before 2015,1.0,0.0,10238,12000.0,sedan,0,0,0,0.0
246328,26-39,female,majority,0-9y,none,working class,0.4174677051744715,1.0,before 2015,1.0,0.0,10238,9000.0,sports car,0,0,0,0.0
897733,40-64,female,majority,20-29y,university,upper class,0.5801140550676668,1.0,after 2015,0.0,1.0,10238,14000.0,sedan,0,1,1,0.0
439975,40-64,male,minority,20-29y,high school,working class,0.5145739221806612,1.0,before 2015,1.0,1.0,92101,,sedan,3,0,1,0.0
397421,16-25,female,majority,0-9y,high school,poverty,,0.0,before 2015,1.0,1.0,10238,11000.0,sedan,0,0,0,0.0
241973,65+,female,majority,30y+,high school,upper class,0.6293380939717407,1.0,before 2015,1.0,0.0,10238,11000.0,sedan,2,0,2,0.0
903872,26-39,female,majority,10-19y,high school,working class,,1.0,before 2015,0.0,0.0,32765,8000.0,sedan,0,1,0,0.0
97442,26-39,male,majority,0-9y,university,middle class,,0.0,after 2015,0.0,0.0,10238,15000.0,sedan,0,0,0,1.0
960726,16-25,female,majority,0-9y,none,working class,0.5341366518133347,1.0,before 2015,0.0,1.0,10238,,sports car,0,0,0,1.0
617147,26-39,male,majority,10-19y,high school,poverty,0.3016306075615495,1.0,before 2015,0.0,1.0,32765,11000.0,sedan,1,0,0,1.0
588727,40-64,female,majority,20-29y,high school,upper class,0.523731888374134,1.0,after 2015,1.0,1.0,32765,8000.0,sedan,5,0,1,0.0
289627,40-64,male,majority,20-29y,university,upper class,0.485035104868301,1.0,after 2015,1.0,1.0,10238,10000.0,sedan,2,1,3,0.0
874042,16-25,female,majority,0-9y,high school,poverty,0.2877081919505582,0.0,before 2015,0.0,0.0,10238,16000.0,sedan,0,0,0,0.0
837712,40-64,female,majority,20-29y,university,upper class,0.5363148091435546,1.0,before 2015,1.0,1.0,32765,11000.0,sedan,2,0,2,0.0
117561,26-39,male,majority,10-19y,high school,working class,0.4311091661465828,1.0,before 2015,1.0,1.0,10238,13000.0,sedan,1,0,1,0.0
898932,26-39,male,majority,10-19y,university,upper class,0.6583413033058965,1.0,after 2015,1.0,1.0,10238,10000.0,sedan,1,0,0,0.0
810066,40-64,female,majority,20-29y,high school,middle class,0.5672553074796418,1.0,before 2015,1.0,1.0,32765,9000.0,sedan,1,1,0,0.0
447889,40-64,female,majority,10-19y,high school,upper class,0.5704986254553546,1.0,before 2015,0.0,0.0,10238,13000.0,sedan,0,0,0,0.0
386754,26-39,female,minority,10-19y,high school,middle class,0.5438368709450099,1.0,before 2015,0.0,1.0,10238,15000.0,sedan,0,0,0,0.0
116199,16-25,male,majority,0-9y,high school,working class,0.3977001998989168,1.0,after 2015,0.0,1.0,32765,13000.0,sedan,0,0,0,1.0
949583,16-25,female,majority,0-9y,high school,poverty,0.3123237413360567,0.0,after 2015,0.0,0.0,92101,17000.0,sedan,0,0,0,1.0
267329,65+,female,majority,10-19y,high school,upper class,0.5423841707891541,1.0,before 2015,1.0,1.0,10238,10000.0,sedan,1,0,2,0.0
833066,26-39,male,majority,10-19y,high school,working class,0.688896033043724,1.0,before 2015,0.0,0.0,10238,,sedan,3,1,1,0.0
839040,40-64,male,majority,10-19y,university,upper class,0.5219898989080595,1.0,before 2015,1.0,1.0,10238,10000.0,sedan,3,2,1,0.0
231919,26-39,male,majority,10-19y,high school,middle class,0.6303208291323615,1.0,after 2015,1.0,0.0,10238,16000.0,sedan,1,0,0,0.0
729922,40-64,female,majority,10-19y,high school,upper class,0.7001678884176583,1.0,after 2015,1.0,1.0,10238,11000.0,sedan,2,0,2,0.0
457682,16-25,female,majority,0-9y,high school,poverty,0.2877500132860095,0.0,before 2015,0.0,0.0,10238,10000.0,sedan,0,0,0,0.0
805456,26-39,female,majority,10-19y,university,middle class,0.6322144690931132,1.0,before 2015,0.0,0.0,10238,14000.0,sedan,0,0,1,0.0
647122,26-39,male,majority,10-19y,university,upper class,0.6126814428612573,0.0,after 2015,0.0,0.0,10238,13000.0,sedan,3,0,1,1.0
272425,40-64,female,majority,10-19y,high school,upper class,0.5291784834170872,1.0,before 2015,1.0,1.0,10238,12000.0,sedan,1,0,2,0.0
7002,16-25,male,majority,0-9y,university,working class,0.4246998935081101,1.0,before 2015,0.0,1.0,10238,16000.0,sedan,0,0,0,0.0
129280,65+,female,majority,30y+,university,upper class,0.6722393801946255,1.0,after 2015,1.0,1.0,10238,11000.0,sedan,0,0,1,0.0
364406,40-64,male,majority,20-29y,university,upper class,,0.0,after 2015,0.0,1.0,10238,12000.0,sedan,2,0,6,0.0
863180,65+,male,majority,30y+,university,upper class,,0.0,after 2015,1.0,0.0,92101,10000.0,sedan,9,0,3,0.0
700611,26-39,female,majority,10-19y,none,poverty,0.4159894836173937,1.0,before 2015,1.0,1.0,10238,13000.0,sedan,0,0,0,0.0
836376,65+,male,minority,30y+,high school,upper class,0.7098761776305509,1.0,after 2015,0.0,1.0,10238,11000.0,sports car,2,1,1,0.0
342418,26-39,female,majority,10-19y,university,middle class,0.6515006096504785,0.0,before 2015,0.0,1.0,10238,11000.0,sedan,1,0,0,0.0
629208,26-39,female,majority,10-19y,high school,upper class,0.6146990302171157,1.0,before 2015,0.0,0.0,32765,,sedan,1,1,0,0.0
777000,40-64,female,majority,20-29y,university,upper class,0.5823559985127149,1.0,after 2015,1.0,1.0,10238,12000.0,sedan,0,0,0,0.0
178343,65+,male,majority,30y+,none,working class,0.3483040632933534,1.0,before 2015,0.0,1.0,10238,11000.0,sedan,3,2,4,0.0
349674,26-39,female,majority,10-19y,university,upper class,0.6935370024635639,1.0,before 2015,1.0,1.0,32765,7000.0,sports car,1,0,0,0.0
870736,40-64,male,majority,10-19y,university,upper class,,1.0,before 2015,1.0,1.0,10238,13000.0,sedan,2,0,0,0.0
380265,26-39,female,majority,0-9y,high school,working class,,1.0,before 2015,0.0,0.0,10238,12000.0,sedan,0,0,0,0.0
416795,40-64,female,majority,20-29y,high school,middle class,0.6615841421190086,1.0,before 2015,0.0,1.0,32765,12000.0,sedan,5,0,0,0.0
587020,16-25,male,majority,0-9y,university,working class,0.4326820822013205,1.0,before 2015,0.0,0.0,10238,14000.0,sedan,0,0,0,1.0
280155,16-25,male,majority,0-9y,none,poverty,0.4657214299801776,1.0,before 2015,0.0,0.0,10238,13000.0,sedan,0,0,0,1.0
334482,16-25,female,minority,0-9y,none,working class,0.3987767871796487,0.0,before 2015,0.0,0.0,10238,15000.0,sedan,0,0,0,1.0
124944,16-25,female,majority,0-9y,none,working class,0.4190926685040132,1.0,after 2015,0.0,1.0,10238,11000.0,sedan,0,0,0,0.0
827433,65+,female,majority,10-19y,university,upper class,0.5857094807969453,0.0,after 2015,1.0,1.0,32765,,sedan,1,0,0,0.0
28109,40-64,male,majority,20-29y,university,upper class,0.570277670616915,1.0,before 2015,1.0,0.0,32765,7000.0,sedan,5,1,4,0.0
560201,40-64,male,majority,20-29y,university,upper class,0.522847207597039,1.0,before 2015,1.0,0.0,10238,10000.0,sedan,8,0,1,0.0
634150,65+,male,majority,0-9y,none,upper class,0.7445825708054017,0.0,after 2015,1.0,1.0,10238,10000.0,sedan,0,0,0,0.0
100647,26-39,male,majority,10-19y,high school,middle class,,0.0,before 2015,0.0,1.0,10238,15000.0,sedan,2,0,0,1.0
454230,65+,male,majority,20-29y,university,upper class,0.6204753127320177,1.0,after 2015,0.0,0.0,10238,20000.0,sedan,2,0,0,0.0
947957,65+,female,majority,30y+,high school,upper class,0.7946711958481965,1.0,after 2015,1.0,1.0,10238,,sedan,1,0,1,0.0
851978,65+,male,majority,10-19y,none,working class,0.3589212361536521,0.0,before 2015,1.0,0.0,10238,15000.0,sedan,0,0,4,1.0
981486,16-25,male,majority,0-9y,high school,working class,0.4469064435298361,0.0,before 2015,0.0,0.0,10238,,sedan,0,0,0,1.0
487034,26-39,male,majority,10-19y,high school,middle class,0.2710642145687786,1.0,after 2015,0.0,0.0,10238,14000.0,sedan,0,0,4,0.0
294928,65+,female,majority,0-9y,university,upper class,0.7401870890843271,1.0,before 2015,1.0,1.0,10238,8000.0,sedan,0,0,0,1.0
253738,65+,female,minority,20-29y,high school,upper class,0.5899205210584967,0.0,before 2015,0.0,1.0,92101,11000.0,sedan,1,0,0,0.0
586547,16-25,female,majority,0-9y,high school,poverty,0.2502084663246026,1.0,before 2015,0.0,1.0,32765,10000.0,sedan,0,0,0,0.0
824121,26-39,male,majority,10-19y,university,middle class,,0.0,before 2015,0.0,1.0,10238,12000.0,sedan,3,1,4,0.0
649374,65+,male,majority,20-29y,university,upper class,0.5274739804876885,1.0,after 2015,1.0,1.0,10238,9000.0,sedan,5,0,4,0.0
605113,26-39,male,minority,10-19y,none,working class,0.4201405305138809,1.0,before 2015,0.0,0.0,10238,14000.0,sedan,0,0,2,1.0
309006,40-64,female,minority,20-29y,none,working class,0.3563305303139126,1.0,before 2015,0.0,1.0,10238,10000.0,sedan,1,0,6,0.0
895279,40-64,female,majority,20-29y,none,middle class,0.4832471845483816,1.0,after 2015,0.0,1.0,10238,11000.0,sedan,2,0,0,0.0
690509,65+,female,majority,30y+,high school,upper class,0.4815070547969057,1.0,after 2015,1.0,1.0,10238,11000.0,sedan,3,0,4,0.0
511456,65+,female,majority,30y+,university,middle class,0.6724234394915924,1.0,before 2015,1.0,1.0,32765,13000.0,sedan,3,1,3,0.0
421214,26-39,female,majority,10-19y,high school,working class,0.4564483485504177,0.0,before 2015,0.0,0.0,10238,13000.0,sedan,2,0,0,0.0
685981,26-39,female,majority,10-19y,high school,middle class,,1.0,before 2015,0.0,0.0,10238,13000.0,sedan,0,0,1,0.0
318141,40-64,male,majority,10-19y,university,upper class,0.6238940157264959,1.0,after 2015,1.0,1.0,10238,10000.0,sedan,2,3,1,0.0
818305,26-39,male,majority,10-19y,university,upper class,0.4826533172678877,1.0,after 2015,1.0,1.0,92101,11000.0,sedan,1,0,2,0.0
260651,40-64,male,majority,20-29y,university,middle class,0.5789921717005608,1.0,before 2015,0.0,1.0,10238,10000.0,sedan,1,1,1,0.0
187312,26-39,male,majority,10-19y,none,middle class,0.3823578060284721,1.0,before 2015,1.0,0.0,32765,9000.0,sedan,5,1,2,1.0
944103,40-64,male,majority,20-29y,university,upper class,0.6124200256695846,1.0,after 2015,1.0,1.0,10238,7000.0,sedan,4,0,3,0.0
784737,40-64,male,minority,20-29y,none,poverty,,0.0,before 2015,1.0,1.0,10238,10000.0,sedan,2,0,7,0.0
750365,16-25,male,majority,0-9y,none,poverty,0.3577571170184627,0.0,before 2015,0.0,0.0,10238,16000.0,sedan,0,0,0,1.0
412162,26-39,female,majority,10-19y,university,working class,0.4077076280539558,0.0,before 2015,1.0,1.0,10238,,sedan,0,0,0,0.0
970143,65+,male,majority,0-9y,university,upper class,0.6603034733296376,1.0,after 2015,1.0,1.0,10238,,sedan,0,0,0,0.0
577297,26-39,female,majority,0-9y,high school,working class,0.4312421790255512,1.0,before 2015,0.0,1.0,10238,12000.0,sedan,0,0,0,0.0
830031,40-64,female,majority,0-9y,university,middle class,0.4504891385915822,1.0,before 2015,1.0,1.0,10238,12000.0,sedan,0,0,0,0.0
96024,16-25,male,majority,0-9y,high school,poverty,0.3437902440091854,0.0,before 2015,0.0,1.0,10238,12000.0,sedan,0,0,0,1.0
117006,65+,female,majority,30y+,high school,upper class,0.7472307451362703,1.0,after 2015,0.0,1.0,21217,11000.0,sedan,0,0,0,1.0
950177,40-64,male,majority,0-9y,university,upper class,0.60960497937291,1.0,after 2015,0.0,0.0,10238,15000.0,sedan,0,0,0,0.0
330622,40-64,female,majority,10-19y,high school,middle class,0.4572949458459679,1.0,before 2015,0.0,0.0,10238,11000.0,sedan,2,0,1,0.0
429503,16-25,male,majority,0-9y,high school,poverty,0.28372421050714,0.0,before 2015,0.0,1.0,10238,15000.0,sedan,0,0,0,1.0
39708,16-25,male,minority,0-9y,high school,poverty,0.4109841035528671,1.0,before 2015,0.0,1.0,10238,13000.0,sedan,0,0,0,0.0
95931,26-39,female,majority,10-19y,high school,upper class,0.5208822009924479,0.0,after 2015,1.0,0.0,92101,11000.0,sedan,0,1,0,1.0
914938,40-64,female,majority,20-29y,university,upper class,0.5928095959478218,1.0,after 2015,0.0,1.0,32765,10000.0,sports car,4,0,0,0.0
425386,65+,female,majority,0-9y,high school,upper class,0.6391966091369224,1.0,after 2015,1.0,1.0,10238,12000.0,sedan,0,0,0,0.0
45019,26-39,female,majority,0-9y,university,middle class,0.6714519317340388,0.0,before 2015,0.0,1.0,92101,14000.0,sedan,0,0,0,0.0
140186,40-64,male,majority,10-19y,high school,upper class,0.5187253040090152,1.0,after 2015,1.0,1.0,32765,8000.0,sedan,6,0,0,0.0
258531,26-39,male,majority,10-19y,university,upper class,0.6205369152894323,1.0,after 2015,0.0,0.0,10238,15000.0,sedan,2,1,0,0.0
439175,26-39,female,majority,10-19y,high school,working class,,1.0,before 2015,0.0,1.0,10238,11000.0,sedan,2,0,0,0.0
156883,65+,male,majority,10-19y,high school,upper class,0.633403473578646,1.0,after 2015,1.0,1.0,10238,9000.0,sedan,1,1,2,0.0
424858,26-39,male,majority,0-9y,none,poverty,0.4003174824567489,0.0,after 2015,0.0,0.0,92101,17000.0,sedan,0,0,0,1.0
925552,40-64,male,majority,20-29y,university,middle class,0.4990091237901978,1.0,before 2015,0.0,0.0,10238,13000.0,sedan,4,0,7,0.0
728365,40-64,female,majority,20-29y,university,upper class,0.4754848367664985,1.0,after 2015,1.0,1.0,10238,9000.0,sedan,2,0,0,0.0
60634,40-64,male,majority,10-19y,high school,upper class,,1.0,before 2015,1.0,0.0,10238,11000.0,sedan,1,0,1,1.0
660589,65+,male,majority,30y+,high school,upper class,0.7095147983810901,1.0,before 2015,0.0,1.0,32765,10000.0,sedan,11,1,1,0.0
662855,65+,female,majority,0-9y,university,upper class,0.6563498838978089,1.0,after 2015,1.0,1.0,10238,7000.0,sedan,0,0,0,0.0
670374,65+,male,majority,0-9y,high school,upper class,0.4255919544188486,1.0,after 2015,1.0,1.0,32765,10000.0,sedan,0,0,0,1.0
262618,40-64,female,majority,20-29y,university,middle class,0.7107706155314335,0.0,before 2015,1.0,1.0,10238,12000.0,sedan,1,0,1,0.0
827578,40-64,female,majority,20-29y,high school,middle class,0.5724357121716819,1.0,before 2015,1.0,1.0,21217,9000.0,sedan,6,0,2,1.0
506593,40-64,male,majority,20-29y,high school,middle class,0.5221630077716441,0.0,after 2015,1.0,1.0,10238,10000.0,sports car,2,0,5,0.0
420705,40-64,female,majority,20-29y,high school,working class,0.4175859096253334,0.0,before 2015,0.0,0.0,10238,17000.0,sedan,1,0,1,0.0
928771,65+,female,majority,30y+,high school,upper class,0.6542716199084817,1.0,after 2015,1.0,1.0,10238,9000.0,sedan,2,0,1,0.0
259369,16-25,female,majority,0-9y,high school,poverty,0.5103579543132797,0.0,before 2015,1.0,0.0,10238,14000.0,sedan,0,0,0,1.0
857849,40-64,female,majority,20-29y,high school,upper class,0.6202129247986814,1.0,after 2015,1.0,1.0,10238,9000.0,sports car,1,0,2,0.0
233586,40-64,male,majority,20-29y,high school,poverty,0.227390576405316,1.0,before 2015,1.0,1.0,92101,7000.0,sedan,1,0,1,0.0
112838,16-25,male,majority,0-9y,none,poverty,0.4011660534038928,1.0,before 2015,0.0,0.0,10238,11000.0,sedan,0,0,0,0.0
856833,40-64,female,majority,20-29y,high school,upper class,0.5189911675461039,0.0,after 2015,1.0,0.0,10238,12000.0,sedan,0,0,3,0.0
393826,40-64,male,minority,20-29y,university,middle class,0.4411942138622648,1.0,after 2015,1.0,1.0,10238,12000.0,sedan,2,0,1,0.0
816663,65+,female,majority,30y+,high school,upper class,0.6477247112953678,1.0,after 2015,1.0,1.0,10238,10000.0,sedan,5,0,6,0.0
959649,26-39,female,minority,0-9y,high school,upper class,0.6331577699602148,1.0,before 2015,1.0,1.0,32765,3000.0,sedan,0,0,0,1.0
18882,26-39,female,majority,10-19y,university,working class,,0.0,before 2015,0.0,1.0,32765,10000.0,sedan,0,1,0,0.0
933941,26-39,male,majority,10-19y,high school,poverty,0.4259830675931939,0.0,before 2015,0.0,1.0,10238,14000.0,sedan,0,0,1,0.0
102613,26-39,female,majority,10-19y,high school,middle class,0.5449753837822652,1.0,before 2015,1.0,0.0,10238,10000.0,sedan,1,0,0,0.0
119593,16-25,female,minority,0-9y,none,poverty,0.3847612768204737,0.0,before 2015,0.0,0.0,10238,16000.0,sports car,0,0,0,0.0
329466,40-64,male,majority,10-19y,high school,working class,0.2333086497413181,0.0,before 2015,1.0,1.0,10238,,sedan,0,0,3,1.0
122014,40-64,female,majority,20-29y,university,middle class,0.3459138353587543,0.0,before 2015,0.0,0.0,10238,14000.0,sedan,1,0,1,0.0
855590,40-64,male,majority,10-19y,high school,upper class,0.6234212425301384,1.0,after 2015,1.0,1.0,92101,12000.0,sports car,1,0,0,1.0
163769,40-64,female,majority,10-19y,high school,working class,0.4242643876306988,1.0,before 2015,0.0,1.0,32765,9000.0,sedan,1,0,0,1.0
873941,65+,male,majority,30y+,high school,upper class,0.5424386982525647,1.0,after 2015,1.0,1.0,10238,13000.0,sedan,5,1,3,0.0
67358,40-64,female,majority,20-29y,high school,middle class,0.6463796858330859,1.0,before 2015,0.0,1.0,10238,12000.0,sedan,0,0,1,0.0
818651,65+,male,majority,30y+,university,upper class,0.7765854707506779,1.0,before 2015,1.0,1.0,10238,11000.0,sedan,3,0,4,0.0
724901,40-64,female,majority,10-19y,none,working class,0.3222020805094051,1.0,before 2015,1.0,1.0,10238,11000.0,sedan,0,0,2,0.0
777567,65+,female,majority,10-19y,high school,upper class,0.550786240567428,1.0,after 2015,1.0,1.0,10238,15000.0,sedan,0,1,0,0.0
382582,26-39,male,majority,10-19y,high school,upper class,0.7806924095404089,1.0,before 2015,0.0,0.0,10238,14000.0,sedan,0,0,1,1.0
670850,16-25,male,majority,0-9y,university,working class,0.4055600158887265,1.0,before 2015,0.0,0.0,10238,17000.0,sedan,0,0,0,1.0
839917,65+,female,majority,10-19y,university,upper class,0.5254893642134176,1.0,before 2015,1.0,0.0,92101,,sedan,0,0,1,0.0
634976,26-39,female,majority,10-19y,high school,upper class,0.6129230030831353,1.0,after 2015,0.0,1.0,10238,14000.0,sedan,0,0,0,0.0
865316,40-64,female,majority,20-29y,university,upper class,0.6527368124494255,1.0,before 2015,1.0,1.0,10238,13000.0,sedan,4,0,2,0.0
322968,40-64,female,minority,10-19y,none,middle class,0.3940613182551309,0.0,before 2015,1.0,1.0,32765,,sedan,2,0,3,0.0
202838,40-64,female,minority,20-29y,high school,upper class,0.5500124561034115,1.0,after 2015,1.0,1.0,10238,,sedan,1,0,0,0.0
865228,40-64,female,majority,20-29y,university,upper class,0.4751933712775319,1.0,after 2015,1.0,1.0,10238,13000.0,sedan,3,1,1,0.0
911697,65+,male,majority,0-9y,university,upper class,0.6280343303085025,1.0,after 2015,0.0,1.0,32765,10000.0,sedan,0,0,0,1.0
279295,65+,female,majority,10-19y,university,upper class,0.6464929639421738,1.0,before 2015,1.0,1.0,32765,6000.0,sedan,1,0,0,0.0
917911,65+,female,majority,30y+,high school,upper class,0.4960177626781432,1.0,after 2015,1.0,1.0,32765,10000.0,sedan,3,1,0,0.0
396832,16-25,male,majority,0-9y,university,working class,0.4728359811445909,1.0,before 2015,0.0,0.0,10238,13000.0,sedan,0,0,0,0.0
157916,40-64,male,majority,20-29y,high school,upper class,0.8103783788928026,1.0,before 2015,1.0,1.0,10238,,sedan,0,0,5,0.0
392330,16-25,female,majority,0-9y,high school,working class,0.5088152895397878,1.0,after 2015,0.0,0.0,10238,,sedan,0,0,0,1.0
407453,40-64,female,majority,0-9y,university,upper class,0.6137409183819416,1.0,before 2015,0.0,0.0,10238,,sedan,0,0,0,0.0
767868,26-39,male,majority,10-19y,high school,working class,0.4569985464911789,1.0,before 2015,0.0,1.0,10238,11000.0,sedan,0,1,2,0.0
752797,40-64,female,majority,20-29y,high school,working class,0.5429181079423034,1.0,before 2015,0.0,0.0,10238,15000.0,sedan,1,1,0,0.0
559747,16-25,male,majority,0-9y,high school,poverty,,0.0,before 2015,0.0,0.0,10238,16000.0,sedan,0,0,0,1.0
421070,16-25,female,majority,0-9y,high school,working class,0.5290480904503615,1.0,before 2015,0.0,0.0,10238,16000.0,sedan,0,0,0,1.0
20635,16-25,male,minority,0-9y,high school,middle class,,0.0,before 2015,0.0,0.0,92101,14000.0,sedan,0,0,0,1.0
872833,26-39,male,majority,10-19y,none,working class,0.3669005328156921,1.0,before 2015,0.0,1.0,32765,9000.0,sedan,3,3,2,0.0
395478,16-25,male,majority,0-9y,none,poverty,0.4115718511621122,0.0,before 2015,0.0,1.0,10238,13000.0,sedan,0,0,0,1.0
515684,26-39,male,majority,10-19y,high school,working class,0.4056422745779473,1.0,before 2015,0.0,0.0,10238,,sedan,1,0,0,0.0
739850,40-64,female,majority,20-29y,none,working class,0.2004533927670908,1.0,before 2015,1.0,1.0,92101,13000.0,sedan,1,0,3,0.0
353598,26-39,female,majority,10-19y,high school,middle class,,1.0,before 2015,0.0,1.0,10238,11000.0,sedan,1,0,2,0.0
723028,16-25,male,majority,0-9y,none,poverty,0.27904158935576,0.0,before 2015,0.0,0.0,10238,14000.0,sports car,0,0,0,1.0
538003,26-39,female,majority,10-19y,university,middle class,,1.0,before 2015,0.0,1.0,10238,9000.0,sedan,0,0,0,0.0
126139,16-25,female,majority,0-9y,high school,working class,0.5153737310088504,0.0,before 2015,0.0,0.0,10238,16000.0,sedan,0,0,0,1.0
768223,16-25,female,majority,0-9y,university,middle class,0.7692430345650234,1.0,before 2015,0.0,0.0,10238,17000.0,sedan,0,0,0,1.0
314883,16-25,female,majority,0-9y,high school,middle class,0.4578330530113018,1.0,after 2015,0.0,0.0,32765,14000.0,sedan,0,0,0,0.0
351757,26-39,female,majority,10-19y,none,working class,0.628633149594721,0.0,before 2015,1.0,1.0,21217,9000.0,sedan,0,1,2,1.0
339992,65+,female,majority,10-19y,university,upper class,0.6589085636355084,1.0,before 2015,1.0,1.0,10238,13000.0,sedan,0,0,1,0.0
87601,40-64,male,majority,20-29y,university,upper class,0.6691530531126268,1.0,before 2015,1.0,1.0,32765,8000.0,sedan,9,1,5,0.0
440294,40-64,male,majority,20-29y,high school,middle class,0.5990163189686176,0.0,before 2015,0.0,1.0,10238,12000.0,sedan,2,0,4,0.0
635281,65+,female,majority,30y+,high school,upper class,0.7837306862364176,0.0,before 2015,1.0,1.0,10238,8000.0,sedan,0,0,0,0.0
665576,16-25,male,majority,0-9y,university,middle class,0.574842988779269,1.0,before 2015,0.0,0.0,10238,14000.0,sedan,0,0,0,0.0
377816,16-25,female,minority,0-9y,high school,poverty,0.26792669036558,0.0,after 2015,0.0,0.0,10238,15000.0,sedan,0,0,0,0.0
657770,26-39,male,majority,10-19y,high school,middle class,0.5530951841884917,1.0,before 2015,1.0,1.0,10238,9000.0,sedan,0,0,1,0.0
806138,26-39,male,majority,0-9y,university,upper class,0.6758723453150435,1.0,before 2015,1.0,1.0,10238,13000.0,sedan,0,0,0,1.0
549759,65+,male,majority,0-9y,high school,working class,0.4116977364125221,0.0,before 2015,0.0,0.0,10238,14000.0,sports car,0,0,0,1.0
587145,40-64,male,majority,20-29y,high school,upper class,0.6637272722430558,1.0,after 2015,0.0,1.0,10238,15000.0,sedan,5,0,3,0.0
323189,65+,female,majority,0-9y,high school,upper class,0.5523820009958419,1.0,before 2015,0.0,1.0,10238,11000.0,sedan,0,0,0,0.0
737951,26-39,female,majority,10-19y,university,working class,0.5177321441915205,0.0,before 2015,0.0,0.0,10238,,sedan,1,0,2,0.0
135363,26-39,female,majority,10-19y,high school,poverty,0.3836140804227317,0.0,after 2015,0.0,0.0,10238,15000.0,sedan,1,0,0,0.0
747650,26-39,male,majority,10-19y,high school,upper class,0.6193529102850036,1.0,after 2015,1.0,1.0,10238,5000.0,sedan,2,2,3,0.0
529429,40-64,female,majority,10-19y,high school,upper class,0.5313585770595843,1.0,before 2015,1.0,1.0,10238,8000.0,sedan,3,0,4,0.0
594430,40-64,female,majority,10-19y,university,upper class,0.7697278517391074,1.0,after 2015,1.0,1.0,10238,11000.0,sedan,2,0,0,0.0
567238,26-39,female,majority,10-19y,high school,middle class,0.4851718364383785,0.0,before 2015,0.0,1.0,10238,8000.0,sedan,2,1,1,0.0
757295,16-25,male,majority,0-9y,high school,upper class,0.61727812187165,1.0,after 2015,1.0,1.0,32765,10000.0,sedan,0,0,0,1.0
22818,65+,male,majority,20-29y,university,upper class,0.6432273243661761,1.0,before 2015,0.0,1.0,10238,13000.0,sports car,5,2,3,0.0
179788,65+,male,majority,30y+,high school,upper class,0.4780573085955254,1.0,after 2015,1.0,1.0,10238,15000.0,sedan,5,1,1,0.0
343971,65+,male,majority,30y+,university,upper class,0.6254673939107617,1.0,after 2015,1.0,1.0,92101,9000.0,sedan,4,0,2,0.0
526784,26-39,female,majority,0-9y,university,upper class,0.4897946292904909,1.0,after 2015,1.0,1.0,32765,10000.0,sedan,0,0,0,0.0
297773,16-25,male,majority,0-9y,none,poverty,0.2360778705139137,1.0,before 2015,1.0,1.0,32765,8000.0,sedan,0,0,0,1.0
416920,65+,male,majority,30y+,university,upper class,0.5846714102071112,1.0,after 2015,1.0,1.0,32765,11000.0,sedan,13,1,3,0.0
238906,40-64,female,majority,20-29y,university,upper class,0.3921281906969913,1.0,after 2015,0.0,0.0,10238,15000.0,sedan,1,0,1,0.0
417486,65+,female,majority,20-29y,high school,upper class,0.7861047483136375,1.0,before 2015,1.0,1.0,10238,13000.0,sedan,1,1,0,0.0
862085,26-39,female,majority,10-19y,none,working class,0.4367462837571669,0.0,before 2015,0.0,0.0,32765,13000.0,sedan,1,1,0,1.0
911473,40-64,male,majority,20-29y,high school,upper class,0.5859101362400143,0.0,before 2015,1.0,1.0,32765,10000.0,sedan,5,0,0,0.0
565650,26-39,female,majority,10-19y,university,upper class,0.5769773254537305,1.0,before 2015,0.0,0.0,32765,14000.0,sedan,2,0,1,0.0
194624,65+,male,majority,30y+,university,upper class,0.6018449383011959,1.0,before 2015,1.0,1.0,10238,9000.0,sedan,4,0,2,0.0
30051,40-64,male,majority,20-29y,university,upper class,0.6302062062076871,1.0,after 2015,1.0,1.0,10238,12000.0,sedan,3,0,3,0.0
342290,16-25,male,majority,0-9y,university,working class,0.4482136156530477,1.0,before 2015,0.0,0.0,10238,13000.0,sports car,0,0,0,1.0
243866,40-64,female,majority,0-9y,university,upper class,0.6276377525477207,0.0,after 2015,1.0,1.0,10238,12000.0,sedan,0,0,0,0.0
817121,26-39,female,majority,10-19y,high school,upper class,0.6387587524450637,1.0,before 2015,1.0,1.0,10238,12000.0,sedan,1,0,1,0.0
137113,26-39,male,majority,0-9y,high school,working class,0.484596235100643,0.0,before 2015,1.0,0.0,10238,11000.0,sedan,0,0,0,0.0
799036,16-25,female,majority,0-9y,none,poverty,0.4214300590871836,0.0,before 2015,0.0,0.0,10238,16000.0,sedan,0,0,0,1.0
750236,40-64,male,majority,20-29y,university,upper class,0.5391551687999482,1.0,before 2015,1.0,0.0,32765,8000.0,sedan,5,0,1,0.0
814196,16-25,female,majority,0-9y,none,middle class,0.634052597196068,1.0,before 2015,0.0,1.0,32765,,sedan,0,0,0,1.0
138719,26-39,female,majority,10-19y,high school,working class,0.4385758029647253,1.0,before 2015,0.0,1.0,10238,,sedan,2,0,0,0.0
699651,26-39,male,majority,10-19y,none,working class,0.5551470568015777,0.0,before 2015,0.0,0.0,10238,16000.0,sedan,0,0,1,1.0
835128,16-25,female,majority,0-9y,high school,poverty,,1.0,before 2015,0.0,0.0,10238,11000.0,sedan,0,0,0,0.0
908318,26-39,male,majority,10-19y,high school,poverty,0.4397172411112439,0.0,before 2015,1.0,0.0,10238,11000.0,sedan,1,0,1,1.0
123883,16-25,male,majority,0-9y,high school,working class,0.4687585135474202,1.0,before 2015,0.0,0.0,92101,14000.0,sedan,0,0,0,1.0
693046,40-64,female,majority,0-9y,high school,middle class,0.518143953834333,1.0,before 2015,1.0,1.0,10238,11000.0,sedan,0,0,0,1.0
912172,16-25,male,majority,0-9y,university,upper class,0.7154034227572682,1.0,after 2015,1.0,1.0,32765,10000.0,sedan,0,0,0,0.0
987114,26-39,female,majority,0-9y,university,middle class,0.3266816101781183,0.0,before 2015,0.0,0.0,10238,16000.0,sedan,0,0,0,1.0
29534,40-64,male,majority,0-9y,university,upper class,0.5724306198393179,1.0,before 2015,1.0,0.0,10238,13000.0,sedan,0,0,0,1.0
235565,26-39,male,majority,10-19y,university,middle class,0.5691967569514129,0.0,before 2015,1.0,1.0,10238,13000.0,sedan,1,1,0,1.0
23419,40-64,male,majority,20-29y,university,upper class,0.5082379547421645,0.0,after 2015,1.0,1.0,10238,9000.0,sedan,7,0,4,0.0
221255,40-64,male,majority,20-29y,none,poverty,0.4017448784262296,0.0,before 2015,1.0,1.0,10238,7000.0,sedan,3,0,6,0.0
443325,26-39,male,majority,10-19y,high school,poverty,0.3388037064687044,0.0,before 2015,1.0,0.0,10238,11000.0,sedan,1,0,2,1.0
53399,26-39,male,majority,0-9y,high school,middle class,0.6317719482439713,0.0,after 2015,0.0,1.0,10238,17000.0,sedan,0,0,0,1.0
664323,26-39,female,majority,0-9y,high school,working class,0.4141252031377662,1.0,before 2015,0.0,0.0,10238,18000.0,sedan,0,0,0,1.0
773054,65+,female,majority,30y+,university,upper class,0.5152774932024549,1.0,after 2015,1.0,1.0,10238,11000.0,sedan,2,1,2,0.0
749944,40-64,male,majority,0-9y,university,upper class,0.608213559921036,1.0,before 2015,1.0,1.0,92101,9000.0,sedan,0,0,0,1.0
125011,16-25,male,majority,0-9y,high school,poverty,0.3285803792468538,1.0,before 2015,0.0,0.0,10238,16000.0,sedan,0,0,0,1.0
53655,16-25,male,majority,0-9y,none,poverty,0.2877497137309024,0.0,before 2015,0.0,0.0,10238,17000.0,sedan,0,0,0,1.0
196685,16-25,female,majority,0-9y,high school,poverty,0.3432657809296802,0.0,before 2015,0.0,0.0,92101,14000.0,sedan,0,0,0,0.0
709883,16-25,female,majority,0-9y,none,poverty,0.5456069666031527,1.0,before 2015,0.0,0.0,10238,14000.0,sedan,0,0,0,0.0
582320,40-64,male,majority,20-29y,high school,middle class,0.4090419121576007,0.0,after 2015,0.0,1.0,10238,12000.0,sedan,4,1,4,0.0
377806,26-39,female,majority,10-19y,none,working class,0.5445743815776852,1.0,before 2015,1.0,1.0,32765,11000.0,sedan,4,1,0,0.0
576563,40-64,male,majority,20-29y,university,upper class,0.6606202402761614,1.0,before 2015,1.0,1.0,32765,7000.0,sedan,3,1,4,0.0
978369,26-39,male,majority,0-9y,university,working class,0.277330465062199,0.0,before 2015,0.0,1.0,32765,12000.0,sedan,0,0,0,1.0
136795,26-39,male,majority,10-19y,university,upper class,0.6980053964165731,1.0,before 2015,1.0,1.0,21217,12000.0,sedan,2,0,0,1.0
262686,40-64,female,majority,20-29y,high school,middle class,0.5727980895370869,1.0,before 2015,0.0,0.0,92101,16000.0,sedan,1,0,1,0.0
354073,65+,female,majority,0-9y,university,upper class,0.7783627618389632,0.0,before 2015,1.0,1.0,32765,9000.0,sports car,0,0,0,1.0
575992,65+,male,majority,30y+,university,upper class,0.5975262575550262,1.0,after 2015,0.0,1.0,32765,10000.0,sedan,13,0,1,0.0
740074,16-25,female,majority,0-9y,none,working class,0.4756818292180803,1.0,before 2015,0.0,0.0,10238,10000.0,sedan,0,0,0,0.0
277746,65+,female,minority,20-29y,high school,upper class,0.4435994543180462,1.0,after 2015,1.0,1.0,10238,11000.0,sedan,2,0,4,0.0
164531,26-39,female,majority,10-19y,high school,poverty,0.3781913096842228,0.0,before 2015,1.0,1.0,10238,11000.0,sedan,0,0,0,1.0
201045,26-39,male,majority,10-19y,high school,middle class,0.6291714655429573,1.0,before 2015,1.0,1.0,10238,11000.0,sedan,2,3,0,0.0
584269,40-64,female,majority,20-29y,high school,working class,0.3331783936397684,1.0,before 2015,0.0,0.0,10238,14000.0,sports car,0,0,2,0.0
341066,26-39,male,majority,10-19y,high school,poverty,0.2767468279372657,1.0,before 2015,0.0,0.0,32765,15000.0,sedan,3,0,0,1.0
791574,26-39,female,majority,0-9y,university,upper class,0.7536886922462925,1.0,before 2015,0.0,1.0,32765,12000.0,sedan,0,0,0,0.0
926871,40-64,female,majority,10-19y,university,working class,0.4055109351639861,0.0,before 2015,1.0,1.0,32765,8000.0,sedan,3,0,0,0.0
794029,26-39,male,majority,0-9y,university,upper class,0.6031446757716761,1.0,after 2015,1.0,0.0,10238,12000.0,sedan,0,0,0,0.0
575987,16-25,female,majority,0-9y,university,poverty,0.5007952712760815,0.0,after 2015,0.0,0.0,10238,15000.0,sedan,0,0,0,0.0
314119,65+,female,majority,20-29y,university,middle class,0.4983669346821314,1.0,after 2015,1.0,1.0,92101,12000.0,sedan,2,0,0,0.0
779997,26-39,female,majority,0-9y,high school,working class,0.3236981596432245,1.0,before 2015,1.0,0.0,32765,11000.0,sedan,0,0,0,0.0
574085,40-64,female,majority,20-29y,university,upper class,0.5616308094276051,1.0,after 2015,1.0,1.0,10238,8000.0,sedan,2,0,0,0.0
427520,26-39,male,majority,10-19y,university,middle class,0.4641607076311848,0.0,before 2015,0.0,0.0,10238,16000.0,sedan,0,1,0,0.0
198069,40-64,male,majority,10-19y,high school,working class,0.4538112552975969,0.0,before 2015,0.0,1.0,32765,13000.0,sedan,1,0,0,1.0
98260,65+,female,majority,30y+,university,upper class,,1.0,after 2015,0.0,1.0,10238,13000.0,sedan,2,2,2,0.0
462016,65+,female,minority,30y+,university,upper class,0.5106032557850538,1.0,after 2015,1.0,1.0,10238,13000.0,sedan,3,0,3,0.0
791566,16-25,male,majority,0-9y,none,poverty,,0.0,before 2015,0.0,0.0,32765,13000.0,sedan,0,0,0,1.0
91997,26-39,female,majority,10-19y,high school,working class,,0.0,before 2015,1.0,1.0,10238,13000.0,sedan,1,0,0,0.0
19568,40-64,male,majority,10-19y,university,upper class,0.6353945656273279,1.0,after 2015,0.0,1.0,10238,15000.0,sedan,0,0,2,0.0
391337,40-64,male,majority,20-29y,university,upper class,0.6716845260817467,1.0,before 2015,1.0,1.0,10238,9000.0,sedan,2,1,5,0.0
8852,26-39,female,minority,10-19y,high school,middle class,0.6689812112447873,1.0,before 2015,0.0,1.0,32765,,sports car,3,0,0,0.0
627852,65+,male,majority,10-19y,high school,upper class,0.5836716698036587,1.0,after 2015,1.0,1.0,10238,13000.0,sedan,2,0,2,0.0
747737,16-25,female,minority,0-9y,high school,poverty,0.5023757436356552,1.0,before 2015,0.0,1.0,10238,10000.0,sports car,0,0,0,0.0
72018,65+,female,majority,0-9y,university,upper class,0.5260607794679719,1.0,before 2015,1.0,1.0,10238,8000.0,sedan,0,0,0,1.0
583790,26-39,female,majority,10-19y,none,working class,0.4053779920793006,1.0,before 2015,0.0,0.0,32765,13000.0,sedan,2,0,1,1.0
722581,40-64,male,majority,20-29y,high school,middle class,,1.0,before 2015,0.0,1.0,32765,4000.0,sedan,15,2,6,0.0
222367,40-64,female,majority,10-19y,university,upper class,0.6912624129938066,1.0,before 2015,1.0,1.0,32765,,sedan,2,0,2,1.0
631928,40-64,male,majority,20-29y,none,poverty,0.4087056107983309,0.0,before 2015,0.0,1.0,10238,16000.0,sedan,1,1,3,0.0
454542,16-25,female,majority,0-9y,high school,working class,0.3909000984565381,0.0,before 2015,1.0,0.0,10238,15000.0,sedan,0,0,0,1.0
79360,65+,female,majority,20-29y,university,upper class,0.5370643579832145,0.0,before 2015,1.0,1.0,10238,14000.0,sedan,0,0,1,0.0
367639,65+,male,majority,30y+,high school,middle class,0.5330511243895587,1.0,before 2015,0.0,1.0,10238,12000.0,sedan,2,1,6,0.0
775896,26-39,female,majority,10-19y,high school,middle class,0.5136794013139744,1.0,before 2015,1.0,1.0,32765,10000.0,sedan,0,0,0,1.0
2375,26-39,male,majority,10-19y,high school,middle class,0.3968410195135481,0.0,before 2015,0.0,0.0,10238,13000.0,sedan,0,1,0,1.0
303891,16-25,female,minority,0-9y,none,poverty,,0.0,before 2015,0.0,0.0,10238,17000.0,sedan,0,0,0,1.0
444425,26-39,female,majority,0-9y,high school,upper class,0.6238790577275641,1.0,after 2015,1.0,1.0,10238,16000.0,sedan,0,0,0,0.0
512870,40-64,female,majority,20-29y,high school,upper class,0.5469607283516252,1.0,after 2015,1.0,1.0,32765,12000.0,sedan,5,0,1,0.0
950680,40-64,female,majority,20-29y,none,working class,0.3936059091805015,1.0,after 2015,0.0,0.0,10238,15000.0,sedan,0,1,1,0.0
367640,26-39,male,majority,10-19y,university,upper class,0.5088115391992826,1.0,before 2015,1.0,1.0,10238,14000.0,sedan,1,0,2,0.0
792068,26-39,male,majority,0-9y,high school,upper class,0.6128967688651865,1.0,before 2015,1.0,1.0,10238,9000.0,sedan,0,0,0,1.0
303344,26-39,male,majority,10-19y,university,middle class,0.4891117758987431,1.0,after 2015,0.0,0.0,10238,14000.0,sedan,0,0,2,0.0
240493,26-39,male,majority,10-19y,none,working class,0.3833086645172717,0.0,before 2015,0.0,1.0,10238,9000.0,sedan,1,0,3,0.0
352690,16-25,male,majority,0-9y,university,middle class,0.4350849901631921,1.0,before 2015,1.0,1.0,32765,9000.0,sedan,0,0,0,1.0
88904,40-64,male,majority,20-29y,university,upper class,0.6233380235253906,0.0,after 2015,1.0,1.0,10238,6000.0,sedan,5,1,4,0.0
882026,40-64,female,majority,20-29y,high school,working class,0.3236713091433241,0.0,before 2015,0.0,1.0,10238,14000.0,sedan,2,1,1,0.0
188300,65+,male,majority,10-19y,university,upper class,0.542105030779762,1.0,before 2015,1.0,1.0,10238,8000.0,sedan,0,0,2,0.0
622295,26-39,female,majority,0-9y,high school,middle class,0.4928181363365424,1.0,before 2015,1.0,1.0,10238,11000.0,sedan,0,0,0,1.0
334556,26-39,male,majority,0-9y,university,upper class,0.6391281575503801,1.0,after 2015,0.0,1.0,10238,10000.0,sedan,0,0,0,0.0
148601,65+,female,minority,30y+,high school,upper class,0.6983886035692345,1.0,before 2015,0.0,1.0,10238,10000.0,sedan,5,2,4,0.0
587909,40-64,female,majority,20-29y,university,upper class,0.8224546624066171,0.0,after 2015,0.0,1.0,10238,12000.0,sedan,0,0,0,0.0
71656,26-39,male,majority,10-19y,none,poverty,0.3756204120895222,0.0,before 2015,0.0,1.0,10238,17000.0,sedan,0,0,0,1.0
500464,65+,female,majority,30y+,university,upper class,0.5533812550894135,1.0,after 2015,1.0,1.0,10238,,sedan,2,2,3,0.0
756176,40-64,male,majority,20-29y,high school,upper class,0.5430384303733916,1.0,after 2015,1.0,1.0,10238,,sports car,6,1,4,0.0
379336,26-39,male,majority,10-19y,university,working class,0.3761345289417776,1.0,before 2015,0.0,0.0,10238,17000.0,sedan,0,0,0,0.0
722357,26-39,male,majority,0-9y,high school,working class,0.4356390669963485,1.0,before 2015,0.0,1.0,92101,13000.0,sedan,0,0,0,1.0
728580,26-39,male,majority,10-19y,none,poverty,0.4179968937506797,1.0,before 2015,0.0,0.0,10238,16000.0,sedan,0,0,0,1.0
779988,65+,male,majority,30y+,university,upper class,0.7485343389665761,1.0,after 2015,1.0,1.0,32765,9000.0,sedan,11,2,4,0.0
901479,16-25,female,majority,0-9y,high school,poverty,0.5221673143323924,1.0,before 2015,0.0,1.0,10238,12000.0,sedan,0,0,0,0.0
665405,16-25,female,minority,0-9y,high school,poverty,,0.0,before 2015,0.0,1.0,10238,13000.0,sedan,0,0,0,1.0
113779,26-39,female,majority,0-9y,university,upper class,0.6292322910830562,1.0,before 2015,1.0,0.0,10238,12000.0,sedan,0,0,0,0.0
733509,40-64,female,majority,20-29y,high school,poverty,0.4743964121917534,0.0,before 2015,1.0,0.0,10238,13000.0,sedan,5,2,6,0.0
650746,26-39,female,majority,10-19y,none,working class,,0.0,before 2015,0.0,1.0,10238,13000.0,sedan,0,0,3,1.0
751340,16-25,male,majority,0-9y,none,poverty,0.4073519691002561,0.0,before 2015,0.0,0.0,10238,15000.0,sedan,0,0,0,1.0
690969,26-39,female,majority,10-19y,university,upper class,0.8523818296709694,1.0,before 2015,0.0,0.0,32765,14000.0,sedan,0,1,0,0.0
480527,16-25,female,majority,0-9y,university,working class,0.2486315634229089,0.0,before 2015,0.0,0.0,10238,11000.0,sedan,0,0,0,1.0
157185,40-64,male,majority,0-9y,university,upper class,0.5577143114134616,1.0,after 2015,1.0,0.0,10238,14000.0,sedan,0,0,0,0.0
123150,65+,female,majority,30y+,university,upper class,0.5432644167719921,1.0,after 2015,1.0,1.0,10238,11000.0,sedan,4,2,1,0.0
363870,65+,female,majority,30y+,high school,upper class,0.7976873586272651,1.0,after 2015,1.0,1.0,10238,9000.0,sedan,4,1,4,0.0
274700,26-39,female,majority,0-9y,university,upper class,,1.0,before 2015,1.0,1.0,10238,11000.0,sedan,0,0,0,0.0
134194,26-39,male,majority,10-19y,high school,middle class,0.6650377664996788,1.0,after 2015,1.0,1.0,92101,16000.0,sedan,2,1,0,0.0
177602,26-39,male,majority,10-19y,high school,working class,0.5541543351280077,0.0,before 2015,0.0,0.0,32765,,sedan,2,1,0,1.0
850125,40-64,male,majority,10-19y,university,upper class,0.5515933043764039,1.0,after 2015,1.0,0.0,10238,13000.0,sedan,1,0,1,0.0
304702,26-39,female,majority,10-19y,high school,middle class,0.5040140874148478,0.0,before 2015,0.0,0.0,10238,15000.0,sedan,0,0,2,0.0
98515,40-64,male,majority,10-19y,high school,middle class,0.6269960497386653,1.0,before 2015,0.0,0.0,10238,13000.0,sedan,1,1,0,0.0
773278,16-25,female,majority,0-9y,high school,middle class,0.5685720734723521,0.0,before 2015,0.0,0.0,10238,15000.0,sedan,0,0,0,1.0
719571,65+,male,majority,30y+,high school,upper class,0.6343763728642138,1.0,after 2015,1.0,1.0,10238,12000.0,sedan,6,1,3,0.0
194108,65+,male,majority,10-19y,university,upper class,0.633071230742688,1.0,after 2015,1.0,1.0,21217,9000.0,sedan,1,0,1,1.0
634309,26-39,male,majority,10-19y,none,working class,0.2072769053354858,1.0,before 2015,1.0,1.0,10238,,sedan,4,0,4,1.0
492082,40-64,male,majority,20-29y,university,upper class,0.457278601424131,1.0,after 2015,1.0,1.0,10238,9000.0,sedan,5,2,2,0.0
679565,65+,female,majority,30y+,high school,upper class,0.6061159887314591,1.0,before 2015,1.0,1.0,92101,,sedan,2,1,2,0.0
527374,16-25,female,majority,0-9y,none,poverty,0.4399963827852809,0.0,after 2015,0.0,1.0,10238,14000.0,sedan,0,0,0,1.0
349447,65+,male,majority,30y+,university,upper class,0.4977241201605584,1.0,after 2015,1.0,1.0,10238,9000.0,sedan,1,1,4,0.0
191449,16-25,female,majority,0-9y,none,working class,0.4192746833461698,1.0,before 2015,0.0,1.0,10238,15000.0,sedan,0,0,0,1.0
622930,16-25,female,majority,0-9y,high school,working class,0.4101367047885667,0.0,before 2015,0.0,0.0,10238,15000.0,sedan,0,0,0,0.0
677307,26-39,female,majority,0-9y,high school,middle class,0.5532659078456234,0.0,before 2015,0.0,1.0,10238,11000.0,sedan,0,0,0,1.0
372710,40-64,male,majority,20-29y,high school,middle class,0.6216371393407805,1.0,before 2015,0.0,1.0,10238,16000.0,sedan,2,0,2,0.0
391271,40-64,male,majority,20-29y,university,upper class,0.6240705807413206,0.0,after 2015,1.0,0.0,32765,,sedan,4,2,2,1.0
249418,65+,female,majority,30y+,university,upper class,0.7067539325684986,1.0,after 2015,0.0,1.0,10238,14000.0,sedan,2,0,0,0.0
63715,65+,male,majority,20-29y,university,upper class,0.4169350441301069,1.0,before 2015,0.0,1.0,10238,13000.0,sedan,5,1,5,0.0
463200,40-64,female,majority,20-29y,high school,upper class,0.6866137707225745,1.0,after 2015,0.0,0.0,10238,11000.0,sedan,2,0,2,0.0
449608,65+,female,majority,10-19y,high school,middle class,0.4630535883640802,1.0,after 2015,0.0,1.0,10238,14000.0,sedan,0,0,0,0.0
706126,16-25,female,majority,0-9y,none,poverty,0.3103293309375807,0.0,before 2015,0.0,0.0,32765,14000.0,sedan,0,0,0,1.0
235726,26-39,female,majority,0-9y,university,upper class,0.7040031235458382,1.0,after 2015,1.0,1.0,32765,10000.0,sedan,0,0,0,0.0
780897,26-39,male,majority,0-9y,high school,working class,0.4074955902909253,1.0,before 2015,0.0,0.0,32765,13000.0,sedan,0,0,0,1.0
206538,65+,female,majority,10-19y,university,upper class,0.6484773433314615,1.0,before 2015,1.0,1.0,10238,8000.0,sedan,0,0,0,0.0
591054,40-64,female,majority,10-19y,high school,middle class,0.6542072923919743,1.0,before 2015,1.0,1.0,10238,9000.0,sedan,1,0,3,0.0
882322,26-39,male,majority,0-9y,high school,middle class,0.345796125929856,1.0,before 2015,0.0,0.0,32765,12000.0,sedan,0,0,0,1.0
832426,16-25,male,majority,0-9y,none,poverty,,0.0,before 2015,0.0,0.0,10238,14000.0,sedan,0,0,0,1.0
407469,16-25,female,majority,0-9y,high school,working class,0.5818195278168231,0.0,before 2015,0.0,0.0,10238,13000.0,sedan,0,0,0,1.0
474539,65+,female,majority,30y+,university,upper class,0.7469425181105066,0.0,before 2015,1.0,0.0,10238,10000.0,sedan,3,0,0,0.0
402038,40-64,male,majority,20-29y,university,upper class,0.5561223336015891,1.0,after 2015,0.0,0.0,10238,15000.0,sedan,2,2,5,0.0
198903,26-39,female,majority,10-19y,university,middle class,0.4075471513781581,1.0,before 2015,0.0,0.0,32765,13000.0,sedan,2,0,0,0.0
738180,16-25,female,majority,0-9y,high school,middle class,0.7418778535045897,1.0,before 2015,0.0,0.0,32765,11000.0,sedan,0,0,0,0.0
95786,16-25,female,majority,0-9y,high school,working class,0.6344512638692333,0.0,before 2015,0.0,0.0,10238,19000.0,sedan,0,0,0,1.0
26068,40-64,male,majority,10-19y,high school,middle class,0.4692976564095875,0.0,before 2015,1.0,1.0,32765,8000.0,sedan,2,0,0,0.0
937680,26-39,male,majority,10-19y,none,working class,,0.0,before 2015,0.0,1.0,10238,15000.0,sedan,2,0,7,1.0
285754,16-25,female,majority,0-9y,university,upper class,0.7614794486972251,1.0,after 2015,0.0,0.0,10238,13000.0,sedan,0,0,0,0.0
198178,26-39,male,majority,10-19y,university,upper class,0.5841954045163829,1.0,before 2015,0.0,0.0,10238,15000.0,sedan,2,0,0,0.0
976188,40-64,male,majority,10-19y,high school,working class,0.3742583260822819,0.0,before 2015,0.0,1.0,10238,12000.0,sedan,1,1,1,0.0
683156,26-39,male,majority,10-19y,high school,poverty,0.3223173351774892,1.0,before 2015,0.0,0.0,10238,,sports car,2,0,1,0.0
998522,26-39,female,majority,10-19y,high school,working class,0.4354991782885195,1.0,before 2015,0.0,0.0,10238,14000.0,sedan,1,1,2,0.0
117854,40-64,female,majority,20-29y,high school,upper class,0.4593780226778861,1.0,after 2015,1.0,1.0,32765,7000.0,sedan,6,0,2,0.0
519180,16-25,female,majority,0-9y,high school,working class,0.5046966607485985,0.0,before 2015,0.0,1.0,10238,14000.0,sedan,0,0,0,1.0
189307,65+,male,majority,30y+,university,upper class,0.7796486256384334,1.0,before 2015,1.0,0.0,10238,12000.0,sedan,3,1,6,0.0
81259,16-25,female,majority,0-9y,high school,poverty,0.2330229015651575,0.0,before 2015,0.0,0.0,10238,15000.0,sedan,0,0,0,1.0
395965,40-64,male,majority,10-19y,university,upper class,0.6917363286705358,1.0,before 2015,1.0,1.0,10238,9000.0,sedan,3,0,1,0.0
403612,40-64,female,majority,20-29y,university,upper class,0.5828923586167308,1.0,before 2015,1.0,1.0,10238,12000.0,sedan,2,0,3,0.0
116168,26-39,male,minority,0-9y,university,middle class,0.5173957929663525,1.0,after 2015,0.0,0.0,32765,10000.0,sedan,0,0,0,0.0
799058,16-25,female,majority,0-9y,high school,working class,0.2552813983535689,0.0,before 2015,0.0,1.0,10238,10000.0,sedan,0,0,0,1.0
632227,16-25,female,majority,0-9y,university,middle class,0.5584297222497407,1.0,before 2015,1.0,1.0,32765,7000.0,sedan,0,0,0,1.0
676407,65+,female,minority,20-29y,high school,upper class,0.6421518240233457,1.0,before 2015,0.0,1.0,10238,10000.0,sedan,3,0,7,0.0
796394,26-39,female,majority,10-19y,university,upper class,0.65721875250877,1.0,after 2015,1.0,1.0,10238,10000.0,sedan,2,0,1,0.0
870115,65+,female,majority,10-19y,none,middle class,0.4208492260444822,0.0,before 2015,1.0,1.0,10238,,sedan,0,0,1,0.0
401290,40-64,male,majority,0-9y,university,upper class,,0.0,after 2015,1.0,1.0,10238,,sedan,0,0,0,0.0
103963,65+,female,majority,0-9y,high school,upper class,0.7019551732236028,1.0,before 2015,0.0,1.0,10238,,sedan,0,0,0,0.0
805276,26-39,female,majority,10-19y,high school,upper class,0.676160013744914,1.0,after 2015,0.0,1.0,10238,11000.0,sedan,1,0,1,0.0
124584,26-39,female,minority,10-19y,none,poverty,0.4013773864396517,0.0,before 2015,0.0,1.0,10238,12000.0,sedan,1,0,3,0.0
883142,16-25,female,majority,0-9y,university,middle class,0.3680087055804523,1.0,before 2015,1.0,0.0,32765,12000.0,sedan,0,0,0,1.0
364501,26-39,male,majority,0-9y,high school,middle class,0.6947469624731197,1.0,before 2015,0.0,1.0,10238,13000.0,sedan,0,0,0,1.0
318019,26-39,female,majority,10-19y,high school,middle class,0.5082648586128609,1.0,before 2015,1.0,1.0,10238,8000.0,sedan,1,0,0,0.0
647888,40-64,female,majority,10-19y,none,working class,0.509910296776192,0.0,before 2015,0.0,0.0,10238,13000.0,sedan,0,0,1,0.0
134994,65+,female,majority,30y+,high school,upper class,0.5695778332027078,1.0,before 2015,1.0,1.0,10238,9000.0,sedan,5,1,0,0.0
971097,40-64,female,majority,20-29y,high school,upper class,0.5377264351451709,0.0,before 2015,1.0,1.0,32765,6000.0,sedan,3,2,1,0.0
255243,40-64,female,majority,20-29y,university,upper class,,1.0,after 2015,0.0,1.0,10238,13000.0,sedan,2,0,1,0.0
816782,16-25,female,minority,0-9y,none,poverty,0.4264165088544689,1.0,before 2015,1.0,1.0,92101,10000.0,sedan,0,0,0,0.0
429468,26-39,male,majority,10-19y,university,middle class,0.2985615547694567,1.0,after 2015,0.0,1.0,10238,13000.0,sedan,1,0,0,0.0
862594,65+,male,majority,30y+,university,upper class,0.5578691421373894,1.0,before 2015,1.0,1.0,32765,,sedan,6,1,4,0.0
763764,65+,male,majority,30y+,university,upper class,0.5968599686931912,1.0,before 2015,1.0,0.0,10238,15000.0,sedan,2,0,2,0.0
997014,16-25,male,majority,0-9y,high school,working class,0.4723554796185506,0.0,after 2015,0.0,1.0,32765,12000.0,sedan,0,0,0,1.0
457497,40-64,male,majority,20-29y,university,upper class,0.609711031981781,1.0,after 2015,1.0,1.0,10238,,sedan,5,0,4,0.0
222805,40-64,male,majority,20-29y,university,upper class,0.5992234645215262,1.0,before 2015,1.0,1.0,10238,9000.0,sedan,2,0,3,0.0
376457,40-64,female,majority,0-9y,high school,middle class,0.6382596124731353,0.0,before 2015,1.0,1.0,10238,10000.0,sedan,0,0,0,1.0
295020,16-25,female,minority,0-9y,none,poverty,,1.0,before 2015,1.0,1.0,32765,11000.0,sedan,0,0,0,1.0
960784,40-64,female,majority,20-29y,high school,upper class,0.6100432190746569,1.0,before 2015,1.0,1.0,32765,9000.0,sedan,3,1,0,0.0
23923,16-25,female,majority,0-9y,high school,middle class,0.5509754043111912,1.0,before 2015,0.0,0.0,32765,13000.0,sedan,0,0,0,1.0
639474,26-39,male,majority,0-9y,high school,working class,0.4028825434043423,1.0,before 2015,1.0,1.0,10238,10000.0,sports car,0,0,0,1.0
976455,16-25,female,majority,0-9y,university,middle class,0.5122784279344629,0.0,before 2015,1.0,1.0,10238,12000.0,sedan,0,0,0,0.0
258366,16-25,male,majority,0-9y,high school,middle class,0.4778315974899332,1.0,before 2015,1.0,0.0,10238,13000.0,sedan,0,0,0,1.0
555440,16-25,male,majority,0-9y,none,poverty,0.267552947761664,0.0,before 2015,1.0,1.0,10238,16000.0,sedan,0,0,0,1.0
642665,65+,female,majority,20-29y,university,upper class,0.5035743386298449,1.0,before 2015,1.0,1.0,92101,16000.0,sedan,1,0,0,0.0
779931,40-64,male,minority,20-29y,university,middle class,0.5528164567089305,0.0,before 2015,0.0,1.0,10238,17000.0,sedan,3,0,2,0.0
714908,40-64,female,majority,20-29y,high school,middle class,0.6214429576980997,1.0,before 2015,0.0,1.0,10238,13000.0,sedan,1,0,1,0.0
20174,40-64,female,majority,0-9y,university,upper class,0.7573467203725435,1.0,before 2015,1.0,1.0,32765,8000.0,sedan,0,0,0,0.0
327622,26-39,male,majority,10-19y,high school,working class,0.4864038516228967,1.0,before 2015,1.0,0.0,10238,12000.0,sedan,0,1,0,0.0
454978,26-39,female,majority,0-9y,university,upper class,0.5579951427753703,1.0,after 2015,1.0,0.0,10238,12000.0,sedan,0,0,0,0.0
903320,16-25,male,majority,0-9y,high school,poverty,0.4526765592626403,0.0,before 2015,1.0,0.0,10238,12000.0,sedan,0,0,0,1.0
968533,26-39,female,minority,10-19y,none,working class,0.3618314257599834,0.0,before 2015,0.0,1.0,10238,11000.0,sedan,1,0,0,1.0
767300,65+,male,majority,30y+,high school,upper class,0.5990321238781692,1.0,before 2015,1.0,0.0,10238,17000.0,sedan,4,0,2,0.0
945424,65+,male,majority,10-19y,high school,upper class,0.5360088834656744,1.0,before 2015,1.0,1.0,10238,12000.0,sedan,0,0,1,0.0
457160,16-25,female,majority,0-9y,high school,working class,0.4842543803924503,0.0,before 2015,0.0,0.0,10238,17000.0,sedan,0,0,0,1.0
26194,65+,male,majority,20-29y,high school,middle class,0.5075091029971444,1.0,before 2015,0.0,0.0,10238,14000.0,sedan,4,1,6,0.0
454271,26-39,female,majority,10-19y,university,middle class,0.4776383009311198,1.0,before 2015,0.0,1.0,10238,8000.0,sedan,0,2,4,0.0
111851,65+,female,majority,30y+,high school,middle class,0.6045001028396074,1.0,before 2015,1.0,1.0,10238,13000.0,sports car,3,1,3,0.0
75850,16-25,female,majority,0-9y,none,working class,0.5060336130247308,1.0,before 2015,0.0,0.0,32765,14000.0,sedan,0,0,0,1.0
782814,26-39,female,majority,10-19y,high school,working class,,1.0,before 2015,0.0,1.0,10238,13000.0,sedan,0,0,2,0.0
736711,65+,male,majority,10-19y,high school,upper class,0.5131771364489982,1.0,before 2015,0.0,1.0,10238,12000.0,sedan,1,1,1,0.0
93567,16-25,female,majority,0-9y,none,poverty,0.2757461301987848,0.0,before 2015,0.0,0.0,32765,13000.0,sedan,0,0,0,1.0
316568,40-64,male,majority,10-19y,university,upper class,0.6828299097090305,1.0,before 2015,0.0,1.0,10238,12000.0,sedan,1,0,2,1.0
599873,40-64,female,minority,20-29y,university,upper class,0.6262197215775518,1.0,after 2015,1.0,1.0,10238,12000.0,sedan,1,0,1,0.0
983493,26-39,female,minority,10-19y,none,middle class,0.4233770903561658,0.0,before 2015,1.0,1.0,32765,10000.0,sedan,0,0,0,0.0
954287,16-25,male,majority,0-9y,high school,middle class,,1.0,before 2015,1.0,0.0,10238,14000.0,sedan,0,0,0,1.0
153846,26-39,male,minority,10-19y,university,upper class,0.6281887021933753,0.0,before 2015,0.0,1.0,10238,11000.0,sedan,1,0,0,0.0
644662,26-39,male,majority,10-19y,high school,working class,0.3151293556030717,0.0,before 2015,0.0,0.0,32765,,sedan,2,0,1,0.0
67880,26-39,male,majority,10-19y,high school,middle class,0.4399964527913904,1.0,before 2015,1.0,1.0,10238,11000.0,sedan,1,0,3,0.0
119342,16-25,female,majority,0-9y,none,poverty,0.3814843303206452,1.0,before 2015,0.0,0.0,10238,13000.0,sedan,0,0,0,1.0
256304,26-39,male,majority,10-19y,university,poverty,,0.0,before 2015,0.0,1.0,10238,11000.0,sedan,1,0,0,1.0
42611,65+,female,majority,30y+,university,upper class,0.4988538572884064,1.0,after 2015,1.0,1.0,10238,13000.0,sedan,0,0,0,0.0
493290,65+,female,majority,30y+,high school,working class,0.6526913006637715,0.0,before 2015,1.0,1.0,10238,11000.0,sedan,0,0,3,0.0
892622,26-39,female,majority,10-19y,high school,middle class,0.5580648027506954,1.0,before 2015,0.0,0.0,10238,15000.0,sedan,0,0,1,0.0
527444,26-39,male,majority,0-9y,university,upper class,0.6888318025432296,1.0,after 2015,1.0,1.0,32765,13000.0,sedan,0,0,0,1.0
645539,16-25,male,majority,0-9y,high school,poverty,0.4398313250498819,0.0,after 2015,0.0,1.0,10238,16000.0,sedan,0,0,0,1.0
126610,65+,female,majority,30y+,university,upper class,0.6613015055538642,1.0,before 2015,1.0,1.0,21217,10000.0,sedan,2,0,3,1.0
592444,16-25,female,majority,0-9y,none,poverty,0.5653141355325579,1.0,before 2015,0.0,1.0,10238,10000.0,sedan,0,0,0,0.0
331291,26-39,female,majority,0-9y,university,upper class,0.6523304062782493,1.0,after 2015,0.0,1.0,10238,13000.0,sedan,0,0,0,0.0
462042,40-64,male,majority,20-29y,high school,upper class,0.5940948969999378,0.0,before 2015,0.0,1.0,10238,7000.0,sedan,5,0,3,0.0
271725,26-39,female,majority,0-9y,university,working class,0.4430145479425897,1.0,before 2015,0.0,1.0,32765,10000.0,sedan,0,0,0,0.0
256276,40-64,female,majority,0-9y,none,middle class,0.4901743887596553,0.0,before 2015,0.0,0.0,32765,11000.0,sedan,0,0,0,1.0
431538,16-25,male,majority,0-9y,high school,poverty,0.19414954837432,0.0,before 2015,1.0,0.0,10238,12000.0,sports car,0,0,0,1.0
953288,65+,female,majority,10-19y,university,upper class,,1.0,after 2015,1.0,1.0,21217,13000.0,sedan,3,0,1,1.0
686886,16-25,male,majority,0-9y,high school,poverty,0.3497914271952428,0.0,before 2015,0.0,1.0,32765,12000.0,sedan,0,0,0,1.0
560000,26-39,female,majority,10-19y,none,working class,0.4465390881048407,1.0,before 2015,1.0,1.0,10238,,sedan,0,1,1,0.0
178472,40-64,female,majority,10-19y,university,upper class,0.6695456052299447,1.0,before 2015,0.0,0.0,92101,9000.0,sedan,0,0,1,0.0
776379,40-64,female,majority,20-29y,high school,upper class,0.7765591455706297,1.0,before 2015,0.0,1.0,32765,13000.0,sedan,3,0,0,0.0
122800,16-25,female,majority,0-9y,high school,poverty,0.3422389157523673,0.0,before 2015,0.0,1.0,10238,12000.0,sedan,0,0,0,1.0
650901,16-25,male,minority,0-9y,none,poverty,0.267993176420708,0.0,before 2015,0.0,0.0,10238,12000.0,sedan,0,0,0,1.0
719070,65+,male,majority,0-9y,university,upper class,,1.0,before 2015,1.0,1.0,10238,,sedan,0,0,0,1.0
797948,40-64,female,majority,0-9y,high school,middle class,0.6033502273025647,1.0,before 2015,0.0,0.0,92101,14000.0,sedan,0,0,0,1.0
203613,65+,male,majority,10-19y,university,upper class,,1.0,after 2015,0.0,1.0,92101,11000.0,sedan,1,1,2,0.0
287667,26-39,female,majority,0-9y,university,upper class,0.7052405615459966,1.0,before 2015,1.0,1.0,10238,10000.0,sedan,0,0,0,0.0
73871,26-39,female,majority,10-19y,high school,middle class,0.4280016332556178,1.0,before 2015,1.0,0.0,10238,12000.0,sedan,2,0,0,0.0
977100,40-64,male,majority,10-19y,university,middle class,0.5460212676387369,1.0,after 2015,1.0,1.0,21217,10000.0,sedan,1,0,0,1.0
716777,65+,female,majority,0-9y,high school,upper class,0.7887010854473916,1.0,before 2015,1.0,1.0,10238,13000.0,sedan,0,0,0,0.0
53818,40-64,male,majority,10-19y,none,upper class,,1.0,after 2015,1.0,0.0,32765,,sedan,5,0,1,0.0
884501,40-64,female,majority,0-9y,university,upper class,0.629561765194454,1.0,after 2015,0.0,1.0,32765,11000.0,sedan,0,0,0,0.0
733325,16-25,female,majority,0-9y,university,middle class,,1.0,after 2015,1.0,1.0,10238,10000.0,sedan,0,0,0,0.0
517747,65+,male,majority,30y+,university,upper class,0.7961748462456987,1.0,before 2015,1.0,1.0,32765,,sedan,10,2,1,0.0
711203,26-39,female,majority,10-19y,university,middle class,0.5035263513409084,1.0,before 2015,0.0,1.0,10238,15000.0,sedan,1,0,0,1.0
858988,26-39,male,majority,10-19y,none,poverty,0.2270518308808149,0.0,before 2015,1.0,1.0,10238,8000.0,sedan,1,0,0,1.0
179037,40-64,male,minority,20-29y,high school,upper class,0.4806646301272015,1.0,before 2015,1.0,1.0,10238,9000.0,sedan,5,0,3,0.0
634050,65+,male,majority,10-19y,university,upper class,0.672756052841708,1.0,after 2015,1.0,1.0,10238,9000.0,sedan,1,0,2,0.0
710427,26-39,male,majority,10-19y,university,middle class,0.5522280085333927,1.0,before 2015,0.0,1.0,32765,,sedan,2,0,2,0.0
470782,26-39,male,majority,10-19y,high school,middle class,0.4100668478943091,1.0,before 2015,1.0,1.0,10238,12000.0,sedan,1,0,3,0.0
88882,26-39,female,majority,10-19y,high school,working class,0.4717963087189384,0.0,before 2015,1.0,1.0,10238,5000.0,sedan,0,0,2,0.0
637107,26-39,male,majority,10-19y,none,poverty,0.2826139640894628,0.0,before 2015,0.0,0.0,10238,13000.0,sedan,0,0,3,0.0
446074,65+,female,majority,30y+,university,upper class,0.6315201303371153,1.0,before 2015,1.0,1.0,10238,7000.0,sedan,1,0,2,0.0
156431,26-39,male,majority,10-19y,high school,middle class,0.4806155375047561,1.0,before 2015,1.0,1.0,32765,11000.0,sedan,5,0,3,0.0
464079,65+,female,majority,0-9y,university,upper class,0.7163840295153565,0.0,after 2015,1.0,1.0,10238,11000.0,sedan,0,0,0,0.0
218828,26-39,female,majority,10-19y,high school,working class,,1.0,before 2015,1.0,1.0,10238,10000.0,sedan,0,0,3,0.0
810013,16-25,male,majority,0-9y,university,working class,0.4576486815858435,1.0,after 2015,0.0,0.0,10238,14000.0,sports car,0,0,0,1.0
685602,65+,female,majority,30y+,high school,upper class,0.6641451987815057,0.0,before 2015,1.0,1.0,10238,9000.0,sedan,3,0,0,0.0
123718,26-39,male,majority,10-19y,none,poverty,0.3687552634913043,0.0,before 2015,1.0,1.0,10238,8000.0,sedan,1,0,1,0.0
441508,40-64,female,majority,0-9y,high school,upper class,0.5600816526587659,1.0,before 2015,0.0,0.0,10238,16000.0,sedan,0,0,0,1.0
395742,26-39,male,majority,10-19y,high school,working class,0.4143625447711384,0.0,before 2015,1.0,1.0,10238,11000.0,sedan,1,0,1,1.0
118179,26-39,male,majority,10-19y,high school,middle class,0.4023758068648589,1.0,before 2015,0.0,0.0,10238,14000.0,sports car,1,0,1,1.0
439808,65+,male,majority,30y+,university,upper class,0.6325236813473631,0.0,after 2015,1.0,1.0,32765,9000.0,sedan,12,2,3,0.0
741619,26-39,female,majority,10-19y,university,upper class,0.5303668303302399,1.0,after 2015,1.0,1.0,92101,14000.0,sedan,0,0,0,0.0
950010,65+,male,majority,10-19y,high school,upper class,0.5733039193659009,1.0,after 2015,1.0,1.0,32765,6000.0,sedan,3,0,1,0.0
472052,16-25,male,majority,0-9y,university,middle class,0.4665225387334632,1.0,before 2015,0.0,1.0,32765,12000.0,sedan,0,0,0,1.0
637794,40-64,male,majority,20-29y,university,upper class,0.6065961554873911,1.0,after 2015,1.0,0.0,32765,11000.0,sedan,4,2,3,0.0
625426,40-64,male,majority,20-29y,university,upper class,,1.0,before 2015,0.0,0.0,10238,13000.0,sedan,3,1,2,0.0
84403,26-39,male,majority,10-19y,university,middle class,0.6720614960050166,1.0,before 2015,0.0,1.0,10238,14000.0,sedan,2,0,0,0.0
466096,16-25,female,majority,0-9y,university,poverty,,1.0,before 2015,0.0,1.0,10238,9000.0,sedan,0,0,0,0.0
290609,65+,male,majority,0-9y,high school,upper class,0.6723760407246755,1.0,before 2015,0.0,1.0,10238,17000.0,sedan,0,0,0,1.0
87160,16-25,male,majority,0-9y,none,poverty,0.4062797278517027,0.0,before 2015,0.0,0.0,10238,,sedan,0,0,0,1.0
151071,65+,male,majority,20-29y,university,upper class,0.6322209847202367,1.0,after 2015,1.0,1.0,10238,10000.0,sedan,4,1,4,0.0
996686,40-64,male,majority,0-9y,none,middle class,0.5876578999235469,1.0,before 2015,1.0,1.0,10238,9000.0,sedan,0,0,0,1.0
365755,65+,male,majority,30y+,high school,upper class,0.7606175236961679,0.0,before 2015,1.0,1.0,92101,8000.0,sedan,7,0,1,0.0
513085,26-39,male,majority,0-9y,university,middle class,0.4865702753124045,1.0,before 2015,0.0,1.0,10238,12000.0,sedan,0,0,0,1.0
825706,16-25,male,majority,0-9y,high school,poverty,0.2949139906887392,0.0,before 2015,0.0,0.0,10238,15000.0,sedan,0,0,0,1.0
93366,40-64,female,majority,20-29y,university,upper class,0.5696383080061281,1.0,before 2015,1.0,1.0,32765,6000.0,sedan,5,1,2,0.0
312594,65+,female,majority,30y+,high school,upper class,0.5532059243280549,1.0,before 2015,1.0,1.0,10238,7000.0,sedan,7,1,5,0.0
559301,26-39,female,majority,10-19y,none,poverty,0.3028705972574476,0.0,before 2015,0.0,0.0,10238,15000.0,sedan,0,0,1,0.0
998986,16-25,male,majority,0-9y,university,working class,0.4085902360965293,1.0,before 2015,0.0,0.0,10238,15000.0,sedan,0,0,0,1.0
636096,26-39,female,majority,10-19y,none,upper class,0.7283059747612598,1.0,before 2015,0.0,1.0,32765,7000.0,sedan,4,0,0,1.0
923149,65+,female,majority,0-9y,university,upper class,0.7576240019420225,1.0,before 2015,1.0,1.0,10238,14000.0,sedan,0,0,0,0.0
472577,26-39,male,majority,10-19y,none,working class,0.4458537521945647,0.0,before 2015,0.0,0.0,10238,16000.0,sedan,1,0,0,0.0
38189,65+,female,minority,30y+,university,upper class,0.6902223467065834,1.0,after 2015,1.0,1.0,32765,8000.0,sedan,4,0,2,0.0
227900,16-25,female,minority,0-9y,high school,poverty,0.239237292465458,0.0,after 2015,0.0,0.0,10238,15000.0,sedan,0,0,0,0.0
484339,65+,female,majority,30y+,high school,upper class,0.5202085739066239,1.0,before 2015,1.0,1.0,92101,7000.0,sedan,4,0,3,0.0
516854,65+,male,majority,30y+,high school,upper class,0.6520091339480983,1.0,before 2015,1.0,1.0,10238,8000.0,sedan,3,1,3,0.0
617819,16-25,female,majority,0-9y,university,middle class,0.5471451700228858,1.0,before 2015,0.0,0.0,32765,11000.0,sedan,0,0,0,0.0
611274,26-39,male,minority,10-19y,none,poverty,0.2410288502358532,1.0,before 2015,0.0,0.0,10238,11000.0,sedan,2,0,1,0.0
252367,26-39,male,majority,0-9y,none,working class,0.3595385199642436,1.0,before 2015,1.0,1.0,32765,9000.0,sedan,0,0,0,0.0
496624,40-64,female,majority,0-9y,university,upper class,0.5861214009823864,0.0,before 2015,1.0,1.0,10238,10000.0,sedan,0,0,0,0.0
419836,65+,male,majority,30y+,university,upper class,0.5749335383278651,1.0,after 2015,0.0,1.0,10238,12000.0,sedan,4,0,3,0.0
337772,26-39,male,majority,10-19y,university,middle class,0.4133473491876699,0.0,before 2015,1.0,1.0,32765,6000.0,sedan,4,0,0,1.0
962434,26-39,male,majority,10-19y,high school,upper class,0.6012733666180051,1.0,before 2015,1.0,1.0,10238,10000.0,sedan,1,0,2,0.0
282068,26-39,female,majority,0-9y,university,upper class,0.6314107090924993,1.0,after 2015,0.0,1.0,10238,13000.0,sedan,0,0,0,0.0
313291,26-39,female,minority,10-19y,none,working class,0.4328418893662019,1.0,before 2015,0.0,1.0,32765,8000.0,sedan,2,0,3,0.0
812013,16-25,female,majority,0-9y,university,middle class,0.5543324832516767,1.0,after 2015,0.0,0.0,32765,13000.0,sedan,0,0,0,1.0
268879,40-64,female,majority,20-29y,university,middle class,0.3888188750585545,0.0,before 2015,0.0,1.0,10238,10000.0,sedan,1,0,1,0.0
699342,65+,male,majority,0-9y,university,upper class,0.5187922007587116,1.0,before 2015,1.0,1.0,10238,,sedan,0,0,0,0.0
891962,65+,male,majority,30y+,university,upper class,0.8013400682716301,1.0,after 2015,0.0,1.0,32765,6000.0,sedan,15,1,0,0.0
396921,65+,female,majority,0-9y,university,upper class,,1.0,after 2015,1.0,1.0,10238,8000.0,sedan,0,0,0,0.0
241076,26-39,female,minority,0-9y,high school,working class,0.3373787641557072,1.0,before 2015,0.0,0.0,10238,13000.0,sedan,0,0,0,1.0
475437,26-39,female,minority,0-9y,high school,middle class,0.5723042659254788,1.0,after 2015,0.0,1.0,10238,14000.0,sedan,0,0,0,1.0
447175,16-25,female,majority,0-9y,high school,working class,0.4907240542637642,1.0,before 2015,0.0,0.0,10238,15000.0,sedan,0,0,0,1.0
544845,40-64,male,majority,0-9y,university,upper class,0.4756558061235115,0.0,before 2015,0.0,1.0,32765,,sedan,0,0,0,1.0
216223,65+,male,majority,20-29y,high school,upper class,0.6720803402235543,1.0,after 2015,1.0,1.0,10238,10000.0,sedan,3,0,3,0.0
494888,16-25,male,majority,0-9y,high school,poverty,0.2865743914094195,0.0,before 2015,1.0,0.0,10238,11000.0,sedan,0,0,0,1.0
190961,65+,female,majority,20-29y,high school,middle class,0.5816037415682471,1.0,before 2015,1.0,1.0,92101,14000.0,sedan,0,1,0,1.0
898864,26-39,female,majority,10-19y,high school,middle class,0.5686069035052954,1.0,before 2015,1.0,1.0,10238,9000.0,sports car,1,0,2,0.0
653167,65+,female,majority,0-9y,university,upper class,0.7747865903240708,1.0,after 2015,1.0,1.0,10238,11000.0,sedan,0,0,0,0.0
235795,16-25,female,majority,0-9y,university,middle class,0.6080659514401169,1.0,before 2015,0.0,0.0,10238,12000.0,sedan,0,0,0,1.0
143302,26-39,male,minority,0-9y,high school,poverty,0.3280344035024009,1.0,before 2015,0.0,1.0,10238,12000.0,sedan,0,0,0,0.0
106492,26-39,female,majority,10-19y,university,working class,0.3857779372308616,1.0,after 2015,1.0,1.0,10238,11000.0,sedan,1,0,0,0.0
146839,16-25,male,majority,0-9y,none,poverty,0.284157777190154,0.0,before 2015,0.0,0.0,32765,,sedan,0,0,0,1.0
496928,26-39,male,majority,10-19y,none,poverty,0.5589694924623478,1.0,before 2015,0.0,1.0,32765,11000.0,sedan,3,1,0,0.0
527774,16-25,female,majority,0-9y,high school,working class,0.5183938639703694,1.0,after 2015,0.0,0.0,10238,16000.0,sedan,0,0,0,0.0
85694,26-39,female,majority,10-19y,university,upper class,0.8051424796194883,1.0,after 2015,1.0,1.0,10238,11000.0,sedan,2,0,0,0.0
202943,16-25,male,majority,0-9y,high school,poverty,0.3258894553264021,1.0,before 2015,0.0,0.0,10238,12000.0,sedan,0,0,0,1.0
33022,40-64,male,majority,20-29y,university,upper class,0.6974620125004263,1.0,after 2015,0.0,1.0,92101,13000.0,sedan,0,1,5,0.0
273775,40-64,male,minority,20-29y,high school,middle class,0.5800044807159798,1.0,after 2015,0.0,1.0,92101,13000.0,sedan,2,1,3,0.0
418223,26-39,male,majority,10-19y,university,working class,,1.0,before 2015,0.0,0.0,10238,14000.0,sedan,0,0,4,0.0
344689,65+,male,minority,10-19y,university,upper class,0.7840683503746512,1.0,before 2015,1.0,1.0,10238,8000.0,sedan,2,0,2,0.0
996949,40-64,female,majority,20-29y,high school,working class,0.5926094176945508,0.0,before 2015,0.0,1.0,10238,,sedan,3,2,1,0.0
665874,40-64,female,majority,20-29y,high school,working class,0.5026192525671145,0.0,before 2015,0.0,0.0,10238,14000.0,sedan,2,0,2,0.0
878204,16-25,female,majority,0-9y,none,working class,0.352470054088405,1.0,before 2015,0.0,0.0,10238,17000.0,sedan,0,0,0,0.0
380785,65+,male,majority,20-29y,high school,upper class,0.6575798082929756,1.0,before 2015,1.0,1.0,10238,11000.0,sedan,2,2,3,0.0
397209,26-39,female,majority,10-19y,none,poverty,0.2151696546054047,0.0,after 2015,1.0,1.0,10238,10000.0,sedan,2,0,1,0.0
827716,40-64,female,majority,10-19y,university,upper class,0.4679138331530879,1.0,before 2015,1.0,1.0,10238,10000.0,sedan,0,0,0,0.0
229715,40-64,male,majority,20-29y,university,upper class,0.7934413374140356,1.0,before 2015,1.0,1.0,21217,12000.0,sedan,0,0,2,1.0
16431,26-39,male,majority,10-19y,high school,middle class,0.5815271754016657,1.0,after 2015,0.0,1.0,10238,16000.0,sedan,4,0,1,0.0
179327,40-64,female,majority,20-29y,university,upper class,0.578141860005645,1.0,before 2015,1.0,1.0,32765,11000.0,sedan,3,1,1,0.0
949876,40-64,male,minority,20-29y,university,upper class,0.5931025905321805,1.0,before 2015,0.0,1.0,32765,6000.0,sedan,12,0,2,0.0
96104,26-39,male,majority,10-19y,none,poverty,0.1705500566934862,0.0,before 2015,0.0,0.0,10238,15000.0,sedan,2,0,1,1.0
229858,16-25,male,majority,0-9y,university,working class,0.3212363809897638,1.0,before 2015,0.0,0.0,10238,14000.0,sedan,0,0,0,1.0
346737,16-25,female,majority,0-9y,university,working class,0.6053700521644583,1.0,before 2015,1.0,0.0,10238,11000.0,sedan,0,0,0,1.0
422097,65+,male,minority,30y+,high school,upper class,0.4964109169481421,0.0,before 2015,1.0,1.0,10238,9000.0,sports car,4,0,4,0.0
710376,26-39,male,majority,10-19y,university,upper class,,0.0,before 2015,0.0,0.0,10238,15000.0,sedan,0,1,1,1.0
816498,26-39,female,majority,10-19y,university,upper class,,1.0,before 2015,1.0,1.0,92101,10000.0,sedan,1,0,0,0.0
405100,26-39,male,majority,10-19y,high school,working class,0.3670512395145257,0.0,before 2015,1.0,0.0,10238,14000.0,sedan,1,0,1,1.0
987314,65+,female,majority,10-19y,high school,upper class,0.6021047353408335,0.0,before 2015,1.0,1.0,10238,8000.0,sedan,1,1,1,1.0
323129,40-64,male,majority,0-9y,high school,upper class,0.6809131865092295,1.0,after 2015,0.0,1.0,10238,11000.0,sedan,0,0,0,0.0
819883,40-64,male,majority,10-19y,none,working class,0.4439520209197586,1.0,before 2015,0.0,1.0,32765,9000.0,sedan,3,1,1,0.0
787582,40-64,female,majority,20-29y,university,upper class,0.5524786591526885,1.0,before 2015,1.0,0.0,10238,11000.0,sedan,1,0,2,0.0
263434,26-39,male,majority,10-19y,university,upper class,0.5623464459018445,1.0,after 2015,1.0,1.0,10238,8000.0,sedan,1,0,3,0.0
71485,16-25,female,majority,0-9y,none,poverty,0.4461151066196652,0.0,before 2015,1.0,0.0,10238,9000.0,sedan,0,0,0,0.0
211129,26-39,male,majority,10-19y,none,working class,0.337763772273958,0.0,after 2015,1.0,0.0,10238,12000.0,sedan,2,1,2,0.0
890491,40-64,female,majority,20-29y,university,working class,0.4205455735957423,1.0,before 2015,0.0,0.0,10238,,sedan,1,0,1,0.0
59581,65+,male,majority,30y+,university,upper class,0.4659023706226583,1.0,after 2015,0.0,1.0,10238,13000.0,sedan,3,1,0,0.0
195369,16-25,male,majority,0-9y,high school,working class,0.3052779796034817,1.0,before 2015,0.0,0.0,10238,14000.0,sedan,0,0,0,0.0
982534,16-25,female,majority,0-9y,high school,poverty,0.4128507805979658,0.0,before 2015,0.0,0.0,10238,,sedan,0,0,0,1.0
433426,16-25,female,minority,0-9y,high school,working class,0.2278673119725114,0.0,before 2015,0.0,0.0,10238,16000.0,sedan,0,0,0,1.0
344650,26-39,female,majority,10-19y,high school,middle class,0.3453572376484412,1.0,after 2015,1.0,0.0,10238,15000.0,sedan,0,0,1,0.0
4199,40-64,female,majority,20-29y,university,middle class,0.5039832951594888,1.0,before 2015,0.0,1.0,92101,16000.0,sedan,2,0,2,0.0
647692,65+,male,majority,30y+,none,middle class,0.4093871699095789,1.0,before 2015,1.0,1.0,10238,14000.0,sedan,6,0,3,0.0
57623,26-39,male,minority,10-19y,university,upper class,0.6456613939576508,0.0,after 2015,0.0,1.0,10238,12000.0,sedan,1,0,2,0.0
539170,16-25,male,majority,0-9y,university,upper class,0.5181926485336383,1.0,after 2015,0.0,0.0,10238,,sedan,0,0,0,1.0
692538,40-64,male,minority,0-9y,university,upper class,0.5825627902526094,1.0,before 2015,1.0,1.0,10238,12000.0,sedan,0,0,0,1.0
619912,26-39,female,majority,10-19y,university,upper class,0.6201057970476747,1.0,after 2015,0.0,1.0,10238,12000.0,sports car,0,0,0,0.0
348146,26-39,female,majority,10-19y,none,poverty,0.2565912745042664,0.0,before 2015,0.0,0.0,10238,12000.0,sedan,0,0,2,1.0
529208,65+,male,majority,30y+,university,upper class,,1.0,before 2015,1.0,1.0,10238,9000.0,sedan,5,0,4,0.0
265738,26-39,male,minority,0-9y,high school,upper class,0.6623845987368233,1.0,after 2015,1.0,0.0,32765,12000.0,sedan,0,0,0,0.0
497652,40-64,male,majority,20-29y,university,upper class,0.5626535000207484,1.0,before 2015,1.0,1.0,92101,8000.0,sedan,4,0,0,0.0
655964,16-25,male,majority,0-9y,high school,working class,,0.0,before 2015,0.0,0.0,92101,15000.0,sedan,0,0,0,1.0
554729,26-39,male,majority,10-19y,university,middle class,0.4612920066454204,1.0,after 2015,0.0,1.0,10238,11000.0,sedan,0,1,1,0.0
438656,65+,female,majority,20-29y,high school,upper class,0.4840411852364506,1.0,after 2015,0.0,1.0,10238,19000.0,sedan,0,1,1,0.0
864123,65+,female,majority,0-9y,university,upper class,0.6004262983834184,1.0,before 2015,0.0,1.0,10238,12000.0,sedan,0,0,0,0.0
457744,40-64,female,majority,0-9y,university,upper class,0.7275331285191912,1.0,before 2015,0.0,0.0,10238,14000.0,sedan,0,0,0,1.0
81998,40-64,female,minority,20-29y,high school,middle class,0.6173525184383479,0.0,before 2015,0.0,1.0,32765,11000.0,sedan,8,1,1,0.0
612859,26-39,male,majority,10-19y,university,working class,0.4494195374335477,1.0,before 2015,1.0,0.0,10238,15000.0,sedan,1,0,1,1.0
216821,65+,male,minority,30y+,university,upper class,,1.0,after 2015,1.0,1.0,92101,13000.0,sedan,5,0,2,0.0
302189,16-25,male,majority,0-9y,high school,poverty,0.3563114306897274,1.0,before 2015,0.0,0.0,10238,13000.0,sedan,0,0,0,1.0
551808,16-25,female,majority,0-9y,high school,middle class,,1.0,before 2015,0.0,0.0,10238,16000.0,sedan,0,0,0,0.0
641218,16-25,female,majority,0-9y,high school,working class,0.3784275122206737,1.0,before 2015,0.0,0.0,10238,10000.0,sedan,0,0,0,1.0
413667,40-64,male,majority,20-29y,university,upper class,0.6072511290882305,0.0,before 2015,0.0,0.0,10238,14000.0,sedan,0,0,3,1.0
503527,26-39,male,majority,10-19y,high school,poverty,0.3373971578506312,0.0,after 2015,0.0,0.0,10238,17000.0,sedan,1,0,2,0.0
726139,65+,female,majority,30y+,university,upper class,0.7103579999924677,1.0,before 2015,1.0,1.0,10238,13000.0,sedan,0,0,4,0.0
318800,16-25,male,majority,0-9y,none,working class,0.4540926707599216,0.0,before 2015,0.0,0.0,10238,9000.0,sedan,0,0,0,1.0
3626,40-64,female,majority,20-29y,university,upper class,0.5608185568639399,1.0,after 2015,1.0,1.0,10238,11000.0,sedan,1,0,1,0.0
888650,26-39,female,majority,10-19y,high school,working class,0.5638169870236502,1.0,before 2015,0.0,1.0,10238,10000.0,sedan,0,0,1,0.0
427399,65+,female,majority,30y+,high school,upper class,0.5653739995178882,1.0,before 2015,1.0,1.0,32765,8000.0,sports car,11,1,0,0.0
244241,26-39,female,majority,10-19y,high school,middle class,0.5985207718839584,1.0,after 2015,1.0,1.0,10238,15000.0,sedan,1,0,1,0.0
402250,40-64,male,majority,20-29y,university,upper class,0.5382316145369773,1.0,before 2015,1.0,1.0,32765,,sedan,5,1,1,0.0
776573,65+,male,majority,10-19y,university,upper class,,1.0,before 2015,1.0,1.0,10238,11000.0,sedan,1,0,2,0.0
687151,16-25,male,majority,0-9y,university,working class,0.3237387751618438,1.0,before 2015,0.0,0.0,10238,13000.0,sedan,0,0,0,1.0
20441,65+,male,majority,20-29y,high school,upper class,,1.0,before 2015,1.0,1.0,32765,13000.0,sedan,7,3,0,0.0
293506,40-64,male,majority,20-29y,university,upper class,0.6546019814740752,1.0,before 2015,1.0,0.0,10238,12000.0,sedan,2,3,4,0.0
645815,40-64,female,majority,20-29y,university,upper class,0.562966957754165,1.0,after 2015,1.0,1.0,10238,14000.0,sedan,1,0,0,0.0
871945,40-64,male,majority,20-29y,university,middle class,0.5175334318197274,1.0,before 2015,0.0,1.0,10238,14000.0,sedan,1,0,3,0.0
959087,26-39,male,majority,0-9y,university,upper class,0.5158410911068464,0.0,before 2015,0.0,0.0,10238,13000.0,sedan,0,0,0,1.0
825504,40-64,male,majority,0-9y,university,upper class,0.6233138220916109,1.0,after 2015,0.0,0.0,92101,17000.0,sports car,0,0,0,1.0
357745,65+,male,majority,30y+,university,upper class,,1.0,before 2015,0.0,1.0,32765,,sedan,5,2,2,0.0
516089,26-39,female,majority,10-19y,university,upper class,0.7420788455412645,1.0,before 2015,1.0,1.0,10238,12000.0,sedan,2,0,3,0.0
472301,40-64,female,majority,20-29y,high school,middle class,0.5350647203236554,1.0,after 2015,1.0,1.0,10238,,sedan,1,0,4,0.0
891508,40-64,female,majority,20-29y,university,upper class,0.6996415652113668,1.0,before 2015,1.0,1.0,10238,15000.0,sedan,2,0,4,0.0
137899,65+,male,majority,30y+,high school,upper class,0.5530831213013543,1.0,before 2015,1.0,1.0,10238,10000.0,sedan,1,0,10,0.0
564461,65+,female,majority,30y+,high school,middle class,0.5454738217021173,1.0,before 2015,0.0,1.0,10238,15000.0,sedan,3,0,2,0.0
519764,65+,male,majority,30y+,none,middle class,0.344957864738121,1.0,before 2015,0.0,1.0,32765,15000.0,sedan,7,0,0,0.0
532459,16-25,female,majority,0-9y,high school,poverty,,0.0,before 2015,0.0,0.0,10238,18000.0,sports car,0,0,0,0.0
784982,40-64,male,minority,10-19y,none,middle class,0.5338552034439775,1.0,before 2015,0.0,0.0,32765,18000.0,sedan,0,0,0,0.0
26790,40-64,male,majority,10-19y,none,middle class,,1.0,after 2015,1.0,1.0,10238,15000.0,sedan,0,0,2,0.0
779949,26-39,male,majority,10-19y,high school,middle class,0.615030453397865,1.0,before 2015,0.0,1.0,10238,9000.0,sedan,2,1,3,0.0
918411,16-25,female,majority,0-9y,university,poverty,,1.0,before 2015,1.0,1.0,32765,9000.0,sedan,0,0,0,0.0
417736,16-25,female,majority,0-9y,high school,poverty,0.3080185242909205,0.0,before 2015,1.0,0.0,10238,10000.0,sedan,0,0,0,1.0
506753,26-39,female,majority,0-9y,university,upper class,0.4115178038031517,1.0,before 2015,1.0,1.0,10238,14000.0,sedan,0,0,0,1.0
177837,40-64,female,minority,10-19y,university,upper class,0.7669166300311827,1.0,before 2015,0.0,1.0,32765,11000.0,sedan,3,2,1,0.0
85714,40-64,female,majority,20-29y,high school,middle class,0.4889530344800872,1.0,before 2015,0.0,0.0,92101,18000.0,sedan,0,0,1,0.0
651971,65+,female,majority,0-9y,high school,upper class,0.5750827190474043,1.0,after 2015,0.0,1.0,10238,9000.0,sedan,0,0,0,0.0
865371,16-25,female,majority,0-9y,university,working class,0.4762313488935269,1.0,before 2015,0.0,0.0,10238,17000.0,sedan,0,0,0,1.0
485859,65+,male,minority,20-29y,high school,upper class,0.7123218578450321,1.0,before 2015,0.0,1.0,10238,13000.0,sedan,3,0,4,0.0
352305,26-39,male,majority,10-19y,university,middle class,0.428984582077122,1.0,after 2015,1.0,1.0,10238,8000.0,sedan,1,3,1,0.0
604099,65+,female,majority,30y+,high school,upper class,0.5866314851117098,1.0,before 2015,0.0,1.0,10238,11000.0,sports car,3,0,6,0.0
193047,26-39,male,majority,10-19y,university,middle class,0.4744424816375184,1.0,before 2015,0.0,1.0,10238,16000.0,sedan,0,0,2,1.0
170323,65+,male,majority,10-19y,university,upper class,,0.0,before 2015,1.0,1.0,10238,10000.0,sedan,2,1,1,1.0
548322,16-25,female,majority,0-9y,university,middle class,0.4738224847809606,1.0,before 2015,1.0,1.0,10238,8000.0,sedan,0,0,0,1.0
185027,26-39,male,majority,10-19y,high school,working class,0.5239204010225611,1.0,before 2015,0.0,1.0,10238,12000.0,sedan,0,0,1,0.0
196030,16-25,male,majority,0-9y,university,poverty,,1.0,before 2015,0.0,1.0,10238,11000.0,sedan,0,0,0,1.0
404782,26-39,female,minority,10-19y,university,working class,0.3806338982251157,1.0,before 2015,0.0,0.0,10238,14000.0,sedan,1,0,0,0.0
62325,65+,male,minority,20-29y,none,upper class,0.5905495956804206,0.0,after 2015,1.0,1.0,32765,12000.0,sedan,4,0,2,1.0
700599,40-64,male,majority,20-29y,high school,upper class,,1.0,before 2015,1.0,1.0,10238,13000.0,sedan,3,1,1,0.0
76372,40-64,female,majority,10-19y,high school,working class,0.4149098004859211,0.0,before 2015,0.0,1.0,10238,10000.0,sedan,1,0,2,1.0
514238,65+,male,majority,20-29y,high school,middle class,0.4764368681429673,1.0,after 2015,1.0,1.0,32765,9000.0,sedan,5,2,1,0.0
692808,26-39,male,majority,10-19y,university,middle class,0.6524011797659252,1.0,before 2015,1.0,1.0,32765,,sedan,2,1,2,1.0
336859,16-25,female,majority,0-9y,university,middle class,0.6147359485632915,1.0,before 2015,0.0,1.0,10238,15000.0,sedan,0,0,0,1.0
731473,16-25,female,minority,0-9y,none,poverty,,1.0,after 2015,1.0,1.0,10238,13000.0,sedan,0,0,0,0.0
75241,26-39,female,majority,10-19y,none,poverty,0.3908216889202105,1.0,before 2015,0.0,1.0,92101,10000.0,sedan,1,0,0,0.0
468798,40-64,female,majority,0-9y,university,upper class,,1.0,after 2015,0.0,1.0,10238,13000.0,sedan,0,0,0,0.0
559448,40-64,female,majority,20-29y,none,working class,,1.0,before 2015,0.0,0.0,10238,15000.0,sedan,1,0,0,0.0
443467,65+,male,majority,30y+,university,upper class,0.6072654635365045,1.0,before 2015,1.0,1.0,32765,,sedan,11,0,3,0.0
799742,26-39,male,majority,10-19y,high school,middle class,0.3333936771677006,1.0,before 2015,1.0,0.0,10238,13000.0,sedan,1,0,1,0.0
401441,40-64,male,majority,20-29y,high school,upper class,0.5445719745347386,1.0,after 2015,1.0,1.0,10238,8000.0,sedan,2,1,0,0.0
360562,16-25,female,majority,0-9y,university,working class,0.4159285248892542,1.0,before 2015,0.0,0.0,10238,16000.0,sedan,0,0,0,0.0
184051,26-39,female,majority,10-19y,university,upper class,0.6766496014312727,1.0,before 2015,0.0,1.0,10238,14000.0,sedan,0,0,0,0.0
289772,40-64,male,majority,0-9y,none,working class,0.4296872807233908,1.0,before 2015,1.0,1.0,10238,10000.0,sedan,0,0,0,0.0
734874,40-64,male,majority,20-29y,high school,middle class,0.4143903485309901,1.0,after 2015,0.0,1.0,32765,9000.0,sedan,7,2,3,0.0
385088,40-64,female,majority,20-29y,university,upper class,0.5687243992218569,1.0,before 2015,0.0,1.0,21217,10000.0,sedan,1,1,0,1.0
696638,26-39,male,majority,0-9y,high school,poverty,0.1218260842948218,0.0,before 2015,1.0,1.0,10238,13000.0,sedan,0,0,0,1.0
715219,16-25,male,majority,0-9y,none,middle class,,1.0,before 2015,0.0,0.0,32765,14000.0,sedan,0,0,0,0.0
909369,40-64,male,majority,20-29y,high school,upper class,0.5841712511451417,1.0,after 2015,0.0,0.0,32765,12000.0,sedan,7,2,1,0.0
527311,40-64,female,majority,20-29y,university,upper class,0.6781610551812627,1.0,after 2015,1.0,1.0,32765,6000.0,sedan,6,0,1,0.0
915279,40-64,female,majority,0-9y,university,upper class,0.6369446221406403,1.0,before 2015,1.0,0.0,10238,12000.0,sedan,0,0,0,0.0
324716,16-25,male,majority,0-9y,high school,poverty,0.4007546189708458,1.0,before 2015,0.0,1.0,10238,13000.0,sedan,0,0,0,0.0
883062,65+,female,majority,20-29y,university,upper class,0.6018523848575179,1.0,after 2015,1.0,1.0,32765,9000.0,sedan,8,0,0,0.0
100663,26-39,female,majority,10-19y,none,poverty,,0.0,before 2015,0.0,0.0,32765,11000.0,sedan,3,0,0,1.0
291453,26-39,female,majority,10-19y,none,poverty,0.3601262725864852,1.0,before 2015,0.0,0.0,10238,15000.0,sedan,0,0,0,0.0
393627,65+,male,majority,0-9y,high school,upper class,0.6898585172389251,1.0,before 2015,1.0,1.0,10238,8000.0,sedan,0,0,0,0.0
313846,16-25,male,majority,0-9y,high school,poverty,0.370017847681722,0.0,before 2015,0.0,0.0,32765,10000.0,sedan,0,0,0,1.0
408899,26-39,female,majority,10-19y,university,working class,0.3944813850396012,0.0,before 2015,1.0,1.0,10238,10000.0,sedan,1,0,2,0.0
708471,65+,female,majority,0-9y,high school,upper class,0.5541510770211692,1.0,after 2015,0.0,1.0,10238,12000.0,sedan,0,0,0,0.0
245794,65+,male,majority,20-29y,university,upper class,,1.0,after 2015,1.0,1.0,10238,,sedan,1,0,2,0.0
486743,26-39,male,majority,10-19y,high school,middle class,0.4409035763646876,1.0,before 2015,0.0,1.0,10238,16000.0,sedan,0,0,1,1.0
19951,40-64,male,majority,20-29y,university,upper class,0.6942600448551707,1.0,before 2015,0.0,1.0,32765,,sports car,7,1,0,0.0
958242,26-39,female,majority,10-19y,university,middle class,0.6273120197677802,1.0,before 2015,0.0,0.0,10238,15000.0,sedan,0,0,1,0.0
174629,16-25,female,majority,0-9y,high school,working class,0.3158874117848291,1.0,before 2015,0.0,1.0,32765,12000.0,sedan,0,0,0,1.0
390078,16-25,male,majority,0-9y,high school,poverty,0.2207678295542218,1.0,before 2015,0.0,0.0,10238,17000.0,sedan,0,0,0,1.0
385925,26-39,female,minority,0-9y,high school,working class,0.442557093562144,0.0,before 2015,1.0,1.0,10238,10000.0,sedan,0,0,0,1.0
371637,40-64,female,majority,20-29y,university,upper class,0.5539636722159259,1.0,before 2015,1.0,1.0,10238,10000.0,sedan,2,0,0,0.0
865541,65+,male,majority,30y+,university,upper class,0.6861226327517858,1.0,after 2015,1.0,1.0,10238,10000.0,sedan,6,1,7,0.0
841651,65+,female,majority,30y+,university,upper class,0.5758531878841718,1.0,after 2015,0.0,1.0,21217,13000.0,sedan,5,0,1,1.0
456173,65+,male,majority,0-9y,high school,upper class,0.4898636067761865,1.0,after 2015,1.0,0.0,32765,12000.0,sedan,0,0,0,0.0
300461,40-64,female,majority,20-29y,none,middle class,0.5199374755302306,1.0,before 2015,0.0,0.0,10238,13000.0,sedan,2,0,0,0.0
950182,26-39,female,majority,10-19y,high school,middle class,0.5949317714664302,1.0,before 2015,1.0,1.0,10238,8000.0,sedan,1,0,0,0.0
522923,26-39,male,majority,0-9y,university,upper class,0.6447136435473335,1.0,before 2015,0.0,0.0,10238,15000.0,sedan,0,0,0,1.0
502316,65+,male,majority,0-9y,high school,upper class,0.6798410052926959,1.0,before 2015,1.0,1.0,10238,12000.0,sedan,0,0,0,1.0
115279,65+,male,majority,20-29y,high school,upper class,0.5964914522328386,1.0,after 2015,1.0,1.0,10238,11000.0,sedan,0,1,2,0.0
39284,65+,female,minority,30y+,none,upper class,0.6322336535055987,0.0,before 2015,1.0,1.0,10238,12000.0,sedan,5,1,2,0.0
54307,65+,male,majority,30y+,university,upper class,0.5862895695040226,1.0,before 2015,1.0,1.0,10238,8000.0,sedan,7,0,10,0.0
698345,26-39,female,majority,10-19y,none,working class,0.5272766679710288,0.0,before 2015,0.0,1.0,10238,17000.0,sedan,0,0,0,1.0
944465,65+,female,majority,30y+,university,upper class,0.6180942194818548,1.0,after 2015,1.0,0.0,10238,12000.0,sports car,3,0,0,0.0
396326,40-64,male,majority,20-29y,none,middle class,0.4879440211154682,1.0,before 2015,0.0,1.0,10238,11000.0,sedan,5,0,4,0.0
734171,16-25,female,majority,0-9y,none,poverty,0.3054392923725627,0.0,before 2015,0.0,0.0,32765,11000.0,sedan,0,0,0,1.0
245745,40-64,male,majority,20-29y,high school,upper class,0.7019135438098354,1.0,before 2015,0.0,1.0,21217,7000.0,sedan,5,1,2,1.0
887384,26-39,female,majority,10-19y,high school,poverty,0.6002465292424253,0.0,before 2015,1.0,0.0,10238,7000.0,sedan,3,0,3,0.0
332804,40-64,female,majority,0-9y,high school,upper class,0.6706734981138612,1.0,after 2015,1.0,1.0,10238,10000.0,sports car,0,0,0,0.0
494175,40-64,female,majority,20-29y,high school,middle class,0.5074673210144917,1.0,before 2015,1.0,1.0,10238,11000.0,sedan,2,0,1,0.0
421465,65+,male,majority,30y+,university,upper class,0.4929097912257744,1.0,after 2015,0.0,1.0,10238,14000.0,sedan,0,0,3,0.0
83737,40-64,female,minority,20-29y,none,working class,0.4183048565105679,0.0,before 2015,0.0,1.0,10238,13000.0,sedan,1,0,0,0.0
651495,26-39,male,majority,10-19y,high school,working class,0.4594125089792298,1.0,before 2015,0.0,1.0,10238,,sedan,4,0,0,1.0
703897,26-39,male,majority,10-19y,university,upper class,0.7748838698842198,1.0,before 2015,1.0,1.0,92101,16000.0,sedan,2,1,0,1.0
882715,16-25,male,majority,0-9y,none,poverty,,0.0,before 2015,0.0,0.0,10238,17000.0,sedan,0,0,0,1.0
612154,26-39,female,majority,10-19y,high school,upper class,0.5705957708938973,1.0,before 2015,1.0,0.0,10238,12000.0,sedan,0,0,0,0.0
858866,65+,male,majority,20-29y,university,upper class,0.4945717566225205,1.0,before 2015,1.0,1.0,10238,14000.0,sedan,1,1,0,0.0
95223,26-39,female,majority,10-19y,none,working class,0.3413065150579024,1.0,before 2015,0.0,0.0,10238,13000.0,sedan,0,0,1,0.0
928536,16-25,female,majority,0-9y,high school,poverty,0.2817333572094793,0.0,before 2015,1.0,1.0,10238,11000.0,sedan,0,0,0,1.0
120400,65+,female,majority,30y+,high school,upper class,0.4698129526772792,1.0,after 2015,1.0,1.0,32765,6000.0,sedan,9,1,2,0.0
496098,65+,female,majority,0-9y,high school,upper class,0.6544694768557214,1.0,after 2015,1.0,1.0,10238,11000.0,sedan,0,0,0,0.0
440868,65+,female,majority,10-19y,high school,upper class,0.5891133562997476,0.0,before 2015,1.0,1.0,32765,9000.0,sedan,1,0,0,1.0
6140,16-25,male,majority,0-9y,university,poverty,0.4055935364341843,0.0,before 2015,0.0,0.0,10238,14000.0,sedan,0,0,0,1.0
859400,65+,female,majority,30y+,university,upper class,,1.0,before 2015,1.0,1.0,32765,6000.0,sedan,11,1,1,0.0
690400,26-39,female,majority,0-9y,university,middle class,0.5629992481464454,0.0,before 2015,1.0,1.0,21217,10000.0,sedan,0,0,0,1.0
287995,26-39,male,majority,0-9y,high school,middle class,0.4840656050048584,1.0,before 2015,1.0,1.0,10238,,sedan,0,0,0,1.0
906864,40-64,male,majority,20-29y,none,upper class,,1.0,after 2015,1.0,1.0,10238,11000.0,sedan,1,1,5,0.0
735599,40-64,female,majority,20-29y,high school,middle class,0.6095007101521814,1.0,after 2015,1.0,0.0,10238,,sedan,1,3,1,0.0
315540,65+,male,majority,10-19y,university,upper class,,1.0,after 2015,1.0,1.0,10238,11000.0,sedan,1,0,1,0.0
899435,65+,male,majority,30y+,high school,middle class,,0.0,before 2015,1.0,1.0,10238,10000.0,sedan,4,1,0,0.0
496053,26-39,male,majority,10-19y,university,working class,0.3992287529447922,0.0,before 2015,0.0,1.0,10238,15000.0,sedan,0,0,3,1.0
29218,16-25,male,majority,0-9y,none,poverty,0.5153334590011482,0.0,before 2015,0.0,0.0,92101,12000.0,sedan,0,0,0,1.0
341815,26-39,male,majority,0-9y,high school,middle class,0.6595476700729209,0.0,before 2015,1.0,1.0,10238,,sedan,0,0,0,0.0
540085,40-64,male,majority,20-29y,none,working class,0.2826105779013921,0.0,before 2015,0.0,0.0,10238,15000.0,sedan,2,0,0,0.0
33697,26-39,male,majority,10-19y,none,poverty,0.4530972145117041,0.0,before 2015,0.0,0.0,92101,18000.0,sedan,3,0,1,1.0
928760,26-39,male,majority,10-19y,none,poverty,0.4693145545863751,0.0,before 2015,0.0,1.0,10238,10000.0,sedan,2,0,4,1.0
804033,65+,male,majority,30y+,high school,upper class,0.5956351550491732,1.0,after 2015,1.0,1.0,10238,9000.0,sedan,2,2,9,0.0
569313,65+,female,majority,10-19y,high school,upper class,0.6749652735613098,1.0,after 2015,1.0,1.0,10238,9000.0,sedan,0,0,3,0.0
256936,65+,male,minority,30y+,none,upper class,0.6652789616494302,0.0,after 2015,0.0,1.0,10238,15000.0,sedan,3,1,7,0.0
645212,26-39,female,majority,10-19y,university,upper class,0.6119061158789385,1.0,after 2015,0.0,1.0,92101,11000.0,sedan,0,0,0,0.0
18002,16-25,male,minority,0-9y,none,poverty,0.4125268753132208,0.0,before 2015,0.0,0.0,10238,16000.0,sedan,0,0,0,1.0
411147,26-39,male,majority,10-19y,high school,middle class,0.4365476661894891,1.0,before 2015,1.0,1.0,32765,10000.0,sedan,2,1,2,0.0
591088,16-25,female,majority,0-9y,university,middle class,0.3993583524589249,1.0,after 2015,0.0,1.0,10238,13000.0,sedan,0,0,0,0.0
884887,40-64,male,majority,20-29y,university,upper class,0.5761283557632871,1.0,before 2015,0.0,0.0,10238,20000.0,sedan,0,1,1,0.0
699979,16-25,male,majority,0-9y,none,poverty,0.385749223512277,0.0,before 2015,0.0,0.0,10238,,sedan,0,0,0,1.0
77780,26-39,female,majority,10-19y,none,upper class,0.6398907902160134,1.0,before 2015,0.0,1.0,10238,,sedan,0,1,0,0.0
27119,65+,male,majority,0-9y,university,upper class,0.5659067951087425,1.0,before 2015,1.0,1.0,10238,9000.0,sedan,0,0,0,1.0
248818,26-39,male,majority,10-19y,university,middle class,0.4831697647361444,1.0,after 2015,1.0,1.0,10238,,sedan,4,0,1,0.0
970812,16-25,male,majority,0-9y,high school,working class,0.41149689980404,0.0,before 2015,1.0,0.0,10238,14000.0,sedan,0,0,0,1.0
562215,26-39,male,majority,10-19y,high school,working class,0.382266838040224,0.0,before 2015,0.0,1.0,10238,10000.0,sedan,2,1,3,1.0
810285,26-39,male,majority,10-19y,university,working class,,1.0,before 2015,0.0,1.0,10238,,sedan,0,1,1,0.0
301854,26-39,male,majority,10-19y,high school,upper class,0.6612070554767343,1.0,after 2015,1.0,1.0,10238,,sedan,1,1,4,0.0
85101,16-25,male,majority,0-9y,university,middle class,0.6382422175811462,1.0,before 2015,0.0,0.0,10238,16000.0,sedan,0,0,0,1.0
488662,26-39,female,majority,10-19y,none,middle class,0.6387437905815525,0.0,before 2015,0.0,1.0,10238,,sedan,0,0,1,0.0
203156,40-64,male,majority,20-29y,high school,upper class,0.6471364812806238,1.0,before 2015,1.0,1.0,10238,12000.0,sedan,8,0,2,0.0
747358,40-64,male,minority,10-19y,university,upper class,0.5918523820851359,1.0,after 2015,1.0,0.0,10238,13000.0,sedan,0,0,2,0.0
228250,26-39,male,majority,10-19y,university,middle class,0.5821521960941056,1.0,before 2015,1.0,0.0,10238,15000.0,sedan,0,0,2,0.0
605977,40-64,male,majority,20-29y,university,upper class,0.6822296122171935,1.0,before 2015,0.0,1.0,10238,13000.0,sedan,4,0,2,0.0
623455,16-25,female,majority,0-9y,university,working class,0.5467329780323261,1.0,before 2015,0.0,0.0,10238,12000.0,sedan,0,0,0,1.0
277408,26-39,male,majority,10-19y,none,middle class,0.4082714978911518,1.0,before 2015,0.0,0.0,10238,16000.0,sedan,1,0,1,0.0
629055,26-39,male,majority,10-19y,university,middle class,0.6275475078157623,1.0,before 2015,0.0,1.0,10238,15000.0,sedan,0,1,3,0.0
757103,26-39,female,majority,10-19y,high school,poverty,0.5200147589908034,0.0,before 2015,0.0,0.0,10238,15000.0,sedan,2,0,1,0.0
75063,40-64,female,majority,10-19y,university,upper class,0.7539682939704174,1.0,after 2015,0.0,1.0,92101,10000.0,sedan,1,0,0,0.0
787748,26-39,male,majority,10-19y,high school,middle class,0.3767820351485029,1.0,after 2015,0.0,0.0,10238,,sedan,3,0,1,0.0
68702,40-64,male,majority,20-29y,university,upper class,0.5120469755291743,1.0,before 2015,1.0,1.0,10238,9000.0,sedan,0,0,3,0.0
394712,40-64,female,majority,20-29y,university,upper class,0.7803260213286224,1.0,before 2015,1.0,1.0,10238,11000.0,sedan,3,2,2,0.0
187326,16-25,female,majority,0-9y,none,poverty,0.3667710862253628,1.0,before 2015,0.0,0.0,10238,12000.0,sedan,0,0,0,1.0
101678,26-39,female,majority,10-19y,high school,poverty,0.2857471319596469,0.0,before 2015,0.0,1.0,10238,13000.0,sedan,1,0,0,1.0
407107,65+,female,majority,30y+,university,upper class,0.5650867606006488,1.0,before 2015,1.0,1.0,32765,5000.0,sedan,11,0,2,0.0
601572,40-64,female,majority,0-9y,high school,working class,,1.0,before 2015,1.0,1.0,32765,,sedan,0,0,0,0.0
694861,40-64,male,majority,20-29y,high school,upper class,0.5299866281993799,1.0,after 2015,1.0,1.0,92101,10000.0,sedan,2,0,0,0.0
384750,26-39,female,majority,10-19y,none,poverty,0.2519206257754629,1.0,before 2015,0.0,0.0,10238,16000.0,sedan,1,0,1,1.0
880628,26-39,female,majority,10-19y,high school,poverty,0.4271866929096974,1.0,before 2015,0.0,1.0,10238,11000.0,sedan,0,0,1,1.0
73606,40-64,male,majority,20-29y,high school,middle class,0.7087716412836736,1.0,after 2015,1.0,1.0,10238,13000.0,sedan,1,0,4,0.0
663153,26-39,male,majority,0-9y,university,working class,0.4819127059705207,0.0,after 2015,0.0,1.0,32765,10000.0,sedan,0,0,0,1.0
577557,26-39,male,majority,10-19y,university,working class,0.4377852852275526,1.0,before 2015,0.0,0.0,10238,15000.0,sedan,1,0,1,0.0
40785,16-25,female,majority,0-9y,university,working class,0.4924001507592951,1.0,before 2015,1.0,1.0,10238,15000.0,sedan,0,0,0,1.0
841471,26-39,male,majority,0-9y,high school,middle class,0.5020137338213905,1.0,before 2015,0.0,0.0,10238,12000.0,sedan,0,0,0,0.0
306304,40-64,male,majority,0-9y,university,upper class,0.6057877815752679,1.0,before 2015,0.0,0.0,10238,17000.0,sedan,0,0,0,1.0
124495,16-25,female,majority,0-9y,university,poverty,0.4320015447176237,1.0,before 2015,0.0,0.0,10238,16000.0,sedan,0,0,0,1.0
315441,16-25,male,majority,0-9y,university,working class,0.4760320342290617,0.0,before 2015,0.0,0.0,21217,13000.0,sedan,0,0,0,1.0
937991,40-64,female,minority,20-29y,high school,middle class,0.6022376455105858,0.0,before 2015,0.0,0.0,32765,13000.0,sedan,2,0,0,0.0
184176,26-39,female,majority,10-19y,high school,poverty,0.3449776885977702,0.0,before 2015,0.0,0.0,10238,18000.0,sedan,1,0,1,0.0
217,16-25,male,majority,0-9y,none,poverty,,0.0,before 2015,0.0,0.0,10238,17000.0,sedan,0,0,0,0.0
921054,16-25,female,majority,0-9y,university,poverty,0.2710261325234708,1.0,before 2015,0.0,1.0,10238,10000.0,sedan,0,0,0,0.0
383201,26-39,male,majority,10-19y,university,middle class,0.3733517484190592,1.0,after 2015,0.0,1.0,32765,12000.0,sedan,2,0,1,0.0
8023,65+,male,majority,30y+,university,upper class,0.5675263030815505,1.0,before 2015,0.0,0.0,10238,15000.0,sedan,4,0,2,0.0
801998,40-64,male,majority,20-29y,high school,middle class,0.6786957426697192,1.0,before 2015,1.0,1.0,32765,7000.0,sedan,9,0,0,0.0
613897,40-64,female,majority,0-9y,university,upper class,0.7774126671135292,1.0,after 2015,1.0,1.0,10238,,sedan,0,0,0,0.0
584169,40-64,female,majority,20-29y,university,upper class,0.5459056295140907,1.0,after 2015,1.0,1.0,10238,,sedan,0,0,3,0.0
330576,26-39,male,minority,0-9y,none,upper class,0.4486733405374232,1.0,after 2015,1.0,1.0,10238,11000.0,sedan,0,0,0,0.0
671866,16-25,female,majority,0-9y,high school,poverty,,0.0,before 2015,0.0,0.0,10238,14000.0,sedan,0,0,0,1.0
488658,40-64,female,majority,20-29y,university,upper class,0.6257870416277221,1.0,before 2015,0.0,1.0,10238,13000.0,sedan,0,0,2,0.0
64458,65+,male,majority,30y+,university,upper class,0.7330454994198158,1.0,before 2015,0.0,1.0,32765,10000.0,sedan,14,0,3,0.0
571160,40-64,male,majority,20-29y,high school,upper class,0.6299692370262022,1.0,after 2015,1.0,0.0,10238,11000.0,sedan,4,0,7,0.0
454160,26-39,male,majority,0-9y,none,working class,,1.0,after 2015,0.0,1.0,10238,13000.0,sedan,0,0,0,0.0
587219,26-39,female,minority,10-19y,high school,upper class,0.7031632129143115,1.0,before 2015,0.0,1.0,10238,11000.0,sedan,1,0,3,0.0
225261,26-39,female,majority,10-19y,university,upper class,,1.0,after 2015,0.0,1.0,10238,13000.0,sedan,0,0,0,0.0
847312,26-39,male,majority,10-19y,university,upper class,0.680928917443575,1.0,before 2015,1.0,0.0,10238,12000.0,sedan,1,2,1,0.0
611928,26-39,female,majority,10-19y,high school,middle class,,1.0,after 2015,1.0,1.0,10238,11000.0,sedan,0,0,0,0.0
464427,16-25,female,majority,0-9y,none,poverty,0.3615365302867908,0.0,before 2015,0.0,0.0,10238,15000.0,sedan,0,0,0,1.0
471782,40-64,male,majority,20-29y,none,poverty,,0.0,before 2015,0.0,0.0,10238,16000.0,sedan,3,0,3,0.0
960813,26-39,male,majority,10-19y,high school,middle class,0.6705389053925843,0.0,before 2015,1.0,0.0,10238,,sedan,2,0,1,0.0
609588,65+,male,majority,30y+,university,middle class,0.5002666804669273,1.0,after 2015,1.0,1.0,10238,9000.0,sedan,5,0,8,0.0
223874,65+,female,majority,20-29y,high school,upper class,0.6678192505009327,1.0,before 2015,1.0,1.0,10238,12000.0,sedan,3,0,1,0.0
850080,40-64,female,majority,20-29y,university,upper class,0.6941612293684088,1.0,after 2015,0.0,0.0,10238,13000.0,sedan,1,0,0,0.0
521505,26-39,male,minority,10-19y,university,upper class,0.7418494314704756,1.0,after 2015,0.0,0.0,10238,16000.0,sedan,1,0,2,0.0
119771,16-25,male,majority,0-9y,university,middle class,0.7041063079078885,1.0,before 2015,0.0,1.0,32765,,sedan,0,0,0,1.0
272776,65+,male,majority,30y+,high school,upper class,0.5585866661510136,1.0,before 2015,1.0,1.0,32765,,sedan,17,0,3,0.0
645283,16-25,female,majority,0-9y,none,poverty,0.3930304394075162,0.0,before 2015,0.0,0.0,10238,16000.0,sedan,0,0,0,1.0
710419,26-39,female,majority,10-19y,none,upper class,0.5712399869625824,1.0,after 2015,1.0,1.0,10238,11000.0,sedan,0,0,1,0.0
914635,16-25,male,majority,0-9y,none,poverty,0.2934315430100153,0.0,before 2015,0.0,0.0,10238,16000.0,sedan,0,0,0,1.0
528992,16-25,male,majority,0-9y,high school,middle class,,0.0,before 2015,0.0,0.0,10238,,sedan,0,0,0,1.0
856856,16-25,female,minority,0-9y,high school,middle class,0.5103623811143531,1.0,before 2015,0.0,1.0,10238,,sedan,0,0,0,1.0
915288,65+,female,majority,10-19y,university,upper class,0.8230096283587163,1.0,before 2015,0.0,1.0,10238,12000.0,sedan,0,0,1,0.0
540609,26-39,male,majority,0-9y,university,poverty,,0.0,before 2015,0.0,1.0,10238,10000.0,sedan,0,0,0,1.0
337500,40-64,female,majority,0-9y,university,working class,0.3792686190518363,1.0,before 2015,0.0,0.0,10238,14000.0,sedan,0,0,0,0.0
661353,40-64,female,majority,20-29y,none,working class,0.6108796461320719,1.0,before 2015,0.0,1.0,32765,12000.0,sedan,4,0,1,0.0
979571,65+,male,majority,0-9y,university,upper class,,1.0,after 2015,1.0,1.0,10238,12000.0,sedan,0,0,0,0.0
971841,40-64,female,majority,20-29y,university,upper class,0.5602501519114655,1.0,after 2015,1.0,1.0,10238,15000.0,sedan,1,0,1,0.0
960549,40-64,female,majority,20-29y,university,upper class,0.6837353788441626,1.0,before 2015,1.0,1.0,10238,8000.0,sedan,2,0,4,0.0
638975,40-64,male,minority,10-19y,high school,upper class,0.6820575427391677,1.0,before 2015,1.0,1.0,10238,10000.0,sedan,0,0,1,0.0
127825,26-39,male,majority,10-19y,university,poverty,0.1565732779409757,1.0,before 2015,1.0,0.0,10238,10000.0,sports car,0,0,2,0.0
513857,26-39,male,majority,10-19y,high school,poverty,0.2249840281466978,0.0,before 2015,0.0,1.0,32765,8000.0,sports car,0,1,0,0.0
232470,16-25,male,majority,0-9y,university,poverty,0.1264534313986037,1.0,before 2015,0.0,1.0,10238,14000.0,sedan,0,0,0,1.0
28879,65+,male,majority,30y+,university,upper class,,1.0,after 2015,1.0,1.0,10238,9000.0,sedan,8,0,4,0.0
284106,65+,male,majority,30y+,university,upper class,0.73238212135242,1.0,before 2015,1.0,1.0,10238,12000.0,sedan,5,1,5,0.0
909684,16-25,female,majority,0-9y,university,middle class,0.5958957289738616,1.0,before 2015,1.0,0.0,10238,14000.0,sedan,0,0,0,0.0
414015,26-39,male,majority,10-19y,university,upper class,0.6131174592847092,1.0,before 2015,0.0,0.0,21217,12000.0,sports car,1,0,0,1.0
280870,16-25,male,majority,0-9y,high school,working class,0.3235211152170167,1.0,after 2015,0.0,1.0,10238,,sedan,0,0,0,0.0
967532,65+,male,majority,30y+,university,upper class,0.6917501090394251,0.0,before 2015,1.0,1.0,32765,8000.0,sedan,11,1,2,0.0
803258,40-64,male,majority,0-9y,none,working class,0.2922031438159564,1.0,before 2015,1.0,0.0,10238,12000.0,sedan,0,0,0,0.0
1003,65+,female,majority,30y+,university,upper class,,1.0,before 2015,0.0,1.0,32765,15000.0,sedan,1,2,0,0.0
690336,16-25,female,minority,0-9y,none,poverty,0.4674100456981467,0.0,before 2015,0.0,1.0,10238,14000.0,sedan,0,0,0,1.0
453418,40-64,male,minority,10-19y,university,upper class,0.6898557481349145,1.0,after 2015,1.0,1.0,32765,9000.0,sedan,1,0,1,0.0
695435,26-39,female,majority,0-9y,high school,middle class,0.5374556635201865,1.0,before 2015,1.0,1.0,92101,10000.0,sports car,0,0,0,1.0
792396,65+,female,majority,30y+,university,upper class,0.680617632406099,1.0,before 2015,1.0,1.0,10238,12000.0,sedan,1,2,2,0.0
18706,26-39,male,majority,10-19y,university,middle class,0.5769913905241298,1.0,before 2015,1.0,0.0,10238,14000.0,sedan,1,0,2,0.0
750889,40-64,female,majority,20-29y,high school,middle class,,1.0,before 2015,0.0,1.0,10238,12000.0,sedan,3,0,0,0.0
202364,65+,male,majority,30y+,high school,upper class,0.5883466524610836,0.0,before 2015,1.0,1.0,32765,10000.0,sedan,12,2,5,0.0
873573,16-25,male,minority,0-9y,none,poverty,0.2739856772686334,0.0,before 2015,0.0,0.0,10238,11000.0,sedan,0,0,0,1.0
421713,65+,female,majority,30y+,university,upper class,0.6337566630002706,0.0,after 2015,1.0,1.0,10238,10000.0,sedan,0,0,6,0.0
578026,26-39,female,minority,10-19y,none,poverty,0.2584986475919236,1.0,before 2015,0.0,1.0,10238,14000.0,sedan,0,0,1,0.0
27276,40-64,female,majority,20-29y,high school,upper class,0.7256255924328835,1.0,after 2015,1.0,1.0,32765,5000.0,sedan,2,0,0,0.0
366134,16-25,male,majority,0-9y,high school,working class,0.4262030648137452,1.0,before 2015,0.0,1.0,10238,17000.0,sedan,0,0,0,1.0
19371,40-64,male,majority,10-19y,university,upper class,0.6002044724831744,1.0,after 2015,1.0,1.0,10238,9000.0,sedan,0,1,1,0.0
959569,26-39,male,minority,10-19y,university,working class,0.4852737388038857,1.0,before 2015,0.0,1.0,10238,16000.0,sedan,0,0,0,1.0
394664,26-39,male,majority,10-19y,none,poverty,0.1961267039783941,0.0,before 2015,1.0,1.0,10238,10000.0,sedan,2,1,1,0.0
483077,26-39,female,majority,10-19y,none,middle class,0.6177517413016478,0.0,before 2015,1.0,1.0,32765,9000.0,sedan,2,0,0,1.0
365540,65+,female,majority,10-19y,university,upper class,0.8590012411373771,1.0,after 2015,0.0,0.0,10238,15000.0,sedan,1,1,0,0.0
985487,65+,female,majority,20-29y,university,upper class,0.6955131276298069,1.0,after 2015,1.0,1.0,10238,11000.0,sedan,2,0,0,0.0
494066,26-39,male,majority,10-19y,high school,working class,0.3669961573638322,0.0,before 2015,1.0,0.0,10238,,sedan,1,0,4,1.0
294679,40-64,male,majority,20-29y,high school,upper class,0.5832262905924832,1.0,before 2015,1.0,1.0,10238,11000.0,sedan,5,0,2,0.0
564276,65+,male,majority,10-19y,university,upper class,0.6654465106165252,0.0,after 2015,0.0,0.0,10238,14000.0,sedan,3,1,0,1.0
714665,26-39,male,minority,10-19y,university,upper class,,0.0,before 2015,1.0,0.0,32765,9000.0,sedan,7,0,0,0.0
886405,40-64,male,majority,20-29y,high school,upper class,0.5190950267820249,1.0,before 2015,1.0,1.0,32765,9000.0,sedan,4,1,1,0.0
488074,26-39,female,minority,0-9y,none,poverty,0.3881372119136716,0.0,before 2015,0.0,1.0,10238,14000.0,sedan,0,0,0,1.0
224745,65+,female,majority,30y+,high school,middle class,0.5847134432997393,1.0,after 2015,1.0,1.0,32765,7000.0,sedan,5,2,0,0.0
248888,40-64,male,majority,0-9y,high school,middle class,0.5594684860915574,1.0,before 2015,0.0,1.0,32765,12000.0,sedan,0,0,0,1.0
180587,16-25,female,majority,0-9y,high school,poverty,0.360042878991249,0.0,before 2015,0.0,1.0,10238,17000.0,sedan,0,0,0,1.0
362357,40-64,female,majority,20-29y,university,upper class,0.6033931394625662,1.0,before 2015,1.0,0.0,32765,,sedan,3,0,0,0.0
684447,26-39,female,majority,0-9y,none,poverty,0.2639219473350823,0.0,before 2015,0.0,0.0,10238,11000.0,sedan,0,0,0,1.0
500299,26-39,female,majority,0-9y,university,upper class,0.6687110075744085,1.0,after 2015,1.0,1.0,10238,11000.0,sedan,0,0,0,0.0
307277,26-39,male,majority,0-9y,high school,working class,,1.0,after 2015,0.0,0.0,10238,12000.0,sedan,0,0,0,0.0
766499,40-64,female,majority,20-29y,university,upper class,0.3150913735925499,1.0,before 2015,1.0,1.0,32765,8000.0,sedan,0,1,1,0.0
87473,26-39,male,majority,10-19y,none,poverty,0.3603104623934349,0.0,before 2015,0.0,0.0,32765,14000.0,sedan,2,0,1,1.0
309217,26-39,female,majority,0-9y,high school,upper class,0.7124443067499009,1.0,after 2015,0.0,0.0,10238,15000.0,sedan,0,0,0,0.0
693802,65+,male,majority,20-29y,high school,upper class,0.5007809330173665,1.0,before 2015,1.0,1.0,10238,12000.0,sedan,3,1,4,0.0
839311,65+,male,majority,30y+,none,middle class,,1.0,before 2015,1.0,1.0,10238,9000.0,sedan,4,1,6,0.0
808605,26-39,female,majority,10-19y,none,poverty,0.3930211676538276,0.0,before 2015,0.0,1.0,10238,12000.0,sedan,1,0,0,1.0
566773,65+,male,majority,20-29y,high school,upper class,0.8431138371829747,1.0,after 2015,1.0,1.0,10238,10000.0,sedan,1,1,3,0.0
197062,26-39,male,minority,0-9y,none,poverty,0.4397448439215724,1.0,before 2015,0.0,1.0,10238,13000.0,sedan,0,0,0,1.0
561454,40-64,female,majority,10-19y,university,upper class,,1.0,before 2015,1.0,1.0,32765,8000.0,sedan,4,0,1,0.0
355449,26-39,female,majority,10-19y,university,upper class,0.6453992259248305,1.0,after 2015,1.0,1.0,10238,10000.0,sedan,1,0,1,0.0
858084,40-64,male,majority,20-29y,university,upper class,0.4403711776611202,1.0,after 2015,1.0,1.0,10238,9000.0,sedan,5,0,5,0.0
940251,40-64,male,majority,20-29y,university,upper class,0.4711204810342066,1.0,before 2015,1.0,1.0,32765,,sedan,10,0,0,0.0
41747,65+,female,majority,20-29y,university,upper class,,1.0,after 2015,1.0,1.0,32765,13000.0,sedan,4,0,1,0.0
688730,40-64,male,majority,20-29y,none,middle class,0.5020311962724953,0.0,before 2015,1.0,1.0,32765,10000.0,sedan,9,1,1,0.0
402818,26-39,male,majority,10-19y,university,poverty,0.3532201325624401,0.0,before 2015,0.0,0.0,92101,,sedan,2,0,1,1.0
568119,40-64,male,majority,0-9y,high school,middle class,0.5253665202662647,1.0,after 2015,0.0,1.0,10238,,sedan,0,0,0,0.0
210243,16-25,male,majority,0-9y,none,poverty,0.2744219686884673,0.0,before 2015,0.0,1.0,10238,10000.0,sedan,0,0,0,1.0
897466,40-64,female,majority,10-19y,university,upper class,,1.0,after 2015,1.0,0.0,32765,12000.0,sedan,3,0,1,0.0
933410,65+,female,majority,30y+,high school,middle class,0.6695109646953296,1.0,before 2015,1.0,1.0,10238,12000.0,sedan,3,0,1,0.0
677939,40-64,male,majority,10-19y,high school,upper class,0.6376023030196369,1.0,after 2015,0.0,1.0,32765,16000.0,sedan,0,0,0,0.0
164381,16-25,female,majority,0-9y,high school,middle class,0.6840833742526795,1.0,before 2015,1.0,1.0,10238,8000.0,sedan,0,0,0,0.0
528044,40-64,male,majority,20-29y,high school,upper class,0.6431578288259611,1.0,after 2015,1.0,1.0,10238,9000.0,sedan,2,0,1,0.0
345779,40-64,female,majority,20-29y,none,middle class,,1.0,before 2015,1.0,1.0,10238,,sedan,2,0,2,0.0
728593,26-39,female,majority,10-19y,none,poverty,0.4917578507406149,1.0,before 2015,0.0,1.0,10238,14000.0,sedan,1,1,0,0.0
168954,26-39,male,majority,10-19y,high school,middle class,0.4471073549724479,1.0,before 2015,1.0,1.0,10238,11000.0,sedan,1,0,2,0.0
551093,16-25,female,majority,0-9y,university,working class,0.3981410019830886,0.0,before 2015,0.0,0.0,32765,14000.0,sedan,0,0,0,1.0
176252,65+,female,majority,30y+,high school,upper class,0.6491515853548271,1.0,after 2015,0.0,1.0,10238,9000.0,sedan,0,0,2,0.0
157650,26-39,male,majority,0-9y,none,middle class,0.5608602241643745,0.0,before 2015,1.0,0.0,10238,15000.0,sedan,0,0,0,1.0
971471,16-25,female,minority,0-9y,none,poverty,0.3109816429091414,0.0,before 2015,0.0,0.0,32765,14000.0,sedan,0,0,0,1.0
789378,40-64,male,majority,20-29y,high school,middle class,0.6460072898355432,1.0,before 2015,0.0,0.0,10238,16000.0,sedan,0,0,3,0.0
25407,16-25,male,majority,0-9y,none,poverty,0.2992844002880692,0.0,before 2015,0.0,1.0,32765,13000.0,sedan,0,0,0,1.0
275457,65+,male,majority,30y+,university,upper class,0.8682131393602728,1.0,after 2015,1.0,1.0,10238,12000.0,sedan,3,1,6,0.0
877457,26-39,male,majority,10-19y,university,upper class,0.4203287516078414,0.0,before 2015,1.0,1.0,10238,6000.0,sedan,2,0,3,0.0
959391,26-39,male,minority,10-19y,none,poverty,0.3651316068151384,0.0,before 2015,0.0,0.0,10238,16000.0,sedan,0,0,1,1.0
607639,26-39,male,majority,0-9y,university,upper class,0.5509116169719427,1.0,after 2015,1.0,1.0,10238,10000.0,sedan,0,0,0,0.0
726757,40-64,female,majority,0-9y,university,upper class,0.5800585073921776,1.0,after 2015,1.0,1.0,10238,12000.0,sedan,0,0,0,0.0
861996,16-25,male,majority,0-9y,university,middle class,0.3237857432221487,1.0,before 2015,0.0,1.0,10238,10000.0,sedan,0,0,0,1.0
931908,26-39,female,majority,10-19y,high school,working class,0.5076472452256656,1.0,after 2015,0.0,1.0,10238,14000.0,sedan,3,0,0,0.0
971269,16-25,male,majority,0-9y,none,poverty,0.3511035911519817,0.0,before 2015,0.0,0.0,10238,15000.0,sedan,0,0,0,1.0
671080,16-25,female,majority,0-9y,high school,working class,0.6705840253332259,1.0,before 2015,1.0,0.0,32765,12000.0,sedan,0,0,0,1.0
468679,16-25,female,majority,0-9y,high school,working class,0.406241340588986,0.0,before 2015,0.0,0.0,10238,15000.0,sedan,0,0,0,1.0
186080,65+,female,majority,20-29y,university,upper class,0.534527772700769,1.0,before 2015,1.0,1.0,10238,10000.0,sedan,0,1,3,0.0
42694,16-25,male,majority,0-9y,high school,poverty,,0.0,before 2015,0.0,0.0,10238,11000.0,sedan,0,0,0,1.0
775,65+,female,majority,30y+,university,upper class,0.7117532279720963,1.0,before 2015,1.0,1.0,10238,10000.0,sedan,2,0,0,0.0
90787,65+,female,minority,10-19y,high school,upper class,0.7094289088273653,0.0,before 2015,1.0,1.0,10238,12000.0,sedan,0,0,0,0.0
883018,40-64,male,majority,0-9y,high school,working class,0.5057903732571783,1.0,before 2015,0.0,1.0,10238,13000.0,sedan,0,0,0,0.0
104866,40-64,female,majority,0-9y,high school,working class,,0.0,before 2015,0.0,1.0,10238,10000.0,sedan,0,0,0,1.0
334193,26-39,male,majority,10-19y,high school,middle class,,1.0,before 2015,0.0,0.0,10238,10000.0,sedan,1,0,0,0.0
849780,40-64,male,majority,0-9y,university,upper class,0.5633384695516879,1.0,before 2015,1.0,0.0,10238,10000.0,sedan,0,0,0,1.0
528837,40-64,female,majority,10-19y,high school,upper class,0.6173644827066088,1.0,before 2015,0.0,0.0,32765,13000.0,sedan,3,0,0,0.0
52965,65+,male,minority,30y+,university,upper class,0.6131925853472315,1.0,after 2015,1.0,1.0,92101,10000.0,sedan,5,0,1,0.0
282620,65+,female,minority,10-19y,university,upper class,0.8174033070235784,1.0,after 2015,1.0,1.0,10238,,sedan,0,0,1,0.0
850028,26-39,male,majority,10-19y,university,poverty,0.3406174176696211,0.0,before 2015,0.0,0.0,10238,13000.0,sedan,0,0,1,1.0
868539,16-25,male,majority,0-9y,none,poverty,,0.0,before 2015,0.0,1.0,10238,7000.0,sedan,0,0,0,1.0
536394,26-39,male,majority,10-19y,university,upper class,0.5532794687166666,1.0,after 2015,1.0,0.0,32765,13000.0,sedan,0,0,0,0.0
110747,40-64,female,majority,10-19y,university,upper class,0.5366328650238356,1.0,before 2015,1.0,0.0,10238,9000.0,sedan,0,0,3,0.0
794068,65+,male,minority,0-9y,none,upper class,0.7106399403376396,1.0,after 2015,0.0,1.0,32765,,sedan,0,0,0,0.0
806500,16-25,female,majority,0-9y,high school,poverty,0.4072467866003519,0.0,before 2015,0.0,1.0,10238,,sedan,0,0,0,1.0
819683,40-64,female,majority,20-29y,high school,middle class,0.5824349020421999,0.0,before 2015,1.0,1.0,92101,10000.0,sedan,1,0,0,0.0
216068,65+,male,majority,30y+,high school,middle class,0.5790642583651154,1.0,after 2015,1.0,1.0,10238,12000.0,sedan,3,2,4,0.0
126485,26-39,female,minority,10-19y,none,poverty,0.2728793486098333,1.0,before 2015,0.0,1.0,10238,16000.0,sedan,0,0,0,0.0
146700,26-39,female,majority,10-19y,high school,working class,0.5080083451806122,0.0,before 2015,1.0,0.0,10238,,sedan,1,0,2,0.0
156588,65+,male,majority,30y+,university,upper class,0.4876341775612865,1.0,after 2015,1.0,1.0,10238,7000.0,sedan,5,0,5,0.0
265974,65+,male,minority,30y+,none,middle class,0.5026438365530692,1.0,before 2015,0.0,1.0,10238,9000.0,sedan,7,0,5,0.0
136946,65+,male,majority,0-9y,high school,upper class,0.6062206447979116,1.0,before 2015,1.0,1.0,10238,,sedan,0,0,0,0.0
872345,65+,male,majority,30y+,university,upper class,0.6622512927422589,1.0,before 2015,0.0,1.0,10238,16000.0,sedan,2,0,1,0.0
443277,40-64,female,majority,20-29y,none,working class,0.3111102411897753,1.0,before 2015,0.0,0.0,10238,13000.0,sports car,0,1,2,0.0
568413,26-39,male,majority,10-19y,university,middle class,0.5412294511207146,0.0,before 2015,0.0,0.0,10238,13000.0,sedan,3,0,0,1.0
705744,16-25,female,majority,0-9y,high school,poverty,0.3719044158733219,0.0,before 2015,0.0,0.0,10238,16000.0,sedan,0,0,0,1.0
475241,40-64,male,majority,20-29y,university,upper class,0.6114806871138359,1.0,after 2015,0.0,1.0,21217,14000.0,sedan,1,1,1,1.0
578045,65+,male,majority,20-29y,university,upper class,0.3144599834469865,1.0,after 2015,1.0,1.0,92101,10000.0,sedan,4,1,7,0.0
351071,40-64,male,majority,20-29y,university,middle class,0.3947330860408181,1.0,after 2015,0.0,1.0,10238,10000.0,sedan,3,1,3,0.0
473499,16-25,female,majority,0-9y,none,poverty,0.3263605561292131,1.0,before 2015,0.0,0.0,32765,,sedan,0,0,0,1.0
39690,40-64,female,minority,0-9y,high school,upper class,0.5792880833054858,1.0,before 2015,1.0,1.0,10238,13000.0,sedan,0,0,0,0.0
672023,16-25,female,majority,0-9y,high school,working class,0.3705200427462645,1.0,before 2015,0.0,0.0,10238,13000.0,sedan,0,0,0,1.0
772295,16-25,male,minority,0-9y,none,poverty,0.36156041230655,0.0,before 2015,0.0,1.0,10238,12000.0,sedan,0,0,0,1.0
877703,26-39,female,majority,10-19y,high school,middle class,0.5250861267141177,1.0,before 2015,1.0,1.0,10238,14000.0,sedan,1,0,0,0.0
303538,26-39,female,majority,10-19y,high school,working class,,1.0,before 2015,0.0,1.0,10238,13000.0,sedan,0,1,2,0.0
294332,65+,female,majority,30y+,high school,middle class,0.5453661684338341,1.0,after 2015,1.0,1.0,10238,10000.0,sedan,2,1,7,0.0
600221,26-39,female,majority,10-19y,high school,middle class,0.4808607229796859,1.0,before 2015,1.0,1.0,32765,8000.0,sedan,2,1,0,0.0
849407,65+,male,majority,20-29y,high school,middle class,0.5738687131057614,1.0,before 2015,0.0,1.0,10238,11000.0,sedan,1,0,2,0.0
496174,65+,female,majority,10-19y,university,upper class,0.416048144719492,1.0,after 2015,1.0,1.0,10238,,sedan,0,0,0,0.0
456215,26-39,male,majority,0-9y,university,upper class,0.6523115255341311,0.0,after 2015,0.0,0.0,32765,14000.0,sedan,0,0,0,1.0
412666,65+,female,majority,20-29y,high school,upper class,0.5986464420361814,1.0,after 2015,1.0,1.0,10238,9000.0,sedan,6,0,6,0.0
647035,26-39,female,majority,10-19y,high school,middle class,,1.0,before 2015,1.0,1.0,10238,9000.0,sedan,1,1,2,0.0
442696,26-39,female,majority,0-9y,none,working class,0.4352247779429113,1.0,before 2015,1.0,1.0,10238,13000.0,sedan,0,0,0,0.0
835584,26-39,female,majority,10-19y,high school,poverty,0.4297305787175271,0.0,before 2015,0.0,0.0,10238,17000.0,sedan,0,0,0,0.0
752775,40-64,male,majority,0-9y,university,upper class,0.6377499969959002,1.0,before 2015,0.0,1.0,32765,,sedan,0,0,0,1.0
825240,40-64,male,majority,20-29y,university,upper class,0.5618606787810415,1.0,before 2015,0.0,1.0,10238,14000.0,sedan,1,0,1,0.0
264834,26-39,male,majority,10-19y,university,working class,,0.0,before 2015,1.0,1.0,10238,12000.0,sedan,1,1,3,1.0
654608,26-39,female,majority,0-9y,none,working class,0.5124482329319547,1.0,before 2015,1.0,0.0,10238,,sedan,0,0,0,0.0
473963,65+,female,majority,30y+,university,upper class,0.6061335684664274,0.0,before 2015,1.0,0.0,32765,10000.0,sedan,7,0,1,0.0
572200,40-64,female,majority,20-29y,high school,upper class,0.5558708125526728,0.0,before 2015,0.0,0.0,32765,11000.0,sedan,3,0,1,0.0
181644,65+,female,minority,30y+,high school,upper class,0.6056489554250117,1.0,after 2015,1.0,1.0,10238,10000.0,sedan,7,0,4,0.0
825000,40-64,male,minority,0-9y,high school,upper class,0.6435845629097965,0.0,before 2015,0.0,1.0,10238,14000.0,sedan,0,0,0,1.0
72557,26-39,male,majority,10-19y,university,upper class,0.4883840798658852,1.0,before 2015,1.0,1.0,10238,12000.0,sedan,0,0,1,0.0
36749,40-64,female,majority,10-19y,university,upper class,0.4966637484954918,1.0,after 2015,0.0,1.0,10238,14000.0,sedan,0,0,1,0.0
256261,26-39,female,majority,10-19y,university,upper class,0.6175130394101569,1.0,after 2015,0.0,0.0,92101,14000.0,sedan,0,0,0,1.0
457861,16-25,female,majority,0-9y,high school,poverty,,0.0,before 2015,0.0,0.0,10238,15000.0,sedan,0,0,0,0.0
667341,16-25,male,majority,0-9y,high school,poverty,0.431177855086253,1.0,after 2015,0.0,0.0,10238,16000.0,sedan,0,0,0,0.0
337559,40-64,male,majority,20-29y,high school,middle class,0.5795819505506645,1.0,after 2015,1.0,1.0,10238,9000.0,sedan,3,0,2,0.0
979569,16-25,female,majority,0-9y,high school,poverty,0.2084106694189862,0.0,before 2015,0.0,1.0,32765,8000.0,sedan,0,0,0,1.0
86349,16-25,female,majority,0-9y,none,middle class,0.5063949608921451,0.0,after 2015,0.0,1.0,21217,13000.0,sedan,0,0,0,1.0
415020,16-25,female,majority,0-9y,high school,working class,0.492009785043389,1.0,before 2015,0.0,0.0,32765,13000.0,sedan,0,0,0,0.0
524391,26-39,male,minority,10-19y,high school,poverty,0.4742852584320764,1.0,before 2015,0.0,0.0,10238,12000.0,sports car,1,0,3,0.0
213655,26-39,male,majority,0-9y,none,poverty,0.4169920563241429,0.0,before 2015,0.0,0.0,10238,,sedan,0,0,0,1.0
57521,40-64,female,majority,20-29y,university,upper class,0.3961106587270909,1.0,before 2015,1.0,0.0,10238,14000.0,sedan,0,1,0,0.0
141554,26-39,male,majority,10-19y,university,upper class,0.6391903210037525,1.0,after 2015,1.0,1.0,32765,4000.0,sedan,10,0,0,0.0
370253,65+,female,minority,20-29y,high school,upper class,0.6719249250370957,1.0,after 2015,1.0,1.0,10238,10000.0,sedan,2,1,5,0.0
481495,16-25,male,majority,0-9y,high school,poverty,0.4111577555058825,0.0,before 2015,0.0,0.0,10238,15000.0,sedan,0,0,0,1.0
941602,16-25,male,minority,0-9y,high school,working class,0.3800621432836776,1.0,before 2015,0.0,0.0,10238,16000.0,sedan,0,0,0,0.0
146557,26-39,female,majority,10-19y,high school,middle class,0.5873798201448103,1.0,before 2015,1.0,0.0,32765,9000.0,sedan,6,1,2,0.0
325180,26-39,female,majority,10-19y,none,working class,0.4440329823215972,1.0,before 2015,1.0,1.0,10238,13000.0,sedan,1,0,1,0.0
762720,16-25,male,majority,0-9y,none,poverty,0.3071218455823236,0.0,before 2015,0.0,1.0,32765,10000.0,sedan,0,0,0,1.0
94394,16-25,female,minority,0-9y,none,poverty,0.38254236422457,0.0,before 2015,1.0,1.0,10238,12000.0,sedan,0,0,0,0.0
401739,26-39,female,majority,10-19y,none,working class,,1.0,after 2015,0.0,0.0,10238,11000.0,sedan,0,0,1,0.0
521921,65+,male,majority,30y+,university,upper class,0.5148280086531872,1.0,before 2015,1.0,1.0,10238,14000.0,sedan,1,0,2,0.0
666250,16-25,male,majority,0-9y,university,poverty,,0.0,before 2015,0.0,0.0,32765,11000.0,sedan,0,0,0,1.0
535241,26-39,female,majority,10-19y,university,poverty,0.3008940984336004,1.0,before 2015,0.0,1.0,32765,,sedan,2,1,0,1.0
156210,26-39,female,majority,10-19y,high school,working class,0.4252811553799311,0.0,after 2015,1.0,1.0,10238,14000.0,sedan,0,0,0,0.0
681372,26-39,male,majority,10-19y,university,middle class,0.4634524846726996,0.0,after 2015,0.0,0.0,10238,15000.0,sedan,1,0,0,0.0
932635,40-64,female,majority,20-29y,university,middle class,0.5816477445927232,1.0,before 2015,0.0,0.0,32765,15000.0,sedan,2,0,0,0.0
301838,26-39,female,majority,10-19y,high school,working class,0.4294617799119659,0.0,before 2015,0.0,0.0,10238,16000.0,sedan,0,0,1,1.0
841372,65+,female,majority,30y+,high school,upper class,0.5996956646686804,0.0,before 2015,0.0,1.0,10238,13000.0,sedan,2,0,2,0.0
632980,26-39,male,majority,10-19y,university,middle class,0.5838111791901199,1.0,before 2015,1.0,1.0,32765,11000.0,sedan,0,1,0,0.0
919934,26-39,male,majority,10-19y,university,upper class,0.5728456692234719,1.0,before 2015,1.0,0.0,32765,11000.0,sedan,8,1,1,1.0
935123,65+,male,majority,30y+,high school,upper class,0.6780290985770019,1.0,before 2015,1.0,1.0,32765,12000.0,sedan,11,1,1,0.0
909281,26-39,male,majority,10-19y,none,working class,,0.0,before 2015,0.0,1.0,10238,14000.0,sedan,2,0,1,1.0
544213,26-39,male,majority,10-19y,university,middle class,0.514785452582132,0.0,before 2015,0.0,0.0,32765,18000.0,sedan,2,0,0,1.0
721496,40-64,male,majority,10-19y,university,upper class,,1.0,before 2015,0.0,1.0,10238,11000.0,sedan,2,1,1,0.0
506705,26-39,female,majority,10-19y,high school,poverty,,0.0,before 2015,0.0,0.0,32765,9000.0,sports car,3,0,0,1.0
523705,16-25,female,majority,0-9y,high school,poverty,0.442514780338128,0.0,before 2015,0.0,1.0,10238,13000.0,sedan,0,0,0,0.0
788956,40-64,female,majority,20-29y,high school,upper class,0.6872984522417026,1.0,after 2015,1.0,1.0,10238,12000.0,sedan,6,1,2,0.0
74180,40-64,male,majority,20-29y,high school,upper class,0.639538310716876,1.0,after 2015,0.0,0.0,21217,16000.0,sedan,2,0,3,1.0
502421,65+,female,majority,30y+,high school,upper class,0.6618255641921521,1.0,after 2015,1.0,1.0,10238,8000.0,sedan,2,0,0,0.0
88658,26-39,female,majority,0-9y,none,working class,0.3918332309335529,0.0,before 2015,0.0,0.0,10238,12000.0,sedan,0,0,0,1.0
760850,40-64,male,majority,0-9y,university,middle class,0.5666786986571251,0.0,before 2015,0.0,0.0,32765,12000.0,sedan,0,0,0,1.0
309935,65+,female,majority,10-19y,high school,upper class,,1.0,before 2015,1.0,1.0,10238,9000.0,sedan,0,0,1,0.0
81548,40-64,female,majority,20-29y,university,upper class,0.6557539885646227,1.0,before 2015,0.0,1.0,92101,12000.0,sedan,5,0,0,0.0
605412,26-39,female,minority,10-19y,high school,poverty,0.1492983955982136,1.0,before 2015,0.0,1.0,32765,8000.0,sedan,2,0,0,0.0
112128,26-39,female,majority,10-19y,none,middle class,0.5141750544284054,1.0,after 2015,0.0,0.0,10238,14000.0,sedan,0,0,1,0.0
439942,65+,female,majority,30y+,university,upper class,0.5835051700162286,1.0,after 2015,1.0,1.0,10238,,sedan,2,1,1,0.0
832759,16-25,female,majority,0-9y,high school,poverty,0.3169037155529278,0.0,before 2015,0.0,1.0,10238,15000.0,sedan,0,0,0,1.0
849470,16-25,female,minority,0-9y,none,poverty,0.3437975144778142,0.0,before 2015,0.0,1.0,32765,,sedan,0,0,0,0.0
876900,40-64,male,majority,0-9y,university,upper class,0.572233119572234,0.0,after 2015,1.0,0.0,10238,15000.0,sedan,0,0,0,1.0
597738,26-39,female,majority,10-19y,none,poverty,0.4254350369606835,1.0,before 2015,0.0,0.0,10238,15000.0,sedan,0,0,1,1.0
699234,26-39,female,majority,10-19y,high school,poverty,0.3195772271282865,1.0,before 2015,0.0,1.0,10238,13000.0,sedan,0,0,1,0.0
178059,16-25,male,majority,0-9y,university,middle class,0.3289473490657828,1.0,before 2015,0.0,1.0,10238,16000.0,sedan,0,0,0,1.0
356599,40-64,female,majority,0-9y,high school,upper class,0.7532018978277194,1.0,after 2015,1.0,1.0,10238,,sedan,0,0,0,0.0
840160,65+,female,majority,0-9y,high school,upper class,0.5670436317823369,1.0,before 2015,1.0,1.0,32765,,sedan,0,0,0,0.0
445834,26-39,male,majority,0-9y,high school,middle class,0.555426537808697,0.0,before 2015,1.0,0.0,32765,8000.0,sedan,0,0,0,1.0
918612,26-39,female,majority,0-9y,high school,middle class,0.5116467664654503,0.0,after 2015,0.0,0.0,92101,16000.0,sedan,0,0,0,1.0
757781,65+,female,majority,30y+,university,upper class,0.6384093615076926,1.0,before 2015,1.0,1.0,10238,11000.0,sedan,1,1,1,0.0
763039,26-39,male,majority,10-19y,university,upper class,0.5980540897473269,0.0,before 2015,0.0,1.0,10238,13000.0,sedan,0,0,3,0.0
615312,26-39,female,majority,10-19y,high school,upper class,0.6675115716369286,1.0,before 2015,0.0,1.0,10238,10000.0,sedan,0,0,1,0.0
859449,40-64,male,majority,20-29y,university,middle class,0.5372112166423622,1.0,before 2015,0.0,0.0,10238,15000.0,sedan,1,2,1,0.0
291075,40-64,male,majority,20-29y,university,upper class,0.5261674021492678,1.0,before 2015,0.0,1.0,10238,12000.0,sports car,1,0,3,0.0
36282,16-25,female,majority,0-9y,university,working class,0.4464761359856351,1.0,before 2015,0.0,1.0,10238,10000.0,sedan,0,0,0,0.0
790649,40-64,female,majority,0-9y,none,middle class,0.5549228533835855,0.0,before 2015,1.0,1.0,10238,12000.0,sedan,0,0,0,0.0
715744,26-39,male,majority,10-19y,university,upper class,0.4551906174369074,0.0,before 2015,1.0,1.0,10238,9000.0,sedan,1,0,2,0.0
617979,40-64,male,majority,20-29y,none,working class,0.4469120060756799,1.0,before 2015,0.0,0.0,10238,17000.0,sedan,2,0,1,0.0
586621,65+,female,majority,10-19y,university,middle class,0.4703998202665653,1.0,before 2015,1.0,1.0,32765,8000.0,sedan,4,0,0,0.0
467419,65+,female,majority,10-19y,university,upper class,0.6361543116268411,1.0,before 2015,1.0,1.0,10238,9000.0,sedan,0,0,0,0.0
665081,16-25,female,majority,0-9y,high school,poverty,0.4109938874087053,0.0,before 2015,1.0,1.0,10238,9000.0,sedan,0,0,0,1.0
726973,40-64,male,minority,20-29y,none,working class,0.3385823952882704,0.0,before 2015,0.0,1.0,32765,10000.0,sedan,7,1,0,0.0
656626,26-39,male,majority,0-9y,university,middle class,0.5641567210231543,1.0,before 2015,0.0,1.0,10238,13000.0,sedan,0,0,0,0.0
506080,40-64,male,majority,20-29y,high school,middle class,0.6028335988480005,0.0,after 2015,0.0,1.0,10238,15000.0,sedan,2,0,4,0.0
619056,16-25,male,minority,0-9y,none,poverty,0.3795074091352928,0.0,before 2015,0.0,1.0,10238,11000.0,sedan,0,0,0,1.0
584251,26-39,male,majority,10-19y,university,middle class,0.5185963629820975,1.0,before 2015,0.0,1.0,10238,,sedan,2,0,1,1.0
454786,26-39,female,minority,10-19y,high school,poverty,0.3148456765050993,0.0,before 2015,0.0,0.0,32765,10000.0,sedan,1,1,1,0.0
683489,26-39,male,majority,0-9y,high school,poverty,0.2174647666581726,1.0,before 2015,1.0,1.0,10238,9000.0,sedan,0,0,0,1.0
548605,16-25,male,majority,0-9y,university,poverty,0.3600840439351249,1.0,before 2015,0.0,1.0,32765,,sedan,0,0,0,1.0
360342,16-25,female,majority,0-9y,high school,poverty,0.2469181726215315,0.0,before 2015,0.0,0.0,10238,12000.0,sedan,0,0,0,1.0
934207,26-39,female,majority,10-19y,university,middle class,0.7251226768154257,1.0,after 2015,0.0,0.0,10238,17000.0,sedan,0,2,1,0.0
277454,65+,female,majority,0-9y,high school,upper class,0.7246516260211215,1.0,after 2015,0.0,1.0,10238,15000.0,sedan,0,0,0,0.0
930316,26-39,male,majority,10-19y,high school,middle class,0.4610850663254849,1.0,before 2015,0.0,0.0,32765,12000.0,sedan,0,0,0,0.0
255141,16-25,male,minority,0-9y,none,poverty,0.3907628569968647,0.0,before 2015,0.0,0.0,10238,13000.0,sports car,0,0,0,1.0
838034,16-25,female,majority,0-9y,none,poverty,0.4870723671391265,0.0,before 2015,0.0,0.0,10238,14000.0,sports car,0,0,0,1.0
41884,40-64,female,majority,20-29y,high school,upper class,,1.0,before 2015,0.0,1.0,10238,11000.0,sedan,1,0,1,0.0
599588,40-64,female,majority,10-19y,high school,poverty,0.3099040749817078,0.0,before 2015,0.0,1.0,10238,12000.0,sports car,1,0,0,1.0
755201,26-39,male,minority,10-19y,none,working class,0.3880795939145466,1.0,before 2015,1.0,0.0,10238,11000.0,sedan,1,0,2,0.0
787173,40-64,male,majority,20-29y,none,middle class,0.5949942615350459,1.0,before 2015,1.0,1.0,10238,12000.0,sedan,3,0,4,0.0
468565,40-64,female,majority,20-29y,high school,middle class,,1.0,before 2015,1.0,1.0,10238,12000.0,sedan,0,1,3,0.0
202227,26-39,female,majority,0-9y,high school,working class,0.3714848614916164,0.0,before 2015,1.0,1.0,32765,,sedan,0,0,0,0.0
954430,65+,female,majority,30y+,university,upper class,0.6041565222581824,0.0,before 2015,0.0,0.0,10238,12000.0,sedan,0,0,0,0.0
172677,40-64,male,minority,10-19y,high school,upper class,0.6805790358149334,1.0,before 2015,0.0,1.0,10238,10000.0,sedan,1,1,3,0.0
966351,26-39,male,majority,10-19y,university,middle class,0.4117778046909311,1.0,after 2015,0.0,0.0,10238,16000.0,sedan,0,1,1,0.0
999976,40-64,female,majority,10-19y,high school,middle class,0.4709463634111504,1.0,before 2015,1.0,1.0,10238,9000.0,sedan,0,0,1,0.0
89733,40-64,female,minority,20-29y,high school,middle class,0.5699592118675274,0.0,before 2015,0.0,0.0,10238,,sedan,0,0,1,0.0
990622,26-39,female,majority,10-19y,high school,working class,0.534190231206679,1.0,before 2015,0.0,1.0,10238,10000.0,sedan,0,1,1,0.0
818496,40-64,female,minority,0-9y,none,working class,0.3849335152383037,0.0,before 2015,0.0,1.0,10238,10000.0,sedan,0,0,0,1.0
922995,65+,male,majority,20-29y,university,upper class,0.6635072908618659,1.0,after 2015,1.0,1.0,10238,15000.0,sedan,4,1,0,0.0
89035,16-25,male,majority,0-9y,high school,working class,0.4344695144898065,0.0,after 2015,0.0,0.0,10238,15000.0,sedan,0,0,0,1.0
552826,16-25,male,majority,0-9y,university,poverty,0.4850689156287118,0.0,before 2015,0.0,0.0,32765,,sedan,0,0,0,1.0
524309,65+,male,majority,30y+,high school,upper class,0.6288688479239029,1.0,before 2015,0.0,1.0,10238,14000.0,sedan,2,1,4,0.0
322348,40-64,male,majority,20-29y,university,upper class,0.6598529281195319,1.0,after 2015,1.0,1.0,32765,8000.0,sedan,6,2,2,0.0
828938,40-64,female,majority,0-9y,none,working class,0.4167492589952589,0.0,before 2015,0.0,1.0,10238,17000.0,sedan,0,0,0,1.0
104053,65+,female,majority,20-29y,high school,upper class,0.5488618922373868,1.0,after 2015,1.0,1.0,10238,,sedan,1,0,0,0.0
29709,16-25,male,majority,0-9y,university,middle class,0.3944761217596779,1.0,before 2015,0.0,0.0,21217,20000.0,sedan,0,0,0,1.0
491694,26-39,female,majority,0-9y,university,upper class,,1.0,after 2015,1.0,1.0,10238,13000.0,sedan,0,0,0,0.0
946001,65+,male,minority,30y+,none,upper class,0.6292680762134109,1.0,after 2015,1.0,1.0,10238,11000.0,sedan,4,0,1,0.0
488136,40-64,male,majority,20-29y,university,upper class,0.6191711566143016,1.0,before 2015,0.0,1.0,92101,17000.0,sedan,0,0,0,0.0
684569,40-64,female,majority,0-9y,high school,poverty,0.4012988307736721,0.0,after 2015,0.0,1.0,32765,9000.0,sedan,0,0,0,0.0
865298,26-39,female,majority,10-19y,high school,upper class,0.5878164279910353,0.0,after 2015,1.0,1.0,10238,10000.0,sedan,1,0,1,0.0
407674,26-39,male,majority,10-19y,none,working class,0.3560409251402424,0.0,before 2015,0.0,1.0,10238,14000.0,sedan,2,0,0,1.0
859498,40-64,male,minority,20-29y,none,upper class,0.527389827404154,1.0,after 2015,1.0,1.0,10238,,sedan,1,0,4,0.0
991422,26-39,female,majority,10-19y,high school,upper class,0.5766352409748202,1.0,after 2015,0.0,1.0,10238,11000.0,sedan,1,0,0,0.0
146433,16-25,female,majority,0-9y,high school,working class,0.5188806690341378,1.0,after 2015,0.0,0.0,10238,18000.0,sedan,0,0,0,1.0
984779,26-39,male,majority,10-19y,high school,middle class,0.4979605061732534,1.0,before 2015,1.0,1.0,10238,11000.0,sedan,2,0,1,0.0
660455,26-39,female,majority,10-19y,none,poverty,0.3689831549666999,1.0,before 2015,0.0,0.0,10238,19000.0,sedan,0,0,0,0.0
391401,65+,female,majority,0-9y,high school,upper class,0.4385062570849869,1.0,after 2015,1.0,1.0,10238,8000.0,sedan,0,0,0,0.0
317838,40-64,male,majority,10-19y,university,upper class,0.618652049923338,1.0,before 2015,1.0,1.0,10238,,sedan,1,1,1,0.0
535501,16-25,female,majority,0-9y,high school,working class,0.4113308210947536,1.0,before 2015,1.0,1.0,32765,9000.0,sedan,0,0,0,1.0
20059,65+,female,majority,30y+,none,upper class,0.6738651478544592,1.0,before 2015,1.0,1.0,92101,9000.0,sedan,4,0,1,0.0
973965,65+,female,majority,20-29y,high school,upper class,0.7841761491780819,1.0,before 2015,1.0,1.0,32765,9000.0,sedan,5,2,2,0.0
514190,40-64,female,majority,20-29y,high school,middle class,0.7025510033929494,1.0,after 2015,0.0,1.0,32765,11000.0,sedan,2,0,1,0.0
740156,16-25,female,majority,0-9y,high school,working class,0.4639093320448193,1.0,after 2015,0.0,0.0,32765,,sedan,0,0,0,0.0
552233,26-39,male,majority,10-19y,university,middle class,0.4593448205053224,1.0,before 2015,0.0,1.0,10238,12000.0,sedan,1,0,2,0.0
218598,40-64,male,majority,20-29y,university,middle class,0.4501764104829549,0.0,after 2015,1.0,0.0,10238,12000.0,sedan,5,1,0,0.0
541501,40-64,male,majority,20-29y,none,upper class,0.5745345027912376,1.0,after 2015,0.0,1.0,10238,16000.0,sedan,1,0,0,0.0
415873,40-64,female,minority,20-29y,high school,middle class,0.5385077709353471,0.0,after 2015,1.0,1.0,32765,8000.0,sedan,2,2,0,0.0
585246,26-39,male,majority,0-9y,none,poverty,0.4654753521335883,1.0,before 2015,0.0,0.0,10238,14000.0,sedan,0,0,0,0.0
546758,26-39,female,majority,10-19y,high school,working class,0.4201928308169212,1.0,before 2015,0.0,0.0,10238,14000.0,sedan,0,0,0,1.0
840643,40-64,female,majority,20-29y,university,upper class,0.4376431157751824,0.0,after 2015,0.0,1.0,32765,12000.0,sedan,2,1,1,0.0
450881,16-25,female,majority,0-9y,none,poverty,0.3812082678489889,1.0,before 2015,0.0,1.0,10238,11000.0,sedan,0,0,0,1.0
73432,16-25,female,majority,0-9y,high school,poverty,0.3035289246474821,0.0,before 2015,0.0,1.0,10238,12000.0,sedan,0,0,0,1.0
747616,26-39,female,majority,10-19y,high school,working class,0.4301818574429716,1.0,before 2015,1.0,1.0,10238,13000.0,sedan,0,0,0,0.0
48592,26-39,male,majority,10-19y,university,working class,0.506732545026241,0.0,before 2015,0.0,0.0,10238,,sedan,0,3,2,0.0
200283,16-25,female,majority,0-9y,university,middle class,,0.0,before 2015,0.0,1.0,32765,10000.0,sports car,0,0,0,0.0
921070,26-39,male,majority,0-9y,none,working class,0.4697749576369592,1.0,before 2015,0.0,0.0,10238,19000.0,sedan,0,0,0,0.0
484360,26-39,male,majority,0-9y,none,working class,0.2534741413097929,0.0,before 2015,0.0,1.0,32765,11000.0,sedan,0,0,0,1.0
70060,65+,male,majority,20-29y,high school,upper class,0.6210470840406783,1.0,before 2015,1.0,1.0,92101,8000.0,sedan,2,0,2,0.0
638240,26-39,female,majority,0-9y,high school,upper class,0.5797370090434051,1.0,after 2015,1.0,1.0,10238,8000.0,sports car,0,0,0,0.0
898555,16-25,female,majority,0-9y,high school,working class,,1.0,before 2015,1.0,0.0,10238,12000.0,sedan,0,0,0,0.0
120348,65+,female,majority,20-29y,high school,upper class,0.6519143421966002,0.0,before 2015,1.0,1.0,10238,8000.0,sedan,3,0,2,0.0
312187,40-64,male,majority,20-29y,high school,upper class,0.5416101074040922,1.0,after 2015,1.0,1.0,32765,9000.0,sedan,4,1,3,0.0
910614,40-64,female,majority,10-19y,university,upper class,0.6467628274201614,1.0,before 2015,0.0,1.0,32765,9000.0,sedan,2,0,0,0.0
143654,16-25,female,majority,0-9y,high school,poverty,0.3190805295725597,0.0,before 2015,0.0,0.0,10238,16000.0,sedan,0,0,0,1.0
451269,40-64,female,majority,10-19y,high school,upper class,0.5463428377961653,1.0,before 2015,0.0,1.0,10238,13000.0,sedan,1,0,1,0.0
259022,16-25,female,majority,0-9y,high school,poverty,0.4339484168182728,0.0,before 2015,1.0,1.0,10238,12000.0,sedan,0,0,0,1.0
261229,16-25,male,majority,0-9y,university,working class,0.468671965728324,1.0,after 2015,0.0,1.0,32765,9000.0,sedan,0,0,0,1.0
546719,40-64,male,majority,10-19y,high school,working class,0.2516227091679711,0.0,before 2015,1.0,1.0,10238,12000.0,sports car,2,1,1,0.0
232232,65+,male,majority,30y+,none,upper class,0.4543733814127589,1.0,before 2015,1.0,1.0,10238,8000.0,sedan,6,2,4,0.0
72969,65+,male,majority,30y+,university,upper class,0.6570964106240255,1.0,before 2015,1.0,1.0,10238,13000.0,sedan,6,1,4,0.0
379938,26-39,male,majority,10-19y,university,middle class,0.3046446613416892,1.0,before 2015,0.0,1.0,10238,14000.0,sedan,0,1,2,0.0
780469,65+,male,majority,10-19y,university,upper class,0.5140602918684554,1.0,before 2015,1.0,1.0,10238,10000.0,sedan,0,0,2,0.0
822043,16-25,female,majority,0-9y,high school,poverty,0.3873153451347576,0.0,before 2015,0.0,1.0,10238,11000.0,sedan,0,0,0,1.0
846902,40-64,male,minority,20-29y,high school,upper class,0.5012016464960637,1.0,after 2015,1.0,1.0,10238,9000.0,sedan,3,0,7,0.0
91308,26-39,male,majority,10-19y,high school,working class,0.2837396402134595,1.0,before 2015,0.0,0.0,32765,13000.0,sedan,2,1,0,1.0
963384,16-25,male,majority,0-9y,high school,poverty,0.0608666163116088,1.0,before 2015,0.0,0.0,10238,12000.0,sedan,0,0,0,1.0
26675,40-64,male,majority,0-9y,none,working class,0.5083822971617667,0.0,before 2015,0.0,1.0,10238,15000.0,sedan,0,0,0,1.0
360122,65+,female,majority,20-29y,university,upper class,0.5491678163041861,1.0,before 2015,1.0,1.0,10238,13000.0,sedan,2,1,4,0.0
47371,16-25,male,majority,0-9y,none,poverty,0.3051565612258199,0.0,before 2015,0.0,0.0,10238,,sedan,0,0,0,1.0
584002,40-64,female,majority,20-29y,university,upper class,0.7046155222232331,0.0,after 2015,0.0,0.0,10238,14000.0,sedan,3,2,1,0.0
25415,16-25,male,minority,0-9y,none,poverty,0.2550047453401925,0.0,before 2015,0.0,1.0,32765,10000.0,sedan,0,0,0,1.0
773662,16-25,male,majority,0-9y,high school,working class,0.4583882344634534,1.0,before 2015,0.0,1.0,10238,16000.0,sedan,0,0,0,1.0
134867,40-64,female,majority,20-29y,high school,upper class,0.6361889069881509,1.0,after 2015,1.0,1.0,10238,9000.0,sedan,3,0,1,0.0
141139,40-64,female,majority,20-29y,none,working class,0.4365646440226504,1.0,before 2015,0.0,1.0,32765,9000.0,sedan,3,0,0,0.0
305620,40-64,male,majority,10-19y,university,upper class,0.4858537578944799,1.0,before 2015,1.0,1.0,32765,8000.0,sedan,1,0,2,0.0
322955,40-64,male,minority,20-29y,high school,upper class,0.6878227089063427,1.0,after 2015,1.0,1.0,32765,,sedan,7,0,1,0.0
639748,26-39,male,minority,10-19y,high school,working class,0.3455897322871251,1.0,before 2015,0.0,1.0,10238,11000.0,sedan,2,0,0,0.0
989398,40-64,male,majority,20-29y,high school,middle class,0.6054595518727779,1.0,before 2015,1.0,1.0,10238,,sedan,2,0,3,0.0
608987,16-25,female,majority,0-9y,high school,working class,0.3607003088952675,1.0,before 2015,0.0,1.0,10238,14000.0,sedan,0,0,0,0.0
233196,16-25,male,majority,0-9y,high school,poverty,0.2996793845170889,0.0,before 2015,0.0,0.0,10238,14000.0,sedan,0,0,0,1.0
944066,26-39,male,majority,10-19y,university,working class,0.5086395791958668,0.0,before 2015,1.0,0.0,92101,15000.0,sedan,1,1,0,1.0
665382,65+,female,minority,30y+,high school,upper class,0.72684786771411,1.0,before 2015,1.0,1.0,10238,10000.0,sedan,3,1,3,0.0
284495,16-25,male,majority,0-9y,high school,poverty,0.2960347840578989,0.0,before 2015,1.0,1.0,92101,,sedan,0,0,0,1.0
830632,26-39,male,majority,0-9y,university,middle class,,1.0,before 2015,1.0,1.0,10238,12000.0,sedan,0,0,0,0.0
963672,40-64,female,majority,10-19y,high school,middle class,0.5866035370674517,1.0,before 2015,1.0,1.0,32765,6000.0,sedan,3,0,0,0.0
641980,65+,male,majority,10-19y,university,upper class,0.6734804510741489,1.0,before 2015,1.0,1.0,32765,9000.0,sedan,3,0,0,0.0
11018,65+,female,majority,0-9y,university,upper class,0.4970074849755552,1.0,before 2015,1.0,1.0,10238,9000.0,sedan,0,0,0,0.0
217086,26-39,female,majority,10-19y,high school,upper class,0.5835763192486061,1.0,before 2015,1.0,0.0,10238,,sedan,0,0,0,0.0
611173,65+,female,majority,20-29y,university,upper class,0.6585698019422619,1.0,before 2015,1.0,1.0,10238,12000.0,sedan,0,0,3,0.0
694933,26-39,female,majority,10-19y,none,poverty,0.3912789861842823,0.0,before 2015,1.0,1.0,10238,9000.0,sedan,0,0,1,0.0
26345,65+,female,majority,30y+,high school,upper class,0.6428133273417873,1.0,after 2015,1.0,0.0,92101,14000.0,sedan,1,0,1,0.0
330143,26-39,female,minority,10-19y,university,upper class,0.734556255792773,1.0,before 2015,1.0,1.0,10238,9000.0,sedan,0,1,0,0.0
808297,40-64,female,majority,20-29y,university,upper class,0.6313729366403598,1.0,before 2015,1.0,1.0,10238,,sedan,1,0,1,0.0
415637,26-39,male,majority,10-19y,university,working class,0.4983825512750024,1.0,after 2015,0.0,1.0,10238,12000.0,sedan,0,0,0,0.0
971853,40-64,female,majority,0-9y,university,upper class,0.4779413604921918,1.0,before 2015,1.0,1.0,32765,10000.0,sedan,0,0,0,1.0
735333,40-64,male,majority,20-29y,high school,working class,0.2948824952892714,0.0,before 2015,0.0,0.0,32765,10000.0,sedan,4,1,4,1.0
432813,16-25,female,majority,0-9y,high school,working class,0.4625574363413208,1.0,before 2015,1.0,1.0,10238,13000.0,sedan,0,0,0,0.0
36679,40-64,male,majority,20-29y,university,upper class,0.6388669977066651,1.0,after 2015,0.0,0.0,10238,16000.0,sedan,3,1,2,0.0
576658,26-39,female,majority,10-19y,university,upper class,0.5389912469775955,0.0,before 2015,0.0,0.0,92101,13000.0,sedan,2,0,0,0.0
330068,40-64,male,majority,0-9y,high school,middle class,0.5163285208384004,1.0,before 2015,0.0,0.0,32765,13000.0,sedan,0,0,0,1.0
452079,26-39,female,minority,10-19y,university,middle class,,1.0,before 2015,0.0,1.0,10238,13000.0,sedan,1,0,1,0.0
439225,65+,female,majority,30y+,none,upper class,0.6377627271910699,1.0,after 2015,1.0,1.0,10238,9000.0,sedan,0,0,9,0.0
725883,40-64,female,majority,10-19y,university,upper class,0.4715767933840966,1.0,before 2015,1.0,1.0,92101,12000.0,sedan,0,1,0,0.0
285141,26-39,female,majority,10-19y,high school,middle class,0.499490214856176,0.0,before 2015,0.0,0.0,32765,14000.0,sedan,2,1,0,1.0
42523,26-39,male,majority,0-9y,none,poverty,0.3287658323985594,1.0,before 2015,0.0,0.0,32765,16000.0,sedan,0,0,0,1.0
164865,16-25,male,majority,0-9y,none,poverty,0.5574101037418253,0.0,before 2015,0.0,0.0,10238,16000.0,sedan,0,0,0,1.0
323834,40-64,male,majority,10-19y,high school,upper class,0.2877153322616216,1.0,after 2015,0.0,1.0,32765,11000.0,sedan,2,2,2,1.0
285723,26-39,female,majority,0-9y,high school,upper class,0.4657986319958903,1.0,before 2015,0.0,0.0,10238,14000.0,sedan,0,0,0,1.0
985849,65+,male,majority,30y+,high school,upper class,0.6297590500937804,1.0,before 2015,1.0,1.0,10238,11000.0,sedan,4,0,3,0.0
422469,40-64,male,majority,0-9y,university,upper class,0.5927760862888297,1.0,after 2015,1.0,1.0,32765,8000.0,sedan,0,0,0,1.0
54618,65+,male,minority,30y+,none,upper class,0.5764772088664449,1.0,after 2015,1.0,1.0,10238,,sedan,4,0,4,0.0
393449,26-39,female,majority,10-19y,high school,middle class,,0.0,before 2015,0.0,0.0,10238,12000.0,sedan,2,0,0,0.0
50666,40-64,male,majority,20-29y,high school,upper class,0.5029862773740448,1.0,after 2015,1.0,1.0,10238,8000.0,sedan,6,1,4,0.0
427060,65+,female,majority,30y+,university,upper class,0.6074660885575695,1.0,after 2015,1.0,1.0,10238,11000.0,sedan,0,1,1,0.0
372241,40-64,male,majority,20-29y,university,upper class,0.5180075154458785,1.0,after 2015,1.0,1.0,10238,14000.0,sedan,2,0,3,0.0
862250,26-39,male,majority,10-19y,none,working class,0.5073589954159113,1.0,after 2015,0.0,0.0,10238,11000.0,sedan,0,0,3,0.0
541154,26-39,female,majority,10-19y,high school,working class,0.3805117338808333,1.0,before 2015,0.0,1.0,10238,17000.0,sedan,1,0,0,0.0
434797,16-25,male,minority,0-9y,none,poverty,0.2275536836669774,0.0,before 2015,0.0,1.0,32765,10000.0,sports car,0,0,0,1.0
548681,40-64,male,majority,20-29y,none,middle class,0.2281286996504181,0.0,before 2015,1.0,1.0,32765,7000.0,sedan,8,2,2,0.0
941777,40-64,female,majority,20-29y,high school,working class,0.4109175056751442,1.0,before 2015,1.0,1.0,10238,10000.0,sedan,0,0,0,0.0
267774,65+,male,majority,30y+,high school,upper class,0.670471256855814,1.0,after 2015,1.0,1.0,32765,8000.0,sedan,9,1,2,0.0
843937,16-25,male,majority,0-9y,high school,working class,0.2975222670804213,1.0,before 2015,1.0,0.0,32765,5000.0,sports car,0,0,0,1.0
840397,26-39,female,majority,10-19y,university,middle class,0.584909082765056,0.0,after 2015,0.0,1.0,10238,15000.0,sedan,0,0,0,0.0
533949,40-64,male,majority,10-19y,high school,middle class,0.4323039303974849,1.0,before 2015,0.0,1.0,10238,10000.0,sports car,0,0,0,0.0
218077,16-25,male,minority,0-9y,none,working class,0.4869862166163174,0.0,before 2015,0.0,0.0,92101,,sedan,0,0,0,0.0
906662,40-64,male,majority,20-29y,high school,working class,0.3422852858892937,1.0,before 2015,0.0,1.0,10238,12000.0,sedan,2,1,5,0.0
634221,40-64,female,majority,10-19y,university,middle class,0.4413140198212281,0.0,before 2015,1.0,1.0,10238,10000.0,sports car,3,0,0,0.0
353731,40-64,male,minority,20-29y,none,middle class,0.3637436901420261,1.0,before 2015,1.0,1.0,10238,11000.0,sedan,4,1,3,0.0
999554,65+,female,majority,10-19y,high school,upper class,0.7656532226479698,1.0,after 2015,1.0,1.0,10238,14000.0,sedan,0,0,0,0.0
504598,40-64,female,majority,20-29y,high school,middle class,0.502373184300184,0.0,after 2015,1.0,0.0,10238,9000.0,sedan,4,0,8,0.0
103803,40-64,female,majority,20-29y,university,middle class,0.5487357488819309,1.0,before 2015,1.0,1.0,32765,6000.0,sedan,6,0,2,0.0
55900,26-39,male,minority,10-19y,high school,middle class,0.5753494379068445,1.0,after 2015,1.0,0.0,10238,12000.0,sedan,1,0,1,0.0
836232,65+,male,majority,30y+,high school,working class,0.3332341041437076,0.0,before 2015,1.0,1.0,32765,,sedan,14,4,4,0.0
84677,40-64,female,majority,20-29y,university,middle class,,1.0,before 2015,0.0,0.0,10238,14000.0,sedan,0,1,0,0.0
889355,26-39,female,majority,10-19y,university,upper class,0.7268184180645275,1.0,before 2015,1.0,1.0,10238,15000.0,sedan,2,0,0,0.0
688717,26-39,female,majority,10-19y,high school,middle class,0.2800767357938031,1.0,before 2015,0.0,1.0,10238,10000.0,sedan,0,0,0,0.0
17593,40-64,male,minority,20-29y,none,working class,0.4102665150087055,1.0,after 2015,0.0,1.0,10238,10000.0,sedan,5,1,2,0.0
806364,40-64,female,majority,20-29y,university,upper class,0.6114283704412116,1.0,after 2015,1.0,1.0,10238,13000.0,sedan,2,1,1,0.0
441379,40-64,male,minority,20-29y,university,upper class,0.4281630460871221,1.0,after 2015,1.0,1.0,10238,,sedan,3,0,4,0.0
389116,26-39,male,majority,10-19y,high school,upper class,0.6951160488766015,0.0,before 2015,0.0,1.0,32765,8000.0,sedan,3,0,3,1.0
168210,40-64,male,majority,20-29y,none,poverty,0.2467491275258395,0.0,before 2015,1.0,1.0,10238,13000.0,sedan,3,0,2,0.0
927059,16-25,male,majority,0-9y,none,poverty,0.3449080748268442,0.0,before 2015,0.0,0.0,32765,13000.0,sedan,0,0,0,1.0
726115,65+,female,majority,20-29y,high school,upper class,0.6388076527644454,1.0,before 2015,1.0,1.0,10238,,sedan,2,0,2,0.0
522113,40-64,male,majority,20-29y,high school,upper class,0.5322275447056913,1.0,before 2015,0.0,1.0,10238,14000.0,sedan,1,2,3,0.0
502785,26-39,male,majority,10-19y,university,upper class,0.6892867128246558,1.0,before 2015,1.0,1.0,10238,7000.0,sports car,1,0,0,0.0
911304,40-64,male,minority,20-29y,none,poverty,0.2348220668046484,1.0,before 2015,1.0,0.0,10238,13000.0,sedan,0,1,2,0.0
44855,16-25,female,majority,0-9y,none,poverty,0.5092867506873217,0.0,before 2015,0.0,1.0,10238,13000.0,sedan,0,0,0,1.0
475210,16-25,male,minority,0-9y,none,poverty,0.3190279628767566,0.0,before 2015,0.0,1.0,10238,,sedan,0,0,0,1.0
613650,16-25,female,majority,0-9y,university,upper class,0.6531145655351576,1.0,before 2015,0.0,0.0,32765,10000.0,sedan,0,0,0,1.0
888318,40-64,female,majority,10-19y,none,working class,0.5959348648028948,1.0,before 2015,0.0,1.0,10238,12000.0,sedan,0,1,1,0.0
663098,65+,male,majority,10-19y,university,upper class,,1.0,before 2015,1.0,1.0,32765,,sedan,4,0,0,0.0
995133,40-64,female,majority,20-29y,high school,middle class,,0.0,after 2015,0.0,1.0,32765,13000.0,sedan,1,1,0,0.0
554627,40-64,male,majority,10-19y,high school,working class,0.4951027728901818,0.0,after 2015,1.0,0.0,32765,11000.0,sedan,3,0,1,1.0
595418,16-25,male,minority,0-9y,high school,working class,,1.0,before 2015,0.0,1.0,10238,11000.0,sedan,0,0,0,0.0
236599,26-39,male,majority,10-19y,high school,middle class,0.5897009791045345,1.0,before 2015,1.0,1.0,10238,10000.0,sedan,0,0,3,0.0
656025,16-25,female,majority,0-9y,none,poverty,0.2748373257247578,0.0,before 2015,0.0,1.0,10238,13000.0,sedan,0,0,0,1.0
163402,65+,male,majority,0-9y,university,upper class,,1.0,after 2015,1.0,1.0,32765,,sedan,0,0,0,0.0
507289,65+,male,majority,10-19y,high school,upper class,0.7651678828229611,1.0,before 2015,1.0,1.0,10238,9000.0,sedan,0,1,0,0.0
175876,16-25,male,minority,0-9y,none,poverty,0.330271506941183,0.0,after 2015,1.0,0.0,10238,,sedan,0,0,0,0.0
353313,26-39,female,majority,0-9y,university,upper class,,1.0,before 2015,1.0,1.0,32765,,sedan,0,0,0,0.0
207193,26-39,female,majority,10-19y,high school,upper class,0.5295190099246769,1.0,before 2015,0.0,1.0,10238,13000.0,sedan,2,0,1,0.0
917746,40-64,male,majority,10-19y,university,upper class,0.6592149492799714,1.0,after 2015,1.0,1.0,10238,9000.0,sedan,0,0,0,0.0
175635,26-39,female,majority,10-19y,high school,poverty,,0.0,before 2015,1.0,1.0,32765,5000.0,sedan,0,2,3,1.0
894489,26-39,male,majority,10-19y,high school,poverty,0.3575250227716036,0.0,before 2015,0.0,1.0,92101,15000.0,sedan,3,0,0,1.0
67595,26-39,female,majority,10-19y,high school,middle class,0.6215692547101925,0.0,before 2015,0.0,1.0,10238,17000.0,sedan,1,0,0,0.0
154719,16-25,female,majority,0-9y,high school,poverty,0.3497692618238182,1.0,before 2015,0.0,0.0,10238,14000.0,sedan,0,0,0,1.0
872748,26-39,male,majority,0-9y,university,upper class,0.5085456984605072,1.0,after 2015,1.0,1.0,10238,10000.0,sedan,0,0,0,1.0
322984,65+,female,majority,0-9y,university,upper class,0.6785547828102435,1.0,after 2015,0.0,1.0,32765,13000.0,sedan,0,0,0,0.0
597762,26-39,male,majority,10-19y,university,middle class,0.4928317497912149,1.0,before 2015,0.0,1.0,10238,10000.0,sedan,0,0,0,0.0
674553,26-39,male,majority,0-9y,high school,upper class,0.4996602604706936,1.0,after 2015,1.0,1.0,10238,7000.0,sedan,0,0,0,0.0
235140,16-25,male,minority,0-9y,high school,working class,0.3720972606876065,0.0,before 2015,0.0,1.0,32765,14000.0,sedan,0,0,0,1.0
618741,40-64,female,minority,20-29y,high school,upper class,0.6539628846636596,1.0,before 2015,1.0,1.0,10238,14000.0,sports car,0,0,0,0.0
62951,40-64,male,majority,20-29y,high school,working class,0.4110413222229462,0.0,before 2015,0.0,1.0,10238,16000.0,sedan,2,0,2,0.0
486983,26-39,female,majority,10-19y,none,working class,0.6165478094400887,0.0,after 2015,0.0,0.0,10238,16000.0,sedan,2,1,0,0.0
442801,16-25,female,majority,0-9y,high school,poverty,0.3082204398310873,0.0,before 2015,0.0,0.0,32765,13000.0,sedan,0,0,0,1.0
799026,40-64,male,majority,10-19y,none,upper class,0.6782940746372796,1.0,after 2015,1.0,1.0,10238,8000.0,sports car,1,0,0,0.0
50734,16-25,female,majority,0-9y,none,poverty,0.3307771935047669,0.0,before 2015,1.0,1.0,10238,13000.0,sedan,0,0,0,1.0
394032,26-39,male,majority,10-19y,university,upper class,0.5945312836311137,1.0,after 2015,1.0,0.0,10238,10000.0,sedan,3,0,1,0.0
634671,40-64,female,majority,20-29y,high school,middle class,0.5911684704162853,0.0,before 2015,0.0,1.0,10238,11000.0,sedan,1,0,3,0.0
84921,40-64,female,majority,0-9y,none,working class,,1.0,before 2015,0.0,0.0,32765,12000.0,sedan,0,0,0,1.0
807325,16-25,female,majority,0-9y,none,poverty,,1.0,before 2015,0.0,0.0,10238,16000.0,sedan,0,0,0,1.0
680525,40-64,male,majority,0-9y,university,upper class,0.6448330172196615,1.0,after 2015,1.0,1.0,10238,9000.0,sedan,0,0,0,0.0
48440,26-39,male,majority,10-19y,none,poverty,0.2672586416644495,0.0,before 2015,1.0,1.0,32765,7000.0,sedan,4,0,2,1.0
732301,16-25,female,minority,0-9y,none,poverty,0.3257717384502198,0.0,before 2015,0.0,0.0,32765,10000.0,sedan,0,0,0,1.0
55603,40-64,male,majority,20-29y,high school,middle class,0.4716399096490579,1.0,before 2015,0.0,1.0,10238,15000.0,sedan,1,1,2,0.0
836974,40-64,female,majority,10-19y,high school,upper class,,1.0,after 2015,1.0,1.0,10238,13000.0,sedan,1,0,1,0.0
456321,40-64,female,majority,0-9y,none,poverty,0.417725758286916,0.0,before 2015,0.0,1.0,10238,9000.0,sedan,0,0,0,1.0
878696,16-25,male,majority,0-9y,university,working class,0.3784484074982317,1.0,before 2015,0.0,0.0,10238,17000.0,sedan,0,0,0,1.0
736366,65+,female,majority,30y+,university,upper class,0.5666769166615836,1.0,before 2015,1.0,1.0,10238,9000.0,sedan,5,1,1,0.0
476601,40-64,female,majority,0-9y,high school,poverty,0.41263478024781,0.0,before 2015,1.0,1.0,10238,9000.0,sports car,0,0,0,0.0
734863,65+,female,majority,30y+,high school,upper class,0.6138910760024067,1.0,after 2015,1.0,1.0,10238,,sedan,2,0,0,0.0
235587,16-25,male,majority,0-9y,high school,poverty,0.2973443300516102,0.0,before 2015,0.0,0.0,10238,16000.0,sedan,0,0,0,1.0
388410,16-25,female,majority,0-9y,none,poverty,,1.0,after 2015,1.0,0.0,10238,11000.0,sedan,0,0,0,0.0
846727,26-39,female,majority,10-19y,university,working class,0.4848989798873584,0.0,before 2015,0.0,1.0,92101,11000.0,sedan,1,0,0,1.0
604295,26-39,male,majority,10-19y,high school,upper class,0.7485370561868364,1.0,after 2015,0.0,1.0,10238,17000.0,sedan,0,0,1,0.0
219586,65+,male,majority,10-19y,university,upper class,0.5749926364495455,1.0,after 2015,1.0,1.0,92101,11000.0,sedan,0,0,0,0.0
349753,16-25,female,majority,0-9y,none,poverty,0.3882392683110089,1.0,before 2015,0.0,1.0,32765,,sedan,0,0,0,0.0
317561,65+,male,majority,30y+,university,upper class,0.5624884776539817,1.0,before 2015,1.0,1.0,32765,6000.0,sedan,17,2,2,0.0
38580,16-25,male,majority,0-9y,high school,working class,0.3249858221459045,1.0,before 2015,0.0,0.0,32765,15000.0,sedan,0,0,0,1.0
715593,26-39,female,majority,10-19y,high school,middle class,0.5078802543183951,1.0,before 2015,1.0,1.0,10238,10000.0,sedan,2,0,1,0.0
119272,65+,female,majority,30y+,high school,upper class,,1.0,after 2015,0.0,1.0,32765,9000.0,sedan,5,1,1,0.0
151717,16-25,male,majority,0-9y,none,poverty,0.2473359219693926,1.0,before 2015,1.0,1.0,10238,9000.0,sedan,0,0,0,1.0
10147,26-39,male,majority,10-19y,high school,middle class,0.5559535570676705,1.0,after 2015,1.0,1.0,10238,11000.0,sedan,2,0,1,0.0
654445,40-64,male,majority,20-29y,university,upper class,0.6709047276352923,1.0,before 2015,1.0,1.0,10238,10000.0,sedan,2,1,3,0.0
31928,40-64,male,majority,20-29y,high school,upper class,0.7612274339265259,1.0,after 2015,0.0,1.0,32765,12000.0,sedan,10,0,2,0.0
668517,40-64,female,majority,20-29y,high school,upper class,0.6127386693205992,1.0,before 2015,1.0,1.0,10238,12000.0,sedan,1,0,0,0.0
802297,26-39,female,majority,10-19y,university,working class,0.4846708440812426,0.0,before 2015,0.0,1.0,10238,15000.0,sedan,2,0,0,1.0
18141,40-64,female,majority,20-29y,high school,working class,,1.0,before 2015,1.0,0.0,32765,10000.0,sports car,2,1,0,0.0
829698,26-39,male,majority,10-19y,high school,middle class,0.3648952891745238,1.0,before 2015,1.0,1.0,32765,9000.0,sedan,5,1,1,1.0
728209,26-39,male,majority,0-9y,none,poverty,0.3969970839837506,0.0,before 2015,0.0,0.0,10238,14000.0,sedan,0,0,0,1.0
364440,16-25,female,majority,0-9y,high school,poverty,0.3487762969844098,1.0,before 2015,0.0,1.0,10238,,sedan,0,0,0,1.0
137282,40-64,female,majority,0-9y,high school,middle class,0.3513704740787498,1.0,before 2015,0.0,0.0,10238,,sedan,0,0,0,1.0
485651,26-39,male,majority,0-9y,university,upper class,0.6214746872866204,1.0,before 2015,1.0,0.0,10238,15000.0,sedan,0,0,0,0.0
587296,65+,male,majority,0-9y,high school,upper class,0.6221966088425328,1.0,after 2015,1.0,1.0,10238,12000.0,sedan,0,0,0,0.0
870414,65+,male,majority,20-29y,university,upper class,,1.0,after 2015,1.0,1.0,10238,11000.0,sedan,1,0,2,0.0
265048,26-39,female,majority,0-9y,high school,middle class,0.5088666651138563,1.0,before 2015,0.0,1.0,10238,13000.0,sedan,0,0,0,0.0
501875,26-39,female,minority,10-19y,high school,middle class,0.5478432125011079,1.0,before 2015,0.0,0.0,10238,15000.0,sedan,0,0,1,1.0
802258,26-39,female,majority,10-19y,none,middle class,0.4655797196432671,1.0,before 2015,1.0,1.0,10238,9000.0,sedan,2,0,0,0.0
449811,26-39,male,majority,10-19y,high school,middle class,,1.0,after 2015,0.0,1.0,10238,13000.0,sedan,1,0,0,0.0
421824,40-64,male,majority,20-29y,high school,middle class,0.5928411353633745,1.0,after 2015,0.0,1.0,32765,10000.0,sedan,5,0,1,0.0
511837,65+,male,majority,10-19y,high school,middle class,0.5499938678343249,1.0,before 2015,1.0,1.0,32765,9000.0,sedan,3,1,1,0.0
978563,16-25,male,majority,0-9y,university,poverty,,0.0,before 2015,0.0,0.0,10238,14000.0,sedan,0,0,0,1.0
603789,26-39,male,majority,10-19y,high school,working class,0.4331483979991403,1.0,before 2015,0.0,0.0,10238,13000.0,sedan,4,0,2,0.0
906049,65+,male,majority,30y+,university,upper class,0.6438163735226072,1.0,before 2015,1.0,1.0,10238,5000.0,sedan,6,0,12,0.0
373872,26-39,male,majority,0-9y,high school,middle class,0.5117376349446104,1.0,before 2015,0.0,0.0,10238,13000.0,sedan,0,0,0,1.0
246413,26-39,female,majority,10-19y,university,working class,0.5318212282998204,1.0,before 2015,0.0,0.0,32765,13000.0,sedan,0,1,0,0.0
815872,26-39,male,majority,10-19y,high school,middle class,,1.0,before 2015,1.0,0.0,10238,9000.0,sedan,2,0,0,0.0
344420,65+,male,minority,10-19y,high school,upper class,,1.0,after 2015,1.0,1.0,10238,11000.0,sedan,4,0,0,0.0
647248,26-39,male,majority,10-19y,university,upper class,0.5515891941594591,1.0,after 2015,0.0,1.0,10238,11000.0,sedan,1,0,0,0.0
929235,40-64,male,majority,20-29y,high school,middle class,0.4300539952869113,1.0,before 2015,0.0,1.0,32765,9000.0,sedan,7,1,2,0.0
902302,26-39,male,majority,10-19y,university,middle class,0.5349884671528741,1.0,before 2015,1.0,1.0,10238,10000.0,sedan,2,0,3,0.0
660265,40-64,female,majority,20-29y,university,upper class,0.556783098109776,1.0,after 2015,1.0,0.0,10238,12000.0,sedan,0,2,1,0.0
35012,40-64,male,majority,20-29y,none,working class,0.4217406405501712,1.0,before 2015,0.0,1.0,10238,10000.0,sedan,5,0,4,0.0
591890,16-25,male,majority,0-9y,high school,working class,0.3489948389471766,1.0,after 2015,0.0,0.0,10238,15000.0,sedan,0,0,0,0.0
70825,26-39,male,majority,10-19y,university,working class,0.3073989670619784,1.0,before 2015,0.0,0.0,10238,14000.0,sedan,3,0,0,0.0
424319,26-39,female,majority,10-19y,university,working class,0.2820028291007944,0.0,before 2015,0.0,1.0,10238,14000.0,sedan,2,1,0,0.0
741579,40-64,male,majority,0-9y,high school,middle class,,1.0,before 2015,0.0,1.0,10238,9000.0,sedan,0,0,0,1.0
688393,65+,female,majority,30y+,none,middle class,0.5029451790704568,0.0,after 2015,1.0,1.0,10238,,sedan,4,0,3,0.0
736693,65+,female,majority,30y+,university,upper class,0.6041416705286826,0.0,before 2015,1.0,1.0,10238,9000.0,sedan,3,1,2,0.0
309619,40-64,male,majority,10-19y,university,middle class,,0.0,after 2015,1.0,0.0,10238,16000.0,sedan,1,2,0,1.0
896975,16-25,female,minority,0-9y,none,poverty,,0.0,before 2015,0.0,1.0,10238,17000.0,sedan,0,0,0,1.0
732352,65+,male,minority,30y+,high school,middle class,0.4752202699814938,1.0,after 2015,0.0,1.0,10238,14000.0,sedan,4,1,1,0.0
689030,40-64,female,majority,20-29y,university,upper class,0.6579677428053038,1.0,after 2015,1.0,0.0,92101,13000.0,sedan,1,0,1,0.0
315893,65+,female,majority,30y+,high school,upper class,0.5708790194853859,1.0,before 2015,1.0,1.0,10238,12000.0,sedan,0,2,3,0.0
519137,65+,male,majority,20-29y,high school,middle class,0.5148990713513059,1.0,before 2015,1.0,1.0,10238,12000.0,sedan,2,0,0,0.0
516391,26-39,female,majority,10-19y,university,upper class,0.4955551858020328,1.0,before 2015,1.0,1.0,32765,,sedan,3,0,0,1.0
766429,40-64,female,majority,20-29y,high school,middle class,0.6110940512740566,1.0,before 2015,0.0,1.0,10238,10000.0,sedan,3,0,2,0.0
569662,26-39,female,majority,10-19y,none,poverty,0.3674159775277167,0.0,before 2015,1.0,0.0,32765,13000.0,sedan,1,1,0,0.0
662319,40-64,female,majority,0-9y,university,upper class,0.7201250434929349,1.0,after 2015,1.0,1.0,10238,11000.0,sedan,0,0,0,0.0
996456,40-64,female,minority,20-29y,none,upper class,0.6654769083432548,1.0,before 2015,0.0,0.0,10238,16000.0,sedan,3,0,0,0.0
987410,16-25,female,majority,0-9y,university,middle class,0.5366050453280441,1.0,after 2015,0.0,0.0,10238,12000.0,sedan,0,0,0,0.0
17079,26-39,male,majority,0-9y,none,poverty,0.3712229558963678,0.0,before 2015,0.0,0.0,10238,13000.0,sedan,0,0,0,1.0
2387,16-25,female,majority,0-9y,university,middle class,0.5799325036909065,1.0,before 2015,0.0,0.0,10238,13000.0,sedan,0,0,0,1.0
324309,16-25,male,majority,0-9y,high school,poverty,0.3344023919698644,0.0,before 2015,0.0,0.0,10238,,sedan,0,0,0,1.0
347548,40-64,male,majority,10-19y,university,upper class,0.6495399151988311,1.0,after 2015,0.0,0.0,10238,,sedan,1,0,0,0.0
126212,16-25,female,majority,0-9y,university,upper class,0.6413551856342549,1.0,before 2015,0.0,0.0,10238,17000.0,sedan,0,0,0,0.0
62946,26-39,male,majority,10-19y,high school,middle class,0.4059780291605985,1.0,before 2015,0.0,1.0,10238,13000.0,sedan,1,0,5,0.0
396343,16-25,female,majority,0-9y,none,poverty,0.4881198548918551,0.0,before 2015,0.0,1.0,10238,12000.0,sedan,0,0,0,1.0
826642,26-39,male,majority,0-9y,university,middle class,0.4431951721175779,0.0,before 2015,0.0,0.0,10238,15000.0,sedan,0,0,0,1.0
276067,65+,male,minority,30y+,none,upper class,0.5548235985306158,1.0,after 2015,0.0,1.0,10238,15000.0,sedan,3,1,4,0.0
887453,65+,female,majority,20-29y,high school,upper class,,1.0,after 2015,1.0,1.0,32765,8000.0,sedan,1,0,3,0.0
698126,40-64,male,majority,20-29y,university,upper class,0.701769802887006,1.0,after 2015,1.0,1.0,10238,11000.0,sedan,3,0,3,0.0
612763,40-64,male,majority,10-19y,high school,upper class,0.8196276850171244,1.0,after 2015,1.0,1.0,32765,13000.0,sedan,5,0,1,1.0
363820,26-39,male,majority,10-19y,high school,upper class,0.6550291791637752,1.0,before 2015,1.0,1.0,10238,14000.0,sedan,2,1,2,0.0
714830,26-39,male,majority,10-19y,none,working class,0.4371078057546074,0.0,before 2015,0.0,1.0,10238,12000.0,sedan,2,1,0,1.0
940917,26-39,female,minority,10-19y,none,poverty,0.2906585782861853,0.0,before 2015,0.0,1.0,10238,11000.0,sedan,0,0,0,1.0
697129,40-64,male,majority,0-9y,high school,middle class,0.5127685822149168,1.0,before 2015,0.0,0.0,10238,15000.0,sedan,0,0,0,1.0
894548,40-64,female,majority,0-9y,high school,working class,0.434199369972067,0.0,before 2015,1.0,1.0,32765,10000.0,sedan,0,0,0,1.0
965368,65+,female,minority,10-19y,none,upper class,0.7109210375414182,1.0,after 2015,1.0,1.0,10238,11000.0,sedan,0,0,3,0.0
864356,40-64,male,majority,20-29y,university,upper class,0.4158806589209596,1.0,after 2015,1.0,1.0,10238,12000.0,sedan,6,2,2,0.0
92154,26-39,female,majority,10-19y,high school,working class,0.3147995375528103,1.0,before 2015,0.0,0.0,10238,11000.0,sedan,0,0,2,0.0
709025,65+,female,majority,30y+,high school,middle class,0.4631299020210217,1.0,before 2015,1.0,1.0,10238,12000.0,sports car,1,1,1,0.0
329019,16-25,male,majority,0-9y,high school,poverty,0.2510366998612605,0.0,before 2015,0.0,0.0,10238,14000.0,sedan,0,0,0,1.0
10486,40-64,male,majority,20-29y,university,upper class,0.5731585837938462,0.0,after 2015,1.0,1.0,32765,9000.0,sedan,9,0,3,0.0
952019,40-64,female,majority,10-19y,university,upper class,0.7505761646832245,1.0,after 2015,1.0,1.0,32765,10000.0,sports car,1,0,3,0.0
991191,16-25,male,majority,0-9y,high school,poverty,0.244800637971111,1.0,before 2015,1.0,0.0,10238,14000.0,sedan,0,0,0,1.0
637550,26-39,female,minority,10-19y,university,middle class,0.5085490064052536,1.0,before 2015,1.0,0.0,10238,11000.0,sedan,0,0,0,0.0
425246,40-64,male,majority,10-19y,university,upper class,0.4623747202774952,0.0,after 2015,1.0,1.0,10238,14000.0,sedan,2,1,0,0.0
664096,40-64,male,majority,20-29y,high school,upper class,0.5109020423243751,1.0,after 2015,0.0,1.0,10238,,sedan,4,0,6,0.0
540977,26-39,female,majority,10-19y,university,upper class,0.674254143860007,1.0,after 2015,0.0,1.0,10238,7000.0,sedan,2,0,0,0.0
823403,40-64,female,majority,20-29y,high school,upper class,0.5928413131762896,1.0,after 2015,0.0,0.0,10238,12000.0,sedan,0,1,0,0.0
461730,16-25,female,majority,0-9y,high school,working class,0.5689042718463312,1.0,before 2015,0.0,0.0,32765,14000.0,sedan,0,0,0,1.0
595420,40-64,female,minority,0-9y,none,working class,0.3448712040183041,0.0,before 2015,0.0,1.0,10238,13000.0,sedan,0,0,0,1.0
26485,65+,male,majority,30y+,university,upper class,0.6098980465197524,1.0,before 2015,1.0,1.0,32765,,sedan,12,0,5,0.0
40228,26-39,male,majority,10-19y,none,working class,0.6939218716430463,0.0,before 2015,0.0,1.0,32765,11000.0,sedan,2,0,0,1.0
949507,26-39,male,majority,0-9y,university,upper class,0.6127229192722764,1.0,before 2015,0.0,0.0,10238,,sedan,0,0,0,1.0
976988,40-64,male,majority,20-29y,university,upper class,0.7848660690191614,1.0,after 2015,1.0,0.0,92101,10000.0,sedan,0,0,0,1.0
357834,26-39,male,majority,10-19y,university,middle class,0.4559525834279399,0.0,after 2015,1.0,0.0,10238,13000.0,sedan,1,1,1,1.0
829614,40-64,male,majority,10-19y,university,middle class,0.4107534729412132,1.0,after 2015,0.0,0.0,32765,11000.0,sedan,1,0,1,0.0
648168,26-39,female,majority,0-9y,university,middle class,0.4717364514419842,1.0,after 2015,1.0,1.0,10238,10000.0,sedan,0,0,0,0.0
53039,26-39,female,majority,10-19y,high school,upper class,0.416687975770655,0.0,after 2015,0.0,0.0,32765,,sedan,1,0,0,1.0
154397,26-39,male,majority,10-19y,university,middle class,0.4006684278650776,1.0,before 2015,1.0,1.0,32765,11000.0,sedan,3,0,0,1.0
414765,26-39,male,majority,0-9y,high school,poverty,,1.0,before 2015,0.0,0.0,10238,16000.0,sedan,0,0,0,1.0
800726,65+,female,majority,30y+,university,upper class,,0.0,before 2015,1.0,1.0,32765,9000.0,sedan,9,0,0,0.0
417843,40-64,female,majority,20-29y,university,upper class,0.6349270821717167,1.0,after 2015,1.0,1.0,10238,15000.0,sedan,0,2,0,0.0
855494,16-25,female,majority,0-9y,university,working class,0.4525725494473919,0.0,before 2015,0.0,0.0,10238,,sedan,0,0,0,1.0
336163,40-64,female,majority,0-9y,university,upper class,0.8650769553530809,1.0,after 2015,1.0,1.0,10238,8000.0,sedan,0,0,0,0.0
824026,65+,female,majority,10-19y,university,upper class,0.6273248951416136,1.0,after 2015,1.0,1.0,10238,6000.0,sedan,0,0,1,0.0
893383,40-64,male,majority,10-19y,high school,middle class,0.4661136767565796,1.0,after 2015,1.0,1.0,32765,6000.0,sedan,2,1,3,0.0
262721,26-39,female,majority,10-19y,high school,poverty,0.3801588643206439,0.0,after 2015,0.0,0.0,10238,17000.0,sedan,0,0,0,1.0
965608,40-64,female,majority,10-19y,university,upper class,0.573464223595704,1.0,after 2015,1.0,1.0,10238,,sedan,0,1,3,0.0
290734,16-25,male,majority,0-9y,high school,middle class,0.4573907349419177,1.0,before 2015,1.0,1.0,10238,12000.0,sedan,0,0,0,1.0
391244,40-64,male,minority,0-9y,high school,upper class,0.7317146581904098,1.0,after 2015,0.0,0.0,10238,12000.0,sedan,0,0,0,0.0
582199,16-25,male,minority,0-9y,none,poverty,0.4143119502240556,1.0,before 2015,0.0,0.0,10238,16000.0,sedan,0,0,0,1.0
565356,26-39,female,majority,10-19y,high school,poverty,0.4981216883745052,1.0,before 2015,0.0,1.0,32765,,sedan,2,1,0,1.0
950731,40-64,male,majority,0-9y,university,upper class,0.5872814257214412,1.0,before 2015,1.0,1.0,10238,11000.0,sedan,0,0,0,0.0
266513,40-64,female,majority,20-29y,university,upper class,0.5209454270821574,1.0,before 2015,0.0,1.0,32765,8000.0,sedan,4,0,0,0.0
601379,40-64,female,majority,0-9y,high school,middle class,0.6232265163604744,1.0,after 2015,0.0,1.0,32765,6000.0,sedan,0,0,0,0.0
45398,26-39,female,majority,10-19y,high school,working class,0.4138204352537412,1.0,before 2015,0.0,0.0,32765,,sedan,2,1,0,1.0
188958,65+,male,majority,10-19y,university,upper class,0.5569769244372392,1.0,before 2015,1.0,0.0,32765,8000.0,sedan,4,0,2,1.0
992127,40-64,male,majority,20-29y,university,upper class,0.5147764890373373,1.0,before 2015,0.0,0.0,32765,12000.0,sedan,10,4,2,1.0
505640,16-25,male,majority,0-9y,high school,working class,0.4378132018571619,1.0,before 2015,0.0,1.0,32765,15000.0,sedan,0,0,0,1.0
768656,40-64,male,majority,20-29y,high school,upper class,0.7379104724161729,1.0,before 2015,0.0,1.0,92101,11000.0,sedan,5,0,4,0.0
442998,65+,male,majority,10-19y,university,upper class,0.5177198597638372,1.0,after 2015,0.0,1.0,10238,14000.0,sedan,0,0,1,0.0
596657,65+,male,majority,30y+,high school,upper class,0.5243323363452949,0.0,before 2015,0.0,1.0,10238,,sedan,6,0,2,0.0
418047,40-64,male,majority,20-29y,high school,upper class,0.5935481774271312,1.0,after 2015,1.0,1.0,10238,8000.0,sedan,6,0,5,0.0
39769,65+,female,majority,30y+,university,upper class,0.7063009021300406,1.0,before 2015,0.0,1.0,32765,13000.0,sedan,3,0,0,0.0
615882,26-39,female,majority,10-19y,none,poverty,0.3982236375077561,1.0,before 2015,0.0,1.0,10238,9000.0,sedan,1,0,6,0.0
310939,65+,female,majority,10-19y,high school,upper class,0.6764470887101591,1.0,after 2015,0.0,1.0,10238,11000.0,sedan,0,0,0,0.0
73235,65+,male,minority,30y+,high school,upper class,0.6080055626977543,1.0,after 2015,0.0,1.0,32765,12000.0,sedan,7,1,2,0.0
804514,40-64,female,majority,20-29y,none,working class,0.3237033786628938,0.0,before 2015,1.0,1.0,10238,14000.0,sedan,0,0,0,0.0
449844,65+,female,majority,10-19y,university,upper class,,1.0,before 2015,1.0,1.0,10238,9000.0,sedan,1,1,0,0.0
944057,16-25,male,majority,0-9y,none,poverty,0.2915625919498569,0.0,before 2015,0.0,1.0,32765,9000.0,sedan,0,0,0,1.0
842821,26-39,female,majority,10-19y,high school,working class,0.4191538153599215,0.0,before 2015,1.0,1.0,10238,11000.0,sedan,1,0,0,0.0
106974,65+,male,majority,30y+,university,upper class,0.4697990837580598,0.0,before 2015,1.0,1.0,10238,,sedan,3,0,1,0.0
628348,26-39,female,majority,10-19y,university,middle class,,1.0,before 2015,0.0,1.0,92101,12000.0,sedan,3,1,0,1.0
604631,26-39,male,majority,0-9y,university,upper class,0.6569867760775172,0.0,after 2015,1.0,1.0,10238,10000.0,sedan,0,0,0,0.0
41553,16-25,male,majority,0-9y,high school,working class,0.2686203221878676,1.0,before 2015,0.0,0.0,10238,13000.0,sedan,0,0,0,1.0
125857,40-64,male,majority,10-19y,none,middle class,0.3646366077692855,1.0,after 2015,0.0,0.0,10238,,sedan,1,0,1,0.0
255531,40-64,male,minority,10-19y,none,middle class,0.5712885494530485,0.0,after 2015,0.0,0.0,10238,15000.0,sedan,2,0,0,0.0
858383,26-39,female,majority,10-19y,high school,middle class,0.4916779096305542,1.0,after 2015,0.0,0.0,32765,12000.0,sedan,1,0,1,1.0
995469,16-25,male,majority,0-9y,high school,poverty,,0.0,before 2015,0.0,0.0,10238,17000.0,sedan,0,0,0,1.0
692522,40-64,male,minority,20-29y,high school,upper class,0.5134071870775959,1.0,after 2015,1.0,1.0,32765,10000.0,sedan,9,0,2,0.0
233436,26-39,female,majority,10-19y,university,upper class,0.3837012341538176,1.0,before 2015,0.0,0.0,10238,13000.0,sedan,0,0,0,0.0
99527,26-39,male,majority,10-19y,university,middle class,0.5418297585749775,1.0,before 2015,1.0,0.0,10238,,sedan,1,0,1,0.0
660734,40-64,female,majority,20-29y,university,upper class,0.5369598510872825,0.0,after 2015,0.0,0.0,10238,14000.0,sedan,0,0,2,0.0
527814,26-39,male,minority,10-19y,none,poverty,0.5090413982006466,0.0,before 2015,0.0,1.0,10238,11000.0,sedan,1,0,3,1.0
830121,65+,female,majority,20-29y,university,upper class,0.7530509465119786,1.0,before 2015,1.0,1.0,32765,11000.0,sedan,2,0,0,1.0
9402,65+,male,majority,0-9y,university,upper class,0.6686340965793353,1.0,after 2015,1.0,1.0,10238,8000.0,sedan,0,0,0,0.0
259799,16-25,female,majority,0-9y,none,poverty,0.3908507040938473,0.0,before 2015,0.0,1.0,32765,10000.0,sedan,0,0,0,0.0
542840,16-25,female,majority,0-9y,none,poverty,0.2994278095235692,0.0,before 2015,1.0,1.0,10238,10000.0,sedan,0,0,0,1.0
646884,65+,male,majority,30y+,university,upper class,,1.0,after 2015,0.0,1.0,32765,7000.0,sedan,13,1,2,0.0
537211,16-25,female,majority,0-9y,none,poverty,0.3449328776108291,1.0,before 2015,0.0,1.0,10238,8000.0,sedan,0,0,0,0.0
804227,40-64,male,majority,20-29y,high school,working class,0.4345202321987589,0.0,before 2015,0.0,1.0,10238,14000.0,sedan,2,0,3,1.0
622416,40-64,female,majority,20-29y,university,upper class,0.6179059580876206,1.0,after 2015,0.0,1.0,10238,12000.0,sedan,0,0,2,0.0
400017,26-39,female,majority,10-19y,none,poverty,0.2701930462498648,1.0,after 2015,1.0,0.0,10238,12000.0,sedan,0,0,1,0.0
566975,26-39,female,majority,10-19y,university,working class,0.4210314732941192,0.0,before 2015,1.0,1.0,10238,10000.0,sedan,0,0,0,0.0
808611,40-64,male,majority,0-9y,university,upper class,0.7113338774099593,1.0,before 2015,0.0,0.0,10238,14000.0,sedan,0,0,0,1.0
545723,16-25,female,majority,0-9y,high school,middle class,0.5846884597070352,1.0,after 2015,0.0,1.0,10238,9000.0,sedan,0,0,0,0.0
170305,26-39,female,majority,10-19y,university,upper class,0.6836425134907735,0.0,after 2015,0.0,1.0,10238,8000.0,sedan,0,1,1,0.0
387428,26-39,female,majority,10-19y,none,working class,0.4546562937959736,0.0,before 2015,0.0,0.0,10238,18000.0,sedan,2,0,0,0.0
456377,26-39,female,majority,10-19y,university,working class,,1.0,before 2015,0.0,1.0,10238,14000.0,sedan,0,0,1,0.0
304304,26-39,male,majority,10-19y,high school,middle class,0.2292753633984657,1.0,before 2015,1.0,1.0,32765,8000.0,sedan,3,0,2,0.0
999261,65+,female,majority,10-19y,university,upper class,,1.0,before 2015,1.0,1.0,10238,12000.0,sedan,0,1,1,0.0
280959,26-39,female,minority,0-9y,university,middle class,0.6203870038206979,1.0,before 2015,1.0,1.0,10238,12000.0,sedan,0,0,0,1.0
34444,26-39,male,minority,10-19y,university,upper class,0.4532321647211416,1.0,after 2015,0.0,0.0,10238,9000.0,sedan,1,0,2,0.0
297223,40-64,male,majority,20-29y,high school,working class,,1.0,before 2015,0.0,1.0,10238,10000.0,sedan,3,0,4,0.0
401166,65+,female,majority,30y+,university,upper class,0.6560726354622702,1.0,before 2015,1.0,1.0,32765,9000.0,sedan,3,1,2,0.0
822628,40-64,female,majority,20-29y,university,upper class,0.6567261474740121,1.0,after 2015,1.0,1.0,32765,5000.0,sedan,3,1,1,0.0
125168,16-25,male,majority,0-9y,high school,working class,0.3621741186724681,1.0,before 2015,0.0,0.0,10238,16000.0,sedan,0,0,0,1.0
480452,26-39,female,majority,0-9y,university,upper class,0.7641329165005233,1.0,before 2015,1.0,1.0,10238,12000.0,sedan,0,0,0,0.0
310760,16-25,male,minority,0-9y,high school,poverty,,0.0,before 2015,0.0,0.0,32765,11000.0,sedan,0,0,0,1.0
85547,65+,female,majority,20-29y,high school,middle class,0.4614475649214911,1.0,after 2015,1.0,1.0,10238,13000.0,sedan,2,0,2,0.0
692007,16-25,male,majority,0-9y,university,middle class,0.3339164227907947,1.0,before 2015,1.0,1.0,10238,8000.0,sedan,0,0,0,1.0
613989,26-39,male,majority,10-19y,high school,middle class,0.4646762889805906,0.0,after 2015,1.0,1.0,10238,12000.0,sedan,1,1,1,1.0
226825,26-39,male,majority,10-19y,high school,working class,0.4300932167127807,1.0,before 2015,1.0,1.0,10238,10000.0,sedan,1,2,1,0.0
920953,26-39,male,majority,10-19y,none,poverty,0.239601811089347,1.0,before 2015,0.0,0.0,10238,17000.0,sedan,0,0,0,0.0
827622,16-25,male,majority,0-9y,high school,poverty,0.3239704205767568,1.0,before 2015,0.0,0.0,32765,13000.0,sedan,0,0,0,1.0
154809,26-39,female,majority,10-19y,university,middle class,0.405846593806807,1.0,after 2015,0.0,1.0,10238,15000.0,sedan,2,0,0,0.0
314202,16-25,female,majority,0-9y,none,poverty,0.2180558125783903,1.0,before 2015,0.0,1.0,10238,12000.0,sedan,0,0,0,0.0
418784,26-39,male,majority,0-9y,university,middle class,0.6206647516894628,1.0,after 2015,0.0,0.0,10238,13000.0,sedan,0,0,0,1.0
744484,40-64,female,majority,20-29y,none,upper class,0.7014907761446307,1.0,before 2015,1.0,1.0,92101,9000.0,sedan,2,0,2,0.0
536597,26-39,female,majority,10-19y,university,upper class,,1.0,after 2015,0.0,0.0,32765,11000.0,sedan,5,1,0,0.0
250494,26-39,male,majority,10-19y,high school,working class,,0.0,before 2015,0.0,1.0,10238,9000.0,sedan,2,0,5,1.0
961078,26-39,female,majority,10-19y,university,upper class,0.6341680695053508,1.0,before 2015,1.0,0.0,10238,8000.0,sedan,0,0,1,0.0
201707,40-64,male,majority,20-29y,high school,middle class,0.4953502835315234,1.0,before 2015,0.0,1.0,32765,9000.0,sedan,4,1,2,0.0
556911,65+,male,majority,30y+,high school,upper class,0.6900696335241753,1.0,before 2015,1.0,1.0,10238,10000.0,sedan,3,1,5,0.0
729287,16-25,female,minority,0-9y,high school,poverty,0.1162638006141908,1.0,before 2015,0.0,1.0,10238,13000.0,sedan,0,0,0,0.0
773778,16-25,male,minority,0-9y,none,poverty,0.4368255409619409,1.0,before 2015,1.0,0.0,10238,13000.0,sedan,0,0,0,0.0
902635,65+,male,majority,30y+,university,working class,0.2571342761351081,0.0,before 2015,1.0,1.0,10238,10000.0,sedan,7,0,4,0.0
870774,40-64,male,majority,20-29y,none,working class,0.6200480650967043,0.0,after 2015,0.0,0.0,10238,17000.0,sedan,0,0,1,0.0
284540,65+,male,majority,30y+,university,upper class,0.6541771817285776,1.0,before 2015,1.0,1.0,10238,,sedan,9,0,4,0.0
317412,26-39,male,majority,10-19y,university,upper class,,1.0,before 2015,1.0,0.0,32765,11000.0,sedan,5,0,0,0.0
648626,65+,female,majority,10-19y,university,upper class,0.7068968853141855,1.0,before 2015,1.0,1.0,10238,12000.0,sedan,1,0,1,0.0
560773,40-64,male,majority,10-19y,university,upper class,0.6624617559275001,1.0,after 2015,1.0,0.0,10238,13000.0,sedan,1,0,1,0.0
804909,26-39,female,minority,0-9y,none,working class,0.6617623171027551,0.0,before 2015,0.0,0.0,32765,12000.0,sedan,0,0,0,1.0
408493,40-64,male,majority,20-29y,university,poverty,0.4504696004326911,0.0,before 2015,1.0,1.0,32765,3000.0,sedan,8,1,3,0.0
406487,16-25,male,majority,0-9y,high school,poverty,0.2831110621636425,1.0,before 2015,0.0,0.0,10238,12000.0,sedan,0,0,0,1.0
299582,40-64,male,majority,20-29y,university,middle class,0.5673898991239938,0.0,after 2015,1.0,1.0,10238,8000.0,sedan,0,1,8,0.0
694920,40-64,female,majority,20-29y,university,upper class,0.481233804932597,1.0,before 2015,1.0,1.0,32765,7000.0,sedan,5,0,1,0.0
313208,26-39,male,minority,10-19y,high school,working class,0.5192250173065179,1.0,before 2015,0.0,0.0,32765,11000.0,sedan,1,0,0,0.0
761576,65+,female,majority,10-19y,university,upper class,0.6851658903740393,1.0,after 2015,1.0,1.0,32765,9000.0,sedan,4,0,1,0.0
330099,26-39,female,majority,10-19y,none,poverty,0.2543928838634379,0.0,before 2015,0.0,0.0,10238,16000.0,sedan,0,0,0,0.0
126967,40-64,male,majority,20-29y,university,upper class,0.7185945311922187,1.0,before 2015,1.0,1.0,10238,9000.0,sedan,4,2,3,0.0
385269,40-64,female,minority,20-29y,university,upper class,0.7588357087382602,1.0,after 2015,0.0,1.0,92101,16000.0,sedan,4,0,1,0.0
7229,16-25,female,majority,0-9y,high school,poverty,0.3409595112027546,1.0,before 2015,0.0,0.0,32765,11000.0,sedan,0,0,0,1.0
902327,65+,male,majority,10-19y,high school,middle class,0.4916750670245821,0.0,before 2015,1.0,1.0,10238,11000.0,sedan,2,0,3,0.0
905425,26-39,male,majority,10-19y,high school,middle class,0.5161478890239077,0.0,before 2015,1.0,1.0,32765,,sedan,4,0,0,1.0
85869,16-25,female,majority,0-9y,high school,middle class,0.5193651680400878,1.0,after 2015,0.0,0.0,10238,10000.0,sedan,0,0,0,0.0
846310,16-25,male,majority,0-9y,high school,poverty,0.3207404346890468,0.0,before 2015,0.0,1.0,10238,10000.0,sedan,0,0,0,1.0
843987,65+,female,majority,10-19y,university,upper class,0.6601550086829506,1.0,after 2015,1.0,1.0,10238,12000.0,sedan,2,0,0,0.0
750105,65+,female,minority,10-19y,university,upper class,0.5359382220542888,1.0,after 2015,1.0,1.0,10238,13000.0,sedan,0,1,2,0.0
682855,26-39,male,majority,10-19y,university,upper class,0.4942487743707514,1.0,after 2015,0.0,1.0,32765,11000.0,sedan,4,0,1,1.0
392753,16-25,female,majority,0-9y,high school,poverty,0.3298192764480144,0.0,before 2015,0.0,1.0,92101,10000.0,sedan,0,0,0,1.0
957592,16-25,female,majority,0-9y,high school,poverty,0.3447260205156397,0.0,before 2015,0.0,1.0,32765,10000.0,sedan,0,0,0,1.0
888074,40-64,female,majority,20-29y,high school,upper class,0.621404881258166,1.0,after 2015,0.0,1.0,32765,8000.0,sedan,4,1,3,0.0
701289,40-64,female,majority,20-29y,university,upper class,0.7297169089422261,1.0,before 2015,0.0,1.0,10238,15000.0,sports car,0,0,1,0.0
673857,16-25,male,majority,0-9y,high school,poverty,0.4315614681673002,1.0,before 2015,0.0,0.0,10238,14000.0,sedan,0,0,0,1.0
632202,16-25,male,majority,0-9y,university,middle class,0.4173056835917697,1.0,before 2015,0.0,0.0,10238,13000.0,sedan,0,0,0,1.0
279568,65+,female,majority,30y+,high school,middle class,0.4696657453329445,0.0,before 2015,1.0,1.0,32765,6000.0,sports car,9,0,1,0.0
485798,16-25,female,majority,0-9y,high school,poverty,0.2897871439465148,0.0,after 2015,0.0,0.0,10238,13000.0,sedan,0,0,0,0.0
726016,26-39,female,minority,0-9y,high school,middle class,0.4379250670042249,1.0,after 2015,1.0,1.0,32765,10000.0,sedan,0,0,0,1.0
237044,40-64,male,majority,20-29y,none,middle class,0.5684657075683763,1.0,before 2015,0.0,1.0,10238,13000.0,sedan,3,0,5,0.0
745349,16-25,male,majority,0-9y,university,working class,0.5437966439844379,1.0,before 2015,0.0,0.0,92101,15000.0,sedan,0,0,0,0.0
621852,65+,female,majority,30y+,university,upper class,0.5995481044232972,1.0,after 2015,1.0,1.0,10238,12000.0,sedan,4,0,1,0.0
949445,16-25,female,majority,0-9y,high school,poverty,0.4936007646121511,0.0,before 2015,0.0,0.0,10238,15000.0,sedan,0,0,0,1.0
479683,16-25,female,majority,0-9y,none,poverty,0.2767363423760941,0.0,after 2015,0.0,0.0,92101,18000.0,sedan,0,0,0,0.0
299771,26-39,female,majority,10-19y,university,middle class,,1.0,before 2015,0.0,0.0,32765,13000.0,sedan,2,0,0,0.0
114922,26-39,female,majority,0-9y,university,upper class,0.5591236098410128,1.0,after 2015,1.0,1.0,10238,6000.0,sports car,0,0,0,0.0
979350,26-39,female,majority,0-9y,high school,working class,0.6105826276164759,1.0,before 2015,0.0,1.0,10238,12000.0,sedan,0,0,0,0.0
843505,26-39,female,majority,10-19y,none,working class,0.2730802145626825,1.0,after 2015,1.0,1.0,10238,11000.0,sedan,0,0,3,0.0
653566,16-25,female,minority,0-9y,high school,poverty,0.4118605472633641,0.0,after 2015,0.0,0.0,32765,14000.0,sedan,0,0,0,1.0
971942,26-39,male,majority,10-19y,high school,upper class,0.6479770463649296,1.0,after 2015,1.0,1.0,92101,11000.0,sedan,1,0,2,0.0
616386,16-25,male,minority,0-9y,none,poverty,0.2854385224065506,0.0,before 2015,0.0,0.0,10238,13000.0,sedan,0,0,0,1.0
809278,40-64,female,majority,10-19y,none,working class,0.4273733642706479,1.0,before 2015,0.0,1.0,32765,10000.0,sedan,3,0,0,0.0
632931,26-39,male,majority,10-19y,university,middle class,0.6258552121315942,1.0,before 2015,1.0,1.0,10238,10000.0,sedan,1,0,4,0.0
264695,16-25,male,majority,0-9y,high school,poverty,0.3438278859742953,0.0,before 2015,0.0,0.0,32765,7000.0,sedan,0,0,0,1.0
424121,26-39,female,majority,0-9y,high school,middle class,0.6273818133774601,0.0,after 2015,0.0,0.0,32765,12000.0,sedan,0,0,0,0.0
549555,16-25,male,minority,0-9y,none,poverty,0.2932795320869824,1.0,before 2015,0.0,0.0,32765,15000.0,sedan,0,0,0,0.0
876300,65+,female,majority,10-19y,none,working class,0.5604330905011693,0.0,before 2015,1.0,1.0,10238,9000.0,sedan,0,0,1,0.0
149377,16-25,male,majority,0-9y,high school,working class,0.399331859629261,0.0,before 2015,0.0,1.0,32765,13000.0,sedan,0,0,0,1.0
658061,40-64,male,majority,0-9y,university,upper class,0.4642025831082776,1.0,before 2015,1.0,1.0,32765,5000.0,sedan,0,0,0,1.0
850066,40-64,female,majority,20-29y,high school,middle class,0.5561059958978236,1.0,before 2015,0.0,1.0,10238,12000.0,sedan,3,0,2,0.0
777639,40-64,male,majority,20-29y,high school,working class,0.4148807310426015,0.0,before 2015,1.0,1.0,10238,14000.0,sedan,5,0,3,0.0
778184,65+,female,majority,30y+,university,upper class,0.5069172347691039,1.0,after 2015,1.0,1.0,10238,,sedan,1,0,1,0.0
745014,16-25,female,majority,0-9y,high school,poverty,0.4493988790424355,0.0,before 2015,0.0,0.0,10238,17000.0,sedan,0,0,0,1.0
513543,65+,female,majority,30y+,high school,upper class,0.4827366070309057,1.0,before 2015,0.0,1.0,10238,11000.0,sedan,1,1,2,0.0
50850,26-39,female,majority,10-19y,university,upper class,0.6077725324221557,1.0,before 2015,1.0,1.0,10238,13000.0,sedan,2,0,2,0.0
319686,40-64,female,majority,20-29y,university,upper class,0.6271708896812428,0.0,after 2015,0.0,1.0,92101,13000.0,sedan,1,0,0,0.0
882962,26-39,male,majority,10-19y,university,middle class,0.5871049082496026,1.0,before 2015,1.0,0.0,10238,16000.0,sedan,4,0,1,0.0
873361,65+,male,majority,30y+,high school,upper class,0.5127228689047442,1.0,after 2015,0.0,0.0,10238,14000.0,sedan,1,2,3,0.0
886219,40-64,female,majority,20-29y,high school,upper class,0.7605640673271528,1.0,after 2015,1.0,0.0,10238,,sedan,0,0,1,0.0
359298,40-64,female,majority,20-29y,university,upper class,,0.0,before 2015,0.0,1.0,10238,11000.0,sedan,3,0,3,0.0
518774,26-39,male,minority,10-19y,none,working class,0.3691239528084137,0.0,before 2015,1.0,1.0,10238,11000.0,sedan,3,0,6,1.0
47785,26-39,female,minority,10-19y,none,working class,0.4702398425987656,0.0,before 2015,0.0,1.0,32765,,sedan,2,0,0,1.0
478302,65+,male,majority,30y+,university,upper class,0.5011579904510586,1.0,before 2015,1.0,1.0,10238,12000.0,sedan,7,1,4,0.0
832488,16-25,male,majority,0-9y,none,poverty,0.3838624776858912,1.0,before 2015,0.0,0.0,10238,14000.0,sedan,0,0,0,0.0
410310,40-64,male,majority,20-29y,high school,working class,0.5773390893127768,1.0,before 2015,1.0,1.0,10238,11000.0,sedan,2,0,2,0.0
981386,26-39,female,majority,10-19y,high school,middle class,0.6811481136521422,1.0,before 2015,0.0,1.0,10238,14000.0,sedan,0,0,0,0.0
147691,26-39,female,majority,0-9y,high school,working class,0.4383659479708347,0.0,before 2015,0.0,1.0,10238,13000.0,sedan,0,0,0,1.0
634462,16-25,male,majority,0-9y,high school,working class,0.4295831983974316,0.0,after 2015,0.0,1.0,10238,13000.0,sedan,0,0,0,1.0
304669,40-64,male,majority,10-19y,university,upper class,0.6050701843159639,1.0,before 2015,1.0,1.0,92101,10000.0,sedan,1,0,1,0.0
438788,65+,female,majority,20-29y,high school,middle class,0.5228001606856795,1.0,after 2015,0.0,1.0,10238,13000.0,sedan,2,0,1,0.0
14090,26-39,male,majority,10-19y,university,working class,,0.0,before 2015,0.0,1.0,32765,6000.0,sedan,6,1,2,1.0
206507,65+,female,majority,20-29y,university,upper class,0.7501966025444267,1.0,before 2015,1.0,1.0,32765,11000.0,sedan,7,1,1,0.0
993421,26-39,male,minority,10-19y,high school,working class,0.2681872451082304,1.0,before 2015,0.0,1.0,10238,9000.0,sedan,1,1,4,0.0
908373,26-39,female,majority,10-19y,university,middle class,,0.0,after 2015,0.0,1.0,32765,13000.0,sedan,1,1,0,0.0
364517,16-25,female,majority,0-9y,high school,poverty,,0.0,before 2015,0.0,1.0,10238,11000.0,sedan,0,0,0,1.0
616946,65+,male,majority,20-29y,high school,upper class,,1.0,after 2015,0.0,1.0,10238,12000.0,sedan,3,0,0,0.0
833169,40-64,male,majority,0-9y,university,upper class,0.7144415394622058,1.0,after 2015,1.0,1.0,10238,8000.0,sedan,0,0,0,0.0
583101,26-39,male,majority,10-19y,university,upper class,0.6855797056639448,1.0,after 2015,0.0,0.0,10238,8000.0,sedan,0,0,1,0.0
274929,16-25,male,majority,0-9y,high school,middle class,,1.0,before 2015,0.0,0.0,10238,19000.0,sedan,0,0,0,1.0
709190,40-64,male,majority,10-19y,university,upper class,0.3935696626424533,1.0,before 2015,1.0,0.0,10238,9000.0,sedan,2,0,1,0.0
981926,40-64,female,majority,20-29y,university,upper class,0.5626384060668865,1.0,after 2015,0.0,1.0,10238,13000.0,sedan,2,1,0,0.0
125970,65+,male,majority,30y+,university,upper class,0.7936940171873031,1.0,before 2015,1.0,1.0,10238,10000.0,sedan,4,0,5,0.0
975005,16-25,female,majority,0-9y,high school,middle class,0.3352831360623969,1.0,before 2015,0.0,0.0,10238,14000.0,sedan,0,0,0,1.0
241217,26-39,female,majority,10-19y,high school,working class,0.4432402814745901,1.0,before 2015,0.0,1.0,10238,15000.0,sedan,1,0,1,0.0
945524,40-64,female,majority,0-9y,high school,upper class,0.5395927800248903,1.0,after 2015,0.0,1.0,10238,13000.0,sedan,0,0,0,0.0
104086,26-39,female,majority,0-9y,university,upper class,0.6805942795073384,1.0,before 2015,0.0,1.0,32765,,sedan,0,0,0,1.0
417275,65+,male,majority,30y+,university,upper class,0.7862531651269821,1.0,before 2015,1.0,1.0,32765,6000.0,sedan,8,1,2,0.0
777487,16-25,female,majority,0-9y,high school,working class,0.4226617173783108,1.0,before 2015,0.0,1.0,10238,12000.0,sedan,0,0,0,0.0
258865,65+,male,majority,10-19y,university,upper class,0.6794953657901539,1.0,before 2015,0.0,0.0,10238,14000.0,sedan,2,1,0,0.0
570030,16-25,female,majority,0-9y,none,poverty,0.2932584812581273,1.0,before 2015,0.0,1.0,10238,14000.0,sedan,0,0,0,0.0
477198,16-25,male,majority,0-9y,none,poverty,0.265255675128123,0.0,before 2015,0.0,0.0,92101,14000.0,sedan,0,0,0,1.0
897379,16-25,male,majority,0-9y,high school,poverty,0.204331080735511,1.0,before 2015,1.0,0.0,10238,12000.0,sedan,0,0,0,1.0
769248,40-64,male,majority,20-29y,high school,upper class,0.6516496600100005,1.0,before 2015,0.0,1.0,10238,14000.0,sedan,3,0,1,0.0
439480,40-64,male,majority,20-29y,high school,middle class,0.5532710588297743,1.0,before 2015,0.0,0.0,10238,12000.0,sedan,1,3,1,0.0
833749,65+,male,majority,30y+,high school,upper class,0.6100130831768541,1.0,after 2015,0.0,1.0,10238,14000.0,sedan,4,1,2,0.0
562555,16-25,male,majority,0-9y,none,poverty,0.4160200997146181,1.0,before 2015,0.0,1.0,92101,15000.0,sedan,0,0,0,1.0
626277,40-64,male,minority,20-29y,university,upper class,0.4460944742887543,1.0,after 2015,0.0,1.0,10238,13000.0,sports car,6,2,7,0.0
966113,16-25,female,majority,0-9y,none,poverty,0.5131630001638587,0.0,before 2015,1.0,0.0,10238,13000.0,sedan,0,0,0,1.0
913629,26-39,female,majority,0-9y,university,upper class,0.5876689302820586,1.0,before 2015,1.0,1.0,10238,14000.0,sedan,0,0,0,0.0
167702,40-64,female,majority,0-9y,university,upper class,0.6943933860362672,1.0,before 2015,1.0,1.0,10238,12000.0,sports car,0,0,0,0.0
163499,26-39,male,majority,10-19y,none,working class,0.5142651490197045,0.0,before 2015,0.0,1.0,10238,12000.0,sedan,2,2,2,1.0
386712,26-39,female,majority,10-19y,high school,middle class,0.4342809975252036,1.0,before 2015,1.0,1.0,10238,11000.0,sedan,1,1,0,0.0
248899,26-39,female,minority,10-19y,university,middle class,0.5975154414339057,1.0,before 2015,0.0,1.0,10238,14000.0,sedan,0,1,0,0.0
12797,16-25,female,majority,0-9y,high school,working class,0.470818253401678,1.0,before 2015,1.0,0.0,10238,13000.0,sedan,0,0,0,0.0
711566,16-25,female,majority,0-9y,university,middle class,,1.0,before 2015,1.0,1.0,10238,10000.0,sedan,0,0,0,0.0
874268,26-39,male,majority,10-19y,none,poverty,0.2956674592939673,0.0,after 2015,0.0,0.0,32765,14000.0,sedan,1,0,1,0.0
272001,26-39,male,majority,10-19y,university,upper class,,1.0,after 2015,1.0,1.0,10238,12000.0,sedan,0,0,0,0.0
169410,40-64,male,majority,20-29y,high school,upper class,0.6476211343939571,1.0,before 2015,1.0,1.0,10238,13000.0,sedan,2,1,4,0.0
43625,26-39,male,majority,10-19y,university,upper class,0.3308566737384718,1.0,after 2015,0.0,1.0,10238,,sedan,3,1,2,0.0
785433,40-64,female,minority,10-19y,high school,middle class,0.5175180906935773,1.0,after 2015,1.0,1.0,10238,7000.0,sedan,0,0,0,0.0
669151,65+,male,majority,0-9y,none,upper class,,1.0,after 2015,1.0,1.0,10238,10000.0,sedan,0,0,0,0.0
830081,26-39,male,majority,10-19y,university,middle class,0.5039487280188402,1.0,before 2015,0.0,1.0,10238,16000.0,sedan,2,0,2,0.0
839283,65+,male,majority,20-29y,university,upper class,0.6032711170547711,1.0,after 2015,0.0,1.0,32765,11000.0,sedan,8,3,0,0.0
603882,40-64,male,majority,20-29y,high school,working class,0.4561475020425317,1.0,before 2015,0.0,1.0,10238,16000.0,sedan,2,0,1,0.0
627530,65+,male,majority,0-9y,high school,upper class,0.6313865803936844,1.0,after 2015,0.0,1.0,10238,10000.0,sedan,0,0,0,0.0
306268,40-64,female,majority,10-19y,university,upper class,0.5137216359540138,1.0,before 2015,1.0,1.0,92101,9000.0,sedan,0,0,1,0.0
226594,16-25,male,majority,0-9y,high school,poverty,0.3680217875353828,0.0,before 2015,0.0,0.0,10238,17000.0,sedan,0,0,0,0.0
757581,40-64,male,majority,10-19y,high school,middle class,0.6619182641114004,1.0,before 2015,0.0,1.0,10238,13000.0,sedan,1,0,4,0.0
536715,26-39,female,minority,0-9y,none,working class,0.3036760657982809,1.0,before 2015,0.0,1.0,32765,6000.0,sedan,0,0,0,1.0
854896,40-64,male,majority,20-29y,high school,upper class,0.5663523680912346,1.0,after 2015,1.0,1.0,10238,,sedan,2,1,1,0.0
255504,26-39,female,majority,10-19y,high school,working class,,0.0,before 2015,1.0,1.0,10238,10000.0,sedan,1,0,1,1.0
418431,40-64,male,majority,20-29y,high school,middle class,0.5582199294909035,0.0,before 2015,1.0,1.0,10238,11000.0,sports car,4,0,3,0.0
226374,40-64,male,majority,20-29y,university,upper class,0.5128731861610063,1.0,before 2015,1.0,1.0,32765,10000.0,sports car,8,1,0,0.0
731664,26-39,male,majority,10-19y,none,working class,0.3883658881572184,1.0,before 2015,0.0,0.0,32765,12000.0,sedan,2,0,1,1.0
890870,65+,female,majority,30y+,university,upper class,0.5510723398453755,1.0,after 2015,0.0,1.0,10238,15000.0,sedan,0,1,3,0.0
149822,40-64,male,majority,20-29y,university,upper class,0.5368074511707565,1.0,before 2015,1.0,1.0,32765,10000.0,sedan,5,2,6,0.0
888859,40-64,male,majority,20-29y,university,upper class,0.4557132194752298,1.0,after 2015,1.0,0.0,10238,13000.0,sedan,3,0,1,0.0
470627,26-39,male,majority,10-19y,none,working class,0.5756097026465881,0.0,before 2015,0.0,1.0,10238,12000.0,sedan,3,1,4,1.0
559394,40-64,female,majority,10-19y,university,middle class,0.3619059454802407,1.0,before 2015,1.0,1.0,10238,12000.0,sedan,1,0,1,0.0
209282,26-39,male,majority,10-19y,none,poverty,0.3948546303528014,1.0,before 2015,1.0,0.0,10238,14000.0,sports car,1,0,0,0.0
484048,26-39,female,majority,10-19y,university,middle class,0.3396411064141317,0.0,before 2015,1.0,1.0,10238,9000.0,sedan,1,0,1,0.0
239916,65+,male,majority,20-29y,high school,upper class,0.6842330529891665,1.0,after 2015,1.0,1.0,21217,12000.0,sedan,2,0,1,1.0
434285,16-25,female,minority,0-9y,high school,poverty,0.4340024402049851,0.0,before 2015,0.0,0.0,10238,12000.0,sedan,0,0,0,1.0
8488,16-25,female,majority,0-9y,university,middle class,0.2484012154074144,1.0,after 2015,1.0,1.0,32765,10000.0,sedan,0,0,0,0.0
746630,40-64,male,minority,10-19y,university,upper class,0.4315957478314558,1.0,before 2015,1.0,0.0,10238,10000.0,sedan,1,1,4,0.0
214200,40-64,female,majority,10-19y,high school,upper class,0.5063048514527332,1.0,after 2015,0.0,1.0,10238,14000.0,sedan,0,0,2,0.0
716175,26-39,female,minority,10-19y,high school,working class,0.5969845868186797,0.0,before 2015,0.0,1.0,10238,10000.0,sedan,0,1,4,0.0
658487,26-39,male,majority,10-19y,high school,upper class,0.6143091187985138,1.0,before 2015,0.0,1.0,10238,16000.0,sedan,0,1,1,0.0
404131,26-39,female,minority,10-19y,none,poverty,0.4217083256454634,1.0,before 2015,0.0,0.0,10238,17000.0,sedan,0,0,1,0.0
952132,26-39,female,majority,10-19y,high school,working class,0.4506548630943139,1.0,before 2015,0.0,1.0,32765,,sedan,0,0,3,0.0
518999,65+,male,majority,30y+,university,middle class,0.5187646411369861,1.0,before 2015,0.0,1.0,10238,16000.0,sedan,6,1,3,0.0
545600,40-64,female,majority,20-29y,university,upper class,,1.0,after 2015,1.0,1.0,10238,12000.0,sports car,1,0,0,0.0
690998,26-39,female,majority,10-19y,university,middle class,0.5531042520137504,1.0,before 2015,0.0,0.0,10238,14000.0,sedan,0,0,1,0.0
765054,26-39,male,majority,0-9y,university,upper class,0.6192744502244579,1.0,before 2015,0.0,0.0,32765,11000.0,sedan,0,0,0,1.0
122218,26-39,female,minority,0-9y,university,middle class,0.5398917673832456,0.0,before 2015,0.0,1.0,10238,9000.0,sedan,0,0,0,1.0
479360,65+,male,majority,10-19y,university,upper class,0.6528730843357405,0.0,before 2015,1.0,1.0,10238,12000.0,sedan,0,0,2,1.0
827045,26-39,male,majority,0-9y,university,middle class,0.6037070998428994,0.0,before 2015,0.0,0.0,10238,17000.0,sedan,0,0,0,1.0
817613,40-64,female,majority,0-9y,none,middle class,0.5472468071539672,1.0,before 2015,1.0,1.0,10238,11000.0,sedan,0,0,0,0.0
450129,40-64,male,majority,20-29y,high school,working class,0.4141337699932357,0.0,before 2015,1.0,1.0,10238,7000.0,sedan,5,1,1,0.0
373662,65+,male,majority,30y+,university,upper class,0.6101291854145474,1.0,after 2015,1.0,1.0,10238,13000.0,sedan,2,1,4,0.0
945458,40-64,male,majority,20-29y,none,working class,0.4099410441027335,1.0,before 2015,1.0,1.0,32765,4000.0,sports car,8,0,4,0.0
554527,40-64,male,majority,20-29y,high school,middle class,0.6328648012800853,1.0,before 2015,1.0,1.0,32765,11000.0,sedan,4,2,2,0.0
617268,26-39,male,majority,10-19y,none,middle class,0.2387166975286248,1.0,before 2015,1.0,1.0,10238,,sedan,2,1,1,0.0
834028,65+,male,majority,20-29y,university,upper class,0.7163657604015807,1.0,after 2015,1.0,1.0,10238,13000.0,sedan,1,0,1,0.0
99363,65+,female,majority,30y+,university,upper class,0.5401560059503686,0.0,after 2015,0.0,1.0,10238,15000.0,sedan,1,0,0,0.0
790141,40-64,male,majority,10-19y,university,middle class,0.4252740519253045,0.0,before 2015,0.0,0.0,10238,12000.0,sedan,2,0,0,1.0
519948,40-64,female,majority,20-29y,none,working class,0.4647727031848582,1.0,after 2015,1.0,0.0,32765,11000.0,sedan,1,0,1,0.0
366732,40-64,female,majority,20-29y,high school,middle class,0.5474874946645533,1.0,before 2015,0.0,1.0,32765,6000.0,sedan,4,1,2,0.0
184428,26-39,male,majority,10-19y,high school,middle class,0.5889873080271124,1.0,after 2015,1.0,1.0,32765,7000.0,sedan,4,0,1,0.0
257691,65+,male,majority,30y+,high school,upper class,0.5150779278972595,1.0,after 2015,1.0,1.0,10238,11000.0,sedan,3,1,5,0.0
626387,40-64,female,majority,20-29y,none,working class,0.4152228755621419,0.0,before 2015,0.0,0.0,10238,13000.0,sedan,0,0,0,0.0
887988,40-64,male,minority,0-9y,high school,upper class,0.4795818442543056,1.0,after 2015,1.0,1.0,10238,7000.0,sedan,0,0,0,0.0
223140,40-64,female,majority,20-29y,university,upper class,0.6276638256137919,1.0,after 2015,1.0,1.0,10238,10000.0,sedan,2,2,4,0.0
551851,26-39,female,majority,10-19y,high school,poverty,,1.0,after 2015,1.0,0.0,32765,11000.0,sedan,1,0,0,0.0
430899,65+,male,majority,30y+,high school,upper class,0.6498814114782743,0.0,before 2015,0.0,1.0,32765,10000.0,sedan,8,1,3,1.0
11119,65+,female,majority,30y+,high school,upper class,0.7251812827331864,1.0,before 2015,0.0,1.0,10238,14000.0,sedan,0,0,1,0.0
445056,26-39,male,majority,10-19y,university,upper class,0.5893790042775761,1.0,before 2015,1.0,1.0,10238,9000.0,sedan,2,1,1,0.0
771061,26-39,male,minority,10-19y,none,working class,0.4227591788232032,0.0,after 2015,0.0,1.0,32765,10000.0,sedan,6,1,2,0.0
56428,26-39,male,majority,10-19y,university,working class,0.3276972993667342,1.0,before 2015,0.0,0.0,32765,13000.0,sedan,1,0,0,1.0
567626,65+,female,majority,0-9y,high school,upper class,0.6391931117655615,1.0,before 2015,1.0,1.0,21217,11000.0,sedan,0,0,0,1.0
964266,26-39,male,majority,10-19y,university,upper class,0.7508134369901283,1.0,after 2015,1.0,1.0,32765,14000.0,sedan,1,0,2,0.0
836392,26-39,female,majority,10-19y,high school,working class,0.4387977406627773,0.0,before 2015,0.0,1.0,32765,9000.0,sedan,3,1,0,1.0
7136,65+,male,majority,10-19y,university,upper class,0.5837686630569369,1.0,before 2015,0.0,0.0,32765,9000.0,sedan,5,0,1,1.0
382782,40-64,female,minority,20-29y,high school,upper class,0.6333431961683584,0.0,after 2015,0.0,1.0,10238,11000.0,sedan,3,1,1,0.0
252553,40-64,male,majority,20-29y,university,upper class,0.4856706507522165,1.0,after 2015,1.0,1.0,10238,12000.0,sedan,2,0,3,0.0
857839,16-25,male,majority,0-9y,university,working class,,1.0,after 2015,1.0,1.0,10238,10000.0,sedan,0,0,0,0.0
606552,16-25,female,majority,0-9y,high school,middle class,,1.0,before 2015,0.0,0.0,32765,10000.0,sedan,0,0,0,1.0
224883,16-25,male,minority,0-9y,high school,working class,,0.0,before 2015,0.0,0.0,10238,15000.0,sedan,0,0,0,1.0
326773,26-39,male,majority,10-19y,university,poverty,0.2966851929272209,0.0,before 2015,0.0,1.0,10238,11000.0,sedan,0,0,3,1.0
93794,26-39,female,majority,10-19y,none,working class,0.5309633691519234,1.0,after 2015,1.0,1.0,92101,13000.0,sedan,0,0,1,0.0
261544,65+,female,majority,30y+,university,upper class,0.6247325793532983,1.0,after 2015,1.0,1.0,10238,11000.0,sports car,1,1,1,0.0
417941,16-25,female,majority,0-9y,none,poverty,0.3259890202984261,0.0,before 2015,0.0,0.0,10238,8000.0,sedan,0,0,0,1.0
459055,40-64,male,majority,20-29y,university,upper class,0.6540567904445873,1.0,before 2015,1.0,1.0,10238,13000.0,sports car,2,0,2,0.0
529478,40-64,male,majority,20-29y,university,upper class,0.5167747560186352,1.0,after 2015,1.0,1.0,10238,11000.0,sedan,3,0,1,0.0
55182,26-39,female,majority,10-19y,high school,working class,0.5178262960914578,1.0,after 2015,0.0,0.0,32765,10000.0,sedan,2,0,0,0.0
860897,40-64,male,majority,20-29y,university,upper class,0.6267889000650932,1.0,before 2015,1.0,1.0,10238,10000.0,sedan,5,0,3,0.0
458376,26-39,male,majority,0-9y,none,working class,0.1597997577289595,1.0,before 2015,1.0,1.0,10238,11000.0,sedan,0,0,0,1.0
606589,40-64,female,majority,0-9y,university,upper class,0.5760394844845216,1.0,after 2015,1.0,1.0,10238,11000.0,sedan,0,0,0,0.0
983527,26-39,male,majority,10-19y,none,working class,0.4633431868581646,0.0,before 2015,0.0,1.0,92101,17000.0,sedan,0,1,0,1.0
551216,65+,female,majority,10-19y,high school,upper class,0.6742701602109986,1.0,before 2015,1.0,1.0,10238,9000.0,sedan,0,0,0,0.0
948344,26-39,male,majority,10-19y,university,working class,,1.0,before 2015,0.0,1.0,32765,9000.0,sedan,4,1,3,0.0
464357,65+,male,minority,20-29y,university,upper class,0.8326489563639781,0.0,before 2015,1.0,1.0,10238,10000.0,sports car,1,2,2,0.0
139478,26-39,male,majority,10-19y,university,upper class,0.4768445211434441,1.0,after 2015,1.0,1.0,10238,9000.0,sedan,0,2,3,0.0
367827,26-39,female,majority,10-19y,high school,middle class,,1.0,before 2015,0.0,1.0,32765,13000.0,sedan,2,0,0,0.0
496206,40-64,male,majority,20-29y,university,upper class,0.6792241704003094,1.0,after 2015,0.0,1.0,10238,11000.0,sedan,2,1,6,0.0
36193,26-39,female,majority,10-19y,high school,working class,,1.0,before 2015,1.0,1.0,21217,11000.0,sedan,5,1,0,1.0
236351,65+,female,majority,20-29y,university,upper class,0.5024037809342222,1.0,after 2015,0.0,1.0,10238,16000.0,sedan,0,0,1,0.0
3794,16-25,female,minority,0-9y,none,poverty,0.3943319121379165,0.0,before 2015,0.0,0.0,10238,20000.0,sedan,0,0,0,1.0
458933,40-64,male,majority,0-9y,high school,poverty,0.2377429797670804,1.0,before 2015,0.0,1.0,32765,9000.0,sedan,0,0,0,1.0
530396,16-25,female,minority,0-9y,high school,middle class,0.4859557534361004,1.0,before 2015,0.0,0.0,10238,13000.0,sedan,0,0,0,1.0
217039,16-25,male,majority,0-9y,high school,poverty,0.2624461172696224,0.0,before 2015,0.0,0.0,10238,14000.0,sedan,0,0,0,1.0
387579,40-64,female,majority,20-29y,university,upper class,0.6039352516727398,1.0,after 2015,1.0,1.0,10238,9000.0,sedan,1,0,3,0.0
950198,65+,male,majority,0-9y,high school,upper class,0.5677656283040766,1.0,before 2015,1.0,1.0,10238,8000.0,sedan,0,0,0,0.0
554574,40-64,female,majority,0-9y,none,working class,,0.0,before 2015,0.0,1.0,32765,10000.0,sedan,0,0,0,1.0
650982,40-64,male,majority,10-19y,high school,upper class,0.6441497497980374,1.0,before 2015,0.0,1.0,10238,12000.0,sedan,0,0,2,0.0
773704,16-25,female,majority,0-9y,high school,poverty,0.367127679419884,0.0,before 2015,0.0,0.0,10238,15000.0,sedan,0,0,0,1.0
941328,26-39,female,majority,10-19y,high school,working class,0.3758981606207664,1.0,after 2015,0.0,0.0,10238,13000.0,sedan,1,0,1,0.0
980812,40-64,male,majority,0-9y,university,upper class,0.6767378432079026,1.0,after 2015,0.0,0.0,10238,18000.0,sedan,0,0,0,0.0
453408,16-25,female,majority,0-9y,high school,working class,0.4799110570189837,0.0,before 2015,0.0,1.0,10238,11000.0,sedan,0,0,0,1.0
257171,26-39,female,majority,10-19y,university,working class,0.4463443759766256,1.0,before 2015,0.0,0.0,32765,12000.0,sedan,2,0,0,0.0
604407,40-64,female,majority,20-29y,high school,upper class,0.4952958891181545,1.0,before 2015,0.0,0.0,32765,13000.0,sedan,3,0,0,0.0
636203,16-25,male,majority,0-9y,university,working class,0.5101284382203101,1.0,after 2015,0.0,0.0,10238,,sedan,0,0,0,0.0
610675,26-39,female,majority,0-9y,high school,working class,0.6231426423796359,1.0,after 2015,0.0,0.0,10238,16000.0,sedan,0,0,0,0.0
835797,40-64,female,minority,20-29y,none,working class,0.5730940318096671,0.0,before 2015,1.0,1.0,32765,9000.0,sedan,3,1,1,0.0
278892,26-39,male,majority,10-19y,high school,working class,0.4811909309274258,0.0,after 2015,0.0,1.0,10238,13000.0,sedan,1,1,1,0.0
231584,40-64,male,majority,20-29y,university,upper class,0.5663465365881118,1.0,after 2015,1.0,1.0,10238,,sedan,1,0,5,0.0
625037,40-64,male,majority,0-9y,university,upper class,0.6840376256963578,1.0,before 2015,1.0,1.0,32765,7000.0,sedan,0,0,0,1.0
699484,40-64,female,majority,0-9y,high school,middle class,,1.0,before 2015,1.0,1.0,92101,11000.0,sedan,0,0,0,0.0
471644,40-64,female,minority,20-29y,high school,middle class,0.4980701350202885,0.0,before 2015,1.0,1.0,10238,10000.0,sedan,1,2,2,0.0
839497,26-39,male,majority,0-9y,high school,poverty,0.4884787069775134,1.0,before 2015,0.0,0.0,10238,14000.0,sedan,0,0,0,1.0
72732,26-39,male,majority,10-19y,none,poverty,0.2586558183843642,0.0,before 2015,0.0,1.0,32765,8000.0,sedan,1,1,1,1.0
877627,26-39,female,majority,10-19y,none,poverty,0.4156931175537407,1.0,before 2015,0.0,0.0,10238,14000.0,sedan,0,0,0,0.0
691130,65+,male,majority,20-29y,university,upper class,0.6406213074929796,1.0,before 2015,1.0,1.0,10238,12000.0,sedan,4,0,3,0.0
53312,40-64,female,majority,20-29y,university,upper class,0.6218943396286831,1.0,after 2015,1.0,1.0,10238,,sedan,5,1,1,0.0
757549,26-39,female,majority,0-9y,university,working class,0.4279735401567581,0.0,before 2015,0.0,1.0,32765,10000.0,sedan,0,0,0,1.0
509716,16-25,male,majority,0-9y,university,poverty,0.4009780682608883,1.0,after 2015,0.0,1.0,10238,15000.0,sedan,0,0,0,0.0
173782,65+,male,majority,20-29y,high school,upper class,0.6256257210210231,1.0,after 2015,1.0,1.0,10238,7000.0,sedan,7,0,5,0.0
302006,26-39,female,majority,10-19y,high school,upper class,0.614557827125036,1.0,before 2015,1.0,1.0,10238,9000.0,sedan,2,0,0,0.0
156407,40-64,male,majority,0-9y,university,upper class,0.6604404425892082,1.0,before 2015,0.0,1.0,32765,10000.0,sedan,0,0,0,1.0
739273,65+,male,majority,30y+,high school,upper class,,1.0,after 2015,0.0,1.0,10238,16000.0,sedan,0,1,2,0.0
300985,16-25,male,majority,0-9y,high school,working class,0.4294508663165374,0.0,before 2015,0.0,0.0,92101,14000.0,sedan,0,0,0,1.0
325888,40-64,male,majority,20-29y,high school,working class,0.4704665936904266,1.0,before 2015,1.0,1.0,10238,9000.0,sedan,6,2,4,0.0
474543,26-39,female,majority,10-19y,high school,working class,0.3290069975625745,1.0,before 2015,1.0,0.0,10238,13000.0,sedan,4,0,1,0.0
285202,26-39,male,majority,10-19y,university,middle class,,1.0,before 2015,1.0,0.0,10238,13000.0,sedan,0,0,2,0.0
149754,16-25,female,majority,0-9y,university,upper class,0.5735998414233406,1.0,after 2015,1.0,1.0,32765,11000.0,sedan,0,0,0,0.0
247376,26-39,female,majority,10-19y,high school,working class,0.6878963980853564,1.0,before 2015,1.0,1.0,10238,,sedan,1,0,0,0.0
350475,26-39,male,majority,10-19y,university,upper class,0.4740870981019768,1.0,before 2015,0.0,1.0,32765,11000.0,sedan,2,0,1,1.0
804055,26-39,female,majority,0-9y,university,middle class,0.583189088445011,1.0,after 2015,1.0,1.0,32765,9000.0,sedan,0,0,0,1.0
455304,40-64,male,majority,10-19y,high school,middle class,0.5062116529171277,0.0,before 2015,1.0,0.0,10238,11000.0,sedan,3,0,1,0.0
265584,40-64,female,majority,20-29y,high school,upper class,0.623114483961224,0.0,before 2015,1.0,1.0,10238,10000.0,sedan,1,0,0,0.0
424768,26-39,male,majority,10-19y,high school,upper class,0.5213848385800545,1.0,after 2015,1.0,1.0,92101,9000.0,sedan,2,1,0,1.0
857764,26-39,female,majority,10-19y,high school,working class,0.279203352185019,0.0,after 2015,0.0,0.0,10238,14000.0,sedan,0,0,0,0.0
626675,65+,male,majority,30y+,high school,upper class,0.7494278169433513,1.0,after 2015,1.0,1.0,10238,9000.0,sedan,7,1,6,0.0
520581,40-64,male,majority,20-29y,high school,middle class,0.6050150174493037,1.0,before 2015,0.0,0.0,10238,15000.0,sedan,0,1,1,0.0
601768,26-39,female,majority,10-19y,university,middle class,0.5194150614348835,1.0,after 2015,0.0,1.0,10238,,sedan,0,0,1,0.0
813341,65+,female,minority,30y+,none,middle class,0.4874645595687514,1.0,before 2015,1.0,1.0,32765,5000.0,sedan,3,0,0,0.0
73810,40-64,male,minority,20-29y,high school,upper class,0.5215891002294921,1.0,before 2015,1.0,0.0,10238,7000.0,sedan,4,2,6,0.0
519425,65+,female,majority,30y+,university,upper class,0.6306806950888181,1.0,after 2015,1.0,1.0,10238,12000.0,sedan,0,0,2,0.0
25377,26-39,male,majority,0-9y,university,upper class,0.6384537592587721,1.0,after 2015,1.0,1.0,10238,7000.0,sedan,0,0,0,0.0
512100,40-64,male,majority,20-29y,university,middle class,0.3712489315888498,1.0,before 2015,1.0,1.0,32765,5000.0,sedan,12,0,2,0.0
288623,26-39,female,majority,10-19y,university,upper class,,1.0,after 2015,0.0,1.0,10238,16000.0,sedan,1,0,0,0.0
291065,65+,male,majority,10-19y,university,upper class,0.5744303378575564,0.0,before 2015,0.0,1.0,92101,12000.0,sedan,3,0,1,1.0
75592,40-64,female,majority,10-19y,high school,working class,0.3158628767091658,1.0,before 2015,0.0,1.0,10238,11000.0,sedan,0,0,1,0.0
834556,26-39,male,majority,10-19y,university,upper class,0.5714769821309994,1.0,after 2015,0.0,0.0,10238,15000.0,sedan,1,0,2,1.0
330207,40-64,female,majority,20-29y,university,upper class,0.6172238033115515,0.0,after 2015,1.0,1.0,32765,10000.0,sedan,4,3,3,0.0
404468,40-64,female,majority,20-29y,high school,poverty,0.3980314872138732,1.0,before 2015,0.0,0.0,10238,18000.0,sedan,0,0,0,0.0
163488,16-25,female,majority,0-9y,university,poverty,0.3710940022822425,0.0,before 2015,0.0,0.0,92101,16000.0,sedan,0,0,0,1.0
475769,65+,female,majority,30y+,high school,upper class,0.6317162489968055,1.0,before 2015,1.0,1.0,10238,9000.0,sedan,4,0,3,0.0
998629,26-39,male,majority,10-19y,high school,working class,0.4739201483394298,1.0,before 2015,0.0,1.0,10238,12000.0,sedan,3,1,4,1.0
889608,26-39,male,majority,10-19y,high school,working class,0.453471335053696,0.0,before 2015,0.0,1.0,10238,11000.0,sedan,1,0,3,1.0
577300,40-64,female,majority,0-9y,university,upper class,0.6876975534249411,1.0,after 2015,1.0,1.0,10238,9000.0,sedan,0,0,0,0.0
659468,65+,male,majority,10-19y,university,upper class,0.5546030942377342,1.0,before 2015,0.0,1.0,10238,12000.0,sedan,2,0,2,1.0
71068,26-39,male,majority,10-19y,university,upper class,0.6451295780112309,1.0,before 2015,0.0,1.0,10238,14000.0,sedan,0,0,0,1.0
936820,26-39,female,majority,10-19y,high school,working class,0.3578391720711443,1.0,before 2015,0.0,1.0,32765,12000.0,sedan,1,0,0,1.0
173718,40-64,male,majority,10-19y,university,upper class,0.5742174527670603,1.0,before 2015,0.0,1.0,10238,14000.0,sedan,0,0,2,0.0
407435,40-64,female,majority,20-29y,university,upper class,0.6380148539874897,1.0,before 2015,1.0,1.0,92101,11000.0,sedan,3,0,1,0.0
856243,26-39,female,majority,10-19y,high school,middle class,0.3327537311182371,1.0,before 2015,0.0,0.0,32765,12000.0,sedan,3,0,1,0.0
816240,40-64,male,majority,20-29y,university,upper class,0.7322235004923803,1.0,after 2015,1.0,1.0,10238,10000.0,sedan,1,1,4,0.0
191852,40-64,male,majority,20-29y,high school,working class,,0.0,before 2015,1.0,1.0,10238,9000.0,sedan,7,1,5,0.0
404970,40-64,male,majority,10-19y,high school,upper class,0.6744817474906067,1.0,after 2015,0.0,1.0,10238,11000.0,sedan,2,0,1,0.0
143667,40-64,female,majority,20-29y,high school,working class,0.4042657038387842,1.0,before 2015,1.0,1.0,10238,12000.0,sedan,4,0,3,0.0
424219,26-39,male,majority,10-19y,high school,middle class,0.5853603535113396,0.0,before 2015,1.0,1.0,10238,9000.0,sedan,1,0,5,0.0
434588,40-64,female,majority,20-29y,high school,middle class,0.5458549671901977,1.0,before 2015,1.0,1.0,10238,11000.0,sedan,2,0,0,0.0
491394,26-39,male,majority,10-19y,high school,working class,0.3368387192320729,1.0,before 2015,1.0,1.0,10238,12000.0,sedan,0,0,2,0.0
732437,16-25,male,majority,0-9y,none,poverty,0.3184419972124171,1.0,before 2015,0.0,1.0,32765,10000.0,sedan,0,0,0,1.0
981859,40-64,male,majority,0-9y,high school,middle class,0.5441752593021895,0.0,before 2015,1.0,1.0,10238,12000.0,sports car,0,0,0,1.0
75569,40-64,female,majority,20-29y,high school,upper class,0.4956283926329951,0.0,after 2015,1.0,0.0,10238,11000.0,sedan,2,0,0,0.0
519649,40-64,male,majority,10-19y,high school,working class,0.5490455685362805,0.0,before 2015,0.0,1.0,32765,9000.0,sedan,2,0,0,1.0
292767,65+,female,majority,30y+,high school,upper class,0.5474226018840016,0.0,after 2015,0.0,1.0,10238,9000.0,sedan,3,0,0,0.0
366291,26-39,female,majority,10-19y,university,middle class,0.5599372295279516,1.0,before 2015,1.0,1.0,10238,14000.0,sports car,0,0,1,0.0
45797,16-25,female,majority,0-9y,high school,poverty,0.3734827746520789,0.0,before 2015,0.0,0.0,10238,18000.0,sedan,0,0,0,1.0
800779,26-39,female,majority,10-19y,university,working class,0.2772801448497201,1.0,before 2015,0.0,0.0,10238,16000.0,sedan,0,1,0,0.0
147303,40-64,male,majority,0-9y,university,upper class,0.6515844199466503,0.0,after 2015,1.0,1.0,10238,11000.0,sedan,0,0,0,1.0
11081,40-64,female,majority,0-9y,high school,upper class,0.5393607235471423,1.0,before 2015,1.0,1.0,10238,7000.0,sedan,0,0,0,0.0
340581,26-39,female,minority,10-19y,high school,working class,0.3436298333031708,1.0,after 2015,0.0,1.0,10238,13000.0,sedan,0,0,0,0.0
621406,40-64,male,majority,10-19y,university,upper class,0.4802232941441088,1.0,before 2015,1.0,1.0,32765,11000.0,sedan,5,0,0,0.0
56179,40-64,female,majority,20-29y,high school,upper class,0.5906781386208667,1.0,after 2015,1.0,1.0,10238,12000.0,sedan,2,0,0,0.0
215190,40-64,female,majority,10-19y,high school,middle class,0.6694575152378006,0.0,before 2015,0.0,1.0,10238,13000.0,sedan,2,0,0,1.0
257044,16-25,female,majority,0-9y,high school,upper class,0.5035366080346114,1.0,after 2015,0.0,0.0,10238,14000.0,sedan,0,0,0,0.0
916521,26-39,female,majority,0-9y,none,poverty,0.2611478581802328,1.0,before 2015,1.0,1.0,10238,9000.0,sedan,0,0,0,0.0
315430,40-64,female,majority,0-9y,none,working class,0.4705707177894082,1.0,before 2015,0.0,1.0,10238,12000.0,sedan,0,0,0,0.0
239778,16-25,female,majority,0-9y,none,poverty,0.2288649445584185,0.0,before 2015,0.0,0.0,32765,13000.0,sedan,0,0,0,1.0
770081,26-39,female,majority,10-19y,university,middle class,0.4676859181203905,0.0,after 2015,0.0,0.0,10238,17000.0,sedan,2,0,1,0.0
219279,16-25,male,minority,0-9y,high school,middle class,0.4031187478227301,1.0,before 2015,0.0,1.0,10238,13000.0,sedan,0,0,0,1.0
148942,40-64,male,majority,20-29y,university,upper class,0.705442773887285,1.0,after 2015,1.0,1.0,92101,14000.0,sedan,1,0,3,0.0
616100,26-39,male,majority,10-19y,none,poverty,0.1942253046228653,1.0,before 2015,1.0,0.0,32765,,sedan,5,0,1,0.0
34607,40-64,female,majority,10-19y,university,upper class,0.5571758435147541,1.0,before 2015,0.0,0.0,10238,14000.0,sedan,1,0,0,0.0
188143,65+,female,minority,30y+,none,upper class,0.7414788853671013,1.0,before 2015,1.0,1.0,10238,8000.0,sedan,4,0,1,0.0
16212,26-39,male,minority,10-19y,high school,poverty,0.2738592348759809,0.0,after 2015,0.0,0.0,10238,14000.0,sedan,2,0,3,0.0
983619,40-64,male,majority,20-29y,high school,upper class,0.6698449508438887,1.0,before 2015,1.0,1.0,10238,17000.0,sedan,2,0,2,1.0
608261,16-25,female,minority,0-9y,high school,middle class,0.4253480722703757,0.0,after 2015,1.0,1.0,10238,11000.0,sedan,0,0,0,0.0
720043,40-64,male,majority,10-19y,high school,upper class,0.6725715083125458,0.0,before 2015,1.0,1.0,32765,8000.0,sedan,4,0,0,1.0
319701,16-25,male,majority,0-9y,university,working class,0.2829020455477811,0.0,before 2015,0.0,0.0,10238,15000.0,sedan,0,0,0,1.0
47909,65+,male,majority,10-19y,university,upper class,0.4295096986208441,1.0,before 2015,1.0,1.0,10238,10000.0,sedan,1,0,4,0.0
360703,16-25,female,majority,0-9y,high school,working class,0.3460717429448234,1.0,before 2015,0.0,0.0,10238,18000.0,sedan,0,0,0,1.0
882662,65+,female,majority,10-19y,high school,upper class,0.6851295953595035,1.0,before 2015,1.0,1.0,10238,13000.0,sedan,0,0,1,0.0
298541,26-39,male,majority,10-19y,university,working class,,1.0,before 2015,0.0,1.0,10238,12000.0,sedan,3,0,3,0.0
451000,40-64,female,majority,10-19y,university,upper class,0.6018766889416584,1.0,before 2015,0.0,1.0,10238,11000.0,sedan,2,0,1,0.0
610663,26-39,male,majority,10-19y,high school,working class,0.4787494991822766,1.0,before 2015,1.0,1.0,10238,4000.0,sedan,0,0,2,0.0
405088,16-25,female,minority,0-9y,none,poverty,0.4578014012488603,0.0,before 2015,0.0,1.0,10238,12000.0,sedan,0,0,0,1.0
670801,40-64,male,majority,20-29y,high school,upper class,0.5190099503610509,1.0,after 2015,1.0,1.0,10238,13000.0,sedan,2,0,4,0.0
805429,65+,female,majority,10-19y,high school,upper class,0.7652083979591556,0.0,before 2015,1.0,1.0,10238,9000.0,sedan,2,0,1,0.0
511886,16-25,male,majority,0-9y,none,poverty,0.3636576200959945,0.0,before 2015,0.0,0.0,10238,16000.0,sedan,0,0,0,1.0
42168,16-25,female,majority,0-9y,high school,working class,0.5013713614016168,1.0,before 2015,1.0,1.0,10238,11000.0,sedan,0,0,0,0.0
479398,26-39,male,majority,0-9y,university,upper class,0.5305232920631499,1.0,after 2015,1.0,0.0,10238,,sedan,0,0,0,0.0
347529,26-39,male,majority,10-19y,high school,poverty,0.426888913221868,0.0,before 2015,0.0,1.0,32765,9000.0,sedan,4,0,0,0.0
766817,40-64,male,majority,20-29y,none,working class,,1.0,before 2015,0.0,1.0,10238,13000.0,sedan,5,1,2,0.0
558748,65+,female,majority,30y+,university,upper class,0.6226519789949738,1.0,after 2015,1.0,1.0,10238,11000.0,sedan,1,0,0,0.0
589757,40-64,female,majority,20-29y,high school,upper class,0.5352743096602144,1.0,before 2015,1.0,1.0,92101,7000.0,sedan,2,0,0,0.0
84982,65+,female,majority,20-29y,high school,upper class,0.6152347771487434,0.0,before 2015,1.0,1.0,32765,10000.0,sedan,1,2,0,0.0
192205,40-64,male,majority,20-29y,none,working class,0.3489035295310353,1.0,before 2015,1.0,1.0,10238,9000.0,sedan,4,2,2,0.0
139382,26-39,male,majority,0-9y,university,middle class,,1.0,before 2015,1.0,1.0,10238,11000.0,sedan,0,0,0,0.0
287438,40-64,male,majority,0-9y,none,poverty,0.3591904547041292,1.0,before 2015,0.0,1.0,10238,12000.0,sedan,0,0,0,1.0
589915,26-39,male,majority,0-9y,none,poverty,,0.0,before 2015,0.0,0.0,32765,15000.0,sedan,0,0,0,1.0
869505,65+,female,minority,0-9y,high school,upper class,0.6174783889735851,1.0,before 2015,1.0,1.0,10238,9000.0,sedan,0,0,0,0.0
45676,16-25,male,majority,0-9y,high school,poverty,0.3878614278319642,1.0,before 2015,0.0,0.0,10238,15000.0,sedan,0,0,0,0.0
910818,26-39,male,majority,10-19y,none,working class,0.4250601733588461,0.0,before 2015,1.0,1.0,10238,11000.0,sedan,0,0,1,0.0
119756,16-25,male,majority,0-9y,high school,poverty,0.3738686726843104,0.0,before 2015,0.0,1.0,32765,11000.0,sedan,0,0,0,1.0
971102,26-39,female,majority,10-19y,none,working class,0.5378340344693218,1.0,before 2015,0.0,1.0,10238,12000.0,sedan,0,0,0,0.0
963857,26-39,female,majority,10-19y,high school,poverty,,0.0,before 2015,0.0,1.0,10238,12000.0,sedan,0,0,1,1.0
402970,16-25,male,majority,0-9y,university,working class,0.6477056226267793,1.0,before 2015,0.0,1.0,21217,13000.0,sedan,0,0,0,1.0
112337,65+,female,majority,0-9y,university,upper class,0.6163289121884691,1.0,after 2015,0.0,1.0,10238,,sedan,0,0,0,0.0
454318,40-64,female,majority,0-9y,high school,upper class,0.8434489676369233,1.0,after 2015,1.0,1.0,10238,,sedan,0,0,0,0.0
544087,26-39,male,majority,0-9y,high school,middle class,0.5010350861435451,1.0,after 2015,0.0,1.0,10238,12000.0,sedan,0,0,0,0.0
115999,40-64,male,majority,10-19y,university,upper class,0.6764409759079514,1.0,after 2015,1.0,0.0,10238,7000.0,sedan,1,0,2,0.0
943932,65+,male,majority,0-9y,university,upper class,0.6326203241626039,1.0,after 2015,1.0,1.0,10238,10000.0,sedan,0,0,0,0.0
689719,65+,female,majority,30y+,university,upper class,0.4944256965535072,0.0,after 2015,1.0,1.0,10238,12000.0,sedan,4,1,1,0.0
84458,40-64,female,majority,20-29y,university,middle class,0.6541090370826581,1.0,before 2015,0.0,1.0,32765,9000.0,sedan,2,1,1,1.0
212573,16-25,female,minority,0-9y,high school,poverty,0.2673466585061873,0.0,before 2015,0.0,0.0,10238,17000.0,sedan,0,0,0,0.0
95325,26-39,male,minority,10-19y,university,middle class,0.5084625781420464,1.0,before 2015,0.0,0.0,10238,,sedan,1,0,2,0.0
394432,26-39,female,majority,10-19y,none,middle class,0.6531346805952563,0.0,before 2015,1.0,0.0,10238,10000.0,sedan,0,0,0,1.0
924311,16-25,male,majority,0-9y,high school,working class,0.451666058884765,1.0,after 2015,0.0,0.0,32765,12000.0,sedan,0,0,0,0.0
873747,26-39,female,majority,10-19y,university,middle class,,1.0,before 2015,1.0,1.0,10238,8000.0,sedan,1,1,2,0.0
770040,65+,male,majority,30y+,university,upper class,0.4116860227080717,1.0,before 2015,1.0,1.0,10238,11000.0,sports car,4,2,4,0.0
170044,26-39,female,minority,10-19y,university,middle class,0.5063790437972379,1.0,before 2015,0.0,0.0,10238,16000.0,sedan,0,0,0,0.0
540632,26-39,male,majority,10-19y,high school,working class,0.5775147742265758,1.0,before 2015,0.0,0.0,10238,16000.0,sedan,2,1,0,0.0
138845,40-64,male,majority,20-29y,university,upper class,0.5391318538288697,1.0,before 2015,0.0,0.0,10238,13000.0,sedan,3,0,1,0.0
396727,26-39,female,majority,10-19y,high school,middle class,0.4423605430687393,1.0,after 2015,0.0,1.0,10238,17000.0,sedan,0,0,0,0.0
930350,65+,male,majority,30y+,university,upper class,0.5838715347636926,1.0,before 2015,1.0,1.0,10238,12000.0,sedan,3,0,4,0.0
614012,40-64,male,majority,10-19y,university,upper class,0.5350458989224304,1.0,before 2015,1.0,1.0,10238,8000.0,sedan,1,2,4,0.0
913451,65+,male,majority,30y+,high school,middle class,0.4628364662982673,1.0,before 2015,1.0,1.0,32765,,sedan,5,0,2,0.0
277802,26-39,male,majority,10-19y,university,upper class,0.5681315286992283,0.0,after 2015,1.0,0.0,92101,17000.0,sedan,0,0,0,1.0
389152,16-25,female,majority,0-9y,high school,middle class,0.6002312656355571,1.0,after 2015,1.0,1.0,32765,7000.0,sedan,0,0,0,0.0
793641,65+,female,majority,0-9y,high school,upper class,0.6884061990645639,0.0,before 2015,1.0,1.0,10238,10000.0,sports car,0,0,0,1.0
143410,40-64,female,majority,20-29y,university,middle class,0.5993749214349967,0.0,before 2015,0.0,0.0,10238,18000.0,sedan,0,0,2,0.0
599712,40-64,male,majority,20-29y,university,upper class,,1.0,before 2015,0.0,1.0,32765,13000.0,sedan,3,1,0,0.0
185905,26-39,male,majority,10-19y,high school,poverty,0.4480598377541555,1.0,before 2015,0.0,1.0,10238,15000.0,sedan,1,0,1,0.0
210028,40-64,female,minority,20-29y,none,middle class,0.5216370293764842,1.0,before 2015,0.0,0.0,10238,16000.0,sedan,3,0,1,0.0
982723,40-64,female,majority,20-29y,university,upper class,0.8545378157755381,1.0,after 2015,1.0,1.0,10238,9000.0,sedan,2,0,0,0.0
402870,26-39,male,majority,10-19y,university,upper class,0.6993598226115749,1.0,after 2015,1.0,1.0,32765,6000.0,sedan,2,0,2,0.0
519746,40-64,female,majority,10-19y,high school,middle class,0.537108787941457,1.0,before 2015,1.0,1.0,10238,10000.0,sedan,1,0,2,0.0
778715,26-39,female,majority,10-19y,high school,working class,0.4586346490181029,1.0,before 2015,0.0,1.0,10238,14000.0,sedan,1,0,0,0.0
61366,26-39,female,majority,10-19y,high school,poverty,0.3184620887749849,0.0,before 2015,0.0,0.0,10238,17000.0,sedan,1,0,0,1.0
196636,40-64,female,majority,20-29y,high school,upper class,0.6611710576890076,1.0,before 2015,0.0,0.0,10238,14000.0,sedan,2,0,2,0.0
826670,40-64,female,majority,0-9y,university,upper class,0.6901480984334583,1.0,before 2015,1.0,1.0,32765,7000.0,sedan,0,0,0,0.0
173889,40-64,male,majority,0-9y,university,upper class,0.5976223043983767,1.0,after 2015,0.0,0.0,92101,19000.0,sedan,0,0,0,1.0
302346,40-64,male,majority,20-29y,none,poverty,,1.0,before 2015,0.0,1.0,10238,14000.0,sedan,3,1,4,0.0
303443,65+,female,majority,0-9y,university,upper class,0.532484745593896,1.0,before 2015,1.0,1.0,10238,11000.0,sedan,0,0,0,0.0
163162,65+,male,majority,20-29y,university,upper class,0.6337853539861222,1.0,after 2015,1.0,1.0,10238,13000.0,sedan,1,0,1,0.0
427006,26-39,male,majority,10-19y,high school,working class,0.4078819608139088,1.0,after 2015,0.0,0.0,10238,19000.0,sedan,1,0,1,0.0
808000,26-39,male,majority,0-9y,university,upper class,0.4895004040886845,1.0,after 2015,0.0,1.0,10238,15000.0,sedan,0,0,0,0.0
388250,65+,female,majority,30y+,high school,upper class,0.6979233163898869,1.0,before 2015,1.0,1.0,10238,8000.0,sedan,3,0,4,0.0
479789,26-39,male,majority,10-19y,high school,poverty,,0.0,before 2015,0.0,0.0,10238,,sedan,1,0,2,1.0
32633,26-39,male,majority,10-19y,none,middle class,0.4248440726698839,0.0,after 2015,0.0,1.0,10238,13000.0,sedan,2,0,2,0.0
255685,40-64,male,majority,20-29y,high school,upper class,0.5597353692525334,1.0,after 2015,0.0,1.0,92101,,sedan,5,0,1,0.0
554754,40-64,male,majority,20-29y,high school,working class,0.2146247702466887,1.0,before 2015,1.0,1.0,32765,8000.0,sedan,4,1,3,0.0
149960,16-25,male,majority,0-9y,university,poverty,0.2808705143671906,0.0,before 2015,0.0,1.0,10238,13000.0,sedan,0,0,0,1.0
597837,26-39,male,majority,10-19y,none,poverty,0.3753076504602436,1.0,before 2015,0.0,0.0,10238,14000.0,sedan,1,2,3,0.0
516100,65+,male,majority,20-29y,university,upper class,,1.0,before 2015,1.0,1.0,10238,8000.0,sedan,3,1,0,0.0
988365,40-64,female,majority,20-29y,high school,middle class,0.7103381761541934,1.0,before 2015,0.0,1.0,32765,,sedan,1,1,0,0.0
380740,65+,male,majority,30y+,university,upper class,0.7264400018455291,1.0,after 2015,1.0,1.0,10238,7000.0,sedan,2,0,3,0.0
9914,26-39,male,majority,10-19y,none,poverty,0.2942081165547001,0.0,before 2015,0.0,1.0,10238,16000.0,sedan,1,1,2,1.0
958076,16-25,male,majority,0-9y,university,upper class,0.6932730562505753,1.0,before 2015,1.0,0.0,92101,15000.0,sedan,0,0,0,0.0
537020,65+,female,majority,20-29y,university,upper class,0.6131027456976457,1.0,before 2015,1.0,1.0,32765,11000.0,sedan,2,0,1,0.0
914388,65+,male,majority,30y+,high school,upper class,0.5833267372571846,1.0,after 2015,0.0,1.0,10238,14000.0,sedan,4,1,6,0.0
378356,26-39,male,majority,10-19y,none,poverty,0.1428568741606682,1.0,before 2015,1.0,1.0,32765,8000.0,sedan,3,1,0,1.0
364089,26-39,male,majority,10-19y,none,poverty,0.4220315334045105,1.0,before 2015,0.0,1.0,92101,11000.0,sedan,1,0,0,0.0
882603,26-39,male,majority,10-19y,university,working class,0.2910017108300862,1.0,before 2015,0.0,1.0,10238,10000.0,sedan,2,1,3,0.0
314104,26-39,male,majority,0-9y,high school,working class,0.4689000702579813,1.0,before 2015,1.0,1.0,32765,7000.0,sedan,0,0,0,0.0
222065,40-64,female,majority,0-9y,none,working class,0.4818636843468437,1.0,before 2015,0.0,1.0,32765,13000.0,sedan,0,0,0,1.0
892385,26-39,female,majority,10-19y,none,working class,0.5112126383499591,0.0,after 2015,0.0,1.0,10238,15000.0,sedan,0,0,0,0.0
717908,40-64,female,majority,0-9y,university,upper class,0.5677135244725591,1.0,before 2015,0.0,1.0,10238,12000.0,sedan,0,0,0,0.0
397691,26-39,male,majority,0-9y,none,working class,0.346268248189127,1.0,before 2015,0.0,1.0,10238,11000.0,sports car,0,0,0,1.0
577364,65+,female,majority,30y+,university,upper class,0.487878682997909,0.0,before 2015,0.0,1.0,10238,12000.0,sedan,3,0,2,0.0
381,65+,female,majority,30y+,high school,upper class,0.6520665505738693,1.0,after 2015,0.0,1.0,10238,15000.0,sedan,3,0,0,0.0
567014,40-64,male,majority,20-29y,university,upper class,0.6811059027128888,0.0,before 2015,1.0,1.0,10238,10000.0,sedan,5,2,3,0.0
827537,26-39,female,minority,0-9y,none,working class,0.5496517545256305,0.0,before 2015,0.0,1.0,32765,12000.0,sedan,0,0,0,1.0
320313,26-39,female,majority,10-19y,high school,upper class,0.5957149581490123,1.0,before 2015,1.0,1.0,10238,7000.0,sedan,2,0,2,0.0
176701,65+,female,majority,30y+,high school,upper class,0.7347168609010569,1.0,before 2015,0.0,1.0,92101,14000.0,sedan,4,0,2,0.0
463229,26-39,female,majority,10-19y,high school,poverty,0.4272678792680286,0.0,before 2015,1.0,0.0,92101,9000.0,sedan,1,0,0,1.0
184523,26-39,female,majority,0-9y,high school,working class,0.3391035506129656,0.0,before 2015,0.0,0.0,32765,,sedan,0,0,0,0.0
451148,65+,female,minority,20-29y,high school,upper class,0.6624382802068757,0.0,before 2015,0.0,1.0,32765,12000.0,sedan,3,1,0,0.0
748101,26-39,female,majority,10-19y,high school,poverty,0.3163694393923692,0.0,before 2015,0.0,0.0,10238,15000.0,sedan,0,0,1,1.0
588867,65+,male,majority,30y+,university,upper class,0.5696387767787482,1.0,before 2015,1.0,0.0,32765,,sedan,19,0,2,0.0
613223,16-25,female,majority,0-9y,none,poverty,0.2985441413252823,1.0,after 2015,0.0,1.0,32765,12000.0,sedan,0,0,0,1.0
928462,65+,male,majority,30y+,university,upper class,0.6370954701874278,1.0,before 2015,0.0,1.0,10238,12000.0,sedan,9,1,5,0.0
946774,26-39,male,majority,10-19y,university,upper class,0.6207699274694463,0.0,before 2015,1.0,1.0,10238,8000.0,sedan,2,0,2,1.0
759478,40-64,female,majority,0-9y,university,upper class,,1.0,before 2015,1.0,1.0,10238,,sedan,0,0,0,0.0
732607,65+,female,majority,0-9y,high school,upper class,0.5664904029172433,0.0,before 2015,1.0,1.0,10238,11000.0,sports car,0,0,0,1.0
966182,65+,female,majority,10-19y,university,upper class,0.6809430993894428,1.0,after 2015,1.0,1.0,10238,9000.0,sedan,1,0,2,0.0
338816,40-64,male,majority,20-29y,high school,middle class,0.5701658701665713,1.0,before 2015,0.0,0.0,10238,18000.0,sedan,1,1,4,0.0
127667,26-39,male,majority,10-19y,university,poverty,0.3882388796751679,1.0,before 2015,0.0,0.0,10238,14000.0,sports car,1,0,1,0.0
599086,65+,male,minority,10-19y,university,upper class,0.7512264246202771,1.0,after 2015,0.0,1.0,10238,16000.0,sedan,0,0,0,0.0
659796,40-64,female,majority,10-19y,university,middle class,,0.0,before 2015,1.0,1.0,10238,8000.0,sedan,1,0,4,0.0
410567,40-64,male,majority,10-19y,high school,upper class,0.6454122358942709,1.0,before 2015,0.0,1.0,10238,15000.0,sedan,1,1,2,0.0
76084,40-64,male,majority,20-29y,university,upper class,0.4829458100969476,1.0,after 2015,1.0,1.0,10238,12000.0,sedan,2,1,1,0.0
144033,40-64,female,majority,20-29y,high school,upper class,,1.0,before 2015,1.0,1.0,92101,11000.0,sedan,1,0,1,0.0
88713,26-39,female,majority,10-19y,high school,middle class,,1.0,before 2015,0.0,1.0,10238,13000.0,sedan,1,0,0,0.0
345626,26-39,male,majority,10-19y,high school,poverty,0.2939442709464665,0.0,before 2015,0.0,0.0,10238,15000.0,sedan,0,0,1,1.0
988023,26-39,female,majority,10-19y,none,poverty,0.3378251853625473,1.0,before 2015,1.0,1.0,32765,8000.0,sedan,3,0,0,0.0
775407,26-39,female,majority,10-19y,university,upper class,0.5494479170141523,1.0,before 2015,1.0,0.0,10238,11000.0,sedan,2,0,0,0.0
353086,40-64,male,majority,20-29y,high school,poverty,0.207432545579217,0.0,before 2015,0.0,0.0,10238,16000.0,sedan,2,1,0,0.0
197864,26-39,male,majority,0-9y,university,middle class,0.4284715478507027,1.0,before 2015,0.0,0.0,32765,16000.0,sedan,0,0,0,1.0
967989,26-39,male,majority,10-19y,university,upper class,0.6742767504980904,1.0,before 2015,1.0,1.0,10238,8000.0,sedan,2,0,1,0.0
310616,65+,female,majority,10-19y,high school,upper class,0.4419299636477104,1.0,before 2015,1.0,1.0,10238,10000.0,sedan,0,0,0,0.0
474084,26-39,male,majority,0-9y,high school,poverty,0.4461119645548444,1.0,before 2015,0.0,0.0,32765,14000.0,sedan,0,0,0,1.0
594766,65+,female,majority,30y+,university,upper class,,1.0,before 2015,1.0,1.0,10238,7000.0,sedan,3,1,1,0.0
989175,26-39,female,majority,10-19y,high school,middle class,,1.0,before 2015,1.0,1.0,10238,11000.0,sedan,2,0,4,0.0
137496,40-64,female,majority,20-29y,high school,upper class,0.5440686984599911,1.0,before 2015,1.0,1.0,10238,12000.0,sedan,2,0,3,0.0
739655,65+,male,majority,30y+,high school,upper class,0.6877893170484483,1.0,after 2015,1.0,1.0,10238,11000.0,sedan,4,1,4,0.0
421512,65+,female,minority,30y+,high school,upper class,0.5927750798163787,1.0,before 2015,1.0,1.0,10238,8000.0,sedan,7,0,5,0.0
380371,26-39,female,majority,10-19y,none,working class,0.3526523603530174,1.0,after 2015,0.0,0.0,10238,16000.0,sedan,2,0,0,0.0
947931,26-39,female,majority,10-19y,high school,middle class,0.3652866241614818,1.0,before 2015,1.0,0.0,10238,15000.0,sedan,0,2,1,0.0
730682,26-39,male,majority,10-19y,none,working class,0.5346391972409114,0.0,before 2015,1.0,1.0,10238,12000.0,sedan,1,0,3,1.0
68610,40-64,female,majority,20-29y,high school,upper class,0.5234621609966821,1.0,after 2015,1.0,1.0,10238,8000.0,sedan,2,0,3,0.0
473737,40-64,male,majority,20-29y,high school,upper class,0.6498365562719705,1.0,before 2015,0.0,1.0,10238,10000.0,sedan,1,2,4,0.0
830795,26-39,female,majority,10-19y,university,upper class,0.4893652258060092,1.0,before 2015,1.0,1.0,10238,15000.0,sedan,1,0,1,1.0
255073,40-64,female,majority,0-9y,university,upper class,0.4822812248557766,1.0,after 2015,0.0,1.0,10238,11000.0,sedan,0,0,0,0.0
520811,16-25,female,majority,0-9y,none,poverty,0.5240612874798722,0.0,before 2015,0.0,0.0,32765,15000.0,sports car,0,0,0,1.0
558961,26-39,female,majority,10-19y,high school,middle class,0.4264590850148064,1.0,after 2015,1.0,1.0,10238,10000.0,sedan,1,1,2,0.0
870749,40-64,male,minority,10-19y,university,upper class,0.4726022884043881,1.0,after 2015,1.0,1.0,92101,13000.0,sedan,0,0,1,0.0
829301,40-64,male,majority,20-29y,high school,upper class,0.6129652656266467,1.0,after 2015,1.0,0.0,32765,14000.0,sedan,6,3,0,0.0
183084,26-39,male,majority,10-19y,none,working class,0.4280887922467216,1.0,before 2015,1.0,0.0,10238,12000.0,sedan,1,0,2,1.0
703481,40-64,male,majority,0-9y,none,poverty,0.319759225886556,0.0,before 2015,0.0,1.0,10238,13000.0,sedan,0,0,0,1.0
199079,65+,female,majority,20-29y,high school,upper class,0.6549348081166056,1.0,after 2015,0.0,1.0,32765,11000.0,sedan,2,0,0,0.0
761644,16-25,male,majority,0-9y,none,working class,0.414583629702858,1.0,before 2015,0.0,0.0,10238,15000.0,sedan,0,0,0,1.0
379539,65+,female,majority,30y+,university,upper class,0.7146856523438829,1.0,after 2015,1.0,1.0,10238,11000.0,sedan,2,0,4,0.0
342908,65+,female,majority,30y+,high school,working class,,1.0,before 2015,0.0,1.0,32765,14000.0,sedan,6,4,0,0.0
580705,16-25,male,majority,0-9y,university,working class,0.3993268713029674,0.0,before 2015,0.0,0.0,10238,15000.0,sedan,0,0,0,1.0
102757,65+,female,minority,10-19y,none,upper class,0.6854090454032493,1.0,after 2015,1.0,1.0,10238,11000.0,sedan,1,0,0,0.0
21860,16-25,female,majority,0-9y,high school,working class,0.5125630718902512,1.0,before 2015,0.0,0.0,32765,12000.0,sedan,0,0,0,1.0
295157,40-64,male,majority,20-29y,university,upper class,0.5714999429200536,1.0,after 2015,0.0,0.0,32765,13000.0,sedan,1,0,1,0.0
616159,16-25,female,majority,0-9y,none,poverty,0.3898857230914056,0.0,before 2015,0.0,0.0,32765,11000.0,sedan,0,0,0,1.0
842325,26-39,male,majority,10-19y,high school,middle class,0.466890958934644,1.0,before 2015,1.0,1.0,32765,10000.0,sedan,2,0,1,0.0
627921,16-25,male,minority,0-9y,university,working class,0.412721534132624,1.0,before 2015,1.0,0.0,32765,12000.0,sedan,0,0,0,1.0
891634,16-25,male,majority,0-9y,high school,poverty,0.3995091005589909,1.0,before 2015,0.0,0.0,10238,13000.0,sedan,0,0,0,1.0
677159,65+,female,majority,30y+,high school,upper class,0.6390790425446663,1.0,before 2015,1.0,1.0,32765,13000.0,sedan,1,1,0,0.0
772502,16-25,male,majority,0-9y,none,poverty,0.2716129810741211,0.0,before 2015,0.0,1.0,10238,14000.0,sedan,0,0,0,1.0
956597,40-64,male,majority,20-29y,university,upper class,0.7096424413476642,1.0,after 2015,0.0,1.0,10238,11000.0,sedan,0,0,5,0.0
908772,26-39,male,majority,10-19y,none,middle class,0.5142590572402145,1.0,before 2015,0.0,0.0,10238,12000.0,sedan,1,0,0,1.0
626226,40-64,male,majority,20-29y,university,upper class,0.5994086759601819,1.0,after 2015,0.0,0.0,32765,12000.0,sedan,9,1,2,0.0
928634,40-64,male,majority,10-19y,university,upper class,0.5258122890796684,1.0,before 2015,0.0,1.0,10238,15000.0,sedan,1,0,1,0.0
702846,26-39,male,majority,0-9y,university,middle class,0.6177591192465319,1.0,before 2015,0.0,0.0,10238,,sedan,0,0,0,1.0
390171,26-39,male,majority,10-19y,university,upper class,0.5220359252993572,1.0,before 2015,1.0,0.0,32765,8000.0,sedan,2,0,1,0.0
837502,16-25,female,majority,0-9y,none,poverty,0.2355287564483676,1.0,before 2015,0.0,0.0,10238,17000.0,sedan,0,0,0,0.0
742412,40-64,female,majority,20-29y,high school,middle class,0.4450427635109293,1.0,before 2015,0.0,0.0,10238,14000.0,sedan,1,1,1,0.0
483206,26-39,male,majority,10-19y,university,upper class,0.679193931828913,1.0,after 2015,1.0,1.0,32765,7000.0,sedan,5,0,1,0.0
116556,26-39,male,majority,0-9y,university,upper class,0.5623422577370347,0.0,after 2015,0.0,1.0,10238,10000.0,sedan,0,0,0,1.0
211679,40-64,female,majority,20-29y,high school,upper class,,1.0,before 2015,1.0,1.0,10238,,sedan,3,0,5,0.0
789148,40-64,female,majority,20-29y,university,upper class,0.608886215665948,1.0,after 2015,1.0,1.0,10238,13000.0,sedan,1,0,4,0.0
17198,26-39,male,majority,0-9y,high school,upper class,0.4923186089785153,1.0,before 2015,1.0,1.0,10238,10000.0,sedan,0,0,0,0.0
583812,65+,male,majority,20-29y,high school,upper class,0.7398845020799981,1.0,before 2015,1.0,1.0,10238,5000.0,sedan,1,1,5,0.0
527636,40-64,male,minority,20-29y,none,middle class,0.4035809619252694,0.0,before 2015,0.0,1.0,32765,8000.0,sedan,7,0,1,1.0
621115,26-39,female,majority,0-9y,high school,upper class,0.5512477948171206,1.0,before 2015,1.0,1.0,10238,12000.0,sedan,0,0,0,1.0
974712,65+,male,minority,20-29y,university,upper class,0.4136142077561675,1.0,after 2015,1.0,1.0,10238,12000.0,sedan,4,0,4,0.0
869905,26-39,female,majority,10-19y,high school,working class,0.4940669801717974,0.0,before 2015,0.0,1.0,92101,10000.0,sedan,2,1,0,0.0
120522,16-25,male,minority,0-9y,high school,poverty,0.2584968545321721,0.0,before 2015,0.0,0.0,32765,10000.0,sedan,0,0,0,1.0
152285,26-39,male,majority,10-19y,high school,poverty,0.4698074742971208,0.0,after 2015,0.0,0.0,32765,13000.0,sedan,5,0,0,1.0
140120,26-39,male,majority,10-19y,university,upper class,0.5099424987690809,1.0,after 2015,0.0,1.0,32765,,sedan,4,0,1,0.0
506388,40-64,male,majority,0-9y,high school,working class,,1.0,before 2015,0.0,0.0,32765,14000.0,sedan,0,0,0,1.0
407624,65+,female,majority,30y+,university,upper class,0.4623741269626041,1.0,before 2015,1.0,1.0,10238,12000.0,sedan,4,1,0,0.0
966467,65+,male,majority,30y+,university,upper class,0.6002161554309658,1.0,before 2015,1.0,1.0,10238,13000.0,sedan,5,2,4,0.0
948661,16-25,female,majority,0-9y,high school,poverty,0.2270452622025005,1.0,before 2015,0.0,0.0,10238,14000.0,sedan,0,0,0,0.0
746691,26-39,male,majority,10-19y,high school,poverty,0.4906366086119778,1.0,before 2015,1.0,1.0,32765,10000.0,sedan,2,0,0,0.0
532904,40-64,female,majority,20-29y,high school,middle class,0.6300595241103097,1.0,before 2015,0.0,0.0,10238,15000.0,sedan,0,0,3,0.0
252821,65+,male,majority,0-9y,high school,upper class,0.6744780363265831,1.0,after 2015,0.0,1.0,10238,14000.0,sports car,0,0,0,0.0
878977,26-39,male,minority,10-19y,high school,middle class,0.4228114208579283,1.0,before 2015,0.0,1.0,32765,14000.0,sedan,1,0,0,0.0
41172,65+,female,majority,30y+,high school,upper class,0.5583045043955701,1.0,before 2015,1.0,1.0,10238,7000.0,sedan,2,1,0,0.0
255476,26-39,male,majority,10-19y,university,upper class,0.6707447711024594,1.0,before 2015,0.0,1.0,10238,12000.0,sedan,3,0,2,0.0
720998,26-39,female,majority,10-19y,high school,working class,,0.0,before 2015,1.0,1.0,10238,10000.0,sedan,0,0,0,0.0
956324,16-25,female,majority,0-9y,none,poverty,0.431353416143122,0.0,before 2015,0.0,0.0,10238,14000.0,sedan,0,0,0,1.0
217294,40-64,female,majority,10-19y,university,upper class,0.5815748319797237,1.0,before 2015,0.0,0.0,92101,11000.0,sedan,1,0,0,1.0
957372,26-39,male,majority,10-19y,high school,upper class,0.6067045900851948,1.0,before 2015,0.0,1.0,92101,15000.0,sedan,1,0,0,1.0
221479,26-39,female,majority,10-19y,high school,poverty,0.2685463644384508,1.0,before 2015,1.0,1.0,92101,11000.0,sedan,2,0,0,0.0
559326,16-25,male,majority,0-9y,none,poverty,0.2544700935636953,1.0,before 2015,0.0,1.0,10238,13000.0,sedan,0,0,0,1.0
546333,40-64,female,majority,20-29y,high school,middle class,0.5968167221333639,1.0,before 2015,0.0,1.0,10238,18000.0,sedan,0,1,0,0.0
396892,16-25,male,majority,0-9y,none,poverty,0.2752720004597257,0.0,before 2015,0.0,1.0,10238,13000.0,sports car,0,0,0,1.0
790055,26-39,female,majority,10-19y,none,working class,0.4462680345127816,1.0,before 2015,1.0,0.0,10238,13000.0,sedan,1,0,0,0.0
545941,40-64,female,majority,20-29y,none,working class,0.4405592041968235,1.0,after 2015,1.0,1.0,10238,11000.0,sedan,1,0,2,0.0
444245,65+,male,minority,0-9y,university,upper class,0.6137584322972865,0.0,after 2015,1.0,1.0,10238,11000.0,sedan,0,0,0,0.0
741721,16-25,female,majority,0-9y,none,working class,0.328418073012308,1.0,after 2015,0.0,1.0,10238,12000.0,sedan,0,0,0,0.0
479439,40-64,female,majority,20-29y,high school,working class,,0.0,after 2015,1.0,1.0,10238,12000.0,sedan,2,0,0,0.0
288019,40-64,female,majority,20-29y,high school,upper class,0.705327931633375,1.0,before 2015,1.0,1.0,10238,9000.0,sedan,0,0,2,0.0
551996,65+,male,majority,30y+,none,upper class,0.6268027196163855,1.0,before 2015,1.0,1.0,10238,7000.0,sedan,5,3,4,0.0
878584,16-25,female,majority,0-9y,none,poverty,0.3088204583369244,1.0,before 2015,0.0,0.0,10238,16000.0,sedan,0,0,0,1.0
104558,40-64,male,majority,20-29y,none,working class,0.528478134136445,1.0,before 2015,1.0,0.0,10238,13000.0,sedan,2,0,3,0.0
557804,16-25,female,majority,0-9y,high school,poverty,0.3839383227532641,0.0,before 2015,0.0,0.0,10238,16000.0,sedan,0,0,0,1.0
282832,16-25,male,majority,0-9y,high school,poverty,,0.0,before 2015,0.0,1.0,32765,7000.0,sedan,0,0,0,1.0
288376,26-39,female,majority,10-19y,none,working class,,1.0,before 2015,0.0,0.0,32765,,sedan,2,2,0,0.0
159532,65+,female,majority,20-29y,high school,upper class,0.6980697717017305,1.0,before 2015,1.0,0.0,10238,12000.0,sedan,0,1,1,0.0
257789,26-39,male,majority,0-9y,university,upper class,0.7196443625175253,1.0,after 2015,0.0,0.0,10238,,sedan,0,0,0,0.0
427575,16-25,male,majority,0-9y,university,middle class,0.60882895731083,1.0,after 2015,0.0,0.0,10238,14000.0,sedan,0,0,0,0.0
628311,26-39,male,majority,10-19y,high school,poverty,,1.0,before 2015,1.0,1.0,10238,12000.0,sedan,2,0,0,0.0
508723,40-64,female,majority,20-29y,university,middle class,,1.0,before 2015,0.0,1.0,10238,14000.0,sedan,0,0,3,0.0
341794,26-39,female,majority,10-19y,high school,upper class,0.7959581827339991,1.0,before 2015,1.0,1.0,10238,12000.0,sedan,1,0,0,0.0
873673,26-39,female,minority,10-19y,high school,working class,0.4580647747191491,0.0,before 2015,0.0,0.0,10238,17000.0,sedan,0,0,0,0.0
607006,40-64,female,majority,20-29y,high school,upper class,,1.0,before 2015,1.0,1.0,10238,12000.0,sedan,1,0,2,0.0
662827,26-39,female,minority,10-19y,none,poverty,0.2964053024332111,1.0,before 2015,0.0,1.0,10238,15000.0,sedan,0,0,1,0.0
365704,26-39,male,majority,10-19y,university,working class,0.4429331939161389,1.0,before 2015,1.0,1.0,10238,10000.0,sedan,1,0,3,0.0
378887,26-39,male,majority,10-19y,high school,working class,0.3699504040930104,0.0,before 2015,0.0,1.0,10238,13000.0,sedan,3,0,0,1.0
333328,26-39,female,minority,10-19y,none,poverty,0.4113170955084317,1.0,before 2015,0.0,0.0,10238,15000.0,sedan,0,0,0,0.0
503082,40-64,male,majority,10-19y,university,upper class,0.6679094697665665,1.0,after 2015,1.0,1.0,32765,9000.0,sedan,5,1,1,0.0
438776,65+,male,majority,20-29y,university,upper class,0.4918327606370408,1.0,before 2015,1.0,1.0,10238,13000.0,sedan,1,0,2,0.0
472175,26-39,male,majority,10-19y,none,poverty,,1.0,before 2015,0.0,1.0,10238,13000.0,sedan,1,0,0,0.0
91893,26-39,male,majority,10-19y,university,middle class,0.5202419562823012,1.0,before 2015,1.0,1.0,32765,11000.0,sedan,1,0,2,0.0
175718,65+,male,majority,30y+,high school,middle class,0.707410723375504,1.0,after 2015,1.0,1.0,10238,13000.0,sedan,3,1,3,0.0
887718,16-25,male,majority,0-9y,high school,working class,0.5040825425639249,0.0,before 2015,0.0,1.0,32765,15000.0,sedan,0,0,0,0.0
30424,40-64,male,minority,20-29y,none,middle class,0.5053905994161536,1.0,before 2015,1.0,1.0,10238,7000.0,sedan,3,2,1,0.0
593578,16-25,female,minority,0-9y,none,poverty,0.2457399176525432,0.0,before 2015,0.0,0.0,32765,13000.0,sedan,0,0,0,1.0
635622,26-39,female,minority,10-19y,none,working class,0.5799385856829034,0.0,before 2015,0.0,0.0,10238,15000.0,sedan,1,0,0,1.0
32768,65+,male,majority,30y+,university,upper class,0.6335928935766854,1.0,before 2015,1.0,1.0,32765,7000.0,sedan,10,1,2,0.0
291575,26-39,male,majority,10-19y,none,poverty,0.3688141910403541,0.0,before 2015,0.0,0.0,10238,12000.0,sedan,0,0,3,1.0
88046,16-25,male,majority,0-9y,high school,poverty,0.3241067104378144,1.0,before 2015,0.0,0.0,10238,15000.0,sedan,0,0,0,1.0
394591,40-64,male,majority,0-9y,high school,middle class,,1.0,before 2015,0.0,1.0,10238,14000.0,sedan,0,0,0,1.0
381675,26-39,female,majority,10-19y,high school,middle class,,1.0,before 2015,0.0,1.0,10238,,sedan,0,0,0,0.0
187174,65+,male,majority,10-19y,high school,upper class,,1.0,before 2015,1.0,1.0,10238,8000.0,sedan,2,0,1,0.0
340922,65+,female,majority,30y+,high school,upper class,0.5454170837148882,1.0,after 2015,1.0,1.0,10238,8000.0,sedan,4,0,6,0.0
370707,26-39,male,majority,10-19y,high school,upper class,0.6238595839166803,1.0,before 2015,1.0,0.0,32765,9000.0,sedan,5,0,1,0.0
820484,65+,female,majority,30y+,high school,upper class,0.6690586847270685,1.0,after 2015,1.0,1.0,10238,14000.0,sedan,3,1,1,0.0
482472,26-39,female,majority,10-19y,university,middle class,0.4925770222071778,1.0,after 2015,1.0,1.0,10238,13000.0,sedan,2,0,1,0.0
318668,26-39,female,majority,10-19y,none,working class,0.3841585499902979,1.0,before 2015,1.0,1.0,10238,12000.0,sports car,1,0,1,0.0
732109,26-39,male,majority,10-19y,none,poverty,0.3713486447309336,0.0,before 2015,0.0,1.0,10238,13000.0,sedan,2,0,0,1.0
249505,26-39,female,majority,10-19y,none,poverty,0.4577862365222054,0.0,before 2015,0.0,1.0,10238,,sedan,1,0,0,0.0
735228,16-25,female,minority,0-9y,none,poverty,,0.0,before 2015,0.0,1.0,10238,14000.0,sedan,0,0,0,1.0
393187,65+,male,majority,30y+,university,upper class,0.7460409552282369,1.0,after 2015,1.0,1.0,10238,10000.0,sedan,2,1,9,0.0
866552,40-64,female,majority,20-29y,university,upper class,0.6113387710090395,1.0,before 2015,1.0,0.0,10238,11000.0,sedan,0,0,0,0.0
70979,16-25,male,majority,0-9y,university,middle class,0.3965531992211328,0.0,before 2015,1.0,0.0,32765,7000.0,sedan,0,0,0,1.0
316348,26-39,male,minority,10-19y,university,middle class,0.4441523710087175,1.0,before 2015,0.0,1.0,32765,11000.0,sedan,4,0,1,1.0
9013,26-39,male,majority,10-19y,high school,working class,0.6251466352816216,1.0,before 2015,0.0,1.0,10238,17000.0,sedan,3,0,2,0.0
333255,65+,female,majority,20-29y,high school,upper class,0.7376100679194095,1.0,before 2015,1.0,1.0,32765,11000.0,sedan,4,1,0,0.0
909401,26-39,female,majority,10-19y,high school,working class,0.5682701951385463,1.0,before 2015,0.0,0.0,32765,,sedan,2,0,0,0.0
183837,65+,female,majority,20-29y,university,upper class,0.5172578396228402,1.0,before 2015,1.0,1.0,10238,13000.0,sedan,1,0,0,0.0
555224,40-64,female,majority,20-29y,university,upper class,0.5519738040203223,1.0,before 2015,1.0,1.0,32765,10000.0,sedan,5,2,0,0.0
949220,40-64,female,minority,10-19y,university,upper class,0.6919683963067441,1.0,before 2015,0.0,1.0,92101,10000.0,sedan,1,1,0,0.0
815188,16-25,male,majority,0-9y,high school,poverty,0.4598209016844733,1.0,before 2015,0.0,0.0,10238,16000.0,sedan,0,0,0,1.0
394548,40-64,male,majority,20-29y,high school,upper class,0.5054418873908815,1.0,before 2015,0.0,0.0,10238,15000.0,sedan,3,0,2,0.0
663951,26-39,female,majority,10-19y,high school,middle class,0.556159285617245,0.0,before 2015,0.0,0.0,10238,13000.0,sedan,0,0,1,0.0
887420,40-64,female,majority,20-29y,high school,middle class,0.5411241853855807,1.0,after 2015,1.0,1.0,10238,10000.0,sedan,0,0,0,0.0
945698,40-64,male,majority,20-29y,high school,poverty,0.256228561983949,0.0,before 2015,0.0,1.0,10238,13000.0,sedan,0,0,3,0.0
379389,26-39,female,majority,0-9y,university,middle class,,1.0,before 2015,1.0,1.0,10238,9000.0,sedan,0,0,0,0.0
256735,40-64,female,majority,0-9y,university,middle class,0.5106534385283876,0.0,after 2015,1.0,1.0,10238,9000.0,sedan,0,0,0,0.0
746553,65+,female,majority,30y+,high school,upper class,0.5172531591870946,1.0,before 2015,1.0,1.0,10238,11000.0,sedan,2,0,0,0.0
563041,40-64,female,majority,0-9y,university,upper class,0.8378248302036221,1.0,after 2015,0.0,1.0,32765,,sedan,0,0,0,0.0
351637,26-39,male,majority,10-19y,high school,working class,0.4477090128672145,1.0,after 2015,0.0,1.0,32765,,sedan,0,1,1,0.0
202356,40-64,female,majority,10-19y,university,upper class,0.5963209220816913,1.0,before 2015,1.0,1.0,10238,12000.0,sedan,0,0,2,0.0
721133,16-25,male,majority,0-9y,high school,poverty,0.2702954388026858,0.0,before 2015,0.0,1.0,32765,7000.0,sedan,0,0,0,1.0
228032,26-39,male,majority,10-19y,high school,upper class,,1.0,before 2015,0.0,0.0,10238,15000.0,sedan,0,0,5,0.0
707945,65+,female,minority,0-9y,high school,middle class,0.5877373478759355,1.0,after 2015,0.0,1.0,32765,9000.0,sedan,0,0,0,0.0
592584,26-39,female,majority,10-19y,high school,middle class,0.5943032701755666,1.0,before 2015,1.0,1.0,10238,8000.0,sedan,0,0,1,0.0
949788,65+,female,majority,30y+,high school,middle class,0.4457833613139871,0.0,before 2015,1.0,1.0,32765,11000.0,sedan,2,1,0,0.0
398191,40-64,male,minority,20-29y,university,working class,0.4150653775799153,1.0,before 2015,1.0,1.0,10238,,sedan,2,1,2,0.0
202791,16-25,male,majority,0-9y,university,working class,0.4787770486032221,0.0,after 2015,0.0,0.0,32765,15000.0,sedan,0,0,0,1.0
766309,16-25,male,majority,0-9y,high school,poverty,,0.0,before 2015,0.0,0.0,10238,10000.0,sports car,0,0,0,1.0
581821,65+,female,majority,20-29y,university,upper class,0.6547218915043161,0.0,after 2015,1.0,1.0,10238,,sedan,0,0,0,0.0
917480,26-39,male,majority,10-19y,high school,upper class,0.5386000312163111,1.0,before 2015,1.0,1.0,10238,,sedan,1,0,2,0.0
474734,65+,male,majority,30y+,university,upper class,0.6215520062421821,1.0,after 2015,1.0,1.0,32765,8000.0,sedan,10,0,2,0.0
937825,40-64,female,majority,0-9y,university,upper class,0.6694023811378864,1.0,before 2015,1.0,1.0,10238,10000.0,sedan,0,0,0,1.0
8388,40-64,female,majority,10-19y,none,working class,0.4253726168466054,0.0,after 2015,1.0,1.0,10238,9000.0,sports car,2,0,1,0.0
189680,26-39,female,majority,10-19y,high school,upper class,0.7733971401539147,1.0,after 2015,1.0,1.0,10238,13000.0,sedan,1,0,0,0.0
965093,40-64,female,majority,0-9y,university,upper class,0.7170835871715359,0.0,after 2015,0.0,1.0,10238,,sedan,0,0,0,0.0
450283,65+,female,majority,30y+,university,upper class,0.6341607287829374,1.0,before 2015,0.0,1.0,10238,,sedan,5,1,1,0.0
883235,40-64,male,majority,20-29y,university,upper class,0.5648446174027543,1.0,after 2015,1.0,1.0,32765,5000.0,sports car,8,2,4,0.0
486367,26-39,female,majority,10-19y,none,middle class,0.3471405536397861,0.0,before 2015,0.0,1.0,10238,10000.0,sedan,0,0,1,0.0
684095,40-64,female,majority,20-29y,high school,upper class,0.7252401301126783,1.0,after 2015,1.0,1.0,10238,10000.0,sedan,3,0,0,0.0
346384,40-64,female,majority,20-29y,university,upper class,0.5307622793835239,1.0,before 2015,1.0,1.0,32765,7000.0,sedan,4,2,1,0.0
58468,26-39,male,minority,10-19y,none,poverty,0.3269451922754459,1.0,before 2015,0.0,1.0,32765,11000.0,sedan,1,0,0,0.0
545992,26-39,male,majority,10-19y,high school,upper class,0.6609333089751197,1.0,before 2015,1.0,0.0,10238,9000.0,sedan,2,0,3,0.0
905593,16-25,female,majority,0-9y,university,working class,0.5357575590071443,1.0,before 2015,0.0,1.0,32765,11000.0,sedan,0,0,0,1.0
781701,40-64,female,majority,0-9y,university,upper class,0.6424407916930818,1.0,before 2015,1.0,1.0,10238,9000.0,sedan,0,0,0,0.0
824414,65+,female,majority,20-29y,none,upper class,0.546778256639701,1.0,after 2015,1.0,1.0,32765,6000.0,sedan,3,0,0,0.0
259944,26-39,male,majority,0-9y,none,poverty,0.20843385185415,1.0,before 2015,0.0,1.0,10238,17000.0,sedan,0,0,0,1.0
987238,40-64,male,majority,0-9y,university,upper class,0.5963531601874881,1.0,before 2015,1.0,0.0,32765,11000.0,sedan,0,0,0,1.0
367197,26-39,female,majority,10-19y,high school,poverty,,0.0,before 2015,1.0,1.0,32765,11000.0,sedan,3,2,1,1.0
135577,26-39,male,majority,10-19y,university,middle class,0.5266138203612011,1.0,after 2015,0.0,0.0,32765,13000.0,sedan,2,1,1,0.0
352741,26-39,female,majority,10-19y,high school,middle class,0.4637815381476781,1.0,before 2015,0.0,1.0,10238,12000.0,sedan,0,0,2,0.0
79370,26-39,male,majority,10-19y,none,working class,0.3448138443032327,1.0,before 2015,0.0,1.0,10238,14000.0,sedan,2,0,1,0.0
679272,26-39,male,majority,0-9y,none,working class,0.3743936063114605,0.0,before 2015,0.0,0.0,32765,11000.0,sedan,0,0,0,1.0
801470,40-64,female,majority,10-19y,none,middle class,0.5162483226846594,1.0,before 2015,1.0,0.0,10238,15000.0,sedan,0,1,1,1.0
539780,40-64,male,majority,20-29y,university,upper class,0.5806195342350445,1.0,after 2015,1.0,1.0,32765,7000.0,sedan,12,1,3,0.0
56947,40-64,male,majority,20-29y,university,upper class,0.5650533271502788,1.0,before 2015,1.0,1.0,10238,11000.0,sports car,2,2,6,0.0
870877,65+,female,majority,30y+,university,upper class,0.4055202478752996,1.0,before 2015,0.0,1.0,32765,10000.0,sedan,6,1,0,0.0
187756,40-64,female,minority,10-19y,high school,upper class,,1.0,after 2015,0.0,1.0,10238,15000.0,sedan,3,0,2,0.0
236019,65+,female,majority,30y+,university,upper class,0.6822652619147225,1.0,before 2015,0.0,1.0,10238,11000.0,sedan,3,0,6,0.0
46365,40-64,male,majority,20-29y,university,upper class,0.6653609832878233,0.0,before 2015,1.0,1.0,10238,,sedan,0,0,1,0.0
549142,16-25,male,majority,0-9y,university,middle class,0.5512978330713669,1.0,before 2015,1.0,1.0,10238,12000.0,sedan,0,0,0,1.0
991473,40-64,female,majority,10-19y,none,upper class,,0.0,after 2015,0.0,1.0,10238,14000.0,sedan,0,0,0,0.0
845620,16-25,female,majority,0-9y,high school,middle class,0.2906223251969785,1.0,before 2015,1.0,1.0,32765,7000.0,sedan,0,0,0,1.0
565846,65+,male,majority,20-29y,university,upper class,0.5084533408694843,1.0,after 2015,0.0,1.0,10238,9000.0,sports car,2,0,4,0.0
820342,40-64,female,minority,20-29y,university,upper class,0.5886053024756462,1.0,after 2015,1.0,0.0,10238,11000.0,sedan,2,0,3,0.0
831779,40-64,female,majority,10-19y,high school,upper class,0.4554149588279552,1.0,before 2015,0.0,1.0,10238,15000.0,sedan,0,0,2,0.0
666832,26-39,male,majority,10-19y,high school,middle class,0.486139420446418,0.0,before 2015,1.0,1.0,10238,7000.0,sedan,1,0,3,1.0
566341,65+,female,majority,20-29y,university,upper class,0.574600081580805,1.0,before 2015,0.0,1.0,10238,11000.0,sedan,0,2,6,0.0
622100,16-25,female,majority,0-9y,university,upper class,0.4530919726753057,1.0,before 2015,0.0,0.0,10238,15000.0,sedan,0,0,0,1.0
894905,65+,female,majority,0-9y,high school,upper class,0.6476239396059197,1.0,after 2015,1.0,0.0,10238,,sedan,0,0,0,0.0
757656,40-64,male,minority,0-9y,university,middle class,0.5238112936991066,1.0,before 2015,1.0,1.0,92101,10000.0,sedan,0,0,0,1.0
532832,16-25,female,minority,0-9y,high school,poverty,0.4824873523239162,1.0,before 2015,0.0,0.0,32765,14000.0,sedan,0,0,0,1.0
879976,16-25,male,majority,0-9y,high school,working class,0.5517442884135392,0.0,before 2015,1.0,1.0,32765,10000.0,sedan,0,0,0,1.0
290900,26-39,female,majority,10-19y,none,poverty,0.1932637946609026,0.0,before 2015,0.0,1.0,10238,18000.0,sedan,2,0,0,1.0
489044,16-25,male,majority,0-9y,university,working class,0.3801157582629854,1.0,before 2015,0.0,0.0,10238,17000.0,sedan,0,0,0,1.0
68047,16-25,male,majority,0-9y,university,working class,0.3127195468087905,1.0,before 2015,0.0,0.0,10238,11000.0,sedan,0,0,0,1.0
688910,40-64,female,majority,20-29y,high school,middle class,,1.0,after 2015,1.0,1.0,10238,,sedan,2,1,1,0.0
335156,26-39,female,majority,10-19y,high school,working class,0.3500685211361733,1.0,before 2015,0.0,0.0,10238,17000.0,sedan,1,0,0,0.0
697130,65+,male,majority,30y+,high school,upper class,0.3974021678163336,1.0,after 2015,1.0,1.0,10238,11000.0,sedan,7,0,4,0.0
925147,40-64,male,minority,10-19y,none,upper class,0.5165137726504382,1.0,before 2015,1.0,1.0,92101,11000.0,sedan,1,0,0,1.0
249580,65+,female,majority,30y+,high school,upper class,0.6499923034488538,1.0,after 2015,0.0,1.0,32765,16000.0,sedan,2,1,0,0.0
930890,26-39,male,majority,10-19y,none,working class,,1.0,before 2015,0.0,1.0,10238,11000.0,sedan,2,0,1,0.0
762941,40-64,male,majority,20-29y,university,upper class,0.7834688721543275,1.0,before 2015,0.0,1.0,32765,12000.0,sedan,5,0,2,0.0
719469,40-64,female,minority,20-29y,none,upper class,0.610668072605521,1.0,before 2015,1.0,1.0,10238,8000.0,sedan,2,0,0,0.0
8539,40-64,male,majority,10-19y,high school,upper class,0.5037900206930748,1.0,before 2015,1.0,1.0,10238,12000.0,sedan,0,1,1,1.0
902925,16-25,male,majority,0-9y,none,poverty,0.196580683690525,1.0,before 2015,0.0,0.0,10238,15000.0,sedan,0,0,0,1.0
881803,16-25,female,majority,0-9y,high school,poverty,0.5783055758634648,0.0,before 2015,0.0,1.0,92101,11000.0,sedan,0,0,0,1.0
46993,65+,female,minority,0-9y,university,upper class,0.6386945926958373,1.0,before 2015,0.0,1.0,32765,12000.0,sedan,0,0,0,1.0
415381,40-64,male,majority,20-29y,university,upper class,0.5067499385354194,1.0,after 2015,1.0,1.0,10238,7000.0,sedan,2,1,2,0.0
774567,65+,female,majority,10-19y,university,upper class,0.5294385924160808,1.0,after 2015,1.0,1.0,10238,6000.0,sedan,2,0,1,0.0
450254,16-25,male,majority,0-9y,university,poverty,0.217981843033208,1.0,after 2015,0.0,0.0,10238,18000.0,sedan,0,0,0,0.0
618996,16-25,male,majority,0-9y,high school,poverty,0.2698257959692807,0.0,before 2015,1.0,1.0,10238,10000.0,sports car,0,0,0,1.0
18985,40-64,male,majority,20-29y,high school,working class,0.353037465751883,0.0,before 2015,0.0,1.0,10238,14000.0,sedan,0,0,2,0.0
822165,26-39,female,majority,10-19y,high school,working class,0.6152545942659315,1.0,before 2015,0.0,0.0,10238,17000.0,sedan,0,0,1,0.0
56322,65+,male,majority,0-9y,high school,upper class,0.7164447863616135,1.0,before 2015,1.0,1.0,10238,11000.0,sedan,0,0,0,1.0
912800,40-64,female,majority,10-19y,high school,middle class,0.63594893814627,1.0,before 2015,0.0,1.0,32765,13000.0,sedan,2,0,0,1.0
161972,65+,female,majority,0-9y,university,upper class,0.5073403294926696,0.0,before 2015,1.0,1.0,32765,11000.0,sedan,0,0,0,1.0
603871,40-64,female,majority,20-29y,high school,middle class,0.6428083488556897,1.0,before 2015,1.0,1.0,10238,13000.0,sedan,1,0,0,0.0
724723,16-25,female,majority,0-9y,none,poverty,,0.0,before 2015,0.0,0.0,10238,,sedan,0,0,0,1.0
563264,16-25,male,majority,0-9y,none,poverty,0.3008642444475923,1.0,before 2015,0.0,0.0,32765,17000.0,sedan,0,0,0,1.0
531250,65+,female,majority,20-29y,high school,upper class,0.6809375960435273,1.0,before 2015,1.0,1.0,32765,8000.0,sedan,4,0,2,0.0
519961,40-64,male,majority,20-29y,university,upper class,0.5659763747070949,1.0,before 2015,1.0,1.0,32765,10000.0,sedan,3,1,0,0.0
760210,26-39,male,majority,0-9y,university,upper class,0.5264201359447848,1.0,before 2015,0.0,1.0,10238,13000.0,sedan,0,0,0,0.0
665946,40-64,male,majority,10-19y,university,middle class,0.6093539898614507,1.0,before 2015,1.0,1.0,10238,,sedan,1,0,4,0.0
27358,16-25,male,majority,0-9y,high school,poverty,0.2892278051746093,0.0,before 2015,0.0,1.0,32765,9000.0,sedan,0,0,0,1.0
897340,26-39,male,majority,10-19y,none,poverty,0.2501384621023105,0.0,before 2015,0.0,1.0,10238,17000.0,sedan,1,0,0,1.0
701556,16-25,female,majority,0-9y,none,poverty,0.3918635597078393,1.0,before 2015,0.0,0.0,10238,15000.0,sedan,0,0,0,1.0
587731,16-25,male,majority,0-9y,university,middle class,0.4014583064798288,0.0,before 2015,0.0,0.0,10238,14000.0,sedan,0,0,0,1.0
907904,16-25,female,majority,0-9y,none,poverty,0.4842043342946769,0.0,before 2015,0.0,1.0,10238,12000.0,sedan,0,0,0,0.0
726832,26-39,male,majority,10-19y,university,working class,0.3691163885175137,1.0,before 2015,1.0,1.0,10238,12000.0,sedan,3,1,0,1.0
711782,65+,female,majority,10-19y,high school,upper class,,1.0,after 2015,1.0,1.0,10238,10000.0,sedan,0,0,0,0.0
335215,40-64,male,majority,20-29y,high school,upper class,0.6261086476557679,1.0,after 2015,0.0,0.0,10238,13000.0,sedan,2,0,0,0.0
237542,16-25,female,majority,0-9y,high school,middle class,0.5668311217565926,1.0,before 2015,0.0,0.0,10238,12000.0,sports car,0,0,0,0.0
817893,40-64,female,majority,0-9y,university,upper class,0.6404262676947586,1.0,before 2015,0.0,0.0,10238,12000.0,sedan,0,0,0,0.0
757742,16-25,male,majority,0-9y,high school,middle class,0.6249809168792333,1.0,after 2015,0.0,0.0,10238,18000.0,sedan,0,0,0,0.0
779705,26-39,male,majority,0-9y,high school,middle class,0.5523424647599732,0.0,after 2015,1.0,1.0,10238,13000.0,sedan,0,0,0,1.0
495010,26-39,male,majority,0-9y,university,upper class,0.5542735241795821,0.0,before 2015,1.0,1.0,10238,11000.0,sedan,0,0,0,1.0
300334,65+,female,majority,30y+,university,upper class,0.7149891993960711,1.0,after 2015,1.0,1.0,32765,8000.0,sedan,9,0,1,0.0
34569,40-64,male,majority,20-29y,university,upper class,0.5947339120751762,1.0,after 2015,0.0,1.0,10238,11000.0,sedan,5,0,5,0.0
572797,26-39,male,majority,10-19y,high school,middle class,0.5061960446978321,1.0,before 2015,0.0,0.0,10238,13000.0,sedan,1,0,3,0.0
211623,40-64,male,majority,20-29y,high school,upper class,0.5703333469354479,1.0,before 2015,0.0,1.0,10238,,sedan,1,0,2,0.0
446055,26-39,female,minority,10-19y,high school,working class,0.5987035901621804,1.0,before 2015,0.0,1.0,32765,8000.0,sedan,1,0,0,0.0
705089,65+,male,majority,30y+,university,upper class,0.5662170436640729,1.0,after 2015,0.0,1.0,32765,9000.0,sedan,15,2,8,0.0
398578,65+,male,majority,30y+,university,upper class,,1.0,before 2015,1.0,1.0,10238,13000.0,sedan,3,1,6,0.0
123124,26-39,female,majority,10-19y,high school,middle class,0.5776199106600849,1.0,before 2015,0.0,1.0,32765,8000.0,sedan,4,0,0,0.0
174681,26-39,male,majority,10-19y,university,middle class,0.5571804876973983,0.0,before 2015,0.0,0.0,32765,15000.0,sedan,1,0,3,0.0
111767,65+,male,majority,0-9y,university,upper class,0.643831742884168,1.0,after 2015,1.0,1.0,10238,11000.0,sedan,0,0,0,0.0
13561,40-64,male,majority,20-29y,university,upper class,0.6472514091979392,1.0,after 2015,1.0,1.0,92101,,sedan,2,1,0,0.0
117479,16-25,male,minority,0-9y,high school,working class,0.355992241229828,1.0,before 2015,0.0,1.0,10238,12000.0,sedan,0,0,0,1.0
16743,16-25,male,majority,0-9y,university,poverty,0.3034428524310022,0.0,before 2015,1.0,0.0,10238,,sedan,0,0,0,1.0
252201,40-64,female,minority,20-29y,university,upper class,,1.0,after 2015,0.0,1.0,10238,16000.0,sedan,0,0,1,0.0
428757,40-64,female,majority,20-29y,high school,working class,0.4102782601859696,1.0,before 2015,0.0,1.0,10238,,sports car,0,0,2,0.0
10200,40-64,male,majority,20-29y,university,upper class,0.5224505032873228,0.0,before 2015,1.0,0.0,10238,9000.0,sedan,2,0,6,0.0
747424,40-64,female,majority,10-19y,university,upper class,0.6114863840559009,1.0,before 2015,0.0,0.0,10238,19000.0,sedan,1,1,1,1.0
224969,40-64,female,majority,20-29y,high school,upper class,0.614238053624397,1.0,before 2015,1.0,1.0,10238,14000.0,sedan,0,0,0,0.0
264463,26-39,male,minority,10-19y,none,working class,0.3162075142100888,0.0,before 2015,1.0,1.0,10238,10000.0,sedan,1,0,4,1.0
241375,65+,female,majority,10-19y,university,upper class,0.8573570012255691,0.0,before 2015,1.0,1.0,21217,9000.0,sedan,1,1,2,1.0
939552,26-39,female,majority,10-19y,high school,middle class,0.4653683361890466,1.0,before 2015,1.0,1.0,10238,12000.0,sedan,1,0,2,1.0
959559,26-39,female,majority,0-9y,university,upper class,0.6028387292744819,1.0,before 2015,1.0,0.0,32765,11000.0,sedan,0,0,0,1.0
138696,16-25,male,majority,0-9y,high school,working class,0.5062031783903724,0.0,before 2015,0.0,0.0,32765,10000.0,sedan,0,0,0,1.0
858675,16-25,female,majority,0-9y,none,poverty,0.3719807005181177,0.0,before 2015,0.0,1.0,10238,10000.0,sedan,0,0,0,1.0
273327,40-64,male,majority,20-29y,high school,working class,0.4086012575773675,1.0,before 2015,0.0,1.0,10238,13000.0,sedan,1,0,0,0.0
905046,40-64,male,majority,20-29y,university,upper class,0.5523881323880686,1.0,after 2015,1.0,1.0,32765,11000.0,sedan,7,1,2,0.0
773546,16-25,male,majority,0-9y,university,middle class,0.5598702465735836,0.0,before 2015,0.0,1.0,32765,14000.0,sedan,0,0,0,1.0
915696,26-39,female,majority,0-9y,high school,middle class,0.53871249386506,1.0,before 2015,0.0,1.0,10238,13000.0,sedan,0,0,0,0.0
783337,16-25,female,majority,0-9y,high school,middle class,0.5706375251315591,1.0,after 2015,1.0,1.0,10238,10000.0,sedan,0,0,0,0.0
212615,26-39,male,majority,10-19y,university,upper class,0.63585107068878,1.0,after 2015,1.0,1.0,10238,9000.0,sedan,1,0,2,0.0
543794,26-39,female,majority,0-9y,none,middle class,0.6723865152562408,1.0,before 2015,0.0,1.0,92101,15000.0,sedan,0,0,0,1.0
326322,26-39,female,majority,10-19y,university,middle class,0.5580977398483193,1.0,before 2015,1.0,0.0,10238,12000.0,sedan,1,0,0,0.0
181879,40-64,female,majority,20-29y,high school,upper class,0.5147175993656143,1.0,before 2015,1.0,1.0,10238,,sedan,0,2,8,0.0
275895,65+,female,majority,30y+,high school,middle class,0.3548714481593307,0.0,before 2015,0.0,1.0,32765,12000.0,sedan,2,0,0,0.0
908167,40-64,male,majority,10-19y,university,upper class,,1.0,before 2015,1.0,1.0,92101,12000.0,sedan,2,0,0,1.0
565568,16-25,male,majority,0-9y,high school,poverty,0.3609701341564141,1.0,before 2015,1.0,1.0,10238,11000.0,sedan,0,0,0,0.0
106834,26-39,male,majority,10-19y,high school,working class,0.4942532128201403,1.0,before 2015,0.0,0.0,32765,10000.0,sedan,2,1,0,0.0
864,16-25,female,majority,0-9y,university,middle class,0.5542039032649119,0.0,after 2015,0.0,0.0,32765,11000.0,sedan,0,0,0,1.0
370727,65+,female,majority,30y+,university,upper class,0.6542957139295364,1.0,before 2015,1.0,1.0,10238,10000.0,sedan,4,0,5,0.0
653704,26-39,female,majority,10-19y,none,working class,0.3942206789712544,0.0,before 2015,0.0,1.0,10238,13000.0,sedan,1,0,2,1.0
158376,65+,male,majority,30y+,university,middle class,0.4477053890232973,1.0,before 2015,0.0,1.0,32765,7000.0,sedan,15,3,4,0.0
102325,16-25,female,majority,0-9y,university,poverty,0.5033225200786,0.0,before 2015,0.0,0.0,10238,15000.0,sports car,0,0,0,1.0
544323,16-25,female,majority,0-9y,none,poverty,0.3456556232967087,0.0,before 2015,0.0,0.0,10238,15000.0,sports car,0,0,0,1.0
72351,65+,male,majority,30y+,high school,upper class,0.6678303790199109,1.0,after 2015,1.0,1.0,32765,6000.0,sedan,11,0,3,0.0
673116,40-64,female,majority,10-19y,high school,upper class,0.5661345272733707,1.0,before 2015,1.0,1.0,10238,9000.0,sedan,0,1,0,0.0
330506,16-25,female,majority,0-9y,high school,working class,0.4489473277904669,1.0,before 2015,0.0,1.0,21217,15000.0,sedan,0,0,0,1.0
77589,65+,female,majority,30y+,university,upper class,0.6344631340760569,1.0,before 2015,0.0,1.0,10238,14000.0,sedan,1,1,0,0.0
627845,16-25,male,majority,0-9y,university,poverty,0.2941079069830408,1.0,after 2015,0.0,1.0,10238,9000.0,sedan,0,0,0,0.0
768324,65+,female,majority,30y+,high school,upper class,0.6598897809583361,1.0,after 2015,1.0,1.0,10238,10000.0,sedan,3,1,1,0.0
632367,26-39,female,majority,0-9y,high school,upper class,0.7991142457004199,1.0,after 2015,1.0,1.0,32765,5000.0,sedan,0,0,0,0.0
442493,16-25,female,majority,0-9y,high school,poverty,0.426753560052125,0.0,before 2015,0.0,0.0,32765,11000.0,sedan,0,0,0,1.0
542178,40-64,female,majority,20-29y,university,upper class,0.4342868826115913,1.0,before 2015,1.0,1.0,10238,8000.0,sedan,2,0,3,0.0
323164,26-39,female,majority,10-19y,university,upper class,0.5827870696562382,1.0,before 2015,0.0,0.0,10238,16000.0,sedan,0,0,1,0.0
564890,40-64,female,majority,10-19y,none,working class,,1.0,before 2015,0.0,1.0,32765,10000.0,sedan,2,1,1,0.0
410008,26-39,female,majority,0-9y,university,working class,0.5303445829334268,1.0,before 2015,0.0,1.0,32765,13000.0,sedan,0,0,0,1.0
147347,26-39,female,majority,10-19y,high school,working class,0.5395318255861207,0.0,before 2015,0.0,1.0,10238,10000.0,sedan,1,0,0,0.0
456744,40-64,female,majority,20-29y,high school,upper class,0.460263218051401,1.0,after 2015,0.0,1.0,10238,11000.0,sedan,1,0,2,0.0
129882,16-25,female,majority,0-9y,high school,middle class,0.4095777894765035,1.0,after 2015,0.0,0.0,10238,12000.0,sedan,0,0,0,0.0
163788,65+,male,majority,0-9y,university,upper class,0.7133010173890617,1.0,before 2015,0.0,0.0,10238,16000.0,sedan,0,0,0,1.0
99292,40-64,female,minority,20-29y,high school,middle class,,1.0,after 2015,1.0,1.0,10238,10000.0,sedan,3,0,0,0.0
876412,26-39,female,majority,10-19y,high school,poverty,0.2837268352335609,0.0,before 2015,0.0,1.0,10238,13000.0,sedan,2,0,1,0.0
910378,26-39,male,majority,10-19y,university,upper class,0.5629828267215552,1.0,before 2015,1.0,1.0,10238,10000.0,sedan,2,0,1,0.0
989673,65+,male,majority,30y+,university,upper class,0.3592855427664432,1.0,after 2015,1.0,1.0,10238,12000.0,sedan,3,2,6,0.0
382871,16-25,female,majority,0-9y,high school,middle class,0.3434317076179207,1.0,before 2015,1.0,0.0,10238,18000.0,sedan,0,0,0,1.0
44221,26-39,male,majority,10-19y,university,middle class,0.4180787844444573,1.0,after 2015,0.0,1.0,10238,12000.0,sedan,2,0,0,0.0
88703,65+,female,majority,30y+,high school,middle class,0.5118266870864377,1.0,after 2015,1.0,0.0,10238,16000.0,sedan,0,0,1,0.0
673153,26-39,male,majority,10-19y,high school,poverty,0.3435642316265703,0.0,before 2015,0.0,1.0,32765,11000.0,sedan,5,0,2,1.0
26272,16-25,male,majority,0-9y,university,working class,0.3333941329651983,1.0,before 2015,0.0,0.0,10238,15000.0,sedan,0,0,0,0.0
241008,26-39,female,majority,0-9y,high school,poverty,,1.0,before 2015,0.0,1.0,10238,14000.0,sedan,0,0,0,0.0
742658,65+,male,majority,30y+,university,upper class,0.4973317364743944,0.0,before 2015,1.0,1.0,10238,11000.0,sedan,3,0,10,0.0
900853,26-39,male,majority,10-19y,high school,upper class,0.6510245424450259,1.0,after 2015,0.0,0.0,92101,12000.0,sedan,0,0,0,0.0
443924,40-64,male,majority,20-29y,university,middle class,0.6194277985355704,0.0,before 2015,1.0,1.0,10238,8000.0,sedan,6,1,6,0.0
720132,26-39,male,majority,10-19y,university,upper class,,1.0,before 2015,0.0,0.0,10238,13000.0,sedan,1,1,0,0.0
247689,16-25,female,majority,0-9y,none,poverty,0.3039996361396223,1.0,before 2015,0.0,0.0,10238,19000.0,sports car,0,0,0,1.0
928361,16-25,male,majority,0-9y,high school,poverty,0.3798713560182286,1.0,before 2015,0.0,0.0,10238,12000.0,sedan,0,0,0,1.0
229616,26-39,female,majority,10-19y,university,upper class,0.6163764224566708,1.0,before 2015,1.0,1.0,10238,8000.0,sedan,0,0,2,0.0
513302,26-39,male,majority,0-9y,high school,middle class,0.4412263206782428,1.0,before 2015,1.0,1.0,10238,10000.0,sedan,0,0,0,1.0
243725,16-25,female,majority,0-9y,university,poverty,0.4458145649207179,0.0,before 2015,0.0,1.0,10238,14000.0,sedan,0,0,0,1.0
787446,26-39,female,majority,10-19y,high school,working class,0.3861016919717102,1.0,before 2015,0.0,1.0,10238,12000.0,sedan,0,0,1,0.0
354302,26-39,female,majority,10-19y,none,working class,0.6867949983714885,1.0,before 2015,0.0,1.0,10238,13000.0,sedan,0,0,0,0.0
591627,40-64,female,majority,20-29y,university,middle class,,1.0,after 2015,1.0,1.0,10238,11000.0,sedan,4,0,2,0.0
100624,26-39,male,majority,10-19y,high school,middle class,0.4413910443823693,0.0,before 2015,0.0,1.0,10238,11000.0,sedan,0,0,1,1.0
710197,40-64,male,majority,20-29y,high school,middle class,0.4042843675661335,1.0,before 2015,1.0,1.0,92101,13000.0,sedan,0,1,2,0.0
414748,26-39,male,majority,10-19y,none,poverty,0.3888042347468912,0.0,before 2015,1.0,0.0,10238,13000.0,sedan,0,0,1,1.0
117869,40-64,male,majority,20-29y,high school,upper class,0.5489150697748575,1.0,after 2015,1.0,1.0,10238,10000.0,sedan,1,0,2,0.0
443241,65+,male,majority,0-9y,university,upper class,,1.0,after 2015,1.0,1.0,10238,9000.0,sedan,0,0,0,0.0
645492,65+,male,minority,20-29y,none,middle class,0.4870255215613069,1.0,before 2015,1.0,1.0,32765,14000.0,sedan,3,0,3,1.0
34729,26-39,female,majority,10-19y,high school,middle class,0.5448380735082949,0.0,after 2015,1.0,1.0,10238,13000.0,sedan,1,0,0,0.0
764041,65+,female,minority,30y+,university,upper class,0.5867146248265699,1.0,before 2015,1.0,0.0,32765,,sedan,9,1,2,0.0
75657,26-39,female,minority,10-19y,high school,upper class,,1.0,before 2015,1.0,1.0,32765,6000.0,sedan,1,2,0,0.0
317358,40-64,female,majority,10-19y,university,upper class,0.5379105825245601,0.0,before 2015,0.0,1.0,10238,12000.0,sedan,0,0,2,0.0
981161,16-25,male,majority,0-9y,high school,poverty,0.4061774183487175,1.0,before 2015,0.0,0.0,10238,16000.0,sedan,0,0,0,1.0
586374,26-39,female,majority,0-9y,high school,middle class,0.5710471942457584,1.0,after 2015,1.0,0.0,10238,13000.0,sedan,0,0,0,0.0
349741,16-25,female,majority,0-9y,high school,working class,,0.0,before 2015,0.0,1.0,10238,14000.0,sedan,0,0,0,1.0
416719,16-25,female,majority,0-9y,university,working class,,0.0,before 2015,0.0,1.0,10238,12000.0,sedan,0,0,0,1.0
701369,26-39,female,majority,10-19y,university,middle class,0.4811607655495461,1.0,after 2015,0.0,0.0,10238,17000.0,sedan,1,0,1,0.0
833844,65+,male,majority,30y+,none,middle class,0.6050403550582458,1.0,before 2015,1.0,1.0,10238,11000.0,sedan,4,1,5,0.0
521188,26-39,male,majority,10-19y,university,upper class,0.6613658504532371,1.0,after 2015,1.0,0.0,10238,15000.0,sedan,0,0,2,0.0
675898,16-25,male,majority,0-9y,high school,middle class,0.5083042183803546,1.0,before 2015,0.0,1.0,10238,16000.0,sedan,0,0,0,0.0
490211,16-25,male,majority,0-9y,high school,middle class,0.4337899755378196,0.0,before 2015,0.0,0.0,10238,18000.0,sedan,0,0,0,1.0
775850,40-64,female,majority,20-29y,university,upper class,0.5538297087878516,0.0,after 2015,1.0,1.0,10238,11000.0,sedan,2,0,0,0.0
828324,26-39,male,majority,0-9y,high school,poverty,0.3505304279819008,0.0,before 2015,1.0,1.0,32765,8000.0,sedan,0,0,0,1.0
865814,40-64,male,majority,0-9y,high school,upper class,0.6287676720732993,1.0,after 2015,0.0,1.0,10238,17000.0,sedan,0,0,0,0.0
9519,40-64,female,majority,20-29y,university,upper class,0.5720686898452775,0.0,before 2015,0.0,0.0,10238,15000.0,sedan,3,1,2,0.0
677756,26-39,male,minority,10-19y,high school,working class,0.4308870003600701,0.0,after 2015,1.0,0.0,10238,13000.0,sedan,2,1,1,1.0
952096,65+,female,majority,10-19y,university,upper class,0.6234237531436093,1.0,before 2015,0.0,1.0,32765,7000.0,sedan,2,1,1,0.0
417747,40-64,female,majority,20-29y,high school,upper class,0.6279673647943066,0.0,before 2015,1.0,1.0,32765,9000.0,sedan,4,0,3,0.0
636647,65+,female,majority,10-19y,high school,upper class,,1.0,after 2015,1.0,1.0,10238,7000.0,sedan,1,0,2,0.0
670671,40-64,female,majority,10-19y,university,middle class,0.5273961990140225,1.0,after 2015,0.0,1.0,92101,9000.0,sedan,0,0,1,0.0
27809,26-39,male,majority,10-19y,university,upper class,0.7011064219380432,1.0,before 2015,0.0,0.0,10238,16000.0,sedan,0,0,2,1.0
448347,40-64,female,majority,20-29y,university,upper class,0.5007565863468161,1.0,after 2015,1.0,1.0,32765,10000.0,sedan,4,0,1,0.0
896253,40-64,male,majority,20-29y,university,upper class,0.4360174612631199,1.0,before 2015,0.0,0.0,32765,11000.0,sedan,7,3,1,0.0
24396,26-39,female,majority,10-19y,high school,poverty,0.4144618670550359,0.0,before 2015,1.0,1.0,10238,10000.0,sedan,3,0,1,0.0
400562,26-39,female,minority,10-19y,none,middle class,0.4948332302558839,0.0,after 2015,1.0,1.0,10238,8000.0,sedan,2,0,3,0.0
829498,16-25,female,majority,0-9y,none,poverty,,1.0,before 2015,1.0,0.0,10238,,sedan,0,0,0,0.0
288785,40-64,female,majority,20-29y,high school,upper class,0.5561496317258147,1.0,after 2015,1.0,1.0,32765,8000.0,sedan,1,0,1,0.0
263090,65+,male,majority,10-19y,university,upper class,0.5084737208238376,1.0,before 2015,0.0,1.0,10238,16000.0,sedan,0,0,1,0.0
871858,26-39,male,minority,0-9y,high school,poverty,0.2806543806481637,0.0,before 2015,0.0,1.0,10238,14000.0,sedan,0,0,0,1.0
704291,40-64,female,majority,10-19y,university,middle class,0.5090772453787626,1.0,before 2015,1.0,1.0,10238,10000.0,sedan,0,0,1,0.0
468503,16-25,female,minority,0-9y,high school,middle class,0.6722157890469818,1.0,after 2015,0.0,0.0,32765,17000.0,sedan,0,0,0,0.0
479539,40-64,male,majority,20-29y,high school,middle class,0.5106644777629026,0.0,before 2015,1.0,1.0,10238,12000.0,sedan,2,0,3,0.0
569125,26-39,male,majority,0-9y,none,working class,0.4549298945653736,1.0,before 2015,1.0,1.0,10238,11000.0,sedan,0,0,0,1.0
43228,40-64,male,majority,0-9y,university,upper class,0.6969531397597643,1.0,before 2015,1.0,1.0,32765,7000.0,sports car,0,0,0,1.0
9810,16-25,male,minority,0-9y,high school,working class,0.3777147276110605,1.0,before 2015,0.0,0.0,10238,14000.0,sedan,0,0,0,1.0
381397,40-64,female,majority,10-19y,high school,upper class,0.4877976264827012,1.0,after 2015,0.0,0.0,32765,12000.0,sports car,3,0,0,0.0
795527,26-39,female,majority,10-19y,high school,working class,0.3646300364441638,0.0,before 2015,1.0,1.0,32765,7000.0,sports car,1,0,0,1.0
232104,26-39,male,majority,10-19y,none,poverty,0.3988065653853319,0.0,before 2015,1.0,0.0,32765,8000.0,sedan,4,0,0,1.0
696548,40-64,female,majority,20-29y,university,upper class,0.5700233971623834,1.0,after 2015,1.0,1.0,10238,10000.0,sedan,4,0,1,0.0
361974,65+,female,majority,30y+,university,upper class,,1.0,before 2015,1.0,1.0,10238,,sedan,3,1,3,0.0
39077,26-39,female,minority,10-19y,none,poverty,0.4540753447395993,1.0,before 2015,0.0,1.0,32765,10000.0,sedan,2,0,1,1.0
87771,40-64,male,majority,10-19y,high school,middle class,0.3606896486687273,0.0,after 2015,1.0,1.0,10238,10000.0,sedan,1,0,1,0.0
434335,26-39,female,majority,0-9y,high school,poverty,0.1952385586730968,1.0,before 2015,0.0,1.0,10238,14000.0,sedan,0,0,0,0.0
636846,26-39,male,majority,0-9y,none,working class,0.7170914771884047,0.0,before 2015,0.0,1.0,10238,14000.0,sedan,0,0,0,1.0
11478,26-39,male,minority,0-9y,none,poverty,0.4300619438840933,0.0,before 2015,0.0,0.0,10238,,sedan,0,0,0,1.0
178185,26-39,female,majority,0-9y,high school,working class,0.4436898161806707,0.0,before 2015,0.0,0.0,10238,14000.0,sedan,0,0,0,1.0
382564,40-64,male,majority,0-9y,high school,upper class,0.5775123120799752,1.0,after 2015,1.0,1.0,10238,9000.0,sedan,0,0,0,0.0
690570,40-64,male,majority,20-29y,high school,upper class,0.5760219348282631,0.0,after 2015,1.0,1.0,10238,12000.0,sedan,4,3,3,0.0
862452,26-39,female,majority,10-19y,high school,middle class,0.6570315274617065,1.0,after 2015,1.0,0.0,10238,,sedan,0,0,1,0.0
915389,26-39,female,majority,10-19y,none,poverty,0.4133590098652053,0.0,before 2015,1.0,1.0,10238,13000.0,sedan,0,0,0,0.0
827830,26-39,male,majority,10-19y,university,middle class,0.5237848350630818,1.0,before 2015,1.0,0.0,10238,15000.0,sedan,0,0,0,0.0
963043,26-39,female,majority,10-19y,high school,poverty,0.4406622750365697,1.0,before 2015,0.0,0.0,10238,12000.0,sedan,0,0,2,0.0
336053,65+,female,majority,10-19y,high school,upper class,0.7342287523012491,1.0,after 2015,1.0,1.0,10238,10000.0,sports car,3,0,0,0.0
811551,16-25,male,majority,0-9y,university,working class,0.3699006108349729,1.0,before 2015,1.0,0.0,32765,13000.0,sedan,0,0,0,0.0
861216,65+,male,minority,10-19y,high school,upper class,0.7659449187209201,1.0,before 2015,1.0,1.0,10238,12000.0,sedan,0,1,0,0.0
68732,40-64,female,majority,20-29y,university,upper class,0.7059931135802957,1.0,before 2015,1.0,1.0,32765,10000.0,sedan,3,1,0,0.0
695849,40-64,female,majority,20-29y,high school,upper class,0.5281279666088714,1.0,after 2015,1.0,1.0,32765,11000.0,sedan,3,0,0,0.0
900525,26-39,male,majority,10-19y,high school,middle class,0.3413656943911265,1.0,before 2015,0.0,0.0,32765,11000.0,sedan,1,0,0,1.0
484080,26-39,male,majority,0-9y,high school,poverty,,0.0,before 2015,0.0,1.0,32765,19000.0,sedan,0,0,0,1.0
66996,26-39,female,majority,10-19y,none,middle class,0.6303955958218301,1.0,after 2015,0.0,1.0,32765,11000.0,sedan,0,0,2,0.0
883151,16-25,female,majority,0-9y,none,poverty,0.2868979243187189,0.0,before 2015,0.0,0.0,10238,14000.0,sedan,0,0,0,1.0
799465,65+,male,minority,10-19y,university,upper class,0.4242385060932215,1.0,before 2015,1.0,1.0,10238,13000.0,sedan,4,2,2,0.0
411305,26-39,male,majority,10-19y,high school,upper class,,1.0,after 2015,0.0,1.0,10238,14000.0,sports car,0,0,2,0.0
899894,26-39,male,majority,10-19y,high school,poverty,0.2453077144694729,0.0,before 2015,0.0,0.0,10238,16000.0,sedan,0,0,0,1.0
489823,16-25,male,majority,0-9y,high school,poverty,0.3189052382411765,1.0,before 2015,0.0,0.0,10238,17000.0,sedan,0,0,0,1.0
421862,40-64,female,majority,20-29y,university,upper class,0.64826623609342,1.0,before 2015,1.0,1.0,32765,6000.0,sedan,6,0,0,0.0
171918,40-64,male,majority,20-29y,university,upper class,0.5747705498222261,1.0,after 2015,0.0,0.0,10238,17000.0,sedan,0,2,1,0.0
944113,65+,female,majority,30y+,university,upper class,,0.0,before 2015,1.0,1.0,10238,10000.0,sedan,5,1,2,0.0
720877,65+,female,majority,10-19y,university,upper class,0.6910164446960826,1.0,before 2015,1.0,1.0,10238,12000.0,sports car,3,0,0,0.0
592668,16-25,female,majority,0-9y,high school,working class,0.2983405315294405,1.0,before 2015,0.0,0.0,10238,15000.0,sedan,0,0,0,1.0
354483,65+,female,majority,30y+,high school,upper class,0.6497286810498613,1.0,before 2015,1.0,1.0,10238,9000.0,sedan,3,0,3,0.0
17273,26-39,male,majority,10-19y,none,poverty,0.123977548630641,0.0,before 2015,1.0,1.0,10238,9000.0,sedan,1,0,2,0.0
509621,16-25,male,majority,0-9y,university,upper class,0.8324736259336839,0.0,before 2015,0.0,0.0,10238,16000.0,sedan,0,0,0,1.0
656765,40-64,female,majority,20-29y,high school,middle class,0.5230945739755938,1.0,after 2015,1.0,1.0,10238,12000.0,sedan,2,0,1,0.0
167440,16-25,female,majority,0-9y,none,poverty,0.3622944202387752,0.0,before 2015,0.0,1.0,10238,11000.0,sedan,0,0,0,1.0
277264,65+,male,majority,10-19y,university,upper class,,1.0,before 2015,1.0,1.0,32765,9000.0,sedan,10,0,2,1.0
38960,16-25,male,majority,0-9y,high school,poverty,0.2971507114749279,1.0,before 2015,0.0,1.0,10238,13000.0,sports car,0,0,0,1.0
168479,65+,female,majority,30y+,university,upper class,0.6172552350571828,0.0,after 2015,1.0,1.0,10238,,sedan,3,0,3,0.0
981118,16-25,female,majority,0-9y,high school,poverty,0.3979969052622514,0.0,before 2015,0.0,1.0,92101,10000.0,sedan,0,0,0,1.0
451869,65+,male,majority,20-29y,university,upper class,0.5538531509542752,1.0,before 2015,1.0,1.0,10238,11000.0,sedan,3,1,5,0.0
287800,65+,male,majority,30y+,university,upper class,0.5325877547051209,1.0,before 2015,1.0,1.0,10238,10000.0,sedan,2,1,2,0.0
562261,16-25,female,majority,0-9y,none,poverty,0.3039855834682566,0.0,before 2015,0.0,1.0,10238,13000.0,sedan,0,0,0,1.0
647092,16-25,male,majority,0-9y,university,poverty,0.3322138418525682,0.0,before 2015,0.0,0.0,92101,21000.0,sedan,0,0,0,1.0
679883,40-64,female,majority,20-29y,university,upper class,0.7112464650975716,1.0,before 2015,1.0,1.0,10238,10000.0,sedan,1,2,2,0.0
616137,26-39,male,majority,0-9y,high school,middle class,0.5491390596700176,1.0,before 2015,0.0,1.0,10238,13000.0,sedan,0,0,0,0.0
959864,65+,female,majority,10-19y,university,upper class,0.5523052503508536,0.0,after 2015,1.0,1.0,92101,11000.0,sedan,0,0,1,0.0
842504,65+,female,majority,10-19y,university,upper class,0.6455861279190653,1.0,after 2015,1.0,1.0,10238,11000.0,sedan,2,0,1,0.0
135257,40-64,female,majority,20-29y,high school,poverty,0.3401464550196585,1.0,before 2015,1.0,1.0,10238,8000.0,sedan,1,0,0,0.0
686058,26-39,female,minority,10-19y,high school,working class,0.2934480144354176,1.0,after 2015,0.0,1.0,32765,,sedan,2,0,2,0.0
286174,40-64,female,majority,20-29y,university,upper class,0.5627454441010621,1.0,after 2015,1.0,1.0,10238,9000.0,sedan,1,1,0,0.0
698069,26-39,female,majority,10-19y,university,middle class,0.7537068295963879,1.0,before 2015,0.0,0.0,92101,14000.0,sedan,0,0,1,1.0
331175,26-39,female,majority,10-19y,university,upper class,0.71583338738666,1.0,after 2015,1.0,1.0,10238,9000.0,sedan,0,0,1,0.0
747665,40-64,male,majority,20-29y,high school,upper class,,1.0,before 2015,1.0,1.0,10238,7000.0,sedan,2,0,1,0.0
123443,26-39,male,majority,10-19y,university,upper class,0.5578403271955679,1.0,after 2015,1.0,1.0,10238,10000.0,sedan,2,0,0,0.0
737210,16-25,female,majority,0-9y,university,middle class,0.5903723317210914,1.0,before 2015,1.0,1.0,32765,6000.0,sedan,0,0,0,0.0
977069,16-25,female,minority,0-9y,none,working class,0.3869930705618757,1.0,before 2015,0.0,1.0,10238,13000.0,sedan,0,0,0,0.0
169690,16-25,male,majority,0-9y,university,upper class,0.6155620953988491,0.0,before 2015,1.0,1.0,10238,11000.0,sedan,0,0,0,1.0
979335,40-64,male,majority,10-19y,high school,upper class,0.5584527325845159,1.0,after 2015,1.0,0.0,10238,7000.0,sedan,5,0,3,0.0
106515,40-64,female,majority,0-9y,university,upper class,0.6214077529147503,1.0,before 2015,1.0,1.0,10238,13000.0,sedan,0,0,0,0.0
676831,65+,female,majority,30y+,high school,upper class,0.6719840800004058,1.0,after 2015,1.0,1.0,32765,11000.0,sedan,5,3,2,0.0
209390,16-25,female,majority,0-9y,high school,working class,0.1909109064399252,1.0,before 2015,0.0,1.0,92101,12000.0,sedan,0,0,0,0.0
645135,40-64,female,majority,10-19y,high school,upper class,0.5149450496137513,1.0,after 2015,1.0,1.0,10238,11000.0,sedan,0,0,2,0.0
816754,26-39,male,majority,10-19y,university,upper class,0.3857872483402234,1.0,before 2015,1.0,1.0,10238,10000.0,sedan,0,1,5,0.0
894434,40-64,female,majority,20-29y,university,upper class,,1.0,before 2015,1.0,1.0,10238,8000.0,sedan,0,0,2,0.0
197094,26-39,male,majority,10-19y,university,working class,0.4689135326636327,1.0,before 2015,0.0,0.0,10238,14000.0,sedan,0,0,0,0.0
75260,65+,female,majority,30y+,university,upper class,0.7451887369331601,1.0,after 2015,0.0,1.0,10238,,sedan,3,0,0,0.0
527357,26-39,female,majority,10-19y,university,upper class,0.5679144194169256,1.0,after 2015,1.0,0.0,10238,12000.0,sedan,1,0,1,0.0
612740,65+,female,majority,0-9y,university,upper class,0.6214602994502341,0.0,before 2015,1.0,1.0,10238,12000.0,sedan,0,0,0,1.0
415986,26-39,female,majority,10-19y,high school,middle class,0.6660408548693639,1.0,before 2015,0.0,1.0,92101,12000.0,sedan,1,0,1,0.0
826419,65+,male,majority,30y+,high school,upper class,0.4948439038756765,1.0,before 2015,1.0,1.0,10238,11000.0,sedan,4,0,6,0.0
7722,26-39,female,minority,0-9y,high school,poverty,0.3357473732007096,0.0,before 2015,0.0,1.0,10238,15000.0,sedan,0,0,0,1.0
51347,40-64,female,majority,20-29y,university,upper class,,1.0,before 2015,1.0,1.0,10238,9000.0,sedan,5,0,2,0.0
924579,26-39,female,majority,10-19y,none,poverty,0.4782584258354346,0.0,before 2015,0.0,1.0,32765,9000.0,sedan,2,0,0,0.0
799435,26-39,female,majority,0-9y,university,poverty,0.3435164732655145,1.0,before 2015,0.0,0.0,10238,17000.0,sedan,0,0,0,1.0
288419,65+,female,majority,30y+,university,upper class,0.5336770829727767,1.0,after 2015,1.0,1.0,10238,7000.0,sedan,2,0,6,0.0
384016,65+,female,majority,30y+,high school,working class,0.3818468667605141,0.0,before 2015,0.0,1.0,32765,9000.0,sedan,5,1,3,0.0
125413,16-25,male,majority,0-9y,none,poverty,0.2837731929948115,1.0,before 2015,1.0,0.0,10238,16000.0,sports car,0,0,0,0.0
113033,16-25,male,majority,0-9y,high school,working class,0.466327896902897,1.0,before 2015,0.0,0.0,10238,13000.0,sedan,0,0,0,1.0
583128,65+,female,majority,30y+,university,upper class,0.6277455897894006,1.0,before 2015,0.0,1.0,10238,12000.0,sedan,3,0,3,0.0
665832,40-64,male,majority,20-29y,high school,upper class,0.6929337498339926,1.0,before 2015,1.0,1.0,10238,,sedan,4,3,6,0.0
302592,40-64,female,majority,20-29y,none,upper class,,1.0,after 2015,1.0,1.0,10238,11000.0,sedan,0,1,1,0.0
869971,16-25,male,majority,0-9y,none,poverty,,0.0,before 2015,0.0,1.0,92101,12000.0,sedan,0,0,0,1.0
508925,16-25,female,majority,0-9y,high school,poverty,0.4724195112793811,0.0,before 2015,0.0,1.0,10238,11000.0,sedan,0,0,0,1.0
64441,26-39,female,majority,10-19y,high school,middle class,0.6141936424008992,1.0,before 2015,1.0,1.0,10238,,sedan,1,0,1,0.0
557158,40-64,male,majority,20-29y,university,upper class,,1.0,after 2015,0.0,1.0,10238,15000.0,sedan,4,0,3,0.0
87522,40-64,female,majority,10-19y,none,working class,0.4994842253450598,0.0,before 2015,0.0,1.0,10238,13000.0,sedan,0,0,0,0.0
696919,40-64,male,majority,0-9y,high school,upper class,0.5673375898657691,1.0,after 2015,1.0,1.0,10238,15000.0,sedan,0,0,0,1.0
927948,40-64,male,majority,20-29y,university,upper class,0.7210338094800525,1.0,before 2015,1.0,1.0,10238,15000.0,sedan,0,0,0,0.0
459680,26-39,female,majority,0-9y,high school,middle class,0.5031641628599612,1.0,before 2015,1.0,1.0,10238,9000.0,sedan,0,0,0,1.0
916846,40-64,female,majority,0-9y,university,working class,0.3642655106430805,0.0,before 2015,0.0,1.0,10238,,sedan,0,0,0,1.0
955081,65+,female,majority,0-9y,university,upper class,0.768231230762985,1.0,after 2015,1.0,1.0,32765,11000.0,sedan,0,0,0,0.0
547501,40-64,female,majority,10-19y,university,upper class,,1.0,before 2015,1.0,1.0,32765,,sedan,2,1,0,0.0
45002,65+,male,majority,30y+,high school,upper class,0.6722562535141292,1.0,before 2015,1.0,1.0,10238,9000.0,sedan,4,1,2,0.0
343671,65+,male,majority,30y+,university,upper class,0.5160063409111967,1.0,after 2015,1.0,1.0,32765,10000.0,sedan,7,1,2,0.0
469040,40-64,male,majority,20-29y,university,upper class,0.6304271900044401,1.0,before 2015,1.0,1.0,10238,10000.0,sedan,4,1,4,0.0
822554,40-64,male,majority,20-29y,high school,upper class,0.6192855160029541,1.0,after 2015,1.0,1.0,10238,13000.0,sedan,1,0,3,0.0
707899,65+,female,majority,30y+,high school,upper class,0.6267008974527088,1.0,after 2015,1.0,0.0,10238,13000.0,sedan,1,0,1,0.0
41793,65+,female,majority,30y+,high school,middle class,0.4769839114431049,0.0,before 2015,1.0,1.0,10238,,sedan,7,1,7,0.0
197241,16-25,male,majority,0-9y,none,poverty,0.3328558315587265,1.0,before 2015,1.0,0.0,32765,14000.0,sedan,0,0,0,1.0
359707,16-25,male,majority,0-9y,university,middle class,0.5279117971505423,1.0,before 2015,1.0,1.0,10238,12000.0,sedan,0,0,0,0.0
844425,40-64,male,majority,20-29y,high school,middle class,0.5074746711773291,1.0,after 2015,0.0,1.0,32765,6000.0,sedan,6,2,2,0.0
286,16-25,male,minority,0-9y,university,poverty,0.2762350064240472,0.0,before 2015,0.0,1.0,10238,13000.0,sedan,0,0,0,1.0
471169,26-39,male,majority,10-19y,high school,upper class,0.696136173927799,1.0,after 2015,0.0,1.0,10238,13000.0,sedan,3,0,1,0.0
540695,40-64,male,majority,20-29y,university,upper class,0.6752004195481843,0.0,before 2015,1.0,1.0,92101,12000.0,sedan,5,0,2,0.0
284693,65+,male,majority,20-29y,high school,upper class,0.5822884597936387,1.0,before 2015,1.0,1.0,32765,8000.0,sedan,3,0,2,0.0
325516,65+,female,majority,0-9y,none,middle class,0.5342877060116482,1.0,before 2015,1.0,1.0,10238,13000.0,sedan,0,0,0,0.0
957199,40-64,male,minority,20-29y,high school,working class,0.5268632055766924,1.0,after 2015,1.0,1.0,10238,9000.0,sports car,4,0,3,0.0
431366,26-39,female,majority,10-19y,high school,upper class,0.5957286884093503,1.0,after 2015,0.0,0.0,10238,17000.0,sedan,0,0,0,0.0
898437,40-64,female,majority,10-19y,high school,upper class,0.6552932165806191,1.0,before 2015,1.0,1.0,10238,13000.0,sports car,0,0,0,0.0
507475,40-64,male,majority,10-19y,university,upper class,0.6711793098202495,1.0,before 2015,1.0,0.0,10238,13000.0,sedan,1,1,0,0.0
261915,40-64,female,majority,0-9y,high school,middle class,0.6447587660746779,1.0,before 2015,1.0,1.0,10238,6000.0,sports car,0,0,0,0.0
281285,65+,male,majority,0-9y,high school,upper class,0.4532770856218067,1.0,before 2015,1.0,1.0,10238,10000.0,sedan,0,0,0,1.0
552377,16-25,female,majority,0-9y,none,poverty,,1.0,before 2015,0.0,0.0,10238,19000.0,sedan,0,0,0,0.0
362814,16-25,female,majority,0-9y,none,working class,0.527302248297344,1.0,before 2015,1.0,0.0,10238,13000.0,sedan,0,0,0,0.0
574170,40-64,female,majority,10-19y,university,upper class,0.6354807022016492,1.0,before 2015,1.0,1.0,32765,12000.0,sedan,0,0,1,1.0
135645,26-39,male,majority,10-19y,high school,upper class,0.548390842965459,1.0,after 2015,1.0,1.0,21217,10000.0,sedan,0,0,0,1.0
676952,26-39,male,majority,10-19y,high school,middle class,0.5548795032659856,1.0,before 2015,1.0,1.0,10238,12000.0,sedan,0,0,1,0.0
668634,16-25,female,majority,0-9y,none,poverty,0.362858054962891,1.0,before 2015,0.0,1.0,10238,,sedan,0,0,0,1.0
493576,26-39,female,minority,0-9y,high school,middle class,0.4809742536849557,1.0,before 2015,0.0,0.0,10238,14000.0,sedan,0,0,0,1.0
559214,26-39,female,majority,10-19y,university,working class,0.4548361796457958,1.0,before 2015,0.0,0.0,10238,20000.0,sedan,2,0,0,1.0
804887,26-39,male,majority,10-19y,high school,working class,0.2731767646218939,1.0,after 2015,1.0,0.0,92101,12000.0,sedan,2,0,0,1.0
530970,26-39,male,majority,0-9y,none,working class,0.4515197420397469,0.0,before 2015,0.0,0.0,10238,13000.0,sedan,0,0,0,1.0
546281,26-39,male,majority,10-19y,none,working class,,0.0,before 2015,1.0,1.0,10238,14000.0,sedan,0,0,3,1.0
504214,40-64,male,majority,20-29y,high school,upper class,0.5226425668570025,1.0,before 2015,1.0,1.0,10238,14000.0,sedan,2,1,2,0.0
980484,40-64,male,majority,0-9y,university,upper class,0.4994438828585013,1.0,before 2015,1.0,1.0,10238,12000.0,sedan,0,0,0,1.0
202230,16-25,female,majority,0-9y,high school,poverty,0.5075828928455902,0.0,before 2015,0.0,0.0,32765,15000.0,sedan,0,0,0,1.0
237997,65+,male,majority,0-9y,university,upper class,0.5737489246895384,1.0,after 2015,0.0,1.0,10238,12000.0,sedan,0,0,0,0.0
306173,16-25,male,majority,0-9y,university,working class,0.3976983783647137,0.0,before 2015,0.0,1.0,10238,11000.0,sedan,0,0,0,1.0
405291,40-64,male,majority,20-29y,none,middle class,0.473999983920113,1.0,before 2015,1.0,1.0,32765,9000.0,sedan,4,1,0,1.0
479577,40-64,female,majority,20-29y,university,upper class,0.6670906918498556,1.0,after 2015,1.0,1.0,10238,7000.0,sedan,4,0,0,0.0
61889,40-64,female,majority,20-29y,high school,middle class,0.5883010090816301,1.0,before 2015,0.0,1.0,10238,,sedan,1,2,2,0.0
915119,40-64,female,majority,20-29y,high school,middle class,0.4345567667763654,1.0,before 2015,1.0,0.0,10238,12000.0,sedan,1,1,0,0.0
271782,40-64,female,majority,20-29y,university,upper class,0.5829590446374744,1.0,after 2015,1.0,1.0,21217,10000.0,sedan,1,0,1,1.0
440240,65+,female,majority,30y+,university,upper class,0.7276229155679576,1.0,after 2015,0.0,1.0,32765,12000.0,sedan,3,2,0,0.0
839097,65+,female,majority,10-19y,university,upper class,0.7449383495568896,0.0,after 2015,0.0,1.0,10238,16000.0,sports car,0,0,0,0.0
510560,26-39,female,minority,10-19y,none,working class,0.4092884350839005,1.0,before 2015,0.0,0.0,10238,13000.0,sedan,1,0,0,0.0
847915,40-64,male,majority,0-9y,university,upper class,0.6714062798340049,1.0,after 2015,1.0,1.0,10238,12000.0,sedan,0,0,0,0.0
352107,26-39,male,majority,0-9y,high school,poverty,0.3497900911696816,0.0,before 2015,0.0,1.0,32765,10000.0,sedan,0,0,0,1.0
69133,40-64,male,majority,20-29y,high school,upper class,0.4402775964341178,1.0,before 2015,1.0,1.0,10238,13000.0,sedan,5,0,1,0.0
79334,40-64,male,majority,10-19y,university,upper class,0.6621741504322499,1.0,after 2015,0.0,1.0,10238,13000.0,sedan,1,0,1,0.0
15695,40-64,male,majority,0-9y,high school,working class,0.3921684468808021,0.0,before 2015,1.0,1.0,32765,7000.0,sedan,0,0,0,1.0
752409,65+,male,majority,30y+,university,upper class,0.5035961534650459,1.0,after 2015,1.0,1.0,10238,9000.0,sedan,3,0,9,0.0
274896,16-25,male,majority,0-9y,high school,poverty,0.3071234228183608,1.0,before 2015,1.0,0.0,10238,11000.0,sedan,0,0,0,1.0
428609,26-39,male,majority,10-19y,high school,working class,0.4403229422775207,0.0,before 2015,0.0,0.0,10238,13000.0,sedan,0,0,0,1.0
571298,65+,male,majority,0-9y,university,upper class,0.7403410730107258,1.0,before 2015,1.0,1.0,10238,9000.0,sedan,0,0,0,1.0
968690,26-39,male,majority,0-9y,none,poverty,0.2835426409650666,1.0,before 2015,0.0,0.0,10238,,sedan,0,0,0,1.0
425991,16-25,male,majority,0-9y,high school,poverty,0.1995060079109585,1.0,before 2015,0.0,0.0,10238,18000.0,sedan,0,0,0,1.0
566111,16-25,male,majority,0-9y,none,poverty,,0.0,before 2015,0.0,0.0,10238,12000.0,sedan,0,0,0,1.0
573424,26-39,female,majority,10-19y,none,middle class,0.5612213429105586,1.0,before 2015,0.0,0.0,32765,12000.0,sedan,2,0,1,1.0
307540,40-64,male,majority,20-29y,none,upper class,0.5971950272813463,1.0,before 2015,1.0,1.0,10238,11000.0,sedan,5,1,5,0.0
77759,26-39,female,majority,10-19y,none,poverty,0.1931346926606078,0.0,before 2015,0.0,1.0,32765,9000.0,sedan,2,0,0,1.0
918188,16-25,female,majority,0-9y,university,working class,0.4270894906116969,0.0,after 2015,0.0,1.0,10238,14000.0,sedan,0,0,0,1.0
934382,65+,female,majority,20-29y,university,upper class,0.7241955103170054,1.0,before 2015,1.0,1.0,10238,10000.0,sedan,0,0,1,0.0
459817,65+,female,majority,30y+,university,upper class,0.6746038512731639,0.0,after 2015,1.0,1.0,10238,5000.0,sedan,3,0,2,0.0
792349,65+,female,majority,20-29y,university,upper class,,1.0,before 2015,1.0,1.0,32765,7000.0,sedan,4,1,1,0.0
6167,26-39,male,majority,10-19y,high school,upper class,0.5127623848904239,1.0,after 2015,1.0,1.0,10238,7000.0,sports car,3,1,6,0.0
978142,26-39,female,majority,10-19y,high school,poverty,0.292752440609447,0.0,before 2015,1.0,1.0,32765,6000.0,sedan,3,0,0,0.0
588188,26-39,female,majority,10-19y,high school,middle class,0.4432003644752441,1.0,before 2015,1.0,1.0,10238,11000.0,sedan,0,0,0,0.0
675192,40-64,male,majority,10-19y,none,middle class,0.4816627514207715,1.0,before 2015,0.0,0.0,10238,10000.0,sedan,2,0,1,0.0
449921,40-64,male,majority,10-19y,university,upper class,0.6329125316171743,1.0,before 2015,1.0,1.0,10238,12000.0,sedan,1,0,0,0.0
912129,65+,male,majority,30y+,high school,upper class,0.6789714861404762,1.0,before 2015,0.0,1.0,10238,9000.0,sedan,6,2,6,0.0
252894,40-64,male,majority,20-29y,university,upper class,,0.0,after 2015,1.0,1.0,32765,11000.0,sedan,5,0,0,0.0
367434,40-64,female,majority,0-9y,university,upper class,0.5576522767500824,1.0,before 2015,1.0,1.0,10238,10000.0,sedan,0,0,0,1.0
746345,26-39,male,majority,0-9y,none,working class,0.3599178912483734,1.0,before 2015,0.0,0.0,32765,,sedan,0,0,0,1.0
950482,26-39,male,majority,10-19y,university,working class,0.3762875378405535,0.0,after 2015,0.0,0.0,10238,14000.0,sedan,2,0,1,0.0
729005,26-39,male,majority,10-19y,high school,poverty,0.3082459199173508,0.0,before 2015,0.0,1.0,10238,13000.0,sedan,1,0,2,1.0
33483,65+,male,majority,10-19y,university,upper class,0.765285708520443,0.0,after 2015,1.0,1.0,10238,10000.0,sedan,2,0,1,0.0
744904,40-64,male,majority,20-29y,none,working class,0.3939002596613116,0.0,before 2015,0.0,1.0,32765,9000.0,sedan,9,2,1,0.0
60668,26-39,male,majority,0-9y,university,middle class,0.4661226917246255,0.0,before 2015,0.0,0.0,10238,,sedan,0,0,0,1.0
209441,26-39,female,majority,0-9y,none,working class,0.3752482340703718,1.0,before 2015,1.0,1.0,10238,13000.0,sedan,0,0,0,0.0
88282,26-39,female,majority,10-19y,high school,poverty,0.1274177169396,0.0,before 2015,0.0,0.0,92101,13000.0,sedan,3,0,4,0.0
348410,26-39,male,majority,10-19y,university,middle class,0.5310501101632631,1.0,after 2015,0.0,1.0,10238,15000.0,sedan,2,0,0,0.0
74173,40-64,male,majority,10-19y,high school,upper class,,1.0,after 2015,0.0,1.0,92101,10000.0,sedan,0,0,0,0.0
401259,26-39,female,majority,10-19y,university,middle class,0.5876351706646832,1.0,after 2015,0.0,1.0,10238,10000.0,sedan,0,1,0,0.0
849886,16-25,female,majority,0-9y,high school,poverty,,0.0,before 2015,0.0,0.0,92101,,sedan,0,0,0,1.0
392215,16-25,male,majority,0-9y,high school,poverty,0.2992029176474962,1.0,before 2015,1.0,0.0,10238,14000.0,sedan,0,0,0,0.0
248038,40-64,female,majority,10-19y,university,upper class,,1.0,after 2015,1.0,1.0,32765,13000.0,sedan,0,1,1,0.0
230311,26-39,male,majority,10-19y,university,upper class,0.7049684535618943,1.0,after 2015,1.0,0.0,10238,13000.0,sedan,0,0,0,0.0
350712,65+,female,majority,20-29y,university,upper class,,1.0,before 2015,1.0,1.0,32765,,sedan,8,0,0,0.0
913584,65+,female,majority,30y+,university,upper class,,1.0,after 2015,1.0,1.0,32765,9000.0,sedan,9,2,0,0.0
299634,65+,female,majority,30y+,none,working class,0.5438774846141012,0.0,before 2015,0.0,1.0,10238,,sedan,2,0,1,0.0
130027,26-39,female,majority,10-19y,high school,working class,0.4615832444858432,1.0,before 2015,0.0,1.0,10238,15000.0,sedan,0,0,0,0.0
584626,16-25,male,majority,0-9y,high school,middle class,0.3197485541699239,1.0,before 2015,1.0,1.0,10238,9000.0,sedan,0,0,0,0.0
981793,40-64,male,minority,20-29y,university,upper class,0.7124790221331048,1.0,after 2015,0.0,1.0,10238,9000.0,sedan,2,1,5,0.0
972848,65+,male,majority,30y+,high school,upper class,,0.0,before 2015,0.0,1.0,32765,10000.0,sedan,5,1,4,0.0
500215,65+,female,majority,30y+,high school,upper class,0.5777028525076912,1.0,before 2015,0.0,1.0,10238,11000.0,sedan,2,0,3,0.0
33610,16-25,male,majority,0-9y,none,poverty,0.4923020945955718,0.0,before 2015,0.0,0.0,10238,17000.0,sedan,0,0,0,1.0
835087,26-39,female,majority,10-19y,none,poverty,0.4293141074058123,0.0,before 2015,0.0,1.0,32765,7000.0,sedan,3,0,0,0.0
424985,40-64,female,majority,20-29y,university,middle class,0.3921151727680966,1.0,before 2015,1.0,1.0,32765,10000.0,sedan,4,0,2,0.0
264527,16-25,male,majority,0-9y,high school,middle class,0.4810175585638772,0.0,before 2015,1.0,1.0,10238,13000.0,sedan,0,0,0,1.0
556081,65+,male,majority,10-19y,none,upper class,0.5893226520579675,1.0,before 2015,1.0,0.0,10238,,sports car,3,0,1,1.0
234352,40-64,male,majority,20-29y,university,upper class,,1.0,before 2015,0.0,1.0,10238,12000.0,sedan,1,3,2,0.0
16345,16-25,male,majority,0-9y,university,upper class,0.7225984079757813,1.0,before 2015,0.0,0.0,32765,11000.0,sedan,0,0,0,1.0
565346,16-25,female,majority,0-9y,high school,working class,0.566843891896652,1.0,before 2015,0.0,0.0,32765,16000.0,sedan,0,0,0,1.0
280133,40-64,female,majority,20-29y,university,upper class,0.5632326874189856,0.0,before 2015,1.0,1.0,10238,11000.0,sedan,1,2,0,0.0
660963,16-25,male,majority,0-9y,university,middle class,0.4637218969356029,1.0,after 2015,0.0,0.0,10238,,sedan,0,0,0,1.0
535887,26-39,male,majority,10-19y,none,poverty,0.3226948676935375,0.0,before 2015,0.0,0.0,32765,10000.0,sedan,4,0,0,1.0
836330,40-64,male,majority,20-29y,university,upper class,0.6109676775612789,1.0,before 2015,1.0,1.0,10238,,sedan,4,1,2,0.0
14004,16-25,male,majority,0-9y,high school,poverty,0.3810013357040453,0.0,before 2015,0.0,1.0,10238,14000.0,sedan,0,0,0,1.0
345853,26-39,male,majority,10-19y,none,working class,0.4687183422871271,0.0,after 2015,1.0,0.0,10238,,sedan,1,0,1,0.0
849983,65+,female,majority,0-9y,high school,upper class,0.6952752089780221,0.0,after 2015,0.0,1.0,10238,10000.0,sedan,0,0,0,0.0
936683,65+,male,majority,30y+,university,upper class,0.5848949823762891,1.0,before 2015,0.0,1.0,10238,15000.0,sedan,3,1,6,1.0
161526,65+,female,majority,30y+,university,upper class,0.6590255213877537,1.0,after 2015,1.0,1.0,32765,8000.0,sedan,7,0,3,0.0
127187,65+,female,majority,10-19y,high school,upper class,0.6602563180801946,1.0,after 2015,0.0,0.0,10238,11000.0,sedan,1,0,0,0.0
511532,26-39,male,majority,10-19y,none,poverty,0.218675950842752,1.0,before 2015,0.0,1.0,10238,10000.0,sedan,1,0,1,0.0
921114,40-64,female,majority,20-29y,high school,middle class,,1.0,after 2015,0.0,1.0,10238,,sedan,1,0,2,0.0
10843,40-64,male,majority,20-29y,university,upper class,0.5873836120460223,0.0,after 2015,1.0,1.0,32765,9000.0,sedan,10,2,0,0.0
155152,26-39,female,majority,10-19y,university,upper class,0.7497062309709136,1.0,after 2015,0.0,1.0,10238,,sedan,1,0,0,0.0
818352,26-39,male,majority,10-19y,university,middle class,0.5619783574460144,0.0,before 2015,1.0,0.0,32765,12000.0,sedan,0,0,1,1.0
792926,40-64,female,majority,10-19y,high school,upper class,0.5203529992618114,1.0,before 2015,1.0,1.0,32765,6000.0,sedan,0,0,0,0.0
938705,26-39,male,majority,10-19y,none,poverty,0.2776464231642333,0.0,before 2015,1.0,1.0,32765,10000.0,sports car,4,0,4,0.0
969759,40-64,male,majority,0-9y,high school,working class,0.3930367833642708,1.0,before 2015,1.0,1.0,10238,15000.0,sedan,0,0,0,1.0
110127,16-25,female,majority,0-9y,high school,middle class,0.4757724890071596,1.0,after 2015,0.0,1.0,10238,13000.0,sedan,0,0,0,0.0
875904,16-25,female,majority,0-9y,university,upper class,0.6124684841669664,1.0,after 2015,1.0,1.0,32765,4000.0,sedan,0,0,0,0.0
987063,65+,male,majority,30y+,high school,upper class,0.5119263879433088,1.0,after 2015,1.0,1.0,10238,8000.0,sedan,4,0,1,0.0
994291,40-64,male,minority,0-9y,university,upper class,0.5340553977378382,1.0,before 2015,0.0,1.0,10238,10000.0,sports car,0,0,0,1.0
909251,65+,male,majority,30y+,university,upper class,0.6801737707726987,1.0,after 2015,0.0,1.0,10238,9000.0,sedan,6,1,12,0.0
582212,65+,male,majority,0-9y,university,upper class,0.603898492782213,1.0,after 2015,1.0,1.0,10238,9000.0,sedan,0,0,0,0.0
993761,40-64,male,majority,0-9y,university,upper class,0.6665708808245926,1.0,before 2015,1.0,1.0,32765,7000.0,sports car,0,0,0,1.0
111201,65+,male,majority,20-29y,university,upper class,0.556821529947094,1.0,after 2015,1.0,1.0,32765,8000.0,sedan,8,2,4,1.0
712477,40-64,male,majority,10-19y,high school,working class,0.5512911331513948,1.0,before 2015,0.0,0.0,10238,14000.0,sedan,1,0,3,0.0
697860,16-25,female,majority,0-9y,university,middle class,0.6813259498374928,0.0,before 2015,1.0,0.0,32765,9000.0,sedan,0,0,0,1.0
620903,26-39,female,majority,10-19y,high school,poverty,0.5037056612882583,0.0,before 2015,1.0,1.0,10238,15000.0,sedan,0,0,1,1.0
574217,40-64,male,majority,10-19y,university,upper class,0.5433718956835348,0.0,after 2015,0.0,0.0,32765,12000.0,sedan,7,0,0,0.0
326989,26-39,female,majority,10-19y,university,upper class,0.5958198695827401,0.0,after 2015,0.0,1.0,10238,12000.0,sedan,1,0,2,0.0
400335,40-64,female,majority,10-19y,university,upper class,0.6798570620786887,1.0,before 2015,1.0,0.0,10238,13000.0,sedan,0,0,0,0.0
156495,26-39,male,majority,10-19y,university,upper class,0.6954659685303427,1.0,before 2015,0.0,1.0,10238,11000.0,sedan,4,1,0,0.0
61471,16-25,female,majority,0-9y,none,working class,0.3907774641073533,1.0,before 2015,0.0,1.0,10238,10000.0,sedan,0,0,0,1.0
696459,26-39,male,majority,10-19y,none,poverty,0.1986688491150986,1.0,before 2015,0.0,0.0,10238,18000.0,sedan,0,0,0,0.0
644428,65+,female,majority,10-19y,high school,upper class,0.6553239523326291,0.0,before 2015,0.0,1.0,32765,8000.0,sedan,3,0,1,1.0
604621,40-64,male,majority,20-29y,university,upper class,0.5027207403958512,1.0,before 2015,1.0,0.0,10238,13000.0,sedan,2,0,2,0.0
190973,16-25,male,majority,0-9y,none,poverty,0.4344338449489727,0.0,before 2015,0.0,1.0,92101,11000.0,sedan,0,0,0,1.0
38164,40-64,male,majority,10-19y,high school,working class,0.4861571716311871,0.0,before 2015,1.0,1.0,10238,12000.0,sedan,0,0,0,1.0
352818,40-64,female,majority,10-19y,university,upper class,0.6291183686908367,1.0,after 2015,0.0,1.0,32765,15000.0,sports car,0,0,0,1.0
547648,26-39,female,majority,10-19y,university,middle class,0.4894968702736358,1.0,before 2015,1.0,1.0,10238,11000.0,sedan,1,0,0,0.0
16414,26-39,female,majority,10-19y,none,poverty,0.4890164051337181,1.0,before 2015,1.0,1.0,10238,12000.0,sedan,0,0,0,0.0
24737,40-64,female,majority,20-29y,none,poverty,0.5194542755967739,0.0,before 2015,0.0,1.0,32765,10000.0,sedan,6,1,1,0.0
29449,40-64,male,majority,20-29y,high school,upper class,0.6271623552865446,1.0,after 2015,1.0,1.0,32765,8000.0,sedan,5,1,1,0.0
743957,40-64,female,majority,10-19y,high school,middle class,,1.0,before 2015,1.0,0.0,10238,15000.0,sedan,0,0,0,0.0
10365,40-64,female,majority,20-29y,none,upper class,0.4496756293279009,0.0,after 2015,0.0,1.0,32765,11000.0,sedan,2,0,0,0.0
665497,40-64,male,majority,20-29y,university,middle class,0.5305916910859646,1.0,before 2015,0.0,1.0,10238,16000.0,sedan,3,1,0,0.0
987471,40-64,female,majority,20-29y,university,middle class,0.5571292364718579,1.0,before 2015,1.0,1.0,32765,9000.0,sedan,3,0,0,0.0
5949,16-25,female,majority,0-9y,high school,middle class,0.5087644219573085,0.0,before 2015,0.0,1.0,10238,11000.0,sedan,0,0,0,1.0
972892,40-64,male,majority,20-29y,high school,middle class,0.6442098118504562,1.0,before 2015,1.0,1.0,10238,9000.0,sedan,1,0,3,0.0
912828,16-25,male,majority,0-9y,high school,middle class,0.5532600531952381,1.0,after 2015,1.0,1.0,32765,8000.0,sedan,0,0,0,1.0
147912,40-64,female,majority,0-9y,university,upper class,0.6913838574332987,1.0,after 2015,1.0,1.0,10238,13000.0,sedan,0,0,0,0.0
491509,26-39,female,majority,0-9y,high school,middle class,0.5303731375700654,1.0,before 2015,1.0,1.0,10238,9000.0,sedan,0,0,0,1.0
948789,26-39,male,majority,0-9y,university,upper class,,1.0,before 2015,1.0,1.0,32765,,sedan,0,0,0,1.0
233200,26-39,female,majority,0-9y,university,middle class,0.5841273528155413,0.0,before 2015,0.0,0.0,10238,14000.0,sedan,0,0,0,1.0
11655,26-39,female,majority,10-19y,high school,upper class,0.8844095270837166,1.0,after 2015,1.0,1.0,10238,10000.0,sedan,0,0,0,0.0
899767,65+,male,majority,30y+,university,upper class,0.5236051452575196,1.0,after 2015,1.0,0.0,10238,11000.0,sedan,7,1,6,0.0
442017,65+,female,majority,30y+,high school,upper class,0.4809572482965536,1.0,before 2015,0.0,0.0,10238,13000.0,sedan,1,1,0,0.0
594395,40-64,male,majority,20-29y,high school,upper class,0.5112058884078383,1.0,before 2015,1.0,1.0,10238,14000.0,sedan,2,1,5,0.0
212863,26-39,female,majority,10-19y,high school,middle class,0.4949959840087744,1.0,before 2015,1.0,1.0,21217,10000.0,sports car,2,0,0,1.0
512465,40-64,female,majority,20-29y,high school,upper class,0.5049157235092349,1.0,before 2015,1.0,1.0,32765,,sedan,4,1,1,0.0
768291,40-64,male,majority,10-19y,high school,upper class,0.7504612840265749,1.0,after 2015,1.0,0.0,32765,,sedan,3,0,1,0.0
34516,26-39,male,majority,10-19y,none,poverty,0.2513881755026152,0.0,before 2015,0.0,0.0,10238,,sedan,0,0,0,1.0
799392,16-25,female,majority,0-9y,university,working class,0.4010182348532662,1.0,after 2015,0.0,1.0,32765,11000.0,sedan,0,0,0,0.0
35732,26-39,female,majority,10-19y,high school,working class,0.3256224191074233,1.0,before 2015,0.0,1.0,10238,14000.0,sedan,0,0,0,0.0
340318,16-25,female,majority,0-9y,high school,working class,0.5039723126226787,0.0,before 2015,0.0,0.0,10238,18000.0,sedan,0,0,0,1.0
458901,16-25,male,majority,0-9y,high school,working class,0.4773131483654282,0.0,before 2015,0.0,0.0,92101,16000.0,sedan,0,0,0,1.0
749543,16-25,female,majority,0-9y,university,working class,0.4491576896423744,1.0,before 2015,0.0,0.0,10238,15000.0,sports car,0,0,0,0.0
223379,16-25,male,majority,0-9y,high school,poverty,0.3522158955995118,0.0,before 2015,0.0,0.0,10238,,sedan,0,0,0,1.0
687918,40-64,male,majority,0-9y,university,middle class,0.3799769303710112,1.0,before 2015,1.0,1.0,32765,8000.0,sedan,0,0,0,0.0
634937,40-64,male,majority,0-9y,university,upper class,0.6441433294943851,1.0,before 2015,1.0,1.0,92101,7000.0,sedan,0,0,0,1.0
174969,26-39,female,majority,10-19y,none,poverty,,0.0,before 2015,0.0,0.0,10238,17000.0,sedan,0,0,0,1.0
184990,26-39,female,majority,10-19y,high school,middle class,0.5642939728131308,1.0,before 2015,0.0,1.0,10238,13000.0,sedan,1,0,0,0.0
923414,16-25,female,majority,0-9y,high school,working class,0.2933097901859789,0.0,before 2015,1.0,1.0,10238,8000.0,sedan,0,0,0,1.0
244920,40-64,male,majority,20-29y,high school,upper class,0.6867780428907985,0.0,after 2015,1.0,1.0,10238,12000.0,sedan,7,0,2,0.0
667833,26-39,male,majority,10-19y,none,middle class,0.5010729015505729,1.0,before 2015,1.0,1.0,10238,15000.0,sedan,2,0,1,0.0
833120,40-64,male,majority,20-29y,high school,middle class,0.5125204353330771,1.0,before 2015,0.0,1.0,10238,,sedan,4,1,2,0.0
124236,26-39,female,majority,10-19y,high school,working class,0.5140972426455589,1.0,before 2015,0.0,1.0,10238,13000.0,sedan,0,0,0,0.0
331100,40-64,female,majority,20-29y,university,upper class,0.5895865051589461,1.0,after 2015,0.0,1.0,10238,14000.0,sedan,1,0,1,0.0
992673,26-39,male,majority,10-19y,university,middle class,0.5309254852137539,1.0,before 2015,1.0,1.0,32765,9000.0,sedan,3,1,0,0.0
458558,40-64,male,majority,20-29y,university,upper class,0.6018770408109756,1.0,before 2015,1.0,1.0,10238,,sedan,4,0,0,0.0
850182,40-64,male,majority,0-9y,high school,middle class,0.6004551641841693,1.0,before 2015,1.0,0.0,32765,12000.0,sedan,0,0,0,1.0
881496,26-39,female,majority,10-19y,none,middle class,0.61535406879528,1.0,before 2015,1.0,1.0,10238,15000.0,sedan,0,0,1,0.0
634716,26-39,male,majority,10-19y,high school,working class,0.3393553417556129,0.0,before 2015,0.0,1.0,10238,,sedan,3,0,2,1.0
927624,26-39,female,majority,0-9y,university,upper class,0.6075427182177684,0.0,after 2015,1.0,0.0,10238,11000.0,sedan,0,0,0,1.0
890058,16-25,female,majority,0-9y,none,poverty,0.3041750304936165,1.0,after 2015,0.0,0.0,92101,14000.0,sedan,0,0,0,1.0
388712,40-64,male,majority,20-29y,high school,upper class,0.654675698485059,1.0,before 2015,1.0,0.0,10238,12000.0,sedan,6,0,1,0.0
662324,40-64,female,majority,20-29y,university,upper class,0.6101114489797282,0.0,after 2015,0.0,1.0,32765,9000.0,sedan,2,0,0,0.0
345209,40-64,female,majority,20-29y,high school,upper class,0.6303391775678869,1.0,after 2015,1.0,1.0,32765,5000.0,sedan,0,1,1,0.0
446159,40-64,female,majority,20-29y,high school,middle class,0.4876465439464826,1.0,before 2015,1.0,1.0,10238,,sedan,0,0,0,0.0
727008,26-39,female,majority,0-9y,high school,upper class,0.5972183276616235,1.0,after 2015,0.0,1.0,10238,15000.0,sedan,0,0,0,0.0
839189,26-39,female,majority,10-19y,none,working class,0.4921862369471247,1.0,before 2015,0.0,0.0,32765,13000.0,sedan,3,0,0,0.0
320298,26-39,male,majority,10-19y,none,working class,0.589182573121297,1.0,before 2015,1.0,1.0,10238,8000.0,sedan,1,1,4,0.0
926478,65+,female,majority,10-19y,university,upper class,0.4779624315482342,1.0,before 2015,1.0,1.0,32765,7000.0,sedan,3,0,1,0.0
395570,40-64,female,majority,0-9y,university,working class,0.3864070820443329,0.0,before 2015,0.0,0.0,10238,16000.0,sedan,0,0,0,1.0
906843,65+,female,majority,30y+,high school,middle class,0.3620511593893883,0.0,before 2015,0.0,1.0,32765,,sedan,3,0,0,0.0
404128,65+,male,majority,30y+,university,upper class,0.6609260399515023,1.0,before 2015,1.0,1.0,32765,10000.0,sedan,15,1,4,0.0
717551,40-64,male,majority,0-9y,university,upper class,0.6957185478775785,1.0,after 2015,1.0,1.0,10238,12000.0,sedan,0,0,0,0.0
613310,26-39,male,majority,10-19y,university,upper class,0.3965402180526839,0.0,before 2015,0.0,1.0,92101,13000.0,sedan,2,0,0,1.0
103815,40-64,male,majority,20-29y,university,working class,0.3315698958207169,0.0,after 2015,1.0,1.0,10238,8000.0,sedan,4,0,6,0.0
453506,16-25,male,majority,0-9y,university,working class,0.3817876115009899,0.0,before 2015,0.0,0.0,32765,13000.0,sedan,0,0,0,0.0
902361,40-64,male,majority,10-19y,university,upper class,0.5407668643202043,1.0,before 2015,0.0,1.0,10238,14000.0,sedan,1,0,0,0.0
22154,26-39,male,majority,0-9y,high school,middle class,,1.0,before 2015,0.0,1.0,10238,9000.0,sedan,0,0,0,1.0
633896,65+,male,majority,30y+,high school,upper class,0.5006306604427161,1.0,before 2015,1.0,1.0,32765,7000.0,sedan,13,2,3,0.0
430557,26-39,female,majority,10-19y,university,middle class,0.5409513034660882,1.0,before 2015,0.0,0.0,10238,18000.0,sedan,0,0,0,0.0
919697,26-39,female,majority,10-19y,high school,upper class,0.647036115942897,1.0,after 2015,0.0,1.0,10238,8000.0,sedan,0,1,1,0.0
362190,16-25,male,majority,0-9y,high school,poverty,0.3056465190413162,0.0,before 2015,0.0,0.0,10238,14000.0,sedan,0,0,0,1.0
733428,26-39,male,majority,10-19y,none,poverty,0.2892824820314365,1.0,after 2015,0.0,1.0,10238,13000.0,sedan,1,0,2,0.0
614195,16-25,female,majority,0-9y,high school,working class,0.6121340347986063,0.0,before 2015,0.0,0.0,10238,13000.0,sedan,0,0,0,0.0
289440,26-39,female,majority,10-19y,high school,middle class,0.6769025087714471,1.0,after 2015,1.0,1.0,10238,8000.0,sedan,0,0,0,0.0
65338,65+,male,majority,30y+,high school,upper class,0.6129604938167941,1.0,after 2015,0.0,1.0,10238,16000.0,sedan,3,0,1,0.0
9863,40-64,male,majority,20-29y,high school,upper class,0.7221845906508915,1.0,after 2015,0.0,0.0,10238,15000.0,sedan,2,2,1,0.0
845185,16-25,male,majority,0-9y,university,middle class,0.4061057835072124,1.0,before 2015,0.0,1.0,10238,10000.0,sedan,0,0,0,0.0
191849,40-64,female,minority,20-29y,high school,upper class,0.6399106134584368,1.0,after 2015,0.0,1.0,32765,9000.0,sedan,2,0,0,0.0
730017,26-39,female,majority,10-19y,high school,poverty,0.3070218117621243,0.0,before 2015,1.0,1.0,10238,9000.0,sedan,1,0,0,0.0
210131,40-64,male,majority,10-19y,high school,middle class,,1.0,before 2015,1.0,1.0,32765,10000.0,sports car,3,1,1,0.0
457285,40-64,female,majority,20-29y,high school,middle class,0.6001996811721423,1.0,before 2015,0.0,1.0,10238,,sedan,1,0,0,0.0
25025,26-39,female,majority,10-19y,university,middle class,0.5833632162337706,1.0,after 2015,0.0,0.0,32765,9000.0,sports car,3,0,1,0.0
764148,16-25,female,majority,0-9y,university,working class,0.5432204543230971,0.0,before 2015,1.0,1.0,10238,14000.0,sedan,0,0,0,1.0
108318,40-64,female,majority,10-19y,none,poverty,0.5089660159502207,1.0,before 2015,1.0,1.0,10238,14000.0,sedan,0,0,1,0.0
698147,26-39,male,majority,0-9y,high school,poverty,0.3474920500454466,0.0,before 2015,0.0,1.0,32765,13000.0,sedan,0,0,0,1.0
787825,26-39,female,majority,10-19y,high school,upper class,0.5650068538094034,0.0,before 2015,1.0,1.0,10238,,sedan,1,0,1,0.0
755140,65+,female,majority,30y+,high school,upper class,0.6393590227883027,1.0,after 2015,0.0,1.0,10238,19000.0,sedan,0,0,1,0.0
171829,26-39,male,majority,10-19y,none,poverty,0.3847001936056115,0.0,before 2015,0.0,0.0,10238,17000.0,sedan,0,1,1,1.0
715735,40-64,male,majority,10-19y,high school,working class,0.1958165116504413,0.0,before 2015,0.0,1.0,32765,11000.0,sedan,0,0,2,1.0
298308,65+,male,majority,30y+,university,upper class,0.6877922600474008,1.0,after 2015,1.0,1.0,92101,9000.0,sedan,4,0,1,0.0
402410,65+,male,majority,30y+,university,upper class,0.6325573538933718,1.0,before 2015,1.0,1.0,10238,13000.0,sedan,5,1,3,0.0
668757,65+,female,majority,20-29y,university,middle class,,0.0,after 2015,1.0,1.0,10238,9000.0,sedan,2,0,2,0.0
75865,26-39,male,majority,0-9y,high school,upper class,0.4822820482872847,1.0,before 2015,1.0,0.0,10238,9000.0,sedan,0,0,0,1.0
112200,65+,female,majority,30y+,none,middle class,0.378504877194302,1.0,before 2015,1.0,1.0,10238,12000.0,sedan,4,2,2,0.0
686371,40-64,male,majority,20-29y,none,poverty,,0.0,before 2015,0.0,1.0,32765,14000.0,sedan,8,0,2,0.0
348690,65+,female,majority,30y+,high school,upper class,,1.0,after 2015,1.0,1.0,92101,6000.0,sedan,3,3,2,0.0
204082,65+,female,majority,30y+,university,upper class,0.6576152572911192,1.0,after 2015,1.0,1.0,10238,10000.0,sedan,4,0,1,0.0
497904,40-64,female,majority,0-9y,university,upper class,,1.0,before 2015,1.0,1.0,10238,13000.0,sedan,0,0,0,0.0
109241,65+,male,majority,10-19y,high school,upper class,0.6605396742125178,1.0,before 2015,1.0,1.0,32765,12000.0,sedan,1,0,0,1.0
582444,26-39,female,majority,10-19y,university,middle class,0.3390782143500865,0.0,before 2015,0.0,1.0,10238,11000.0,sedan,2,0,0,0.0
728398,65+,female,majority,0-9y,high school,upper class,0.6745078429339224,0.0,after 2015,1.0,1.0,10238,10000.0,sedan,0,0,0,0.0
867048,26-39,male,majority,10-19y,university,upper class,0.7047717798294715,1.0,after 2015,1.0,0.0,10238,12000.0,sedan,1,0,3,0.0
69924,26-39,male,minority,10-19y,none,poverty,0.1615453690910059,0.0,before 2015,0.0,0.0,10238,17000.0,sedan,2,0,2,1.0
619528,16-25,female,majority,0-9y,none,poverty,0.287083955629214,0.0,before 2015,0.0,1.0,10238,,sedan,0,0,0,1.0
406724,16-25,female,majority,0-9y,high school,working class,0.5253518870692256,1.0,before 2015,1.0,1.0,10238,9000.0,sedan,0,0,0,1.0
73173,40-64,female,majority,20-29y,high school,middle class,0.4795650162746911,1.0,before 2015,0.0,0.0,10238,12000.0,sedan,2,1,1,0.0
735613,40-64,female,majority,0-9y,none,middle class,0.5502550617548964,1.0,before 2015,1.0,1.0,21217,12000.0,sedan,0,0,0,1.0
471153,65+,male,majority,10-19y,university,upper class,0.5925500417320749,1.0,after 2015,1.0,1.0,10238,9000.0,sedan,3,0,6,0.0
391867,40-64,male,majority,10-19y,high school,upper class,0.6365727892143006,1.0,after 2015,1.0,1.0,10238,10000.0,sedan,1,0,1,0.0
768887,40-64,male,majority,10-19y,university,upper class,0.539014053718841,0.0,after 2015,1.0,1.0,10238,11000.0,sedan,2,0,4,0.0
545223,26-39,male,majority,10-19y,university,upper class,0.5381973821644314,1.0,before 2015,0.0,0.0,10238,15000.0,sedan,0,0,3,0.0
535095,65+,male,majority,10-19y,university,upper class,,1.0,after 2015,1.0,1.0,10238,,sedan,3,0,0,0.0
186,26-39,male,majority,0-9y,high school,working class,0.4703939447316599,0.0,before 2015,1.0,1.0,32765,8000.0,sedan,0,0,0,0.0
879310,65+,female,majority,20-29y,high school,upper class,0.6973899990930335,1.0,before 2015,1.0,1.0,32765,8000.0,sedan,3,3,0,0.0
32471,26-39,female,majority,10-19y,none,poverty,0.3503995757282058,0.0,before 2015,0.0,0.0,10238,15000.0,sedan,0,1,0,0.0
502001,16-25,female,majority,0-9y,none,poverty,0.4964076324309058,1.0,before 2015,0.0,0.0,10238,14000.0,sedan,0,0,0,1.0
881617,26-39,female,majority,10-19y,university,upper class,0.5545379655354307,1.0,after 2015,0.0,0.0,10238,16000.0,sedan,0,0,1,0.0
871129,26-39,female,majority,10-19y,university,upper class,0.4993490462688155,1.0,before 2015,1.0,0.0,10238,14000.0,sedan,2,0,1,0.0
734398,40-64,male,majority,20-29y,high school,middle class,0.3844230970107322,1.0,before 2015,1.0,1.0,92101,11000.0,sedan,5,0,5,0.0
989047,40-64,male,majority,20-29y,none,poverty,0.1695337483643942,0.0,before 2015,1.0,1.0,32765,10000.0,sedan,6,2,0,0.0
107725,26-39,male,minority,10-19y,high school,working class,0.2756269049730237,0.0,before 2015,0.0,1.0,10238,15000.0,sedan,1,0,1,0.0
309220,26-39,male,minority,10-19y,none,poverty,0.4032471381863556,0.0,before 2015,0.0,0.0,10238,,sedan,2,0,2,0.0
298614,16-25,male,majority,0-9y,university,poverty,0.4636031614256214,0.0,before 2015,0.0,0.0,32765,13000.0,sedan,0,0,0,1.0
65109,16-25,female,majority,0-9y,university,upper class,,1.0,after 2015,0.0,1.0,32765,10000.0,sedan,0,0,0,0.0
851865,40-64,male,majority,20-29y,university,upper class,,1.0,after 2015,1.0,1.0,32765,8000.0,sedan,4,0,0,0.0
95403,26-39,male,minority,10-19y,university,upper class,0.6748374697346479,1.0,before 2015,1.0,1.0,21217,13000.0,sedan,1,0,0,1.0
88159,16-25,male,majority,0-9y,high school,middle class,0.5774751971489307,0.0,before 2015,0.0,0.0,10238,10000.0,sedan,0,0,0,0.0
792310,65+,male,majority,30y+,university,upper class,0.3630724927822561,1.0,before 2015,1.0,0.0,21217,,sedan,3,1,0,1.0
645370,65+,male,majority,30y+,university,upper class,,1.0,before 2015,1.0,1.0,10238,6000.0,sedan,6,1,6,0.0
532542,16-25,male,majority,0-9y,none,poverty,0.1719461465592734,1.0,before 2015,0.0,0.0,21217,,sedan,0,0,0,1.0
492837,40-64,female,majority,10-19y,university,upper class,0.6610607322734078,1.0,after 2015,1.0,1.0,10238,14000.0,sedan,0,0,0,0.0
409057,26-39,female,majority,10-19y,high school,middle class,0.5725081487426337,1.0,before 2015,1.0,1.0,21217,10000.0,sedan,1,0,2,1.0
540043,16-25,male,minority,0-9y,high school,poverty,0.2674720699974359,0.0,before 2015,0.0,1.0,10238,13000.0,sedan,0,0,0,1.0
27406,26-39,female,majority,10-19y,high school,middle class,,0.0,before 2015,0.0,0.0,92101,13000.0,sedan,1,0,0,0.0
295395,26-39,female,majority,10-19y,university,working class,0.3511178235456467,0.0,after 2015,1.0,1.0,10238,8000.0,sedan,2,0,1,0.0
680919,16-25,female,majority,0-9y,high school,working class,0.4256430305423096,0.0,before 2015,0.0,1.0,10238,15000.0,sedan,0,0,0,1.0
50084,26-39,male,majority,10-19y,none,working class,0.4894506956168617,0.0,before 2015,0.0,0.0,10238,17000.0,sedan,1,0,1,0.0
567996,65+,female,majority,10-19y,university,upper class,0.5777773930114681,1.0,before 2015,1.0,1.0,10238,8000.0,sedan,0,1,1,0.0
491511,26-39,female,majority,10-19y,high school,middle class,0.4849151408745666,1.0,before 2015,0.0,0.0,32765,13000.0,sports car,1,0,0,1.0
4035,40-64,female,majority,20-29y,university,upper class,0.5331305918669431,1.0,before 2015,1.0,0.0,32765,6000.0,sedan,2,1,1,0.0
845494,26-39,female,majority,10-19y,university,middle class,0.5671296948261138,1.0,after 2015,1.0,1.0,10238,11000.0,sedan,1,1,0,0.0
622701,40-64,female,majority,0-9y,none,working class,0.5183478114535179,0.0,after 2015,0.0,1.0,10238,12000.0,sedan,0,0,0,1.0
351356,65+,male,majority,0-9y,university,upper class,,0.0,before 2015,0.0,1.0,32765,11000.0,sedan,0,0,0,1.0
352738,26-39,female,majority,10-19y,high school,upper class,0.623464040034908,1.0,before 2015,1.0,1.0,32765,7000.0,sedan,1,0,2,0.0
580249,65+,male,majority,30y+,high school,upper class,0.5295651241224668,1.0,before 2015,1.0,1.0,10238,12000.0,sedan,3,1,4,0.0
174031,16-25,male,majority,0-9y,high school,poverty,0.3958447787842891,0.0,before 2015,0.0,0.0,10238,19000.0,sedan,0,0,0,0.0
367304,65+,male,majority,30y+,university,upper class,0.6700081778757916,1.0,before 2015,0.0,1.0,10238,11000.0,sedan,1,0,5,0.0
854492,16-25,male,majority,0-9y,high school,working class,0.4892944608830924,0.0,before 2015,1.0,0.0,10238,17000.0,sedan,0,0,0,1.0
191690,26-39,male,majority,10-19y,high school,middle class,0.6129982612414817,1.0,after 2015,0.0,1.0,10238,14000.0,sedan,1,0,2,0.0
680896,26-39,male,majority,10-19y,university,middle class,0.4252055414180356,1.0,after 2015,1.0,0.0,32765,7000.0,sedan,4,0,0,0.0
297583,65+,male,majority,20-29y,university,upper class,0.764296108156162,1.0,before 2015,0.0,1.0,10238,14000.0,sedan,3,0,3,0.0
457638,40-64,female,majority,0-9y,high school,upper class,0.6628379984244296,1.0,before 2015,0.0,0.0,10238,14000.0,sedan,0,0,0,1.0
520263,26-39,female,majority,0-9y,none,middle class,0.5549260660639774,1.0,after 2015,0.0,1.0,92101,15000.0,sedan,0,0,0,0.0
25959,40-64,male,majority,0-9y,university,upper class,0.5933425287960671,1.0,before 2015,1.0,1.0,10238,11000.0,sports car,0,0,0,1.0
346585,26-39,female,majority,10-19y,high school,upper class,0.6350840347750659,1.0,before 2015,1.0,0.0,10238,17000.0,sedan,0,1,0,0.0
751835,40-64,female,majority,20-29y,university,upper class,0.5541971992318356,1.0,before 2015,1.0,0.0,10238,10000.0,sedan,1,1,3,0.0
85670,26-39,female,majority,10-19y,university,upper class,0.6873980372496427,1.0,after 2015,1.0,1.0,10238,12000.0,sedan,0,0,0,0.0
916048,26-39,female,majority,10-19y,none,middle class,0.4549949320497572,0.0,before 2015,1.0,1.0,10238,11000.0,sports car,0,0,2,0.0
995124,16-25,female,majority,0-9y,university,middle class,0.5460081125127539,1.0,before 2015,0.0,0.0,10238,16000.0,sedan,0,0,0,1.0
238041,40-64,female,majority,20-29y,university,upper class,0.4300614131323766,1.0,after 2015,0.0,0.0,10238,15000.0,sports car,2,2,2,0.0
726352,26-39,male,minority,10-19y,none,poverty,0.3804265034620669,0.0,before 2015,1.0,1.0,10238,16000.0,sedan,1,0,1,0.0
261194,26-39,male,majority,0-9y,high school,upper class,0.6597415729056748,1.0,after 2015,0.0,1.0,10238,13000.0,sedan,0,0,0,0.0
908381,65+,male,majority,30y+,high school,middle class,0.5180098219042293,0.0,before 2015,1.0,1.0,32765,8000.0,sedan,10,3,3,0.0
752334,16-25,male,minority,0-9y,university,working class,0.4642450581939386,0.0,before 2015,1.0,0.0,10238,14000.0,sedan,0,0,0,1.0
832177,65+,female,majority,0-9y,high school,upper class,0.6095431989409578,1.0,before 2015,1.0,1.0,10238,10000.0,sedan,0,0,0,1.0
901483,40-64,female,majority,10-19y,high school,working class,0.5032936022589767,1.0,before 2015,1.0,1.0,10238,10000.0,sedan,0,0,1,0.0
960325,16-25,male,majority,0-9y,university,poverty,0.2919289417559738,0.0,before 2015,0.0,0.0,10238,10000.0,sedan,0,0,0,1.0
338062,65+,male,majority,30y+,university,upper class,,1.0,after 2015,1.0,1.0,10238,10000.0,sedan,4,1,6,0.0
879343,26-39,male,majority,10-19y,university,poverty,0.4349434232629811,1.0,before 2015,0.0,0.0,10238,16000.0,sedan,0,0,3,0.0
244465,40-64,female,majority,10-19y,none,middle class,0.5328586307290109,1.0,before 2015,1.0,1.0,10238,11000.0,sedan,0,0,0,0.0
438934,16-25,male,majority,0-9y,none,poverty,0.2718838288402899,0.0,before 2015,1.0,1.0,10238,12000.0,sedan,0,0,0,1.0
749784,65+,male,majority,30y+,university,upper class,0.6245083258338776,1.0,after 2015,1.0,1.0,10238,12000.0,sedan,2,0,0,0.0
690706,26-39,female,majority,0-9y,university,upper class,0.5031521219039501,1.0,before 2015,1.0,0.0,32765,9000.0,sedan,0,0,0,1.0
42499,40-64,male,majority,20-29y,university,upper class,0.6511566171668921,1.0,before 2015,1.0,1.0,10238,9000.0,sedan,2,1,0,0.0
137992,26-39,female,majority,10-19y,high school,middle class,0.5494170438158834,1.0,before 2015,1.0,1.0,10238,12000.0,sedan,0,0,2,0.0
126191,16-25,female,majority,0-9y,high school,poverty,0.3896712283241473,0.0,before 2015,0.0,0.0,32765,11000.0,sports car,0,0,0,1.0
568693,26-39,male,minority,10-19y,university,poverty,0.3704208638102152,0.0,before 2015,1.0,1.0,10238,12000.0,sedan,2,0,0,0.0
538631,16-25,female,majority,0-9y,none,working class,0.3575458646951541,1.0,before 2015,1.0,1.0,32765,7000.0,sedan,0,0,0,1.0
612335,26-39,female,majority,10-19y,none,middle class,0.5657336640140133,1.0,before 2015,0.0,0.0,10238,14000.0,sedan,0,0,0,0.0
870832,40-64,female,majority,10-19y,high school,upper class,0.6581886010947601,1.0,after 2015,1.0,1.0,32765,10000.0,sedan,0,0,0,0.0
593292,16-25,female,majority,0-9y,none,poverty,0.3404890676156737,0.0,before 2015,0.0,1.0,32765,10000.0,sedan,0,0,0,1.0
826866,40-64,male,majority,10-19y,university,upper class,0.5893876630741981,0.0,after 2015,0.0,1.0,92101,8000.0,sedan,2,0,1,0.0
446910,26-39,female,majority,10-19y,none,working class,0.4687956515558582,1.0,after 2015,0.0,1.0,10238,,sedan,3,0,3,0.0
267171,40-64,male,majority,20-29y,university,upper class,0.4268419942247292,1.0,before 2015,1.0,1.0,92101,14000.0,sedan,3,0,1,1.0
212303,65+,male,majority,30y+,high school,upper class,0.7086878384235843,1.0,before 2015,0.0,1.0,10238,12000.0,sedan,1,1,7,0.0
192184,40-64,male,majority,20-29y,high school,middle class,0.6054304884310397,1.0,before 2015,0.0,1.0,10238,9000.0,sedan,2,0,5,0.0
804251,26-39,male,minority,0-9y,none,poverty,0.2604560312474909,0.0,before 2015,0.0,0.0,32765,16000.0,sedan,0,0,0,1.0
950153,26-39,male,majority,10-19y,university,middle class,0.5488353569488432,1.0,before 2015,0.0,0.0,10238,18000.0,sedan,1,0,1,0.0
7866,16-25,female,majority,0-9y,university,working class,,1.0,before 2015,0.0,1.0,10238,15000.0,sports car,0,0,0,0.0
892539,65+,male,minority,0-9y,none,upper class,0.5440336665163721,0.0,before 2015,1.0,1.0,10238,9000.0,sedan,0,0,0,1.0
73714,65+,female,majority,20-29y,university,upper class,0.6402088254944609,1.0,after 2015,1.0,1.0,10238,11000.0,sedan,1,1,0,0.0
108077,40-64,female,majority,20-29y,high school,working class,0.5712859067059686,0.0,before 2015,0.0,0.0,10238,13000.0,sedan,1,0,0,0.0
127174,65+,male,majority,30y+,university,upper class,0.5396125023152104,0.0,before 2015,1.0,1.0,10238,11000.0,sedan,4,0,11,0.0
752125,65+,male,majority,30y+,university,upper class,0.6885158887359731,1.0,after 2015,1.0,1.0,10238,12000.0,sedan,7,0,5,0.0
329801,40-64,male,majority,10-19y,university,upper class,0.6522632312864586,1.0,after 2015,0.0,1.0,32765,9000.0,sedan,3,1,1,0.0
850079,16-25,female,majority,0-9y,high school,poverty,,0.0,before 2015,0.0,0.0,10238,13000.0,sedan,0,0,0,1.0
591696,65+,male,majority,20-29y,university,upper class,0.6366509961363068,1.0,after 2015,0.0,1.0,10238,,sedan,3,0,1,0.0
83591,26-39,male,majority,10-19y,high school,middle class,0.6645243249513921,1.0,before 2015,0.0,0.0,10238,18000.0,sedan,0,0,0,1.0
264228,40-64,female,majority,20-29y,university,upper class,0.6988973494582746,0.0,before 2015,1.0,1.0,10238,14000.0,sedan,1,0,1,0.0
7905,40-64,female,majority,10-19y,university,upper class,0.6761482531026423,1.0,before 2015,0.0,1.0,10238,13000.0,sedan,1,0,0,0.0
949125,65+,male,minority,30y+,university,upper class,0.6161772975154499,1.0,after 2015,1.0,1.0,92101,10000.0,sedan,8,1,8,0.0
128918,40-64,male,minority,10-19y,high school,upper class,0.6094998883389061,1.0,before 2015,1.0,1.0,10238,11000.0,sedan,2,0,0,0.0
488928,16-25,male,majority,0-9y,none,poverty,0.3491647332402468,0.0,before 2015,0.0,1.0,10238,13000.0,sedan,0,0,0,1.0
955335,16-25,male,majority,0-9y,none,poverty,0.1342465210434547,0.0,before 2015,0.0,0.0,10238,14000.0,sedan,0,0,0,1.0
734217,65+,male,majority,30y+,university,upper class,0.5864390926529277,1.0,before 2015,1.0,1.0,10238,9000.0,sedan,3,2,5,0.0
390132,16-25,female,majority,0-9y,high school,poverty,0.3202923909860866,0.0,before 2015,0.0,0.0,10238,15000.0,sedan,0,0,0,0.0
786160,65+,male,majority,0-9y,university,upper class,0.5556246833896312,1.0,after 2015,1.0,1.0,10238,10000.0,sedan,0,0,0,0.0
588062,26-39,female,majority,10-19y,high school,working class,0.4225677139431647,0.0,before 2015,0.0,1.0,92101,11000.0,sedan,1,0,0,0.0
217191,26-39,female,minority,10-19y,high school,working class,,0.0,before 2015,0.0,1.0,32765,11000.0,sedan,0,0,0,1.0
736754,16-25,male,majority,0-9y,none,working class,0.3260878780486413,1.0,after 2015,0.0,0.0,10238,17000.0,sedan,0,0,0,1.0
509863,26-39,male,majority,10-19y,high school,middle class,0.4681936407232367,1.0,before 2015,1.0,0.0,10238,10000.0,sports car,2,0,1,0.0
271708,16-25,female,majority,0-9y,high school,working class,0.5705793375134643,1.0,before 2015,0.0,0.0,10238,16000.0,sedan,0,0,0,0.0
760605,26-39,female,majority,10-19y,none,middle class,0.5050324631686071,0.0,before 2015,0.0,1.0,32765,11000.0,sedan,2,0,0,1.0
793749,26-39,male,majority,10-19y,university,working class,0.4650458561539821,0.0,before 2015,1.0,0.0,32765,,sedan,4,2,1,0.0
285703,26-39,female,majority,10-19y,university,working class,0.6090015642772613,1.0,before 2015,0.0,0.0,10238,14000.0,sedan,0,0,0,0.0
566905,16-25,male,majority,0-9y,university,working class,0.4087289251424027,0.0,before 2015,1.0,0.0,32765,11000.0,sedan,0,0,0,1.0
502443,65+,female,minority,10-19y,high school,middle class,0.4353571128139281,1.0,before 2015,1.0,1.0,10238,9000.0,sedan,0,0,0,0.0
539616,26-39,female,majority,0-9y,none,poverty,0.3176973711610151,1.0,before 2015,0.0,0.0,32765,,sedan,0,0,0,0.0
95138,40-64,male,majority,20-29y,high school,middle class,0.5985570254244251,0.0,after 2015,1.0,0.0,10238,14000.0,sedan,4,1,4,0.0
500659,40-64,male,majority,20-29y,university,upper class,0.5301296786789398,1.0,before 2015,1.0,1.0,10238,7000.0,sedan,7,1,7,0.0
455221,26-39,female,majority,10-19y,high school,middle class,0.5840403247120649,0.0,before 2015,1.0,1.0,10238,13000.0,sedan,1,0,2,1.0
797595,16-25,female,majority,0-9y,high school,poverty,0.4566316734496904,0.0,before 2015,0.0,1.0,10238,,sedan,0,0,0,1.0
752887,26-39,male,majority,10-19y,high school,middle class,0.4543004585826299,1.0,before 2015,0.0,0.0,10238,16000.0,sedan,1,0,2,0.0
308272,40-64,male,majority,0-9y,university,upper class,0.5444952975921098,1.0,after 2015,1.0,1.0,10238,13000.0,sedan,0,0,0,1.0
230441,26-39,female,majority,0-9y,high school,poverty,0.3642432277883203,1.0,after 2015,0.0,1.0,10238,14000.0,sedan,0,0,0,0.0
395714,26-39,female,majority,10-19y,none,working class,0.3524475174384347,0.0,before 2015,0.0,1.0,32765,8000.0,sedan,1,0,0,0.0
282809,26-39,female,majority,10-19y,high school,working class,0.3865534959712492,1.0,before 2015,0.0,0.0,10238,11000.0,sedan,0,0,0,0.0
4617,26-39,male,majority,10-19y,university,upper class,0.6976300010187892,1.0,after 2015,1.0,0.0,32765,12000.0,sports car,3,1,2,0.0
513598,40-64,male,majority,20-29y,university,upper class,0.6051303442238017,1.0,before 2015,1.0,1.0,10238,12000.0,sedan,3,0,2,0.0
283429,65+,male,majority,10-19y,none,working class,0.4196906972513701,1.0,before 2015,1.0,1.0,32765,10000.0,sedan,3,3,0,0.0
959292,65+,female,majority,10-19y,university,upper class,0.666940244836433,1.0,before 2015,1.0,1.0,10238,9000.0,sedan,2,0,2,0.0
838006,16-25,male,minority,0-9y,none,poverty,0.3360517759929724,1.0,before 2015,1.0,1.0,10238,12000.0,sedan,0,0,0,1.0
867596,26-39,female,majority,0-9y,high school,working class,0.4201886962009328,0.0,after 2015,1.0,1.0,10238,9000.0,sedan,0,0,0,1.0
114270,16-25,male,majority,0-9y,university,upper class,0.6564208952879778,1.0,before 2015,1.0,0.0,10238,9000.0,sedan,0,0,0,0.0
138549,65+,male,majority,10-19y,high school,upper class,0.6855793795050787,1.0,after 2015,1.0,1.0,32765,7000.0,sedan,2,0,5,0.0
79260,26-39,male,majority,10-19y,university,middle class,0.4772592012898568,0.0,before 2015,0.0,1.0,10238,13000.0,sedan,2,0,4,1.0
236645,26-39,male,majority,10-19y,university,middle class,0.5711046895484534,1.0,before 2015,1.0,0.0,10238,13000.0,sedan,4,1,2,0.0
878870,26-39,female,majority,10-19y,high school,poverty,0.160705687872896,1.0,before 2015,0.0,0.0,10238,15000.0,sedan,1,0,0,1.0
79654,26-39,female,majority,10-19y,university,upper class,0.5835385396760442,1.0,before 2015,1.0,0.0,32765,9000.0,sedan,2,1,0,0.0
824647,26-39,female,majority,10-19y,high school,poverty,0.4233795488037928,1.0,before 2015,0.0,0.0,10238,,sedan,0,0,1,0.0
147573,16-25,male,majority,0-9y,high school,poverty,0.3412799504711933,1.0,before 2015,0.0,0.0,10238,14000.0,sedan,0,0,0,1.0
742796,16-25,male,majority,0-9y,none,poverty,0.3660278989452595,0.0,before 2015,0.0,0.0,32765,13000.0,sedan,0,0,0,1.0
298620,40-64,female,minority,20-29y,none,middle class,,1.0,before 2015,0.0,1.0,32765,6000.0,sports car,5,2,3,0.0
495699,26-39,male,majority,0-9y,none,working class,0.3960967930795871,0.0,before 2015,1.0,1.0,32765,8000.0,sedan,0,0,0,0.0
99995,40-64,female,majority,20-29y,high school,working class,0.337665529526617,1.0,before 2015,0.0,0.0,92101,18000.0,sedan,0,0,0,0.0
27172,40-64,male,majority,20-29y,university,upper class,,1.0,before 2015,1.0,0.0,10238,12000.0,sedan,3,0,2,0.0
167901,65+,male,minority,20-29y,high school,upper class,0.538136083476877,1.0,before 2015,1.0,1.0,32765,7000.0,sedan,6,3,2,0.0
48680,40-64,male,majority,20-29y,high school,working class,0.5141863808882946,0.0,before 2015,1.0,1.0,10238,10000.0,sedan,0,2,2,1.0
511051,26-39,male,majority,10-19y,none,working class,0.5543453228047174,1.0,before 2015,0.0,0.0,32765,11000.0,sedan,1,2,2,0.0
734835,26-39,male,majority,0-9y,none,working class,0.4616897166171542,1.0,before 2015,1.0,1.0,10238,10000.0,sedan,0,0,0,1.0
764054,40-64,male,majority,20-29y,none,upper class,,1.0,before 2015,1.0,0.0,10238,12000.0,sedan,2,2,2,0.0
265334,16-25,male,majority,0-9y,high school,poverty,,1.0,before 2015,1.0,1.0,10238,10000.0,sedan,0,0,0,1.0
187033,16-25,male,majority,0-9y,high school,working class,0.4106819499455472,0.0,before 2015,0.0,0.0,10238,14000.0,sedan,0,0,0,1.0
327169,40-64,female,minority,20-29y,high school,upper class,0.6636630728417405,1.0,after 2015,1.0,1.0,10238,8000.0,sedan,2,0,5,0.0
792276,65+,male,majority,30y+,high school,upper class,0.6420966704689359,1.0,after 2015,1.0,1.0,10238,12000.0,sedan,5,1,2,0.0
636102,26-39,female,majority,10-19y,university,middle class,0.747285655552212,0.0,after 2015,0.0,0.0,32765,17000.0,sedan,0,0,0,1.0
91246,26-39,male,majority,10-19y,high school,working class,0.3566396714745861,1.0,after 2015,1.0,1.0,10238,8000.0,sedan,3,0,1,0.0
531284,40-64,male,majority,20-29y,university,upper class,0.6016258241392335,1.0,before 2015,0.0,1.0,10238,,sedan,2,2,1,0.0
778864,65+,female,minority,0-9y,university,upper class,0.3895896430375335,1.0,after 2015,0.0,1.0,10238,,sedan,0,0,0,0.0
49051,26-39,male,majority,10-19y,university,middle class,0.5322729390581074,1.0,before 2015,1.0,0.0,10238,9000.0,sedan,2,0,1,0.0
372338,65+,female,majority,30y+,university,upper class,0.8614390949319598,1.0,after 2015,1.0,1.0,10238,11000.0,sedan,4,0,0,0.0
273524,26-39,male,majority,10-19y,high school,working class,0.3286328933175813,0.0,before 2015,0.0,1.0,10238,9000.0,sedan,0,1,5,0.0
121362,16-25,male,majority,0-9y,university,middle class,0.4778446821040133,1.0,before 2015,1.0,1.0,32765,10000.0,sedan,0,0,0,1.0
852429,65+,female,majority,0-9y,university,upper class,0.5669251291741684,0.0,before 2015,1.0,1.0,10238,10000.0,sedan,0,0,0,0.0
698433,40-64,male,majority,20-29y,high school,middle class,0.4109851290714213,0.0,before 2015,1.0,0.0,10238,15000.0,sedan,3,1,1,0.0
685176,16-25,female,majority,0-9y,high school,middle class,0.6041047893367332,1.0,after 2015,0.0,0.0,10238,14000.0,sedan,0,0,0,0.0
967869,40-64,female,majority,20-29y,none,upper class,0.5496378489364446,1.0,after 2015,1.0,1.0,32765,12000.0,sports car,3,0,0,0.0
518593,65+,male,majority,10-19y,university,upper class,0.7059601788520873,1.0,before 2015,0.0,1.0,10238,,sedan,0,0,2,0.0
735501,16-25,male,majority,0-9y,university,working class,,1.0,after 2015,0.0,1.0,10238,13000.0,sedan,0,0,0,0.0
521217,16-25,male,majority,0-9y,university,middle class,0.3891654356598959,1.0,before 2015,0.0,0.0,10238,13000.0,sedan,0,0,0,0.0
26816,26-39,male,majority,10-19y,university,upper class,0.4595544325174388,0.0,after 2015,1.0,1.0,32765,6000.0,sedan,5,0,1,0.0
911327,40-64,male,majority,20-29y,university,upper class,0.5360446985709163,0.0,before 2015,0.0,1.0,10238,11000.0,sedan,3,0,4,0.0
917153,16-25,male,majority,0-9y,none,poverty,0.2667602155246711,0.0,before 2015,0.0,0.0,10238,16000.0,sedan,0,0,0,1.0
962697,65+,female,majority,10-19y,high school,middle class,0.5604078461466384,1.0,after 2015,1.0,1.0,10238,10000.0,sedan,0,1,0,0.0
736939,16-25,female,majority,0-9y,high school,working class,0.4547714598756744,0.0,before 2015,1.0,0.0,10238,14000.0,sedan,0,0,0,1.0
964920,65+,male,majority,30y+,university,upper class,0.5177781682653934,1.0,after 2015,1.0,1.0,21217,10000.0,sedan,5,0,2,1.0
561193,65+,male,majority,10-19y,university,upper class,0.4876462562380029,1.0,after 2015,1.0,1.0,32765,6000.0,sedan,3,1,0,0.0
162153,40-64,male,majority,20-29y,university,upper class,0.6353628898200985,1.0,after 2015,1.0,1.0,32765,8000.0,sedan,7,3,1,0.0
805808,26-39,female,majority,10-19y,university,middle class,0.4153851993182952,1.0,before 2015,1.0,1.0,10238,12000.0,sedan,0,0,1,0.0
609461,16-25,male,majority,0-9y,university,upper class,0.4331758195251915,0.0,after 2015,0.0,1.0,10238,13000.0,sedan,0,0,0,0.0
988795,26-39,male,majority,10-19y,university,middle class,0.4334373332918408,1.0,before 2015,0.0,0.0,32765,13000.0,sports car,1,0,1,0.0
837306,40-64,male,majority,0-9y,university,upper class,,0.0,before 2015,1.0,0.0,10238,13000.0,sedan,0,0,0,1.0
535459,26-39,male,minority,10-19y,high school,middle class,0.6007318760872948,1.0,after 2015,0.0,0.0,10238,17000.0,sedan,2,0,1,0.0
240838,40-64,male,majority,20-29y,university,upper class,0.5726102177818728,1.0,before 2015,1.0,1.0,10238,13000.0,sedan,2,1,4,0.0
548365,26-39,male,majority,10-19y,university,middle class,0.4367305097057258,0.0,before 2015,0.0,1.0,10238,15000.0,sedan,0,0,1,0.0
470492,65+,female,majority,30y+,high school,upper class,,1.0,after 2015,0.0,1.0,10238,11000.0,sedan,5,0,4,0.0
746070,26-39,female,majority,10-19y,high school,upper class,0.6060530513609844,1.0,before 2015,0.0,1.0,32765,10000.0,sedan,1,1,0,0.0
226874,16-25,female,majority,0-9y,university,middle class,0.5027318515470814,1.0,before 2015,0.0,0.0,10238,14000.0,sedan,0,0,0,0.0
341827,16-25,female,majority,0-9y,none,poverty,0.4011841772135012,1.0,before 2015,0.0,1.0,32765,11000.0,sedan,0,0,0,0.0
642266,26-39,male,majority,10-19y,high school,working class,0.4122108362171879,1.0,after 2015,0.0,1.0,10238,12000.0,sedan,0,0,1,0.0
513169,26-39,female,majority,10-19y,high school,upper class,0.64131129293442,1.0,before 2015,0.0,1.0,10238,13000.0,sedan,2,0,0,0.0
703002,16-25,male,majority,0-9y,university,upper class,,1.0,after 2015,0.0,0.0,10238,13000.0,sedan,0,0,0,0.0
364544,26-39,male,majority,0-9y,high school,working class,0.3911383064250576,1.0,before 2015,0.0,0.0,10238,15000.0,sedan,0,0,0,1.0
247706,65+,male,majority,0-9y,none,middle class,0.4547790641267574,1.0,before 2015,1.0,1.0,10238,11000.0,sedan,0,0,0,1.0
738452,16-25,female,majority,0-9y,high school,poverty,0.2487925450724857,0.0,after 2015,1.0,0.0,10238,16000.0,sedan,0,0,0,1.0
961602,16-25,male,majority,0-9y,high school,poverty,0.2347600240130202,1.0,before 2015,0.0,1.0,92101,11000.0,sedan,0,0,0,1.0
646277,26-39,female,majority,10-19y,university,working class,0.4548048427285145,1.0,before 2015,0.0,1.0,92101,13000.0,sedan,2,0,0,1.0
727175,65+,female,minority,10-19y,high school,upper class,0.6353269734201827,1.0,before 2015,1.0,1.0,10238,11000.0,sedan,0,0,0,0.0
332232,40-64,male,majority,0-9y,high school,middle class,0.4014535021639726,1.0,before 2015,1.0,1.0,10238,13000.0,sports car,0,0,0,1.0
430928,65+,female,majority,30y+,university,upper class,0.4439319540306951,0.0,before 2015,1.0,1.0,10238,9000.0,sedan,3,0,2,0.0
835670,16-25,male,majority,0-9y,high school,poverty,0.4545587544123305,0.0,before 2015,0.0,1.0,10238,10000.0,sedan,0,0,0,1.0
500563,40-64,female,majority,20-29y,university,upper class,0.6930667073982335,1.0,before 2015,1.0,1.0,10238,,sedan,2,0,1,0.0
373844,26-39,male,majority,0-9y,university,upper class,0.5073241356207076,1.0,before 2015,0.0,1.0,32765,12000.0,sedan,0,0,0,0.0
271618,40-64,male,majority,10-19y,high school,working class,0.3811525557741302,1.0,before 2015,1.0,1.0,32765,11000.0,sedan,1,0,1,0.0
150072,16-25,female,majority,0-9y,none,poverty,,0.0,before 2015,0.0,0.0,21217,14000.0,sedan,0,0,0,1.0
519204,65+,male,majority,30y+,high school,middle class,0.3735482790335238,1.0,before 2015,1.0,1.0,32765,4000.0,sedan,18,0,9,0.0
28902,26-39,female,majority,0-9y,high school,upper class,0.6789816549655315,1.0,before 2015,1.0,1.0,10238,9000.0,sedan,0,0,0,1.0
867141,16-25,male,majority,0-9y,university,middle class,0.4671006006948029,1.0,before 2015,0.0,1.0,10238,,sedan,0,0,0,1.0
777741,40-64,female,majority,20-29y,university,middle class,0.6031812914139848,0.0,before 2015,1.0,1.0,32765,8000.0,sedan,1,0,0,0.0
791033,26-39,female,majority,0-9y,university,upper class,0.7259663789079857,1.0,after 2015,1.0,1.0,32765,,sedan,0,0,0,0.0
788111,40-64,female,minority,20-29y,high school,poverty,0.4544471564329259,1.0,before 2015,1.0,1.0,10238,,sedan,1,0,1,0.0
910245,26-39,female,minority,0-9y,none,working class,0.4060786898349925,0.0,before 2015,0.0,1.0,10238,13000.0,sedan,0,0,0,1.0
434349,26-39,male,majority,10-19y,high school,upper class,0.7184397644508588,1.0,after 2015,0.0,0.0,10238,12000.0,sedan,2,0,1,0.0
120752,40-64,female,majority,0-9y,high school,poverty,0.3360557592308053,0.0,before 2015,0.0,1.0,32765,10000.0,sedan,0,0,0,1.0
922468,26-39,female,majority,10-19y,none,working class,0.4217496501415939,1.0,before 2015,0.0,0.0,92101,,sedan,1,0,0,1.0
233554,16-25,female,majority,0-9y,high school,poverty,0.3377975291631965,0.0,before 2015,0.0,0.0,10238,9000.0,sedan,0,0,0,1.0
315150,26-39,female,majority,10-19y,high school,poverty,0.2438782761572769,1.0,before 2015,0.0,1.0,10238,,sedan,0,0,0,0.0
879915,40-64,male,majority,20-29y,university,middle class,0.5390231589058753,1.0,after 2015,0.0,1.0,10238,14000.0,sedan,4,3,4,0.0
10129,26-39,female,majority,0-9y,none,working class,0.487680840496577,1.0,before 2015,0.0,1.0,10238,13000.0,sedan,0,0,0,1.0
791517,40-64,male,majority,0-9y,high school,working class,0.3168533300302581,1.0,before 2015,0.0,1.0,32765,12000.0,sedan,0,0,0,1.0
914534,16-25,female,majority,0-9y,university,working class,,1.0,after 2015,0.0,1.0,10238,13000.0,sedan,0,0,0,0.0
70755,16-25,female,majority,0-9y,high school,poverty,0.3598177475144207,0.0,before 2015,1.0,0.0,10238,,sedan,0,0,0,1.0
499069,16-25,female,majority,0-9y,high school,middle class,0.2776304436538508,1.0,after 2015,1.0,1.0,10238,12000.0,sports car,0,0,0,0.0
348519,65+,male,majority,20-29y,high school,upper class,0.5136368091119007,1.0,before 2015,1.0,1.0,10238,10000.0,sports car,5,1,3,0.0
836689,40-64,female,majority,0-9y,university,upper class,0.5996717553393089,1.0,before 2015,1.0,1.0,32765,,sedan,0,0,0,1.0
553327,65+,male,majority,10-19y,none,upper class,0.4083668306604483,1.0,after 2015,1.0,1.0,10238,14000.0,sedan,0,0,0,0.0
563342,65+,female,majority,0-9y,university,upper class,0.7266055391975765,1.0,before 2015,0.0,1.0,10238,13000.0,sedan,0,0,0,0.0
133862,65+,male,majority,30y+,none,poverty,0.4987236862655294,0.0,after 2015,0.0,1.0,92101,13000.0,sedan,6,0,2,0.0
390703,26-39,male,majority,10-19y,university,middle class,0.5960649709293704,0.0,before 2015,0.0,1.0,10238,9000.0,sedan,1,0,2,1.0
911755,40-64,female,majority,20-29y,university,middle class,0.4471842921249161,1.0,before 2015,0.0,0.0,10238,16000.0,sedan,1,1,2,1.0
984965,26-39,male,majority,10-19y,none,poverty,0.2852883968859366,1.0,before 2015,0.0,0.0,10238,,sports car,0,0,1,0.0
819196,65+,male,majority,0-9y,none,middle class,0.658222371703196,0.0,before 2015,1.0,1.0,32765,,sports car,0,0,0,1.0
402995,40-64,male,majority,20-29y,university,upper class,0.5314620230458572,1.0,before 2015,1.0,1.0,10238,12000.0,sedan,8,1,4,0.0
784441,40-64,female,majority,10-19y,none,poverty,0.2335483431274285,0.0,before 2015,0.0,1.0,10238,13000.0,sedan,0,1,0,0.0
453940,16-25,male,majority,0-9y,none,poverty,0.3768178228435793,1.0,before 2015,0.0,1.0,10238,15000.0,sedan,0,0,0,0.0
709508,26-39,female,majority,10-19y,none,middle class,0.5667507946435171,0.0,before 2015,0.0,1.0,10238,13000.0,sedan,1,0,1,0.0
292051,26-39,female,majority,10-19y,none,poverty,0.4743758463221647,1.0,before 2015,0.0,0.0,10238,15000.0,sedan,2,0,0,0.0
383423,16-25,female,majority,0-9y,none,poverty,0.3387308869583736,1.0,before 2015,0.0,0.0,10238,,sedan,0,0,0,1.0
84004,40-64,female,majority,20-29y,university,upper class,0.7582763049169894,1.0,after 2015,1.0,1.0,10238,9000.0,sedan,1,1,1,0.0
536546,16-25,female,majority,0-9y,university,middle class,0.5463825431033477,1.0,before 2015,1.0,1.0,10238,12000.0,sedan,0,0,0,0.0
942224,40-64,female,majority,20-29y,none,middle class,0.5617018828890193,1.0,before 2015,0.0,1.0,10238,13000.0,sedan,0,0,0,0.0
807008,26-39,male,majority,10-19y,high school,poverty,0.3037442394619614,1.0,before 2015,0.0,0.0,10238,,sedan,0,0,0,1.0
10740,40-64,female,minority,0-9y,high school,middle class,0.6018479682838411,1.0,before 2015,1.0,1.0,10238,11000.0,sedan,0,0,0,0.0
401573,65+,male,minority,20-29y,high school,upper class,0.5702598289580935,1.0,before 2015,0.0,1.0,10238,6000.0,sedan,5,0,4,0.0
243010,16-25,male,majority,0-9y,university,poverty,0.4186940795440341,0.0,before 2015,0.0,1.0,10238,8000.0,sedan,0,0,0,1.0
596282,40-64,female,minority,20-29y,university,upper class,0.699425311422729,1.0,before 2015,1.0,1.0,10238,11000.0,sedan,2,0,2,0.0
355897,40-64,female,minority,10-19y,high school,upper class,0.7383979641751491,1.0,after 2015,0.0,1.0,10238,11000.0,sedan,1,0,2,0.0
936100,26-39,female,majority,10-19y,high school,middle class,,1.0,before 2015,1.0,1.0,32765,,sedan,1,2,0,1.0
119690,16-25,male,minority,0-9y,high school,working class,0.3864007509634245,0.0,before 2015,0.0,0.0,10238,15000.0,sedan,0,0,0,1.0
793,40-64,female,majority,20-29y,university,upper class,0.5235691485278864,1.0,after 2015,1.0,1.0,10238,9000.0,sedan,0,1,1,0.0
727943,16-25,male,majority,0-9y,university,middle class,0.5757707974509628,1.0,before 2015,0.0,0.0,10238,11000.0,sedan,0,0,0,1.0
735970,40-64,male,majority,20-29y,university,working class,0.4849226786837624,1.0,before 2015,0.0,1.0,10238,13000.0,sedan,4,2,5,0.0
584478,40-64,male,majority,20-29y,high school,middle class,0.5201339798328273,0.0,before 2015,0.0,0.0,10238,15000.0,sedan,0,1,4,0.0
837784,26-39,male,majority,10-19y,university,middle class,0.4451873369326039,0.0,before 2015,0.0,1.0,10238,16000.0,sports car,0,0,0,0.0
339353,16-25,female,majority,0-9y,none,poverty,0.4327977014446128,1.0,before 2015,0.0,0.0,10238,16000.0,sedan,0,0,0,0.0
158167,40-64,female,majority,20-29y,university,upper class,0.7031338233006582,1.0,after 2015,1.0,1.0,32765,11000.0,sedan,1,0,0,0.0
815396,40-64,male,majority,20-29y,university,upper class,0.5924263144055677,1.0,before 2015,0.0,1.0,10238,12000.0,sedan,6,1,7,0.0
238221,26-39,female,majority,10-19y,university,upper class,0.6135902058261472,1.0,after 2015,0.0,1.0,10238,14000.0,sedan,0,0,1,0.0
585019,65+,male,majority,30y+,university,upper class,0.5392386183732969,1.0,after 2015,1.0,1.0,32765,10000.0,sedan,8,2,3,0.0
197763,40-64,male,majority,20-29y,university,upper class,0.4796771646619314,0.0,after 2015,1.0,0.0,10238,14000.0,sedan,1,0,2,0.0
547974,65+,male,majority,20-29y,high school,upper class,0.5979905963582334,0.0,before 2015,1.0,1.0,10238,12000.0,sedan,2,1,7,1.0
36103,40-64,male,majority,20-29y,high school,middle class,0.6101559992595543,1.0,after 2015,0.0,1.0,10238,10000.0,sedan,6,0,6,0.0
367973,40-64,female,majority,20-29y,high school,working class,0.3864689941395288,1.0,before 2015,0.0,1.0,10238,16000.0,sedan,0,0,1,0.0
507548,65+,female,minority,10-19y,university,middle class,0.6269620832137512,1.0,before 2015,1.0,0.0,32765,12000.0,sports car,2,0,1,0.0
725583,40-64,male,majority,20-29y,university,upper class,0.7367504567066312,1.0,before 2015,0.0,1.0,10238,15000.0,sedan,3,0,3,0.0
652947,40-64,male,majority,20-29y,high school,upper class,0.5660565943361106,1.0,after 2015,1.0,1.0,10238,11000.0,sedan,7,0,3,0.0
429947,65+,male,majority,30y+,university,upper class,,0.0,after 2015,0.0,1.0,10238,12000.0,sports car,6,0,5,0.0
550812,26-39,male,majority,10-19y,high school,upper class,0.642579092659453,1.0,before 2015,1.0,1.0,10238,9000.0,sedan,0,0,3,0.0
759069,65+,female,minority,10-19y,none,working class,0.4069403414695376,1.0,before 2015,1.0,1.0,10238,8000.0,sedan,0,0,0,0.0
865947,40-64,female,majority,10-19y,university,upper class,0.4619447260307458,1.0,before 2015,1.0,1.0,32765,7000.0,sedan,1,2,0,1.0
22073,16-25,female,majority,0-9y,university,working class,0.3459734247812538,1.0,before 2015,0.0,1.0,10238,15000.0,sedan,0,0,0,1.0
452828,26-39,female,minority,10-19y,high school,upper class,0.6304263342185482,1.0,after 2015,1.0,1.0,10238,11000.0,sedan,0,0,0,0.0
58535,26-39,male,majority,0-9y,university,middle class,0.4393528235041638,0.0,after 2015,1.0,1.0,10238,8000.0,sedan,0,0,0,1.0
899994,16-25,male,majority,0-9y,high school,poverty,0.4041085457217009,1.0,before 2015,0.0,1.0,10238,,sedan,0,0,0,0.0
910385,26-39,male,majority,10-19y,none,poverty,,0.0,after 2015,0.0,0.0,10238,15000.0,sedan,1,0,1,0.0
244931,65+,male,majority,0-9y,university,upper class,0.5082740148521835,1.0,after 2015,1.0,1.0,10238,9000.0,sedan,0,0,0,0.0
328633,16-25,male,majority,0-9y,university,middle class,0.41480763135074,0.0,before 2015,0.0,0.0,10238,13000.0,sedan,0,0,0,1.0
205549,65+,male,majority,10-19y,high school,upper class,0.6202806985864459,1.0,before 2015,1.0,1.0,10238,11000.0,sedan,2,0,1,0.0
835185,65+,female,majority,30y+,university,upper class,0.7538585911148775,1.0,after 2015,1.0,1.0,32765,8000.0,sedan,2,0,1,0.0
955052,65+,female,majority,30y+,university,upper class,0.7040167848993909,0.0,before 2015,1.0,1.0,32765,9000.0,sedan,8,3,2,0.0
61203,40-64,female,majority,0-9y,university,upper class,0.6391504458264309,0.0,after 2015,0.0,0.0,10238,13000.0,sedan,0,0,0,1.0
271211,26-39,male,majority,10-19y,high school,middle class,0.4150412288500029,1.0,after 2015,1.0,1.0,10238,9000.0,sedan,1,0,3,0.0
695076,16-25,female,majority,0-9y,high school,poverty,0.4380507011715331,1.0,before 2015,0.0,1.0,10238,18000.0,sedan,0,0,0,0.0
354117,16-25,male,majority,0-9y,high school,middle class,0.5692990604033793,1.0,before 2015,0.0,1.0,10238,16000.0,sedan,0,0,0,0.0
802774,65+,female,minority,0-9y,university,upper class,0.7455090188134991,1.0,before 2015,1.0,1.0,10238,10000.0,sedan,0,0,0,0.0
727827,16-25,female,majority,0-9y,university,working class,0.4451567199459931,0.0,before 2015,0.0,1.0,21217,10000.0,sedan,0,0,0,1.0
581027,40-64,female,majority,20-29y,high school,middle class,0.5010614346395708,1.0,after 2015,1.0,0.0,32765,11000.0,sedan,4,1,0,0.0
45776,16-25,female,majority,0-9y,high school,poverty,0.4556290811270317,1.0,after 2015,0.0,0.0,10238,17000.0,sedan,0,0,0,0.0
553534,65+,male,majority,30y+,university,upper class,0.4709099425273894,1.0,before 2015,1.0,1.0,10238,13000.0,sedan,4,0,4,0.0
631499,65+,male,majority,30y+,university,upper class,0.627282790779749,1.0,after 2015,1.0,1.0,10238,12000.0,sedan,3,0,3,0.0
694648,65+,male,majority,30y+,university,middle class,0.3796239634762667,1.0,before 2015,1.0,1.0,92101,15000.0,sedan,4,1,1,0.0
51074,26-39,male,majority,0-9y,university,upper class,0.5061172054864829,1.0,after 2015,1.0,1.0,32765,9000.0,sedan,0,0,0,1.0
46088,26-39,male,majority,10-19y,high school,poverty,0.3625696492158224,0.0,before 2015,0.0,1.0,10238,,sedan,1,0,0,0.0
810819,65+,male,majority,30y+,university,upper class,0.4654514754475406,1.0,after 2015,1.0,1.0,10238,7000.0,sedan,5,0,15,0.0
560068,26-39,male,majority,10-19y,high school,working class,0.4082920061533436,1.0,before 2015,1.0,0.0,10238,10000.0,sedan,1,0,1,1.0
361864,26-39,male,majority,0-9y,university,working class,0.556325642994001,1.0,after 2015,0.0,1.0,10238,9000.0,sedan,0,0,0,0.0
645162,26-39,female,majority,10-19y,university,upper class,0.6423073532552126,1.0,after 2015,0.0,1.0,10238,13000.0,sports car,0,0,0,0.0
871213,26-39,male,majority,0-9y,university,middle class,0.5153255968906303,1.0,after 2015,0.0,1.0,10238,9000.0,sedan,0,0,0,1.0
265562,40-64,male,majority,10-19y,university,upper class,0.5450052865059094,1.0,before 2015,1.0,1.0,10238,11000.0,sedan,1,1,4,0.0
446993,16-25,male,majority,0-9y,high school,poverty,0.3051450776813433,1.0,before 2015,0.0,0.0,10238,14000.0,sedan,0,0,0,0.0
520901,26-39,female,majority,0-9y,university,upper class,0.6373474577984933,1.0,after 2015,0.0,0.0,10238,16000.0,sedan,0,0,0,0.0
71810,16-25,female,majority,0-9y,none,poverty,0.2736237659745527,0.0,before 2015,0.0,1.0,10238,13000.0,sedan,0,0,0,1.0
28541,26-39,male,majority,10-19y,none,working class,0.4952767419940733,1.0,before 2015,0.0,0.0,10238,12000.0,sedan,1,0,3,1.0
243166,16-25,male,majority,0-9y,university,middle class,0.5771463962537063,1.0,before 2015,1.0,1.0,10238,11000.0,sedan,0,0,0,0.0
55559,16-25,male,majority,0-9y,none,poverty,0.3539233358292851,0.0,before 2015,0.0,0.0,32765,7000.0,sedan,0,0,0,1.0
39537,16-25,male,majority,0-9y,university,upper class,0.660212050784453,1.0,before 2015,0.0,0.0,10238,14000.0,sedan,0,0,0,1.0
576595,65+,female,majority,30y+,university,upper class,0.6221266814858362,1.0,after 2015,1.0,1.0,92101,9000.0,sedan,1,0,0,0.0
325967,40-64,male,majority,0-9y,none,working class,0.4803057894369645,1.0,before 2015,0.0,1.0,10238,,sedan,0,0,0,1.0
167759,26-39,male,majority,10-19y,university,middle class,0.4541414580903294,1.0,after 2015,1.0,1.0,10238,6000.0,sedan,2,0,4,0.0
478473,16-25,male,majority,0-9y,high school,upper class,0.4453608620470372,1.0,before 2015,0.0,0.0,10238,14000.0,sedan,0,0,0,1.0
821932,65+,female,minority,30y+,university,upper class,,1.0,before 2015,1.0,1.0,32765,5000.0,sedan,4,3,1,0.0
383805,40-64,female,majority,0-9y,university,upper class,0.4745987661541453,1.0,after 2015,1.0,1.0,10238,13000.0,sedan,0,0,0,0.0
719567,40-64,female,minority,0-9y,none,poverty,0.3827473465971639,0.0,before 2015,1.0,1.0,10238,10000.0,sedan,0,0,0,1.0
571194,40-64,female,majority,20-29y,high school,poverty,0.3420137297724536,0.0,before 2015,1.0,1.0,32765,,sedan,6,1,2,0.0
632608,26-39,male,majority,10-19y,none,middle class,0.3627367243358606,1.0,before 2015,0.0,1.0,10238,14000.0,sedan,1,0,0,0.0
881826,40-64,female,majority,20-29y,university,upper class,0.5226753851810169,1.0,before 2015,1.0,1.0,92101,12000.0,sedan,3,1,1,0.0
666379,26-39,female,majority,0-9y,none,working class,0.4194646966156586,1.0,before 2015,0.0,0.0,10238,12000.0,sedan,0,0,0,1.0
235478,40-64,female,majority,20-29y,none,working class,0.4585473867377154,0.0,after 2015,0.0,1.0,10238,14000.0,sedan,1,0,0,0.0
658273,40-64,male,majority,20-29y,university,upper class,0.3426020227947669,1.0,before 2015,0.0,1.0,10238,12000.0,sedan,3,0,1,0.0
471970,65+,female,majority,10-19y,university,upper class,0.4740231554494119,1.0,before 2015,1.0,1.0,10238,8000.0,sedan,0,0,0,0.0
629213,26-39,female,majority,10-19y,university,upper class,0.5337010547648954,1.0,before 2015,0.0,1.0,32765,,sedan,2,0,1,1.0
424487,40-64,female,majority,20-29y,university,upper class,0.6281616833147726,1.0,after 2015,1.0,1.0,10238,10000.0,sedan,1,0,0,0.0
515470,26-39,male,majority,0-9y,high school,poverty,0.3995052055279878,0.0,after 2015,1.0,0.0,32765,10000.0,sedan,0,0,0,1.0
976583,16-25,male,majority,0-9y,none,poverty,0.2688557957315958,0.0,before 2015,0.0,0.0,10238,18000.0,sedan,0,0,0,1.0
724516,40-64,male,majority,10-19y,high school,middle class,0.6731197410249281,1.0,before 2015,1.0,1.0,32765,10000.0,sedan,1,0,0,0.0
138634,65+,female,majority,10-19y,high school,middle class,0.402838852494212,1.0,after 2015,0.0,1.0,32765,11000.0,sedan,2,0,0,0.0
802517,40-64,female,majority,20-29y,none,poverty,0.4952437707500946,0.0,before 2015,0.0,1.0,10238,16000.0,sedan,1,0,0,0.0
29071,40-64,female,majority,20-29y,high school,middle class,0.6587634686642284,1.0,before 2015,0.0,1.0,21217,10000.0,sedan,1,0,1,1.0
203357,40-64,male,majority,20-29y,university,middle class,0.330887247220658,1.0,before 2015,1.0,0.0,32765,11000.0,sedan,12,0,2,0.0
575033,40-64,male,majority,20-29y,high school,upper class,0.5681059173993356,0.0,before 2015,1.0,1.0,10238,9000.0,sedan,7,0,3,0.0
612786,40-64,male,majority,20-29y,high school,middle class,0.5853750508670569,1.0,before 2015,0.0,1.0,10238,15000.0,sedan,2,0,2,0.0
515497,40-64,female,majority,20-29y,university,working class,0.5958371735450096,0.0,before 2015,1.0,1.0,10238,14000.0,sedan,0,0,2,0.0
631613,65+,female,majority,0-9y,university,upper class,0.6123770267013434,1.0,before 2015,1.0,1.0,10238,13000.0,sedan,0,0,0,0.0
212191,26-39,female,majority,10-19y,none,working class,0.421470788840087,0.0,before 2015,0.0,1.0,10238,12000.0,sedan,0,1,0,1.0
883688,26-39,male,minority,10-19y,university,upper class,0.5589096259275953,1.0,after 2015,1.0,1.0,10238,12000.0,sedan,3,0,2,0.0
432541,40-64,female,majority,20-29y,high school,upper class,,1.0,before 2015,1.0,1.0,32765,8000.0,sedan,5,0,2,0.0
558275,26-39,female,majority,10-19y,none,poverty,0.3437899450363883,1.0,before 2015,0.0,1.0,10238,10000.0,sedan,0,0,0,0.0
485660,40-64,male,majority,10-19y,university,upper class,0.5781305873212035,1.0,before 2015,0.0,1.0,92101,14000.0,sedan,1,0,1,0.0
897682,16-25,female,majority,0-9y,high school,working class,0.3717009607507985,1.0,after 2015,0.0,1.0,10238,,sedan,0,0,0,0.0
731941,26-39,female,majority,0-9y,none,poverty,0.3044782230239015,0.0,after 2015,0.0,1.0,10238,13000.0,sedan,0,0,0,1.0
985825,26-39,female,majority,0-9y,high school,poverty,0.3237797344421737,0.0,before 2015,0.0,1.0,10238,12000.0,sedan,0,0,0,1.0
718889,40-64,female,minority,20-29y,none,middle class,0.4797713876922586,1.0,before 2015,1.0,1.0,32765,,sedan,6,1,0,0.0
372369,26-39,female,majority,10-19y,high school,middle class,,1.0,before 2015,1.0,0.0,10238,14000.0,sedan,1,0,2,0.0
722998,40-64,male,majority,0-9y,university,upper class,0.5433038756168699,1.0,before 2015,0.0,0.0,10238,11000.0,sports car,0,0,0,1.0
174251,16-25,female,majority,0-9y,none,poverty,0.3195071006422301,0.0,before 2015,0.0,0.0,10238,17000.0,sedan,0,0,0,1.0
242772,26-39,female,majority,10-19y,none,middle class,0.5036589704487734,1.0,before 2015,0.0,1.0,10238,10000.0,sedan,1,2,0,0.0
791078,26-39,male,minority,10-19y,university,upper class,0.5758378032781618,1.0,after 2015,0.0,1.0,10238,14000.0,sedan,1,0,0,0.0
686845,26-39,female,majority,10-19y,high school,upper class,0.5669070727369071,1.0,after 2015,1.0,0.0,10238,10000.0,sedan,0,0,2,0.0
983035,40-64,female,majority,20-29y,high school,working class,0.2755804790418684,1.0,before 2015,0.0,1.0,10238,12000.0,sedan,0,0,3,0.0
661421,16-25,female,majority,0-9y,high school,working class,0.5064146081732177,0.0,before 2015,0.0,1.0,10238,10000.0,sedan,0,0,0,1.0
423497,16-25,female,majority,0-9y,high school,working class,0.3941632454999797,1.0,before 2015,0.0,0.0,10238,16000.0,sedan,0,0,0,1.0
32277,26-39,female,minority,10-19y,none,poverty,0.1761149663789997,0.0,before 2015,0.0,1.0,10238,17000.0,sedan,1,0,2,1.0
562582,16-25,female,majority,0-9y,high school,poverty,0.4153855425063041,0.0,before 2015,0.0,0.0,10238,13000.0,sedan,0,0,0,1.0
816289,40-64,female,majority,20-29y,high school,middle class,0.6217185834585502,1.0,before 2015,1.0,1.0,10238,10000.0,sedan,1,0,3,0.0
89663,16-25,male,majority,0-9y,high school,working class,0.47813982139298,1.0,before 2015,0.0,0.0,10238,14000.0,sedan,0,0,0,1.0
566025,26-39,female,majority,10-19y,university,working class,0.4426958181502768,1.0,before 2015,0.0,1.0,32765,12000.0,sedan,0,0,0,0.0
81463,40-64,female,majority,0-9y,university,middle class,0.6192052732804539,1.0,before 2015,0.0,0.0,10238,,sedan,0,0,0,1.0
927919,65+,female,majority,30y+,university,upper class,0.7145464974005755,1.0,before 2015,1.0,1.0,10238,11000.0,sedan,1,0,1,0.0
620447,26-39,female,majority,10-19y,university,upper class,0.7764554390782819,1.0,before 2015,1.0,1.0,10238,12000.0,sedan,1,1,1,0.0
438799,65+,female,majority,30y+,university,upper class,0.5486713813706487,1.0,before 2015,1.0,1.0,10238,7000.0,sedan,7,0,2,0.0
892833,26-39,male,majority,10-19y,high school,middle class,0.5660760717938017,1.0,before 2015,0.0,1.0,32765,11000.0,sedan,5,0,0,0.0
829777,40-64,female,majority,0-9y,university,middle class,0.5675874655649595,1.0,before 2015,1.0,1.0,10238,8000.0,sedan,0,0,0,0.0
402924,26-39,female,majority,10-19y,university,working class,0.5884675392032952,0.0,before 2015,1.0,1.0,10238,13000.0,sedan,2,0,0,1.0
650403,40-64,male,majority,20-29y,none,poverty,0.3073861049904308,1.0,after 2015,1.0,1.0,10238,12000.0,sedan,2,0,2,0.0
884967,65+,male,majority,30y+,university,upper class,0.4576717029360895,0.0,before 2015,1.0,1.0,10238,,sedan,4,0,8,0.0
677467,16-25,female,majority,0-9y,none,poverty,0.1562510004957406,1.0,before 2015,0.0,0.0,32765,13000.0,sedan,0,0,0,1.0
766772,26-39,female,majority,10-19y,high school,working class,0.3456724459578565,0.0,before 2015,0.0,1.0,10238,16000.0,sedan,0,0,0,1.0
901362,16-25,male,majority,0-9y,none,poverty,0.3471954077087669,1.0,before 2015,1.0,0.0,10238,11000.0,sedan,0,0,0,1.0
904411,26-39,male,majority,10-19y,high school,working class,0.3662098246827593,1.0,before 2015,1.0,1.0,10238,10000.0,sedan,2,0,0,0.0
918944,26-39,male,majority,0-9y,university,upper class,0.5114051425042117,1.0,after 2015,1.0,1.0,10238,9000.0,sedan,0,0,0,0.0
714599,65+,male,majority,0-9y,university,upper class,0.6281501079631089,1.0,before 2015,0.0,1.0,10238,10000.0,sedan,0,0,0,1.0
717981,65+,male,majority,30y+,high school,upper class,0.6082481234143344,1.0,after 2015,1.0,1.0,32765,8000.0,sedan,10,1,4,0.0
325548,16-25,female,majority,0-9y,none,poverty,0.2345646787410572,0.0,before 2015,0.0,1.0,10238,7000.0,sedan,0,0,0,1.0
514639,26-39,male,majority,0-9y,high school,working class,0.411584472058809,0.0,before 2015,1.0,1.0,32765,8000.0,sedan,0,0,0,1.0
652810,16-25,male,majority,0-9y,high school,middle class,0.3820569054258049,1.0,before 2015,0.0,0.0,10238,17000.0,sedan,0,0,0,1.0
681565,26-39,male,majority,10-19y,university,middle class,0.5861052744855212,1.0,before 2015,1.0,0.0,10238,10000.0,sedan,0,0,2,0.0
126096,40-64,female,majority,0-9y,university,upper class,0.5894011677961919,1.0,before 2015,1.0,1.0,21217,5000.0,sedan,0,0,0,1.0
250210,40-64,female,majority,10-19y,university,upper class,,1.0,before 2015,0.0,1.0,10238,11000.0,sedan,2,2,0,0.0
605381,26-39,male,majority,10-19y,none,poverty,0.4626087278813787,0.0,before 2015,0.0,1.0,10238,11000.0,sedan,1,1,2,1.0
487116,26-39,male,majority,10-19y,none,working class,0.5300643171181573,1.0,before 2015,0.0,0.0,10238,,sedan,1,0,2,1.0
774955,16-25,male,majority,0-9y,high school,poverty,,1.0,before 2015,0.0,0.0,10238,16000.0,sedan,0,0,0,1.0
476160,16-25,male,majority,0-9y,none,poverty,0.4730887680061617,0.0,before 2015,0.0,0.0,10238,13000.0,sedan,0,0,0,1.0
2590,65+,female,majority,30y+,university,upper class,0.5537983802002591,1.0,after 2015,1.0,1.0,10238,11000.0,sedan,1,0,1,0.0
132255,40-64,female,majority,20-29y,university,upper class,,1.0,after 2015,1.0,1.0,92101,7000.0,sedan,1,0,6,0.0
842700,26-39,male,majority,0-9y,high school,middle class,0.3884420515433392,1.0,before 2015,0.0,1.0,21217,12000.0,sedan,0,0,0,1.0
283169,16-25,male,majority,0-9y,university,poverty,0.4310793336400165,0.0,before 2015,1.0,1.0,32765,,sedan,0,0,0,1.0
922527,26-39,male,majority,10-19y,high school,working class,0.4437836280356294,1.0,after 2015,1.0,1.0,10238,15000.0,sedan,0,0,1,0.0
249355,40-64,male,majority,10-19y,none,poverty,,1.0,before 2015,0.0,0.0,10238,13000.0,sedan,0,0,4,1.0
299698,16-25,male,majority,0-9y,high school,poverty,0.2632650538999824,1.0,before 2015,0.0,1.0,10238,15000.0,sports car,0,0,0,0.0
598852,26-39,male,majority,0-9y,high school,upper class,0.6139049982758503,1.0,before 2015,0.0,1.0,10238,10000.0,sedan,0,0,0,1.0
210356,16-25,female,majority,0-9y,high school,poverty,0.3093306042396641,1.0,before 2015,0.0,1.0,32765,6000.0,sedan,0,0,0,1.0
390441,26-39,male,majority,10-19y,university,middle class,0.4909957303035646,1.0,after 2015,1.0,0.0,92101,14000.0,sedan,2,0,0,1.0
413707,16-25,male,majority,0-9y,high school,poverty,0.2094641847612867,1.0,before 2015,0.0,0.0,32765,11000.0,sedan,0,0,0,0.0
396790,40-64,male,majority,20-29y,university,upper class,0.6663660980564277,1.0,after 2015,1.0,1.0,32765,6000.0,sedan,6,0,6,0.0
871439,26-39,male,majority,0-9y,none,middle class,0.5693585841350143,0.0,before 2015,1.0,1.0,10238,11000.0,sedan,0,0,0,1.0
295095,40-64,male,majority,0-9y,none,upper class,0.6206110726170054,1.0,after 2015,1.0,1.0,32765,10000.0,sedan,0,0,0,1.0
308032,16-25,male,majority,0-9y,none,poverty,0.2201608322372889,0.0,before 2015,0.0,0.0,32765,16000.0,sedan,0,0,0,1.0
847988,40-64,male,majority,20-29y,university,upper class,0.5946924555510383,1.0,after 2015,1.0,1.0,10238,12000.0,sedan,1,0,4,0.0
962966,26-39,male,majority,10-19y,none,poverty,0.4217691019197355,0.0,before 2015,0.0,1.0,10238,11000.0,sedan,0,0,1,1.0
312613,26-39,male,majority,10-19y,university,middle class,0.4306485099701296,1.0,before 2015,1.0,1.0,10238,12000.0,sedan,0,0,5,0.0
63413,40-64,female,majority,20-29y,high school,upper class,0.4750576296457786,1.0,before 2015,1.0,1.0,10238,,sedan,0,0,1,0.0
818927,16-25,female,majority,0-9y,high school,working class,0.4289032526470881,1.0,before 2015,0.0,0.0,10238,,sedan,0,0,0,1.0
542130,65+,male,majority,30y+,university,upper class,0.6052753027995037,1.0,before 2015,1.0,1.0,10238,12000.0,sedan,2,2,3,0.0
23005,26-39,female,majority,10-19y,high school,working class,,1.0,before 2015,1.0,1.0,32765,,sedan,3,1,0,0.0
783556,40-64,male,majority,0-9y,university,upper class,0.6046068349734135,1.0,before 2015,1.0,1.0,10238,7000.0,sedan,0,0,0,1.0
722205,65+,male,minority,30y+,university,upper class,0.5508246124053148,1.0,before 2015,1.0,1.0,10238,,sedan,5,3,6,0.0
785595,65+,female,majority,30y+,high school,middle class,0.4610398579311485,1.0,after 2015,1.0,1.0,10238,11000.0,sedan,3,0,3,0.0
752784,40-64,male,majority,10-19y,university,middle class,0.5682244079602327,1.0,before 2015,0.0,1.0,10238,11000.0,sedan,4,0,1,0.0
369502,26-39,female,majority,10-19y,none,poverty,0.4644064393036886,0.0,before 2015,0.0,0.0,10238,15000.0,sedan,0,0,1,0.0
718626,26-39,male,majority,10-19y,university,upper class,0.6237655956418446,0.0,after 2015,0.0,1.0,10238,12000.0,sedan,0,0,1,0.0
438080,16-25,female,majority,0-9y,none,poverty,0.357690476762901,0.0,before 2015,0.0,0.0,10238,17000.0,sedan,0,0,0,1.0
376531,26-39,female,majority,10-19y,high school,poverty,0.3533941820525979,1.0,before 2015,0.0,0.0,32765,11000.0,sports car,1,0,0,0.0
376753,40-64,female,majority,20-29y,none,middle class,0.5292516056834713,0.0,after 2015,0.0,1.0,10238,11000.0,sedan,1,0,4,0.0
487682,40-64,male,majority,20-29y,university,upper class,0.5392442985575833,1.0,after 2015,1.0,1.0,92101,15000.0,sedan,2,0,2,1.0
440086,40-64,female,majority,20-29y,high school,upper class,,1.0,before 2015,0.0,1.0,21217,12000.0,sedan,0,0,1,1.0
953701,65+,male,majority,30y+,university,upper class,0.5986072426122816,1.0,before 2015,1.0,1.0,10238,11000.0,sedan,3,1,4,0.0
594948,40-64,male,majority,20-29y,high school,upper class,0.6831889740174596,1.0,after 2015,1.0,1.0,10238,13000.0,sedan,5,0,2,0.0
171762,26-39,male,majority,10-19y,none,poverty,0.3930116698115786,0.0,before 2015,0.0,1.0,10238,11000.0,sedan,2,1,4,0.0
179157,16-25,male,majority,0-9y,high school,working class,0.4390875695816957,0.0,before 2015,1.0,1.0,10238,9000.0,sedan,0,0,0,1.0
368392,16-25,male,majority,0-9y,none,poverty,0.2095073883823189,0.0,before 2015,0.0,1.0,10238,14000.0,sedan,0,0,0,1.0
349537,26-39,female,majority,10-19y,none,working class,0.3862602749859222,1.0,before 2015,1.0,1.0,10238,10000.0,sedan,1,0,2,0.0
344660,26-39,male,majority,10-19y,university,middle class,0.502144711398539,1.0,before 2015,0.0,0.0,32765,13000.0,sedan,4,0,3,1.0
535065,26-39,male,majority,10-19y,university,middle class,0.495913655413944,1.0,before 2015,0.0,0.0,10238,18000.0,sedan,0,0,0,0.0
116223,65+,female,majority,30y+,university,upper class,0.6569952345792299,1.0,after 2015,1.0,1.0,10238,8000.0,sedan,2,0,3,0.0
124204,16-25,female,majority,0-9y,none,poverty,0.186185114720855,0.0,before 2015,0.0,0.0,10238,17000.0,sedan,0,0,0,1.0
403255,65+,female,majority,30y+,university,upper class,0.6414588168870665,0.0,before 2015,1.0,1.0,10238,11000.0,sedan,2,1,2,0.0
847235,26-39,female,majority,10-19y,none,poverty,0.3913025099949014,0.0,before 2015,0.0,1.0,10238,14000.0,sports car,0,0,0,0.0
86139,40-64,male,majority,0-9y,high school,upper class,0.5082979278654464,1.0,before 2015,1.0,1.0,92101,11000.0,sedan,0,0,0,1.0
899785,40-64,male,majority,20-29y,high school,middle class,0.4837317247696164,1.0,after 2015,1.0,1.0,10238,8000.0,sedan,1,0,6,0.0
187975,16-25,female,majority,0-9y,none,poverty,0.4610393716795908,1.0,before 2015,0.0,0.0,10238,,sedan,0,0,0,0.0
324483,40-64,female,majority,20-29y,university,upper class,0.6135322636094647,1.0,after 2015,1.0,1.0,10238,11000.0,sedan,1,0,0,0.0
158980,40-64,female,majority,0-9y,high school,upper class,0.6274722690901392,0.0,before 2015,0.0,1.0,10238,13000.0,sedan,0,0,0,1.0
160496,16-25,male,majority,0-9y,university,middle class,0.3813396180214729,1.0,after 2015,1.0,1.0,10238,6000.0,sedan,0,0,0,0.0
151323,26-39,male,majority,0-9y,university,upper class,0.4879019932928329,1.0,after 2015,1.0,1.0,32765,10000.0,sedan,0,0,0,0.0
655609,16-25,female,majority,0-9y,university,poverty,0.3549288973191322,0.0,before 2015,0.0,0.0,32765,12000.0,sedan,0,0,0,1.0
529581,40-64,male,majority,10-19y,university,upper class,0.6385594983892438,0.0,after 2015,0.0,1.0,32765,14000.0,sedan,2,0,0,0.0
606131,16-25,female,majority,0-9y,high school,poverty,0.3145040661291375,1.0,after 2015,0.0,0.0,10238,16000.0,sedan,0,0,0,1.0
10314,40-64,male,majority,0-9y,university,upper class,0.6383298810181021,1.0,before 2015,1.0,1.0,10238,10000.0,sedan,0,0,0,0.0
523141,26-39,male,majority,10-19y,high school,upper class,0.6579598171546398,1.0,after 2015,0.0,1.0,10238,11000.0,sedan,1,0,1,0.0
829396,16-25,male,majority,0-9y,high school,poverty,0.2241372662621859,0.0,before 2015,0.0,0.0,10238,14000.0,sedan,0,0,0,1.0
981972,16-25,male,minority,0-9y,high school,poverty,0.1258955435359577,0.0,after 2015,0.0,0.0,32765,14000.0,sedan,0,0,0,0.0
120748,40-64,female,majority,20-29y,high school,upper class,0.654942816500423,1.0,after 2015,1.0,0.0,10238,12000.0,sedan,0,0,1,0.0
530697,26-39,male,majority,10-19y,university,upper class,0.6357436131134427,1.0,before 2015,1.0,1.0,10238,10000.0,sedan,1,1,1,0.0
43773,65+,male,minority,30y+,university,upper class,0.352051802438166,1.0,after 2015,0.0,1.0,10238,11000.0,sedan,1,0,3,0.0
158967,26-39,female,majority,0-9y,none,poverty,0.3773706451759009,0.0,before 2015,0.0,1.0,10238,,sedan,0,0,0,1.0
976509,16-25,male,majority,0-9y,high school,working class,0.3748645128732443,0.0,before 2015,0.0,0.0,32765,14000.0,sedan,0,0,0,1.0
96746,40-64,female,majority,10-19y,high school,upper class,0.8197927862511347,1.0,before 2015,1.0,1.0,10238,12000.0,sedan,2,0,0,0.0
307599,40-64,male,minority,20-29y,none,working class,0.3820656655474345,1.0,before 2015,0.0,1.0,10238,10000.0,sedan,4,0,3,0.0
780787,26-39,female,majority,10-19y,university,upper class,0.6931513030630937,1.0,after 2015,0.0,1.0,10238,12000.0,sedan,0,2,3,0.0
768767,40-64,female,majority,0-9y,university,upper class,0.7226016411670321,0.0,before 2015,1.0,1.0,32765,,sedan,0,0,0,1.0
39296,26-39,female,majority,0-9y,high school,middle class,0.4611083027459475,1.0,after 2015,1.0,1.0,32765,9000.0,sedan,0,0,0,0.0
965324,16-25,female,minority,0-9y,none,poverty,0.3880366808421414,0.0,before 2015,0.0,0.0,32765,11000.0,sedan,0,0,0,1.0
377426,16-25,female,majority,0-9y,high school,working class,0.3495977394363498,0.0,before 2015,1.0,0.0,10238,10000.0,sedan,0,0,0,1.0
674133,16-25,male,minority,0-9y,none,poverty,0.3844042013469977,0.0,before 2015,0.0,1.0,92101,11000.0,sedan,0,0,0,1.0
539433,40-64,female,majority,0-9y,university,upper class,0.6262972030099251,1.0,before 2015,0.0,0.0,10238,19000.0,sedan,0,0,0,1.0
761146,26-39,male,majority,0-9y,university,upper class,0.6494150842472346,1.0,after 2015,1.0,1.0,10238,10000.0,sedan,0,0,0,0.0
423938,65+,male,majority,30y+,high school,upper class,0.6343725020457226,1.0,after 2015,1.0,0.0,32765,11000.0,sedan,11,1,5,0.0
77566,26-39,female,majority,10-19y,university,middle class,0.6094742693422459,0.0,before 2015,0.0,0.0,10238,,sedan,0,0,1,1.0
364151,65+,female,majority,30y+,high school,upper class,0.6844905315437373,1.0,after 2015,0.0,1.0,10238,9000.0,sedan,5,0,3,0.0
912595,26-39,male,majority,10-19y,high school,middle class,0.4532261163998474,1.0,before 2015,1.0,1.0,10238,14000.0,sports car,2,1,0,0.0
701029,16-25,male,majority,0-9y,university,poverty,,1.0,after 2015,1.0,0.0,32765,,sedan,0,0,0,1.0
252060,26-39,male,majority,10-19y,university,upper class,0.5035670239503522,1.0,before 2015,1.0,1.0,10238,9000.0,sedan,5,0,2,0.0
949958,16-25,female,majority,0-9y,none,poverty,0.4516269504827541,0.0,before 2015,0.0,0.0,10238,16000.0,sedan,0,0,0,1.0
243897,40-64,male,majority,20-29y,none,poverty,0.3769402881848251,0.0,before 2015,0.0,1.0,92101,11000.0,sedan,2,0,1,1.0
446779,16-25,female,majority,0-9y,none,poverty,,1.0,before 2015,0.0,0.0,10238,16000.0,sedan,0,0,0,1.0
546446,65+,female,majority,0-9y,university,upper class,,1.0,after 2015,1.0,1.0,10238,14000.0,sedan,0,0,0,0.0
505219,26-39,female,majority,10-19y,university,upper class,0.5342378134576791,1.0,after 2015,1.0,1.0,10238,13000.0,sedan,1,0,0,0.0
509343,16-25,male,majority,0-9y,university,working class,,1.0,before 2015,0.0,1.0,10238,13000.0,sedan,0,0,0,1.0
673789,26-39,male,majority,10-19y,university,upper class,0.5761308490599617,1.0,after 2015,0.0,1.0,10238,15000.0,sports car,0,0,1,0.0
951557,40-64,female,majority,20-29y,high school,middle class,0.4762230188174785,1.0,before 2015,1.0,1.0,10238,10000.0,sedan,1,0,0,0.0
123802,40-64,male,minority,0-9y,high school,middle class,0.6488951900742446,1.0,before 2015,1.0,1.0,10238,12000.0,sedan,0,0,0,1.0
472257,40-64,male,majority,20-29y,university,upper class,0.7216402910712306,1.0,after 2015,1.0,1.0,10238,11000.0,sedan,2,0,5,0.0
107410,16-25,male,majority,0-9y,none,poverty,0.3086760491529937,0.0,after 2015,1.0,1.0,10238,11000.0,sedan,0,0,0,1.0
250099,65+,male,majority,30y+,university,upper class,0.6373036380864049,1.0,before 2015,1.0,1.0,10238,10000.0,sedan,7,0,6,0.0
419303,40-64,female,majority,20-29y,high school,working class,0.4332321127507121,1.0,before 2015,0.0,1.0,32765,11000.0,sedan,1,0,2,0.0
175117,40-64,female,majority,20-29y,university,upper class,0.4165222280131299,1.0,before 2015,0.0,1.0,10238,12000.0,sedan,1,1,1,0.0
893783,16-25,female,majority,0-9y,high school,poverty,0.4798501251539698,0.0,before 2015,0.0,1.0,10238,14000.0,sports car,0,0,0,1.0
737043,65+,female,majority,30y+,university,upper class,0.6633244171626496,1.0,before 2015,0.0,0.0,10238,,sedan,3,0,5,0.0
264604,26-39,male,majority,10-19y,none,middle class,0.6180001370819622,1.0,before 2015,0.0,0.0,10238,15000.0,sedan,0,0,0,0.0
22326,16-25,female,majority,0-9y,high school,poverty,0.3696161164331113,0.0,before 2015,0.0,0.0,32765,15000.0,sedan,0,0,0,1.0
849845,26-39,female,majority,0-9y,high school,poverty,0.3406862555323136,0.0,before 2015,0.0,1.0,10238,11000.0,sedan,0,0,0,0.0
644091,26-39,female,majority,0-9y,high school,upper class,0.6930352236326813,1.0,before 2015,1.0,1.0,92101,12000.0,sedan,0,0,0,1.0
280096,40-64,male,majority,10-19y,high school,upper class,0.730309867150182,1.0,after 2015,0.0,1.0,10238,,sedan,0,0,2,0.0
754176,26-39,female,majority,10-19y,high school,middle class,0.6037817692518094,1.0,before 2015,1.0,1.0,10238,15000.0,sedan,1,0,1,0.0
989895,40-64,male,majority,20-29y,none,middle class,0.4145561410384915,0.0,before 2015,1.0,1.0,10238,11000.0,sedan,1,1,3,0.0
775470,65+,male,majority,20-29y,university,upper class,0.4527311642074429,1.0,before 2015,1.0,1.0,10238,9000.0,sedan,3,0,5,0.0
925857,40-64,male,majority,0-9y,none,working class,0.4193306622205509,0.0,before 2015,1.0,1.0,10238,12000.0,sedan,0,0,0,1.0
624964,65+,male,majority,10-19y,university,upper class,0.7896970696998267,1.0,after 2015,1.0,1.0,32765,6000.0,sedan,4,0,1,0.0
865043,40-64,female,majority,10-19y,university,middle class,0.3724057566439613,1.0,before 2015,0.0,1.0,10238,12000.0,sedan,1,0,0,0.0
