polholder_age,polholder_BMCevol,polholder_diffdriver,polholder_gender,polholder_job,policy_age,policy_caruse,policy_nbcontract,prem_final,prem_freqperyear,prem_last,prem_market,prem_pure,vehicl_age,vehicl_agepurchase,vehicl_garage,vehicl_powerkw,vehicl_region,lapse
34,stable,only partner,Male,normal,7,private or freelance work,2,381.99,2 per year,381.99,359.01,381.99,10,8,underground garage,100 kW,Reg14,0
47,stable,same,Female,normal,1,private or freelance work,1,231.2,4 per year,231.21,231.46,231.21,13,10,street,75 kW,Reg4,0
37,stable,all drivers > 24,Female,medical,7,unknown,1,388.14,4 per year,388.15,292.43,391.65,12,5,private garage,75 kW,Reg3,0
36,down,all drivers > 24,Male,normal,2,private or freelance work,1,635.65,4 per year,648.63,492.82,594.58,8,6,street,100 kW,Reg14,0
23,stable,same,Male,normal,0,private or freelance work,1,2306.97,4 per year,2306.99,2276.79,2490.0,13,13,parking deck,25-50 kW,Reg12,0
59,stable,same,Female,normal,1,private or freelance work,1,272.95,4 per year,272.96,255.55,280.77,15,13,private garage,75 kW,Reg8,0
46,down,young drivers,Male,normal,10,private or freelance work,1,174.02,12 per year,177.57,264.68,152.21,17,6,private garage,75 kW,Reg10,0
33,stable,only partner,Male,normal,0,private or freelance work,1,168.59,1 per year,168.6,273.3,183.2,11,4,private garage,125-300 kW,Reg5,0
57,down,same,Male,normal,0,private or freelance work,1,443.32,1 per year,452.36,546.39,435.62,14,8,private garage,225 kW,Reg9,1
48,stable,young drivers,Female,normal,10,private or freelance work,1,266.68,1 per year,266.69,321.78,282.35,15,5,street,25-50 kW,Reg9,0
52,down,young drivers,Female,medical,0,private or freelance work,1,728.39,1 per year,846.11,837.67,662.17,17,16,other,75 kW,Reg5,0
35,down,same,Male,normal,1,private or freelance work,1,266.41,4 per year,271.85,290.82,247.02,13,9,street,100 kW,Reg9,0
35,down,same,Male,normal,0,private or freelance work,1,795.42,4 per year,830.0,829.42,628.36,12,8,street,175 kW,Reg5,0
33,down,same,Male,normal,1,private or freelance work,2,463.8,4 per year,473.26,388.94,405.65,12,9,underground garage,100 kW,Reg8,0
65,stable,same,Male,medical,8,unknown,2,190.71,1 per year,188.99,156.62,190.71,8,0,private garage,125-300 kW,Reg10,0
25,down,same,Male,medical,1,private or freelance work,1,783.47,4 per year,817.54,496.6,681.29,3,0,private garage,25-50 kW,Reg4,0
30,stable,same,Male,normal,4,unknown,1,614.14,4 per year,614.15,408.31,580.6,15,6,unknown,125-300 kW,Reg8,0
54,down,only partner,Male,medical,2,private or freelance work,2,338.92,2 per year,345.84,338.91,314.4,16,10,private garage,75 kW,Reg6,0
42,down,same,Female,normal,1,private or freelance work,1,704.0,4 per year,734.61,593.11,612.17,14,12,street,75 kW,Reg5,1
38,down,same,Male,medical,0,private or freelance work,1,437.6,1 per year,456.62,460.01,380.53,12,10,private garage,75 kW,Reg7,0
37,down,only partner,Male,normal,7,private or freelance work,2,365.76,12 per year,373.22,308.38,352.21,18,18,private garage,75 kW,Reg3,0
69,stable,same,Male,normal,9,unknown,1,371.04,1 per year,371.05,251.22,367.6,9,0,private garage,125-300 kW,Reg8,0
42,stable,same,Female,normal,0,private or freelance work,1,196.79,1 per year,196.8,281.76,196.8,16,9,other,100 kW,Reg8,0
22,down,same,Male,normal,1,private or freelance work,1,966.18,4 per year,1122.32,573.85,814.11,17,16,private garage,75 kW,Reg4,0
56,stable,same,Female,medical,7,unknown,1,261.69,2 per year,261.69,223.64,261.69,7,0,private garage,100 kW,Reg5,0
29,down,only partner,Male,normal,1,private or freelance work,2,297.5,1 per year,303.58,323.06,281.0,12,4,carport,75 kW,Reg4,0
29,stable,only partner,Female,normal,2,private or freelance work,1,259.98,1 per year,259.99,290.85,259.99,12,4,private garage,75 kW,Reg8,0
28,down,only partner,Female,normal,1,private or freelance work,1,473.46,12 per year,483.12,410.19,414.1,13,8,other,75 kW,Reg8,1
36,down,only partner,Male,medical,2,private or freelance work,1,441.44,12 per year,460.64,487.27,373.49,18,7,private garage,75 kW,Reg6,1
45,stable,only partner,Female,normal,2,private or freelance work,2,246.36,1 per year,246.38,214.45,251.01,11,9,parking deck,25-50 kW,Reg6,1
32,down,same,Male,normal,1,private or freelance work,1,683.86,4 per year,697.81,623.75,683.01,11,9,private garage,125-300 kW,Reg4,0
42,up,young drivers,Female,medical,1,private or freelance work,2,1242.57,1 per year,985.49,1399.96,1129.48,13,12,private garage,75 kW,Reg13,0
44,stable,same,Female,normal,3,private or freelance work,1,230.45,12 per year,230.46,315.0,215.9,18,11,private garage,75 kW,Reg5,0
50,up,same,Male,normal,7,private or freelance work,1,605.49,12 per year,470.94,610.62,605.5,10,8,street,25-50 kW,Reg4,0
36,down,same,Female,medical,0,private or freelance work,1,333.31,4 per year,340.11,390.54,309.2,12,12,parking deck,100 kW,Reg5,0
30,down,same,Male,normal,1,private or freelance work,1,826.63,4 per year,843.5,592.02,702.93,12,11,parking deck,75 kW,Reg14,0
52,down,same,Male,normal,4,private or freelance work,1,398.16,1 per year,406.29,319.97,365.66,9,7,underground garage,75 kW,Reg8,0
47,stable,same,Male,normal,1,private or freelance work,2,214.49,1 per year,214.5,219.36,214.5,12,5,private garage,75 kW,Reg11,0
37,stable,only partner,Female,normal,2,private or freelance work,1,203.18,1 per year,203.19,198.17,203.19,13,4,private garage,75 kW,Reg10,0
48,down,only partner,Female,normal,0,private or freelance work,2,326.16,12 per year,332.81,284.15,302.25,12,0,carport,75 kW,Reg6,0
37,stable,all drivers > 24,Female,medical,0,private or freelance work,2,207.51,1 per year,207.53,222.29,209.44,11,9,private garage,125-300 kW,Reg10,0
38,down,only partner,Male,normal,1,private or freelance work,2,316.69,4 per year,323.15,363.07,293.78,17,10,private garage,75 kW,Reg11,0
29,down,same,Male,medical,1,private or freelance work,1,205.02,4 per year,209.2,213.78,183.05,15,11,private garage,100 kW,Reg3,0
35,down,only partner,Male,normal,0,private or freelance work,1,362.82,1 per year,370.22,371.09,309.03,8,7,private garage,25-50 kW,Reg3,0
40,stable,only partner,Female,normal,2,private or freelance work,1,381.99,12 per year,382.0,355.48,354.17,11,5,private garage,75 kW,Reg8,0
43,stable,same,Male,normal,1,private or freelance work,1,202.7,1 per year,202.71,215.85,197.14,18,13,street,75 kW,Reg4,1
66,stable,young drivers,Male,normal,13,unknown,1,388.1,2 per year,388.11,286.96,391.69,13,0,street,25-50 kW,Reg4,0
63,stable,same,Male,normal,1,private or freelance work,1,258.49,4 per year,258.5,274.57,253.62,15,12,street,150 kW,Reg4,0
40,down,same,Female,medical,2,private or freelance work,1,203.26,1 per year,207.41,240.41,190.13,18,11,private garage,25-50 kW,Reg8,0
28,down,same,Male,medical,0,private or freelance work,1,656.37,4 per year,762.45,585.28,563.89,8,7,other,100 kW,Reg7,0
40,down,only partner,Male,medical,2,private or freelance work,1,535.83,1 per year,546.76,484.64,510.31,12,10,private garage,75 kW,Reg4,0
61,stable,same,Male,medical,1,private or freelance work,1,320.95,4 per year,320.96,293.21,320.96,18,12,parking deck,75 kW,Reg4,0
59,down,all drivers > 24,Female,normal,0,private or freelance work,1,187.61,1 per year,191.44,208.8,174.04,11,0,private garage,25-50 kW,Reg10,0
33,down,same,Male,normal,1,private or freelance work,2,567.31,1 per year,578.89,488.56,556.61,10,9,underground garage,125-300 kW,Reg7,0
56,stable,young drivers,Male,normal,1,private or freelance work,2,331.15,1 per year,331.15,436.45,331.15,12,11,other,25-50 kW,Reg4,0
46,stable,same,Male,medical,0,private or freelance work,1,167.14,12 per year,167.15,206.14,167.15,16,13,carport,75 kW,Reg10,0
52,stable,only partner,Male,normal,1,private or freelance work,1,218.68,1 per year,218.69,239.96,212.61,16,13,private garage,100 kW,Reg4,0
37,stable,same,Male,medical,0,private or freelance work,1,198.7,2 per year,198.71,301.38,198.71,18,15,street,75 kW,Reg8,0
35,down,all drivers > 24,Male,normal,2,private or freelance work,2,634.26,4 per year,647.2,635.24,592.55,5,5,carport,125-300 kW,Reg4,0
72,stable,all drivers > 24,Male,normal,9,unknown,1,214.95,1 per year,214.96,216.8,209.07,9,0,private garage,75 kW,Reg3,0
36,down,only partner,Male,medical,1,private or freelance work,2,292.6,4 per year,298.58,321.08,273.7,5,0,private garage,75 kW,Reg4,0
34,down,only partner,Female,normal,1,private or freelance work,1,193.98,1 per year,197.94,190.95,173.2,9,6,other,25-50 kW,Reg13,1
30,stable,same,Male,medical,0,private or freelance work,1,170.15,1 per year,170.16,212.76,170.16,3,0,private garage,75 kW,Reg7,0
48,up,only partner,Female,normal,0,private or freelance work,1,1116.3,4 per year,692.87,1378.39,1116.3,17,0,private garage,75 kW,Reg4,0
37,down,young drivers,Female,normal,0,private or freelance work,2,527.9,12 per year,613.21,666.54,517.1,10,10,private garage,25-50 kW,Reg4,0
26,up,young drivers,Male,medical,0,private or freelance work,1,1204.81,4 per year,747.81,1218.42,1116.3,15,14,parking deck,75 kW,Reg13,0
56,stable,only partner,Male,normal,2,private or freelance work,3,310.95,1 per year,310.96,268.43,291.15,18,10,private garage,150 kW,Reg8,0
27,down,same,Female,medical,3,private or freelance work,1,543.78,1 per year,554.87,338.51,508.64,11,6,unknown,25-50 kW,Reg8,0
31,up,all drivers > 24,Male,normal,0,private or freelance work,1,1124.19,4 per year,891.6,1318.72,1190.2,14,14,private garage,75 kW,Reg6,0
35,down,only partner,Male,normal,0,private or freelance work,1,606.38,4 per year,704.38,588.29,551.23,16,16,private garage,25-50 kW,Reg8,0
43,down,only partner,Male,normal,2,private or freelance work,1,789.55,4 per year,805.66,512.64,803.2,12,7,private garage,100 kW,Reg4,0
38,down,only partner,Male,medical,4,private or freelance work,1,340.29,1 per year,347.24,311.25,304.25,12,7,unknown,75 kW,Reg3,0
40,stable,same,Female,normal,9,private or freelance work,1,165.5,1 per year,165.51,182.01,165.51,11,0,carport,100 kW,Reg4,0
66,down,young drivers,Male,normal,0,private or freelance work,1,607.36,4 per year,705.52,769.41,531.82,14,13,other,75 kW,Reg6,0
32,down,only partner,Male,normal,2,private or freelance work,1,471.78,1 per year,481.41,555.29,449.32,16,13,underground garage,75 kW,Reg2,0
58,down,all drivers > 24,Male,normal,0,private or freelance work,2,214.01,1 per year,218.37,257.85,187.18,14,8,private garage,75 kW,Reg5,0
28,down,same,Female,medical,1,private or freelance work,1,569.63,12 per year,581.25,494.62,498.21,15,13,street,75 kW,Reg2,0
41,down,young drivers,Female,medical,0,private or freelance work,1,918.3,1 per year,1286.51,651.45,878.08,9,0,street,75 kW,Reg7,0
51,down,same,Male,normal,0,private or freelance work,2,461.64,4 per year,471.06,500.49,403.77,17,14,private garage,75 kW,Reg4,0
47,down,same,Female,medical,0,private or freelance work,1,489.68,2 per year,568.82,481.4,445.21,12,11,other,25-50 kW,Reg8,0
20,down,same,Female,normal,0,private or freelance work,1,933.96,4 per year,1308.45,834.86,774.4,14,14,private garage,25-50 kW,Reg4,1
25,down,same,Female,normal,1,private or freelance work,1,527.25,4 per year,550.18,584.39,458.47,15,11,private garage,75 kW,Reg10,1
63,stable,only partner,Male,normal,8,unknown,1,220.73,1 per year,220.74,183.24,208.96,11,2,street,25-50 kW,Reg4,1
64,down,all drivers > 24,Male,normal,0,private or freelance work,2,820.01,12 per year,854.18,900.29,721.39,15,14,private garage,75 kW,Reg8,1
27,down,only partner,Female,normal,0,private or freelance work,1,511.77,4 per year,594.47,645.46,465.25,10,8,private garage,75 kW,Reg4,0
29,down,only partner,Female,normal,0,private or freelance work,1,225.85,4 per year,230.46,247.18,227.1,10,10,private garage,125-300 kW,Reg14,1
30,stable,same,Male,normal,0,private or freelance work,1,697.77,2 per year,697.79,818.08,697.79,11,11,parking deck,75 kW,Reg3,0
43,down,only partner,Male,normal,0,private or freelance work,2,173.36,4 per year,176.9,186.5,167.98,13,8,other,100 kW,Reg3,0
29,down,only partner,Female,medical,1,private or freelance work,1,239.39,1 per year,244.27,258.38,217.12,10,6,carport,25-50 kW,Reg5,0
41,stable,only partner,Male,medical,0,private or freelance work,1,124.03,1 per year,124.04,199.61,124.04,15,10,parking deck,100 kW,Reg5,0
41,down,same,Male,medical,9,unknown,1,231.7,2 per year,236.42,160.75,193.65,10,1,private garage,75 kW,Reg12,0
31,down,all drivers > 24,Male,normal,1,private or freelance work,1,1016.18,12 per year,1180.41,1259.94,932.79,15,14,street,100 kW,Reg11,0
46,down,same,Female,medical,7,unknown,2,364.23,12 per year,371.66,221.59,322.74,15,7,private garage,75 kW,Reg10,0
70,stable,same,Male,normal,0,private or freelance work,1,128.79,1 per year,128.8,222.43,128.8,18,11,private garage,100 kW,Reg5,0
39,stable,young drivers,Female,normal,0,private or freelance work,1,457.99,4 per year,458.0,421.61,416.36,17,13,other,75 kW,Reg11,0
26,down,same,Male,normal,2,private or freelance work,1,587.03,12 per year,599.01,602.75,559.09,15,11,parking deck,75 kW,Reg4,1
29,down,same,Female,medical,9,unknown,1,617.57,1 per year,630.18,443.64,572.89,15,5,street,75 kW,Reg5,0
57,down,same,Male,medical,0,private or freelance work,1,436.16,1 per year,445.06,419.7,381.47,15,13,other,75 kW,Reg7,0
34,down,all drivers > 24,Male,medical,0,private or freelance work,1,363.74,1 per year,371.16,378.68,329.93,13,12,street,100 kW,Reg5,0
50,stable,same,Female,medical,3,private or freelance work,2,346.45,1 per year,346.46,278.38,359.81,8,4,unknown,100 kW,Reg5,0
30,down,same,Male,medical,0,private or freelance work,1,329.99,4 per year,336.73,339.09,324.0,11,8,street,75 kW,Reg10,0
36,stable,same,Male,medical,0,private or freelance work,1,465.99,2 per year,465.99,525.86,465.99,16,15,other,75 kW,Reg12,0
30,down,same,Male,normal,0,private or freelance work,1,398.16,4 per year,406.29,446.97,379.2,12,6,street,25-50 kW,Reg4,1
36,stable,same,Male,normal,1,private or freelance work,1,302.74,4 per year,302.75,286.48,302.75,18,18,private garage,75 kW,Reg6,0
45,down,same,Male,normal,1,private or freelance work,2,320.69,2 per year,327.24,332.9,305.83,9,2,private garage,100 kW,Reg9,0
47,down,young drivers,Female,normal,4,private or freelance work,2,912.23,1 per year,1059.66,1011.62,829.3,7,3,private garage,75 kW,Reg4,0
37,down,same,Female,normal,0,private or freelance work,1,216.08,4 per year,220.49,306.01,215.42,18,13,street,25-50 kW,Reg7,0
30,stable,only partner,Female,medical,4,private or freelance work,1,385.16,2 per year,385.18,286.19,385.18,14,4,unknown,25-50 kW,Reg4,0
32,down,same,Male,medical,2,private or freelance work,1,419.01,2 per year,427.56,472.92,427.1,12,11,street,75 kW,Reg9,0
53,stable,same,Male,normal,1,private or freelance work,1,191.41,4 per year,191.41,170.59,191.41,7,5,underground garage,25-50 kW,Reg8,0
37,stable,all drivers > 24,Male,normal,2,private or freelance work,2,427.35,4 per year,427.36,323.85,427.36,18,17,private garage,25-50 kW,Reg8,0
45,down,same,Female,normal,1,private or freelance work,1,320.68,4 per year,327.22,303.07,294.5,18,13,private garage,75 kW,Reg4,0
28,down,same,Male,normal,1,private or freelance work,2,329.62,1 per year,336.35,219.38,302.71,18,16,private garage,25-50 kW,Reg3,0
33,stable,only partner,Female,medical,1,private or freelance work,3,189.04,1 per year,189.04,198.04,189.04,5,0,private garage,75 kW,Reg8,0
30,stable,same,Male,normal,0,private or freelance work,1,293.64,4 per year,293.65,316.76,267.12,10,10,private garage,150 kW,Reg8,0
29,down,same,Female,normal,0,private or freelance work,1,738.97,2 per year,858.4,736.56,671.8,14,13,other,75 kW,Reg4,0
49,stable,young drivers,Female,normal,0,private or freelance work,1,233.59,1 per year,233.6,268.84,222.88,4,2,private garage,100 kW,Reg7,0
42,down,same,Male,medical,0,private or freelance work,1,362.78,1 per year,370.19,461.3,336.54,16,13,other,75 kW,Reg4,0
26,down,only partner,Female,normal,0,private or freelance work,1,518.81,1 per year,529.4,623.95,494.1,15,11,street,100 kW,Reg4,0
43,stable,same,Female,normal,0,private or freelance work,1,265.29,4 per year,265.3,300.94,265.3,10,7,private garage,75 kW,Reg4,0
37,down,only partner,Female,normal,0,private or freelance work,1,195.44,4 per year,199.42,211.68,177.28,17,8,private garage,75 kW,Reg10,0
36,stable,all drivers > 24,Female,medical,1,private or freelance work,1,287.27,4 per year,273.6,365.28,300.04,12,5,street,75 kW,Reg3,0
46,stable,young drivers,Male,medical,0,private or freelance work,1,543.34,4 per year,543.35,688.8,543.35,17,17,private garage,25-50 kW,Reg7,0
35,down,same,Male,medical,1,private or freelance work,1,334.41,12 per year,341.24,298.12,315.84,16,12,street,100 kW,Reg11,0
52,stable,young drivers,Female,medical,5,private or freelance work,1,183.19,1 per year,183.2,337.34,183.2,14,6,private garage,75 kW,Reg8,0
31,down,all drivers > 24,Male,medical,2,private or freelance work,1,306.53,1 per year,312.79,254.0,275.45,17,7,street,25-50 kW,Reg14,1
67,stable,same,Male,normal,0,private or freelance work,1,145.26,1 per year,145.28,164.89,134.89,12,2,private garage,75 kW,Reg7,0
50,stable,same,Male,normal,3,private or freelance work,1,270.9,1 per year,270.91,215.52,239.31,9,8,street,100 kW,Reg12,0
44,down,young drivers,Female,normal,0,private or freelance work,3,1108.19,1 per year,1287.29,1195.73,1007.44,17,16,street,100 kW,Reg8,1
47,stable,same,Female,medical,2,private or freelance work,1,314.91,4 per year,314.93,397.04,268.33,12,7,private garage,75 kW,Reg8,0
67,stable,same,Male,normal,2,private or freelance work,1,308.61,1 per year,308.62,351.21,320.51,16,7,parking deck,100 kW,Reg10,0
85,stable,same,Male,normal,10,unknown,1,228.78,1 per year,228.79,206.77,239.62,14,1,private garage,75 kW,Reg14,0
30,down,only partner,Female,normal,3,private or freelance work,1,592.4,4 per year,604.49,398.25,537.92,9,0,street,75 kW,Reg10,0
39,stable,only partner,Female,medical,7,unknown,1,221.46,1 per year,221.47,198.24,202.54,14,6,private garage,100 kW,Reg8,0
35,stable,only partner,Male,normal,0,private or freelance work,2,229.93,4 per year,229.94,255.15,229.94,9,9,parking deck,25-50 kW,Reg3,0
39,stable,only partner,Male,normal,6,unknown,4,412.27,1 per year,412.29,289.79,423.75,18,8,private garage,75 kW,Reg4,0
46,stable,same,Male,normal,0,private or freelance work,1,269.09,4 per year,269.1,303.23,269.11,12,11,private garage,175 kW,Reg3,0
36,down,only partner,Female,normal,0,private or freelance work,1,277.59,4 per year,283.25,334.26,242.79,17,12,carport,75 kW,Reg3,0
32,stable,same,Male,normal,1,private or freelance work,1,223.45,1 per year,223.46,218.78,217.41,15,4,private garage,75 kW,Reg12,0
54,stable,same,Male,normal,9,private or freelance work,2,285.75,4 per year,285.76,257.94,277.76,15,14,carport,75 kW,Reg4,0
41,stable,all drivers > 24,Female,normal,0,private or freelance work,1,229.24,1 per year,229.25,332.57,229.25,15,8,street,75 kW,Reg4,0
64,stable,same,Male,normal,6,unknown,1,303.14,1 per year,303.15,239.31,286.61,11,5,street,25-50 kW,Reg8,0
26,stable,only partner,Female,medical,0,private or freelance work,1,268.31,4 per year,268.33,325.45,251.32,11,8,street,25-50 kW,Reg4,0
61,stable,young drivers,Male,normal,7,private or freelance work,1,352.71,12 per year,352.72,291.06,366.51,16,9,private garage,125-300 kW,Reg7,0
71,stable,same,Male,normal,9,unknown,1,215.6,1 per year,215.61,241.35,240.6,11,0,private garage,75 kW,Reg14,0
34,stable,same,Female,medical,1,private or freelance work,1,197.94,1 per year,194.33,236.44,197.94,12,8,carport,100 kW,Reg13,0
27,stable,young drivers,Male,medical,0,private or freelance work,1,337.06,1 per year,337.08,376.67,306.76,11,11,private garage,25-50 kW,Reg6,0
24,stable,same,Female,normal,2,private or freelance work,1,586.4,4 per year,586.41,389.58,586.41,17,14,parking deck,75 kW,Reg7,0
34,stable,same,Male,normal,2,private or freelance work,1,185.09,2 per year,185.1,191.77,185.1,9,7,underground garage,100 kW,Reg10,1
36,down,same,Male,normal,0,private or freelance work,1,229.69,1 per year,234.38,310.82,218.75,18,6,carport,75 kW,Reg13,0
21,stable,all drivers > 24,Female,normal,0,private or freelance work,1,1160.49,1 per year,1160.5,1341.25,1229.04,9,9,street,75 kW,Reg7,0
63,stable,only partner,Male,normal,5,private or freelance work,2,347.24,1 per year,347.25,274.66,337.57,8,6,street,125-300 kW,Reg9,0
24,down,same,Male,medical,0,private or freelance work,1,975.38,12 per year,1016.03,843.92,857.9,10,8,underground garage,75 kW,Reg5,0
22,down,same,Male,normal,1,private or freelance work,1,1464.19,12 per year,1700.83,1046.71,1423.86,15,14,street,25-50 kW,Reg12,0
39,stable,only partner,Male,medical,1,private or freelance work,2,165.4,1 per year,165.4,205.51,165.4,10,1,private garage,100 kW,Reg4,0
61,stable,same,Male,normal,10,unknown,1,475.48,1 per year,475.49,386.84,475.49,15,5,street,75 kW,Reg9,0
26,stable,young drivers,Male,normal,0,private or freelance work,1,1089.4,4 per year,1089.41,1329.66,999.52,14,14,parking deck,75 kW,Reg12,0
62,down,only partner,Male,normal,3,private or freelance work,1,373.62,1 per year,381.25,356.95,343.12,13,3,unknown,75 kW,Reg8,0
37,down,only partner,Male,medical,0,private or freelance work,3,234.56,1 per year,239.35,283.72,223.46,10,6,private garage,25-50 kW,Reg6,0
57,stable,only partner,Male,medical,11,private or freelance work,1,103.86,1 per year,98.92,115.57,110.36,12,0,street,25-50 kW,Reg5,1
23,down,young drivers,Male,normal,0,private or freelance work,1,615.42,1 per year,642.17,656.04,535.15,6,6,street,25-50 kW,Reg4,1
27,stable,only partner,Female,normal,0,private or freelance work,1,214.93,4 per year,214.94,271.93,214.94,16,12,street,75 kW,Reg11,1
82,stable,same,Male,normal,9,private or freelance work,1,137.39,1 per year,137.4,185.26,137.4,18,7,private garage,75 kW,Reg14,0
38,down,same,Male,normal,4,private or freelance work,1,676.21,4 per year,705.61,705.45,588.01,17,16,parking deck,75 kW,Reg8,0
41,stable,same,Male,medical,2,private or freelance work,1,299.35,4 per year,299.36,312.07,302.12,10,3,underground garage,75 kW,Reg7,0
39,up,only partner,Male,medical,1,private or freelance work,1,503.46,1 per year,395.57,627.38,532.83,15,12,parking deck,150 kW,Reg7,0
42,stable,same,Male,medical,2,private or freelance work,1,182.61,2 per year,182.63,270.82,182.63,16,3,private garage,175 kW,Reg8,0
33,stable,same,Male,normal,4,private or freelance work,1,351.16,1 per year,351.18,290.79,328.75,12,5,unknown,175 kW,Reg11,0
30,down,young drivers,Male,normal,0,private or freelance work,1,347.46,4 per year,354.55,452.61,325.01,10,8,other,75 kW,Reg5,0
60,stable,same,Male,normal,0,private or freelance work,1,153.63,1 per year,153.64,198.34,159.49,17,15,street,25-50 kW,Reg4,0
34,down,same,Male,normal,1,private or freelance work,1,279.5,12 per year,285.2,369.11,281.67,12,11,other,125-300 kW,Reg1,0
29,stable,only partner,Female,medical,1,private or freelance work,1,268.47,1 per year,268.49,295.24,261.1,13,7,private garage,75 kW,Reg4,0
41,stable,only partner,Female,medical,2,private or freelance work,1,275.78,1 per year,275.79,272.64,263.08,11,5,carport,75 kW,Reg4,1
35,down,only partner,Male,medical,0,private or freelance work,2,607.38,4 per year,705.54,763.55,562.65,17,16,private garage,125-300 kW,Reg8,0
48,stable,same,Male,normal,2,private or freelance work,1,226.56,1 per year,226.57,220.41,258.5,18,7,private garage,100 kW,Reg6,1
40,stable,same,Male,medical,5,private or freelance work,1,155.9,1 per year,155.91,223.52,155.91,17,8,parking deck,75 kW,Reg6,0
65,stable,same,Male,normal,5,unknown,1,154.71,1 per year,154.72,158.8,156.08,17,1,unknown,75 kW,Reg5,0
37,down,all drivers > 24,Female,medical,2,private or freelance work,1,380.6,1 per year,388.36,358.38,369.43,16,8,street,25-50 kW,Reg9,0
33,down,only partner,Female,normal,1,private or freelance work,1,855.8,4 per year,893.01,716.58,744.18,18,18,street,75 kW,Reg2,0
44,down,young drivers,Female,medical,1,private or freelance work,2,939.74,12 per year,1091.61,832.0,854.3,11,10,street,25-50 kW,Reg5,0
42,stable,all drivers > 24,Male,medical,5,unknown,2,444.04,1 per year,444.05,390.46,448.15,18,18,unknown,75 kW,Reg9,0
38,stable,same,Male,medical,1,private or freelance work,1,279.43,4 per year,279.44,376.36,307.28,15,12,private garage,100 kW,Reg14,0
68,stable,same,Male,normal,9,unknown,1,450.1,2 per year,450.11,318.69,425.75,16,7,street,75 kW,Reg9,0
51,down,same,Female,normal,1,private or freelance work,2,271.24,4 per year,276.77,316.55,237.24,16,11,underground garage,150 kW,Reg8,1
35,down,same,Male,medical,4,private or freelance work,1,288.16,1 per year,294.04,201.31,271.29,11,0,unknown,25-50 kW,Reg9,0
32,down,same,Male,normal,0,private or freelance work,1,691.64,12 per year,803.42,748.23,628.76,13,12,private garage,125-300 kW,Reg7,0
46,stable,only partner,Male,normal,0,private or freelance work,1,259.19,4 per year,259.2,352.21,259.2,17,12,private garage,75 kW,Reg4,0
38,stable,same,Male,medical,6,unknown,1,264.34,1 per year,264.35,182.59,252.63,7,0,private garage,75 kW,Reg8,0
49,down,all drivers > 24,Female,normal,6,private or freelance work,1,569.32,1 per year,580.94,382.89,503.71,12,8,unknown,75 kW,Reg6,0
24,down,same,Male,medical,1,private or freelance work,1,815.67,12 per year,947.5,838.31,792.83,12,11,street,75 kW,Reg4,1
35,stable,only partner,Male,normal,1,private or freelance work,2,165.38,1 per year,165.39,234.72,160.93,18,11,private garage,75 kW,Reg14,0
38,down,only partner,Male,normal,3,private or freelance work,3,275.31,4 per year,280.93,194.68,249.71,15,7,unknown,75 kW,Reg7,0
45,stable,only partner,Male,medical,8,unknown,2,613.64,12 per year,613.65,366.04,619.09,15,3,street,75 kW,Reg5,0
45,stable,only partner,Male,medical,10,private or freelance work,3,247.37,1 per year,247.37,278.68,247.37,13,3,street,75 kW,Reg5,0
46,stable,same,Male,medical,1,private or freelance work,1,282.59,1 per year,282.6,255.95,282.6,10,10,street,75 kW,Reg4,0
37,down,same,Male,medical,0,private or freelance work,1,359.26,2 per year,366.59,483.27,342.15,9,6,private garage,100 kW,Reg3,0
46,stable,same,Female,normal,3,private or freelance work,1,451.67,1 per year,451.69,459.6,469.26,16,12,unknown,100 kW,Reg9,0
33,down,same,Female,medical,1,private or freelance work,1,407.79,12 per year,416.11,410.66,356.67,13,8,street,75 kW,Reg2,0
25,stable,all drivers > 24,Female,normal,0,private or freelance work,2,589.77,1 per year,589.79,673.77,612.5,15,15,private garage,25-50 kW,Reg6,0
51,stable,young drivers,Male,normal,0,private or freelance work,1,293.9,1 per year,293.91,413.65,285.84,15,7,parking deck,75 kW,Reg6,0
33,down,same,Male,normal,0,private or freelance work,2,571.27,4 per year,582.92,619.16,544.06,9,9,private garage,150 kW,Reg4,0
39,stable,all drivers > 24,Male,medical,8,unknown,2,338.82,1 per year,338.84,266.42,320.55,14,2,street,150 kW,Reg14,0
52,down,only partner,Male,medical,0,private or freelance work,1,260.51,1 per year,265.83,290.84,232.63,11,9,private garage,125-300 kW,Reg7,0
38,stable,same,Male,normal,3,private or freelance work,1,271.64,1 per year,271.65,269.15,271.65,18,18,private garage,75 kW,Reg1,0
48,stable,same,Male,medical,10,unknown,1,221.59,1 per year,221.6,225.29,221.6,14,3,private garage,75 kW,Reg4,0
42,stable,same,Male,normal,0,private or freelance work,1,233.71,4 per year,233.72,233.34,233.72,17,17,private garage,75 kW,Reg3,0
43,down,same,Female,normal,0,private or freelance work,1,359.94,4 per year,367.29,378.99,321.54,12,12,parking deck,75 kW,Reg14,0
47,stable,young drivers,Male,medical,0,private or freelance work,1,452.36,2 per year,452.36,565.95,452.36,18,17,street,75 kW,Reg14,0
46,stable,only partner,Male,medical,11,private or freelance work,2,148.0,1 per year,148.01,180.93,138.69,13,0,private garage,25-50 kW,Reg5,0
37,stable,same,Male,medical,2,private or freelance work,1,221.79,1 per year,221.8,271.2,221.8,18,8,street,75 kW,Reg4,1
36,down,same,Male,normal,1,private or freelance work,2,257.25,1 per year,262.5,244.74,209.26,12,4,private garage,100 kW,Reg12,1
42,up,young drivers,Female,normal,0,private or freelance work,3,399.04,2 per year,326.49,464.86,399.04,13,13,underground garage,75 kW,Reg3,0
33,stable,all drivers > 24,Male,normal,1,private or freelance work,1,310.85,1 per year,310.86,363.15,310.86,13,4,parking deck,100 kW,Reg4,0
28,stable,young drivers,Male,normal,0,private or freelance work,1,444.07,4 per year,444.09,513.99,448.35,14,14,other,100 kW,Reg4,0
26,down,all drivers > 24,Female,medical,2,private or freelance work,1,452.98,1 per year,462.22,501.81,420.21,12,8,private garage,75 kW,Reg5,1
62,stable,only partner,Male,medical,10,private or freelance work,1,238.84,1 per year,238.85,209.77,238.85,16,0,underground garage,100 kW,Reg5,0
46,stable,same,Male,medical,0,private or freelance work,1,292.39,12 per year,292.4,388.16,306.45,18,16,private garage,75 kW,Reg12,0
32,stable,all drivers > 24,Female,medical,0,private or freelance work,1,364.09,1 per year,364.1,384.05,364.15,15,12,private garage,75 kW,Reg1,0
47,stable,only partner,Female,medical,2,private or freelance work,1,212.64,1 per year,212.65,214.84,212.65,18,12,carport,75 kW,Reg5,0
40,stable,only partner,Female,normal,0,private or freelance work,1,202.94,1 per year,202.95,275.99,202.95,12,8,street,75 kW,Reg13,0
43,stable,only partner,Male,medical,8,unknown,2,333.95,1 per year,333.96,252.51,336.82,18,4,street,25-50 kW,Reg10,0
44,stable,only partner,Male,medical,9,private or freelance work,1,172.66,1 per year,172.67,191.41,155.91,14,13,private garage,125-300 kW,Reg6,0
41,down,only partner,Female,medical,3,private or freelance work,1,265.45,4 per year,270.86,211.51,240.77,14,4,unknown,100 kW,Reg3,0
22,down,same,Female,normal,0,private or freelance work,1,600.7,4 per year,697.79,605.69,546.1,9,9,street,25-50 kW,Reg11,0
31,stable,only partner,Male,medical,2,private or freelance work,1,423.93,1 per year,408.01,398.64,423.93,12,8,underground garage,125-300 kW,Reg8,1
56,stable,only partner,Female,medical,2,private or freelance work,1,302.31,4 per year,302.31,263.09,302.31,11,7,private garage,125-300 kW,Reg10,0
44,stable,only partner,Male,normal,3,private or freelance work,2,222.86,1 per year,222.88,304.65,204.85,17,12,other,25-50 kW,Reg7,0
37,stable,same,Male,normal,11,unknown,1,214.94,1 per year,214.95,175.94,211.22,14,3,private garage,75 kW,Reg12,0
43,down,same,Female,medical,1,private or freelance work,1,439.02,2 per year,447.98,322.1,426.32,10,3,street,75 kW,Reg9,0
38,down,only partner,Female,medical,0,private or freelance work,1,196.45,1 per year,200.46,285.8,178.19,18,11,street,75 kW,Reg5,0
48,down,all drivers > 24,Female,medical,0,private or freelance work,2,589.57,4 per year,684.85,698.09,577.69,13,13,street,25-50 kW,Reg4,0
70,stable,only partner,Male,medical,7,unknown,1,244.58,1 per year,240.07,208.61,244.58,8,0,private garage,100 kW,Reg13,0
67,stable,same,Male,normal,11,private or freelance work,1,214.51,1 per year,214.52,241.05,210.5,9,8,private garage,100 kW,Reg4,0
53,down,only partner,Male,normal,2,private or freelance work,1,270.77,1 per year,276.3,249.76,241.76,13,0,private garage,75 kW,Reg4,0
47,stable,only partner,Male,normal,2,private or freelance work,1,167.85,1 per year,167.85,184.86,167.85,9,1,private garage,100 kW,Reg13,0
36,stable,only partner,Male,normal,0,private or freelance work,1,343.12,4 per year,343.14,389.29,336.73,11,10,private garage,125-300 kW,Reg3,0
57,stable,same,Female,medical,10,unknown,1,206.74,1 per year,206.75,217.53,195.64,10,0,private garage,25-50 kW,Reg9,0
45,down,only partner,Female,medical,3,private or freelance work,1,425.21,1 per year,433.89,399.5,435.8,15,2,unknown,25-50 kW,Reg4,1
38,down,same,Male,medical,2,private or freelance work,1,298.04,4 per year,304.13,318.25,260.4,11,6,other,125-300 kW,Reg8,0
32,stable,only partner,Female,normal,3,private or freelance work,1,165.51,1 per year,165.52,222.15,165.52,15,6,street,75 kW,Reg4,0
36,down,only partner,Male,medical,1,private or freelance work,2,281.93,1 per year,287.69,329.93,261.54,15,3,street,75 kW,Reg4,0
37,stable,same,Male,normal,1,private or freelance work,2,274.2,1 per year,274.21,344.36,264.25,13,4,private garage,175 kW,Reg12,0
60,stable,same,Female,medical,0,private or freelance work,1,132.55,1 per year,132.56,155.91,138.82,7,3,private garage,100 kW,Reg12,0
47,down,same,Male,normal,4,private or freelance work,5,598.94,2 per year,611.16,528.0,504.82,15,8,street,25-50 kW,Reg5,0
57,stable,all drivers > 24,Female,medical,9,private or freelance work,1,107.44,1 per year,107.45,153.88,107.45,9,0,street,75 kW,Reg6,0
30,stable,same,Male,normal,1,private or freelance work,2,389.27,1 per year,389.29,349.61,357.19,8,7,underground garage,125-300 kW,Reg8,0
36,stable,same,Male,normal,1,private or freelance work,1,323.75,4 per year,323.75,395.54,323.75,12,9,street,75 kW,Reg4,0
36,stable,only partner,Female,normal,0,private or freelance work,1,195.64,1 per year,195.65,245.74,186.81,15,8,private garage,75 kW,Reg14,0
51,up,only partner,Male,medical,6,private or freelance work,1,487.61,1 per year,310.3,457.66,420.59,9,3,street,75 kW,Reg12,0
49,down,young drivers,Male,medical,0,private or freelance work,1,305.83,1 per year,312.08,355.6,277.43,10,10,private garage,100 kW,Reg8,0
32,down,same,Male,medical,0,private or freelance work,1,603.03,1 per year,629.25,649.9,524.38,9,7,parking deck,75 kW,Reg4,0
37,down,same,Male,normal,1,private or freelance work,1,680.37,4 per year,694.25,573.14,647.96,14,12,underground garage,75 kW,Reg6,0
42,down,only partner,Female,normal,7,unknown,2,301.51,1 per year,307.66,217.53,269.7,13,6,private garage,75 kW,Reg7,0
33,down,only partner,Male,normal,1,private or freelance work,1,404.84,12 per year,413.1,402.99,378.69,11,10,carport,125-300 kW,Reg13,0
27,down,same,Female,normal,1,private or freelance work,1,310.65,4 per year,316.99,268.96,264.41,10,7,other,25-50 kW,Reg12,0
37,down,only partner,Male,normal,1,private or freelance work,1,520.74,2 per year,531.36,532.3,442.8,10,2,parking deck,75 kW,Reg4,0
48,down,young drivers,Male,normal,7,private or freelance work,1,403.16,1 per year,411.39,341.01,385.13,13,6,private garage,75 kW,Reg7,0
54,down,only partner,Male,normal,7,unknown,1,674.82,4 per year,688.59,475.34,674.18,18,11,street,100 kW,Reg2,0
58,up,young drivers,Male,normal,0,private or freelance work,2,490.1,1 per year,385.07,547.85,523.75,10,10,underground garage,25-50 kW,Reg6,0
27,stable,only partner,Female,normal,2,private or freelance work,1,224.09,1 per year,224.1,296.0,213.9,17,9,underground garage,100 kW,Reg12,0
29,down,young drivers,Male,normal,1,private or freelance work,1,608.05,4 per year,706.32,644.39,552.78,1,0,carport,75 kW,Reg10,0
39,stable,same,Male,normal,2,private or freelance work,1,259.11,4 per year,259.13,272.45,261.54,11,1,private garage,75 kW,Reg2,0
43,stable,only partner,Male,normal,5,unknown,1,312.67,2 per year,312.69,264.94,315.61,14,9,unknown,125-300 kW,Reg3,0
42,stable,same,Male,normal,1,private or freelance work,1,251.15,1 per year,251.16,161.25,233.41,18,1,other,125-300 kW,Reg7,0
38,stable,only partner,Male,normal,0,private or freelance work,1,311.94,4 per year,297.1,323.59,320.61,14,13,street,75 kW,Reg12,1
33,stable,same,Male,normal,0,private or freelance work,1,287.26,1 per year,287.28,329.05,287.28,14,12,other,75 kW,Reg12,0
44,stable,young drivers,Female,medical,0,private or freelance work,1,372.56,4 per year,372.57,340.49,345.69,17,16,other,100 kW,Reg10,0
33,down,same,Male,normal,1,private or freelance work,2,214.83,1 per year,219.21,220.06,191.81,15,9,private garage,75 kW,Reg7,0
37,stable,same,Male,normal,1,private or freelance work,1,152.33,4 per year,152.34,182.44,144.25,13,9,other,75 kW,Reg13,0
33,stable,only partner,Female,normal,4,private or freelance work,1,231.2,2 per year,231.21,278.34,224.96,18,11,private garage,75 kW,Reg7,0
69,down,only partner,Male,normal,5,unknown,1,286.71,1 per year,292.56,242.95,262.4,18,8,unknown,25-50 kW,Reg8,0
33,stable,same,Female,normal,1,private or freelance work,1,261.95,4 per year,261.96,274.46,254.87,18,13,private garage,25-50 kW,Reg14,1
62,stable,same,Male,normal,8,unknown,1,547.32,4 per year,547.34,242.69,537.49,18,9,street,100 kW,Reg6,0
43,stable,same,Male,medical,1,private or freelance work,1,369.76,4 per year,369.78,393.84,384.0,18,10,street,100 kW,Reg9,0
55,stable,all drivers > 24,Male,normal,10,private or freelance work,1,264.44,1 per year,264.44,241.98,264.44,10,8,private garage,75 kW,Reg6,0
30,down,same,Female,medical,0,private or freelance work,1,500.17,4 per year,510.37,446.69,476.38,18,18,parking deck,75 kW,Reg12,0
29,down,same,Female,normal,1,private or freelance work,1,602.56,12 per year,628.76,549.5,523.96,10,10,parking deck,100 kW,Reg5,0
35,stable,all drivers > 24,Female,medical,0,private or freelance work,1,189.66,1 per year,189.68,265.11,189.68,9,0,street,25-50 kW,Reg4,0
56,stable,same,Male,normal,9,unknown,1,244.6,1 per year,244.61,228.96,244.61,9,0,street,75 kW,Reg8,0
35,up,only partner,Female,normal,2,private or freelance work,2,359.75,4 per year,294.34,468.29,377.2,17,15,private garage,125-300 kW,Reg7,0
39,down,only partner,Male,normal,2,private or freelance work,1,263.35,4 per year,268.72,206.22,237.31,15,0,private garage,100 kW,Reg12,0
43,down,same,Male,normal,0,private or freelance work,1,252.74,4 per year,257.9,310.56,229.25,18,11,other,75 kW,Reg4,0
47,stable,same,Male,normal,4,private or freelance work,1,494.94,4 per year,494.95,461.65,514.1,16,7,street,150 kW,Reg9,1
42,stable,same,Male,normal,6,private or freelance work,1,311.99,1 per year,312.0,323.5,312.0,11,3,parking deck,100 kW,Reg7,0
48,stable,only partner,Male,medical,11,unknown,1,377.36,2 per year,377.37,266.94,384.28,15,2,street,75 kW,Reg12,0
51,stable,only partner,Male,normal,6,private or freelance work,6,235.06,1 per year,235.07,281.51,235.07,16,10,street,100 kW,Reg4,0
47,down,young drivers,Female,medical,0,private or freelance work,2,182.11,1 per year,185.83,234.91,170.34,11,7,private garage,25-50 kW,Reg10,0
28,stable,only partner,Male,normal,1,private or freelance work,1,272.9,4 per year,272.91,291.73,272.91,14,13,private garage,75 kW,Reg3,1
59,up,same,Female,normal,0,private or freelance work,1,186.22,1 per year,124.15,265.3,186.22,16,5,street,75 kW,Reg3,0
39,down,same,Male,normal,1,private or freelance work,1,353.87,4 per year,361.09,286.66,309.5,16,13,private garage,25-50 kW,Reg4,0
46,stable,only partner,Male,medical,11,unknown,1,159.9,1 per year,159.9,176.94,159.9,11,0,private garage,75 kW,Reg8,0
59,stable,all drivers > 24,Male,normal,0,private or freelance work,1,453.81,2 per year,453.82,463.73,453.82,12,9,street,75 kW,Reg2,0
35,down,same,Male,normal,1,private or freelance work,1,373.06,4 per year,380.68,355.9,329.85,9,4,street,125-300 kW,Reg6,0
40,stable,only partner,Male,normal,0,private or freelance work,1,193.18,1 per year,193.19,309.99,193.19,18,16,private garage,125-300 kW,Reg5,0
41,stable,same,Male,medical,1,private or freelance work,1,115.4,1 per year,115.41,188.6,115.41,18,10,private garage,75 kW,Reg7,0
68,up,only partner,Female,normal,6,unknown,1,906.74,4 per year,586.71,598.89,914.93,18,4,private estate,25-50 kW,Reg4,0
53,down,same,Female,normal,2,private or freelance work,1,243.73,1 per year,248.7,203.88,203.47,16,10,parking deck,100 kW,Reg7,0
41,stable,only partner,Female,medical,0,private or freelance work,1,305.01,1 per year,305.03,368.2,305.03,11,11,street,100 kW,Reg4,0
35,down,only partner,Male,medical,1,private or freelance work,1,589.55,4 per year,615.19,548.07,527.25,16,14,street,25-50 kW,Reg1,0
61,stable,all drivers > 24,Female,normal,8,private or freelance work,2,168.89,1 per year,168.89,208.8,168.89,12,4,private garage,75 kW,Reg5,0
43,stable,same,Male,normal,1,private or freelance work,1,236.11,1 per year,236.12,293.01,229.6,11,6,parking deck,75 kW,Reg14,0
45,down,same,Female,normal,0,private or freelance work,1,261.02,4 per year,266.35,332.08,231.15,12,9,private garage,150 kW,Reg14,0
25,down,same,Female,medical,2,private or freelance work,1,500.25,12 per year,510.46,305.04,459.2,15,12,street,75 kW,Reg1,1
47,stable,only partner,Female,medical,0,private or freelance work,1,185.4,1 per year,185.41,246.51,185.41,12,0,underground garage,75 kW,Reg2,0
33,down,only partner,Male,medical,0,private or freelance work,2,270.47,12 per year,275.99,296.3,243.78,9,8,other,125-300 kW,Reg14,0
37,down,only partner,Male,medical,0,private or freelance work,1,259.83,1 per year,265.14,380.23,264.09,14,9,private garage,100 kW,Reg3,0
37,stable,same,Female,medical,2,private or freelance work,1,333.7,12 per year,333.71,295.98,353.04,14,14,street,25-50 kW,Reg10,0
42,down,young drivers,Female,medical,4,private or freelance work,3,1164.95,4 per year,1188.72,579.55,1018.9,11,9,street,25-50 kW,Reg2,1
35,down,same,Female,normal,3,private or freelance work,1,561.82,4 per year,573.29,403.73,521.18,10,6,unknown,75 kW,Reg3,0
36,down,all drivers > 24,Male,medical,0,private or freelance work,1,452.26,1 per year,461.49,543.49,448.05,13,10,street,75 kW,Reg10,0
51,stable,same,Male,normal,5,private or freelance work,1,192.55,1 per year,192.56,205.96,185.41,16,0,private garage,100 kW,Reg14,0
50,stable,same,Female,normal,1,private or freelance work,1,172.29,1 per year,172.3,167.6,175.52,15,0,carport,125-300 kW,Reg6,0
66,stable,same,Female,medical,8,unknown,1,440.61,1 per year,440.62,310.06,444.67,15,0,street,25-50 kW,Reg5,0
38,stable,only partner,Male,medical,0,private or freelance work,1,110.41,1 per year,110.42,175.81,106.63,15,10,private garage,100 kW,Reg3,0
29,down,only partner,Female,medical,0,private or freelance work,2,165.03,1 per year,168.4,254.44,149.69,15,7,street,75 kW,Reg5,0
73,stable,only partner,Male,medical,0,private or freelance work,1,193.19,1 per year,193.2,236.4,208.3,3,3,private garage,25-50 kW,Reg4,1
72,down,same,Male,normal,5,unknown,1,375.14,1 per year,382.8,457.43,388.69,17,0,unknown,125-300 kW,Reg4,0
47,stable,only partner,Male,normal,6,private or freelance work,4,133.37,1 per year,133.39,213.82,133.39,18,9,private garage,75 kW,Reg4,0
32,stable,same,Female,normal,8,private or freelance work,2,237.3,1 per year,237.31,259.85,235.2,12,3,private garage,25-50 kW,Reg4,0
29,stable,all drivers > 24,Female,medical,0,private or freelance work,1,194.05,1 per year,194.06,298.04,194.06,11,3,carport,75 kW,Reg3,0
47,stable,only partner,Male,medical,10,private or freelance work,2,186.8,1 per year,186.81,231.5,186.81,13,1,parking deck,100 kW,Reg5,0
39,stable,same,Male,medical,9,private or freelance work,3,405.04,1 per year,405.05,246.08,405.05,12,0,private garage,75 kW,Reg5,0
24,down,all drivers > 24,Female,medical,0,private or freelance work,3,477.78,1 per year,555.0,559.01,434.35,9,8,street,25-50 kW,Reg7,0
27,stable,same,Female,medical,1,private or freelance work,1,359.46,1 per year,359.47,414.44,359.47,11,5,street,75 kW,Reg8,0
79,stable,same,Male,normal,8,private or freelance work,1,285.43,1 per year,285.44,270.68,285.44,16,2,parking deck,150 kW,Reg5,0
39,stable,only partner,Male,medical,5,unknown,3,343.47,1 per year,343.49,282.26,310.71,15,9,unknown,175 kW,Reg8,0
26,down,same,Male,normal,0,private or freelance work,1,471.78,4 per year,481.41,442.49,466.7,10,10,parking deck,125-300 kW,Reg7,0
33,down,only partner,Female,medical,0,private or freelance work,1,793.49,4 per year,921.73,928.41,771.25,17,16,street,75 kW,Reg4,0
36,down,same,Male,medical,2,private or freelance work,1,705.49,4 per year,719.89,515.7,617.05,13,9,parking deck,75 kW,Reg4,0
67,stable,same,Female,normal,10,unknown,1,231.08,1 per year,228.97,196.46,231.08,12,0,private garage,25-50 kW,Reg5,0
65,stable,only partner,Male,normal,9,private or freelance work,1,265.76,1 per year,265.77,222.07,265.77,5,4,private garage,100 kW,Reg4,0
76,stable,same,Female,normal,9,private or freelance work,1,221.99,1 per year,222.0,282.53,232.84,11,0,street,100 kW,Reg5,0
41,stable,young drivers,Female,normal,0,private or freelance work,1,407.3,2 per year,407.31,471.62,407.31,10,8,parking deck,25-50 kW,Reg3,1
50,stable,only partner,Male,medical,8,unknown,1,157.2,1 per year,154.5,134.9,157.2,8,0,private garage,25-50 kW,Reg4,0
26,down,same,Male,medical,1,private or freelance work,1,615.18,4 per year,641.92,440.26,555.33,1,0,parking deck,25-50 kW,Reg10,0
41,stable,only partner,Male,medical,2,private or freelance work,1,202.88,1 per year,202.88,193.72,202.88,7,0,carport,25-50 kW,Reg5,0
43,down,only partner,Male,medical,0,private or freelance work,1,304.95,1 per year,311.18,275.14,285.21,18,18,other,75 kW,Reg14,0
41,stable,only partner,Male,normal,3,private or freelance work,1,514.31,4 per year,514.32,463.34,549.58,13,8,unknown,100 kW,Reg14,0
63,stable,all drivers > 24,Female,normal,2,private or freelance work,1,238.74,1 per year,238.75,284.77,238.75,16,0,underground garage,100 kW,Reg8,0
35,stable,only partner,Male,normal,1,private or freelance work,1,180.2,1 per year,180.21,200.49,172.11,6,1,private garage,100 kW,Reg7,0
45,down,same,Male,normal,6,unknown,1,364.61,1 per year,372.05,228.25,328.39,14,1,private garage,75 kW,Reg2,0
60,down,only partner,Male,normal,4,private or freelance work,2,312.37,1 per year,318.75,255.25,309.14,4,0,private garage,75 kW,Reg5,0
29,down,only partner,Male,medical,1,private or freelance work,1,274.16,1 per year,279.75,230.99,251.77,7,0,private garage,25-50 kW,Reg4,0
28,down,same,Female,normal,0,private or freelance work,1,612.06,4 per year,710.98,647.39,594.2,15,15,carport,25-50 kW,Reg5,0
38,down,same,Female,medical,1,private or freelance work,2,542.9,2 per year,553.97,506.59,517.04,18,16,other,75 kW,Reg8,0
43,stable,only partner,Female,medical,11,unknown,1,160.64,1 per year,159.29,123.28,160.64,11,0,street,25-50 kW,Reg4,0
38,down,all drivers > 24,Male,medical,2,private or freelance work,2,795.66,1 per year,811.9,736.32,757.77,3,1,underground garage,225 kW,Reg8,0
36,down,same,Female,normal,0,private or freelance work,1,446.82,4 per year,519.04,420.64,425.22,2,0,parking deck,25-50 kW,Reg3,0
37,down,all drivers > 24,Male,medical,2,private or freelance work,1,423.74,4 per year,432.39,407.81,378.2,13,12,carport,100 kW,Reg6,0
35,down,only partner,Female,normal,2,private or freelance work,1,891.03,12 per year,909.21,571.21,881.54,12,9,other,75 kW,Reg9,0
51,stable,all drivers > 24,Male,normal,1,private or freelance work,1,245.16,1 per year,245.17,184.5,194.66,18,11,private garage,75 kW,Reg7,0
51,stable,same,Female,medical,1,private or freelance work,2,271.19,1 per year,271.19,321.34,271.19,12,1,parking deck,75 kW,Reg8,0
39,down,only partner,Female,medical,0,private or freelance work,1,315.56,1 per year,322.0,340.2,317.66,8,5,street,75 kW,Reg3,0
56,stable,same,Male,normal,1,private or freelance work,1,218.54,1 per year,218.55,296.1,231.21,18,5,street,75 kW,Reg4,0
63,stable,only partner,Female,normal,2,private or freelance work,1,195.96,1 per year,195.97,187.79,190.59,15,0,carport,75 kW,Reg8,0
37,stable,only partner,Female,normal,1,private or freelance work,1,310.1,2 per year,310.11,379.01,313.0,15,6,parking deck,100 kW,Reg4,0
33,down,same,Male,medical,2,private or freelance work,2,299.45,1 per year,305.56,238.88,259.33,18,12,street,125-300 kW,Reg7,0
52,down,only partner,Male,normal,10,private or freelance work,1,228.18,2 per year,232.84,208.92,203.74,14,1,private garage,75 kW,Reg8,0
38,stable,all drivers > 24,Male,medical,1,private or freelance work,1,192.69,1 per year,192.7,265.11,201.85,15,3,parking deck,75 kW,Reg9,0
34,stable,only partner,Male,normal,0,private or freelance work,1,305.01,1 per year,305.03,306.85,326.07,13,13,street,25-50 kW,Reg8,0
40,stable,same,Female,normal,2,private or freelance work,1,198.7,1 per year,198.71,252.35,198.71,14,6,private garage,75 kW,Reg4,0
29,stable,only partner,Male,normal,0,private or freelance work,1,871.5,4 per year,871.51,1052.39,871.51,15,15,parking deck,75 kW,Reg4,0
58,up,all drivers > 24,Male,normal,1,private or freelance work,1,358.08,1 per year,260.42,372.57,358.07,18,10,street,75 kW,Reg7,0
41,down,young drivers,Female,normal,0,private or freelance work,1,311.57,4 per year,317.92,397.3,286.12,13,8,private garage,25-50 kW,Reg8,0
39,down,same,Male,normal,0,private or freelance work,1,543.27,4 per year,566.89,585.79,472.39,18,18,private garage,150 kW,Reg10,0
50,down,same,Male,medical,2,private or freelance work,2,860.87,1 per year,1206.05,723.53,748.59,18,18,street,75 kW,Reg7,0
28,down,same,Male,normal,1,private or freelance work,1,367.48,2 per year,374.98,280.56,350.45,17,15,other,25-50 kW,Reg4,0
33,stable,same,Male,normal,1,private or freelance work,4,248.84,2 per year,248.85,255.73,248.85,15,0,private garage,75 kW,Reg7,0
60,down,same,Male,normal,3,private or freelance work,1,366.69,1 per year,374.17,260.93,312.55,17,9,unknown,75 kW,Reg7,0
45,down,young drivers,Female,normal,1,private or freelance work,1,731.27,1 per year,763.06,841.19,692.84,9,8,carport,25-50 kW,Reg5,1
32,stable,same,Female,medical,0,private or freelance work,1,242.13,2 per year,242.14,299.97,242.14,12,7,street,25-50 kW,Reg3,0
40,down,only partner,Male,normal,2,private or freelance work,1,258.17,4 per year,263.44,260.45,252.34,14,12,street,75 kW,Reg14,0
57,down,same,Female,medical,6,unknown,1,825.81,12 per year,842.66,507.34,710.81,15,9,street,150 kW,Reg5,0
55,down,same,Female,normal,12,unknown,3,359.12,1 per year,366.45,217.84,341.95,12,0,private garage,25-50 kW,Reg3,0
66,down,only partner,Female,normal,11,private or freelance work,1,164.57,2 per year,167.92,214.88,150.8,18,10,private garage,75 kW,Reg8,0
35,stable,only partner,Male,medical,3,private or freelance work,2,196.79,12 per year,196.8,336.35,198.62,15,12,underground garage,75 kW,Reg8,0
29,stable,same,Male,normal,0,private or freelance work,1,233.29,1 per year,233.3,317.09,233.3,15,8,street,75 kW,Reg12,0
55,stable,young drivers,Male,normal,0,private or freelance work,1,281.66,1 per year,281.67,391.91,281.67,9,4,private garage,25-50 kW,Reg12,0
44,stable,same,Female,normal,1,private or freelance work,1,226.76,12 per year,226.77,206.56,212.5,15,9,street,25-50 kW,Reg11,0
36,up,only partner,Male,normal,0,private or freelance work,1,354.46,1 per year,257.79,385.49,354.46,15,0,private garage,75 kW,Reg4,1
36,up,only partner,Female,normal,0,private or freelance work,1,382.77,4 per year,300.75,525.12,408.81,13,10,parking deck,75 kW,Reg4,0
41,down,young drivers,Female,medical,0,private or freelance work,1,295.9,4 per year,301.94,386.25,281.8,13,7,underground garage,25-50 kW,Reg7,0
35,down,same,Female,normal,0,private or freelance work,1,672.34,2 per year,781.0,603.25,572.05,18,18,parking deck,25-50 kW,Reg12,0
44,stable,same,Female,normal,3,private or freelance work,2,308.35,1 per year,308.36,255.94,308.36,18,10,unknown,100 kW,Reg5,0
39,down,same,Male,normal,0,private or freelance work,1,197.3,1 per year,201.32,280.32,201.74,12,11,private garage,75 kW,Reg1,0
56,stable,all drivers > 24,Male,medical,6,private or freelance work,1,349.99,2 per year,350.0,278.29,343.65,14,7,private garage,125-300 kW,Reg12,0
46,down,only partner,Female,normal,0,private or freelance work,1,261.02,1 per year,266.35,370.77,242.14,12,5,private garage,125-300 kW,Reg1,0
65,stable,only partner,Male,medical,0,private or freelance work,1,237.66,4 per year,237.67,368.06,237.67,16,10,underground garage,125-300 kW,Reg7,0
58,stable,young drivers,Male,medical,5,unknown,4,465.35,4 per year,465.36,375.74,432.45,16,10,unknown,75 kW,Reg2,0
59,stable,same,Male,normal,1,private or freelance work,1,311.25,4 per year,311.26,307.15,299.84,16,8,other,25-50 kW,Reg4,1
54,down,same,Female,medical,0,private or freelance work,1,483.89,2 per year,562.1,630.35,439.91,6,0,private garage,25-50 kW,Reg3,0
43,down,same,Male,normal,1,private or freelance work,1,452.12,2 per year,461.35,442.21,451.14,10,4,parking deck,100 kW,Reg7,0
35,down,same,Female,medical,0,private or freelance work,1,530.46,4 per year,541.29,430.23,492.08,16,15,parking deck,75 kW,Reg4,0
37,stable,only partner,Female,normal,1,private or freelance work,1,217.61,2 per year,217.63,258.84,221.65,11,0,other,100 kW,Reg7,0
73,stable,only partner,Female,normal,11,private or freelance work,1,165.58,2 per year,165.59,251.14,165.59,18,5,private garage,125-300 kW,Reg8,0
31,stable,only partner,Male,normal,0,private or freelance work,1,226.18,4 per year,226.19,279.5,215.9,13,7,street,75 kW,Reg13,0
38,up,only partner,Male,normal,5,private or freelance work,2,336.72,1 per year,244.89,421.88,356.4,12,4,street,100 kW,Reg9,0
41,stable,same,Male,normal,1,private or freelance work,1,283.47,4 per year,283.47,281.71,283.47,11,7,other,25-50 kW,Reg4,0
69,down,same,Male,medical,7,unknown,1,367.01,1 per year,374.5,314.69,315.61,10,2,private estate,100 kW,Reg8,1
44,stable,young drivers,Female,normal,0,private or freelance work,1,548.4,2 per year,548.41,596.71,548.41,17,12,parking deck,25-50 kW,Reg5,0
41,stable,same,Female,medical,6,unknown,1,407.86,2 per year,407.87,338.26,379.12,15,9,street,75 kW,Reg3,0
37,stable,only partner,Male,medical,3,private or freelance work,1,230.85,1 per year,230.86,203.81,224.51,7,4,street,100 kW,Reg7,0
69,stable,all drivers > 24,Female,normal,6,private or freelance work,1,220.73,2 per year,220.73,258.4,220.73,18,18,private garage,100 kW,Reg5,0
41,stable,only partner,Male,medical,2,private or freelance work,2,275.45,1 per year,275.46,254.91,285.95,13,8,street,100 kW,Reg9,0
29,down,same,Female,medical,2,private or freelance work,1,773.54,2 per year,789.33,536.5,772.26,16,14,private garage,75 kW,Reg8,0
42,down,same,Male,normal,9,unknown,1,418.83,2 per year,427.37,224.76,376.59,13,3,private garage,100 kW,Reg1,0
30,stable,same,Male,medical,1,private or freelance work,1,355.21,1 per year,355.22,339.66,355.22,11,8,private garage,75 kW,Reg7,0
43,down,same,Female,medical,8,unknown,1,232.3,12 per year,237.04,205.29,212.7,12,3,private estate,25-50 kW,Reg14,0
72,down,only partner,Male,medical,4,private or freelance work,1,212.44,1 per year,216.77,215.75,198.76,4,0,underground garage,100 kW,Reg10,1
26,stable,young drivers,Female,medical,0,private or freelance work,1,563.66,2 per year,563.68,930.81,574.15,14,14,parking deck,25-50 kW,Reg6,0
67,stable,same,Male,normal,1,private or freelance work,3,237.84,4 per year,237.85,256.28,235.62,18,8,street,100 kW,Reg13,1
34,stable,only partner,Male,medical,5,unknown,1,310.39,1 per year,310.4,225.4,299.3,14,4,unknown,100 kW,Reg13,1
42,stable,young drivers,Male,medical,0,private or freelance work,1,271.34,1 per year,271.35,494.52,271.35,11,5,underground garage,75 kW,Reg2,0
46,stable,only partner,Male,medical,10,unknown,2,283.35,1 per year,283.36,253.49,283.36,17,6,private garage,100 kW,Reg5,0
43,stable,only partner,Male,normal,0,private or freelance work,1,314.61,1 per year,314.62,403.66,314.62,13,9,other,75 kW,Reg4,0
49,down,young drivers,Female,normal,0,private or freelance work,2,832.47,1 per year,967.01,824.96,756.74,11,10,other,25-50 kW,Reg4,0
38,stable,same,Male,medical,0,private or freelance work,2,116.44,4 per year,116.45,166.45,116.45,17,5,parking deck,25-50 kW,Reg4,0
47,stable,only partner,Female,medical,9,unknown,1,357.81,1 per year,357.83,261.36,357.83,18,9,carport,75 kW,Reg5,0
32,stable,only partner,Female,medical,0,private or freelance work,1,162.71,4 per year,162.72,208.15,162.72,11,5,private garage,75 kW,Reg7,0
36,down,only partner,Female,normal,1,private or freelance work,1,265.98,1 per year,271.41,326.3,263.14,11,7,private garage,100 kW,Reg7,0
47,down,same,Male,normal,3,private or freelance work,1,422.67,1 per year,431.3,377.01,395.79,15,7,unknown,75 kW,Reg4,0
41,down,same,Male,normal,0,private or freelance work,1,191.6,4 per year,195.51,238.95,171.08,15,7,other,100 kW,Reg12,0
32,down,same,Female,normal,0,private or freelance work,2,330.47,12 per year,337.21,355.3,332.74,7,0,private garage,25-50 kW,Reg9,0
44,down,young drivers,Female,medical,1,private or freelance work,1,753.15,4 per year,785.9,595.2,699.97,12,4,private garage,25-50 kW,Reg6,0
69,down,only partner,Male,normal,9,private or freelance work,1,214.01,1 per year,218.37,217.74,178.56,10,0,private garage,100 kW,Reg1,0
37,stable,only partner,Female,normal,1,private or freelance work,1,170.45,1 per year,170.46,184.1,170.46,15,9,private garage,100 kW,Reg3,0
32,down,same,Female,normal,1,private or freelance work,1,331.99,4 per year,338.76,307.04,310.54,17,12,street,25-50 kW,Reg2,0
29,stable,only partner,Female,medical,1,private or freelance work,3,316.24,4 per year,316.25,374.32,316.25,16,10,other,75 kW,Reg13,0
31,down,only partner,Female,medical,0,private or freelance work,1,253.87,1 per year,259.05,340.25,224.81,15,7,parking deck,75 kW,Reg14,0
51,stable,young drivers,Male,medical,8,private or freelance work,3,279.74,1 per year,279.75,320.0,279.75,9,1,private garage,25-50 kW,Reg5,0
43,stable,young drivers,Female,normal,0,private or freelance work,1,277.03,2 per year,277.04,320.14,271.79,10,8,parking deck,75 kW,Reg8,0
36,down,same,Female,normal,0,private or freelance work,1,381.69,4 per year,389.47,404.58,350.53,16,13,street,75 kW,Reg4,0
49,stable,only partner,Male,normal,2,private or freelance work,2,507.84,2 per year,507.85,510.55,507.85,13,10,private garage,75 kW,Reg4,1
52,stable,same,Male,normal,6,private or freelance work,1,144.39,12 per year,144.4,171.16,144.4,14,8,private garage,75 kW,Reg14,0
43,down,same,Male,medical,0,private or freelance work,1,541.35,4 per year,628.84,741.2,492.14,14,11,street,100 kW,Reg4,0
26,down,same,Female,normal,0,private or freelance work,1,398.16,4 per year,406.29,417.26,365.25,8,6,parking deck,75 kW,Reg11,0
39,stable,only partner,Male,normal,1,private or freelance work,1,225.28,1 per year,225.29,274.01,225.29,15,3,private garage,125-300 kW,Reg13,0
43,stable,all drivers > 24,Female,normal,1,private or freelance work,1,343.49,1 per year,343.5,362.89,343.5,12,11,private garage,75 kW,Reg7,0
40,down,only partner,Male,normal,0,private or freelance work,1,252.36,4 per year,257.51,232.84,220.73,17,16,private garage,100 kW,Reg4,0
36,down,same,Female,medical,6,private or freelance work,1,447.71,1 per year,456.85,332.09,364.36,8,2,private garage,75 kW,Reg7,0
36,stable,only partner,Female,medical,0,private or freelance work,1,125.16,4 per year,125.17,185.29,126.31,16,11,street,25-50 kW,Reg13,0
25,stable,same,Male,normal,0,private or freelance work,1,199.48,1 per year,199.49,272.34,199.49,17,12,private garage,75 kW,Reg3,0
59,stable,same,Female,normal,1,private or freelance work,1,256.01,4 per year,256.03,268.58,251.22,18,11,parking deck,75 kW,Reg4,0
49,stable,same,Male,normal,2,private or freelance work,1,295.03,1 per year,295.04,219.0,295.04,15,0,other,75 kW,Reg11,0
42,down,young drivers,Female,normal,0,private or freelance work,1,603.04,1 per year,700.5,729.34,548.21,11,7,private garage,25-50 kW,Reg4,0
80,stable,same,Male,normal,10,private or freelance work,1,242.7,1 per year,242.71,258.36,235.93,17,7,private garage,75 kW,Reg4,0
34,stable,same,Male,medical,1,private or freelance work,1,200.9,1 per year,200.91,233.31,200.91,13,6,private garage,100 kW,Reg3,0
30,stable,same,Male,medical,1,private or freelance work,1,385.95,1 per year,385.96,390.06,397.14,12,6,street,75 kW,Reg12,0
38,down,only partner,Male,medical,2,private or freelance work,1,777.96,1 per year,811.79,568.4,676.49,11,8,street,75 kW,Reg4,0
59,stable,all drivers > 24,Male,normal,1,private or freelance work,1,188.14,1 per year,188.15,229.05,197.14,14,2,private garage,75 kW,Reg8,1
47,down,same,Female,normal,1,private or freelance work,1,246.16,4 per year,251.19,292.86,223.27,16,5,private garage,75 kW,Reg5,0
40,stable,only partner,Male,normal,9,unknown,1,349.72,1 per year,343.12,301.89,349.72,9,0,street,100 kW,Reg3,0
31,down,same,Male,normal,0,private or freelance work,2,645.75,1 per year,904.67,767.46,561.53,10,9,private garage,75 kW,Reg8,0
48,stable,young drivers,Female,normal,0,private or freelance work,2,242.04,1 per year,242.05,283.1,251.53,5,3,other,25-50 kW,Reg6,0
45,down,young drivers,Female,medical,0,private or freelance work,1,436.19,1 per year,445.09,449.44,411.59,16,0,other,75 kW,Reg12,0
63,stable,only partner,Male,medical,0,private or freelance work,2,141.27,1 per year,141.29,195.51,141.29,16,7,private garage,75 kW,Reg10,0
44,stable,young drivers,Female,medical,0,private or freelance work,1,226.89,1 per year,226.9,328.38,231.15,10,3,underground garage,100 kW,Reg6,1
46,down,all drivers > 24,Male,normal,2,private or freelance work,1,322.19,1 per year,328.76,288.31,311.92,18,13,street,25-50 kW,Reg7,1
26,down,same,Male,normal,0,private or freelance work,1,632.06,4 per year,734.21,535.86,602.34,17,16,street,25-50 kW,Reg8,0
23,down,same,Female,normal,1,private or freelance work,1,596.51,1 per year,608.69,549.5,579.52,14,12,street,75 kW,Reg9,0
56,stable,only partner,Male,normal,2,private or freelance work,1,213.23,4 per year,213.24,214.76,207.35,16,9,private garage,100 kW,Reg12,0
42,stable,only partner,Female,medical,0,private or freelance work,5,163.86,1 per year,163.88,214.01,163.88,12,8,other,100 kW,Reg10,0
45,stable,only partner,Male,medical,6,private or freelance work,2,291.31,12 per year,291.32,251.9,313.78,1,0,parking deck,25-50 kW,Reg9,0
37,down,same,Male,normal,3,private or freelance work,1,482.45,12 per year,492.3,471.32,421.97,9,7,parking deck,100 kW,Reg8,1
46,up,young drivers,Male,normal,8,private or freelance work,3,678.53,2 per year,508.9,737.24,652.71,15,14,street,75 kW,Reg7,0
36,stable,all drivers > 24,Male,medical,1,private or freelance work,1,193.53,1 per year,193.54,269.51,188.3,13,3,carport,75 kW,Reg4,1
47,down,only partner,Female,medical,0,private or freelance work,1,730.5,1 per year,745.41,768.09,744.16,14,13,other,100 kW,Reg3,0
52,stable,all drivers > 24,Female,normal,0,private or freelance work,1,712.2,12 per year,712.21,1156.42,739.52,14,14,private garage,100 kW,Reg8,0
33,stable,only partner,Male,normal,1,private or freelance work,2,258.85,1 per year,258.86,277.77,254.06,6,2,private garage,75 kW,Reg6,0
36,stable,only partner,Female,normal,2,private or freelance work,2,370.21,4 per year,370.22,316.99,370.22,12,7,private garage,150 kW,Reg9,0
44,down,same,Male,normal,2,private or freelance work,1,334.5,12 per year,341.32,275.93,303.4,12,1,street,75 kW,Reg4,0
74,stable,only partner,Male,normal,8,private or freelance work,1,187.16,1 per year,187.18,261.48,207.71,17,8,private garage,75 kW,Reg5,0
35,down,same,Male,normal,0,private or freelance work,1,250.94,1 per year,256.06,316.57,230.46,12,6,private garage,150 kW,Reg8,1
56,stable,only partner,Male,normal,1,private or freelance work,5,212.69,2 per year,212.7,230.21,203.12,18,3,private garage,100 kW,Reg7,0
64,down,same,Male,normal,0,private or freelance work,1,157.09,1 per year,160.3,169.84,121.89,12,0,private garage,175 kW,Reg7,0
42,down,same,Male,normal,0,private or freelance work,1,390.93,12 per year,398.91,416.55,368.86,16,14,private garage,75 kW,Reg7,0
47,down,learner 17,Male,medical,2,private or freelance work,3,857.68,1 per year,875.19,405.46,816.84,12,9,street,25-50 kW,Reg3,1
49,stable,only partner,Male,normal,1,private or freelance work,1,220.73,1 per year,220.74,240.81,220.74,18,3,carport,100 kW,Reg5,0
42,down,same,Female,normal,1,private or freelance work,1,300.87,1 per year,307.01,306.66,279.1,11,3,street,75 kW,Reg3,1
56,stable,only partner,Male,normal,1,private or freelance work,1,293.64,2 per year,293.65,264.02,293.65,6,6,private garage,75 kW,Reg4,0
36,down,only partner,Male,normal,0,private or freelance work,1,433.32,12 per year,442.16,577.96,449.32,11,9,street,100 kW,Reg3,0
28,down,only partner,Female,normal,1,private or freelance work,1,363.41,4 per year,370.83,406.46,327.32,9,3,carport,75 kW,Reg8,1
64,stable,only partner,Female,medical,11,private or freelance work,1,243.92,1 per year,243.94,314.4,243.94,18,10,private garage,100 kW,Reg7,0
33,stable,same,Male,normal,3,private or freelance work,1,388.09,4 per year,388.1,436.81,388.1,17,7,parking deck,75 kW,Reg8,0
51,down,young drivers,Male,normal,0,private or freelance work,1,518.81,1 per year,529.4,625.0,528.21,12,10,street,75 kW,Reg6,1
44,down,only partner,Male,normal,0,private or freelance work,2,822.59,4 per year,955.54,945.2,747.81,13,12,other,125-300 kW,Reg3,0
37,down,only partner,Male,medical,2,private or freelance work,1,335.83,4 per year,342.69,332.84,317.39,14,4,street,75 kW,Reg6,1
37,stable,only partner,Female,medical,0,private or freelance work,2,238.31,12 per year,238.33,322.1,238.33,17,14,street,75 kW,Reg3,0
37,stable,only partner,Male,medical,0,private or freelance work,1,244.88,2 per year,244.89,365.94,244.89,15,5,street,150 kW,Reg4,1
72,stable,same,Male,normal,9,private or freelance work,1,259.11,1 per year,259.13,276.41,259.13,9,0,private garage,175 kW,Reg5,0
37,stable,only partner,Male,normal,3,private or freelance work,1,510.04,4 per year,510.05,568.61,555.75,12,7,street,75 kW,Reg2,0
33,stable,young drivers,Male,medical,2,private or freelance work,2,344.41,1 per year,344.41,369.66,344.41,11,6,private garage,75 kW,Reg3,0
54,up,young drivers,Female,normal,1,private or freelance work,1,825.06,4 per year,641.71,813.02,825.05,18,8,carport,100 kW,Reg3,0
25,down,same,Female,normal,4,private or freelance work,1,595.95,2 per year,608.11,411.31,521.24,10,8,underground garage,75 kW,Reg6,1
45,stable,only partner,Male,normal,1,private or freelance work,2,221.7,1 per year,221.71,226.34,215.61,8,2,other,100 kW,Reg14,0
55,stable,same,Male,medical,11,unknown,1,271.35,1 per year,271.36,161.46,244.01,12,0,private garage,25-50 kW,Reg7,1
63,stable,only partner,Male,normal,5,unknown,1,178.26,1 per year,178.27,165.84,181.5,17,3,unknown,75 kW,Reg14,0
67,stable,only partner,Male,normal,9,unknown,1,431.81,1 per year,431.82,382.96,408.42,16,7,private garage,100 kW,Reg8,0
27,down,same,Female,normal,3,private or freelance work,1,895.97,12 per year,914.25,555.42,806.46,14,12,parking deck,75 kW,Reg2,0
42,down,same,Male,normal,0,private or freelance work,1,569.65,4 per year,581.27,575.54,498.24,4,0,street,75 kW,Reg2,0
33,down,only partner,Male,normal,2,private or freelance work,2,467.34,4 per year,476.88,518.24,445.09,11,9,private garage,75 kW,Reg4,0
61,stable,same,Female,medical,2,private or freelance work,1,349.34,1 per year,349.35,281.66,339.51,7,0,private garage,75 kW,Reg5,0
33,stable,only partner,Female,medical,1,private or freelance work,1,146.99,2 per year,146.99,168.58,146.99,10,2,other,25-50 kW,Reg10,0
40,down,only partner,Female,normal,1,private or freelance work,1,452.89,1 per year,462.14,415.79,404.23,13,7,other,75 kW,Reg12,0
36,stable,only partner,Male,normal,0,private or freelance work,1,326.47,4 per year,326.49,342.49,326.49,15,15,other,100 kW,Reg4,0
45,stable,only partner,Female,medical,4,private or freelance work,1,183.51,1 per year,183.53,134.67,176.98,12,7,unknown,25-50 kW,Reg7,0
36,stable,same,Female,medical,0,private or freelance work,1,268.31,1 per year,268.33,350.49,283.88,9,7,parking deck,75 kW,Reg8,0
40,down,same,Male,normal,2,private or freelance work,1,611.99,2 per year,624.47,376.49,582.85,18,15,other,75 kW,Reg3,1
32,down,same,Male,normal,0,private or freelance work,1,666.04,4 per year,773.69,684.26,551.23,17,15,other,75 kW,Reg11,0
39,stable,all drivers > 24,Male,normal,4,private or freelance work,1,329.15,2 per year,329.16,334.43,329.16,11,3,street,100 kW,Reg4,0
44,stable,same,Male,medical,0,private or freelance work,1,283.86,2 per year,283.88,439.94,283.88,17,11,street,100 kW,Reg4,0
42,stable,only partner,Male,normal,2,private or freelance work,2,261.53,1 per year,261.54,274.65,261.54,18,18,private garage,75 kW,Reg8,1
46,stable,only partner,Female,normal,7,unknown,2,321.09,1 per year,321.1,237.35,309.29,13,4,street,75 kW,Reg9,0
35,down,only partner,Male,normal,0,private or freelance work,2,449.99,4 per year,459.17,486.05,412.69,12,11,street,75 kW,Reg13,0
35,down,same,Male,normal,1,private or freelance work,2,265.22,2 per year,270.64,301.09,240.56,15,7,street,100 kW,Reg8,0
73,down,same,Male,normal,1,private or freelance work,2,330.71,1 per year,337.46,313.49,308.59,17,8,street,75 kW,Reg5,0
72,down,same,Male,normal,2,private or freelance work,1,262.43,2 per year,267.79,290.44,234.31,15,6,private garage,100 kW,Reg3,0
34,stable,only partner,Male,medical,1,private or freelance work,4,177.2,1 per year,177.2,253.61,177.2,17,12,private garage,25-50 kW,Reg7,0
35,stable,same,Male,normal,1,private or freelance work,1,368.89,1 per year,368.9,433.84,368.9,13,9,underground garage,100 kW,Reg4,1
27,down,all drivers > 24,Female,normal,0,private or freelance work,1,419.54,1 per year,428.1,444.3,392.44,18,17,parking deck,75 kW,Reg7,1
34,down,same,Male,medical,1,private or freelance work,1,840.27,4 per year,976.07,773.11,816.49,16,15,private garage,100 kW,Reg3,1
42,stable,only partner,Male,normal,7,unknown,1,311.1,1 per year,308.23,323.92,311.1,13,5,private garage,75 kW,Reg3,0
39,stable,only partner,Female,medical,1,private or freelance work,2,123.24,1 per year,117.39,129.04,123.81,14,9,private garage,25-50 kW,Reg5,0
45,stable,all drivers > 24,Male,normal,3,private or freelance work,1,282.33,1 per year,268.9,284.16,287.35,12,4,unknown,25-50 kW,Reg4,0
31,stable,only partner,Male,medical,2,private or freelance work,2,422.39,1 per year,422.39,402.7,422.39,9,8,parking deck,100 kW,Reg2,0
80,stable,young drivers,Female,normal,10,unknown,1,248.75,1 per year,246.4,300.95,248.75,14,2,private garage,25-50 kW,Reg8,0
71,down,same,Male,medical,11,unknown,1,233.47,2 per year,238.24,256.08,228.31,16,5,private garage,25-50 kW,Reg4,0
28,down,young drivers,Male,normal,0,private or freelance work,1,377.63,4 per year,385.34,501.34,359.64,15,15,private garage,100 kW,Reg3,0
61,stable,all drivers > 24,Male,medical,10,unknown,1,179.75,1 per year,179.76,220.8,179.76,14,3,street,25-50 kW,Reg3,0
30,stable,same,Female,normal,2,private or freelance work,1,339.27,4 per year,339.29,320.01,333.03,10,3,private garage,125-300 kW,Reg4,0
22,down,same,Female,medical,0,private or freelance work,1,302.8,1 per year,308.97,345.5,264.84,9,5,street,25-50 kW,Reg14,0
27,stable,only partner,Female,normal,1,private or freelance work,1,286.55,1 per year,286.56,383.09,306.11,17,11,private garage,100 kW,Reg8,0
40,down,only partner,Female,medical,0,private or freelance work,1,370.35,4 per year,377.91,439.23,346.41,16,14,parking deck,75 kW,Reg8,0
31,down,same,Female,medical,1,private or freelance work,1,620.95,4 per year,647.95,524.31,550.15,10,9,parking deck,75 kW,Reg11,0
32,up,only partner,Male,normal,2,private or freelance work,1,441.68,4 per year,323.9,479.54,441.69,14,6,private garage,125-300 kW,Reg5,0
31,down,young drivers,Male,medical,0,private or freelance work,1,668.87,4 per year,776.98,779.95,563.89,14,13,parking deck,75 kW,Reg2,0
46,stable,only partner,Male,normal,2,private or freelance work,2,366.11,4 per year,349.47,352.57,366.11,13,3,street,25-50 kW,Reg3,0
44,down,same,Male,medical,7,unknown,2,492.85,1 per year,502.91,418.0,447.04,11,4,street,75 kW,Reg2,0
41,stable,same,Male,normal,1,private or freelance work,1,342.31,1 per year,342.32,300.45,342.32,14,14,private garage,75 kW,Reg7,0
29,down,same,Male,normal,0,private or freelance work,1,411.02,4 per year,419.41,373.33,381.29,12,12,private garage,150 kW,Reg3,0
68,stable,only partner,Male,normal,1,private or freelance work,1,220.59,1 per year,220.6,242.41,220.6,18,3,parking deck,100 kW,Reg6,0
31,down,same,Female,medical,0,private or freelance work,1,405.7,12 per year,413.97,465.44,386.38,8,4,underground garage,25-50 kW,Reg8,0
43,stable,same,Male,medical,2,private or freelance work,2,278.01,1 per year,278.02,286.6,262.7,13,6,underground garage,100 kW,Reg4,0
45,stable,only partner,Male,medical,5,unknown,1,153.89,1 per year,153.9,140.45,152.51,9,0,unknown,75 kW,Reg10,0
55,down,only partner,Male,normal,4,private or freelance work,1,424.95,1 per year,433.62,379.91,390.26,16,7,unknown,100 kW,Reg8,0
40,stable,young drivers,Female,normal,0,private or freelance work,7,395.15,4 per year,395.16,310.39,395.16,13,13,street,25-50 kW,Reg3,0
52,down,same,Male,medical,0,private or freelance work,1,713.12,2 per year,828.38,673.54,648.29,11,11,private garage,150 kW,Reg4,0
34,stable,only partner,Male,medical,3,private or freelance work,1,514.17,12 per year,514.19,345.88,514.19,15,15,parking deck,75 kW,Reg7,0
48,down,only partner,Female,medical,0,private or freelance work,3,406.81,4 per year,415.11,383.82,387.44,7,5,private garage,25-50 kW,Reg14,0
45,stable,young drivers,Male,medical,0,private or freelance work,1,261.42,1 per year,261.44,414.74,245.01,13,9,private garage,75 kW,Reg6,0
38,down,only partner,Male,medical,0,private or freelance work,1,266.69,4 per year,272.14,281.25,233.26,9,4,underground garage,75 kW,Reg5,0
34,stable,same,Male,normal,4,private or freelance work,1,322.08,2 per year,322.09,229.36,322.09,18,7,unknown,100 kW,Reg7,0
32,stable,same,Male,normal,0,private or freelance work,1,273.89,4 per year,273.89,355.77,273.89,15,14,private garage,125-300 kW,Reg4,0
32,down,same,Male,normal,1,private or freelance work,1,279.2,4 per year,284.9,277.84,253.25,17,8,private garage,75 kW,Reg4,0
35,down,same,Male,normal,5,unknown,1,585.84,2 per year,597.8,439.66,546.45,14,8,unknown,25-50 kW,Reg9,0
39,down,only partner,Female,medical,2,private or freelance work,1,225.25,1 per year,229.85,198.16,208.65,11,8,parking deck,75 kW,Reg1,0
35,down,only partner,Male,normal,2,private or freelance work,1,734.3,4 per year,766.22,569.54,638.53,13,11,street,25-50 kW,Reg2,0
30,down,same,Female,medical,0,private or freelance work,1,150.06,1 per year,153.12,182.91,135.59,16,11,private garage,75 kW,Reg4,1
55,down,young drivers,Male,normal,0,private or freelance work,1,193.88,1 per year,197.84,307.2,181.35,12,1,street,25-50 kW,Reg6,0
36,down,young drivers,Male,medical,0,private or freelance work,1,706.36,4 per year,820.52,772.09,679.82,15,15,parking deck,25-50 kW,Reg3,0
26,down,same,Female,normal,1,private or freelance work,1,365.43,12 per year,372.89,351.32,348.71,11,6,private garage,75 kW,Reg7,1
44,stable,same,Female,normal,7,unknown,4,317.36,4 per year,317.37,286.88,326.43,13,6,private garage,75 kW,Reg3,1
44,down,only partner,Female,medical,15,unknown,1,297.5,4 per year,303.58,262.06,288.12,16,1,street,25-50 kW,Reg4,0
47,stable,same,Male,medical,1,private or freelance work,1,168.06,1 per year,168.08,173.94,168.08,9,3,other,25-50 kW,Reg5,0
36,stable,only partner,Female,medical,9,private or freelance work,1,192.29,1 per year,192.3,204.91,192.3,14,14,private garage,25-50 kW,Reg6,0
47,stable,only partner,Female,medical,11,unknown,1,205.4,1 per year,205.41,114.03,205.41,16,4,private garage,25-50 kW,Reg7,0
44,stable,same,Male,normal,6,private or freelance work,1,333.99,1 per year,318.1,244.34,345.25,6,0,private garage,100 kW,Reg14,0
42,stable,only partner,Male,normal,1,private or freelance work,1,392.4,4 per year,392.41,461.66,431.74,17,9,street,75 kW,Reg9,0
31,down,same,Male,normal,1,private or freelance work,1,210.34,1 per year,214.64,192.67,183.9,12,3,street,25-50 kW,Reg9,0
50,stable,young drivers,Female,medical,0,private or freelance work,1,240.44,1 per year,240.45,277.96,240.45,15,15,private garage,25-50 kW,Reg4,0
24,down,only partner,Female,normal,1,private or freelance work,1,590.54,12 per year,685.98,464.43,517.44,1,0,street,25-50 kW,Reg13,0
39,stable,only partner,Male,medical,5,unknown,3,303.1,1 per year,303.1,313.85,303.1,18,8,unknown,25-50 kW,Reg8,0
37,down,only partner,Male,medical,2,private or freelance work,2,468.86,2 per year,478.42,367.29,438.56,12,10,street,25-50 kW,Reg4,0
46,stable,only partner,Female,normal,5,unknown,1,263.39,12 per year,263.4,201.55,263.4,14,3,unknown,75 kW,Reg12,0
39,down,only partner,Male,normal,4,private or freelance work,1,219.8,1 per year,224.29,180.58,183.54,16,5,unknown,125-300 kW,Reg13,0
57,down,all drivers > 24,Female,normal,0,private or freelance work,1,391.6,12 per year,399.59,437.65,359.63,15,12,street,75 kW,Reg4,0
67,stable,same,Male,normal,1,private or freelance work,1,137.39,1 per year,137.4,201.14,137.4,14,4,private garage,75 kW,Reg12,0
38,stable,only partner,Male,normal,2,private or freelance work,2,416.7,1 per year,416.71,402.5,379.12,15,13,private garage,75 kW,Reg8,0
44,stable,only partner,Male,medical,7,unknown,2,467.57,4 per year,467.59,376.23,476.21,17,10,street,25-50 kW,Reg4,0
43,down,same,Female,medical,1,private or freelance work,1,356.44,1 per year,363.71,319.93,303.24,11,3,parking deck,75 kW,Reg10,0
56,stable,same,Male,medical,1,private or freelance work,1,198.65,1 per year,198.65,230.97,198.65,11,3,private garage,150 kW,Reg10,0
39,down,only partner,Female,normal,12,unknown,1,359.18,2 per year,366.51,208.8,332.84,13,0,street,75 kW,Reg7,0
27,stable,only partner,Female,medical,0,private or freelance work,1,162.39,2 per year,162.4,214.75,152.44,11,3,private garage,75 kW,Reg12,0
54,down,young drivers,Male,medical,0,private or freelance work,1,793.52,12 per year,921.76,781.8,735.27,13,12,carport,25-50 kW,Reg4,0
46,down,only partner,Male,normal,1,private or freelance work,1,647.49,12 per year,660.7,546.58,605.02,16,15,private garage,75 kW,Reg3,0
66,stable,only partner,Female,medical,10,unknown,1,266.26,1 per year,261.39,212.6,266.26,14,1,street,75 kW,Reg5,0
51,stable,only partner,Male,medical,6,private or freelance work,1,301.7,1 per year,301.71,310.27,301.71,9,2,private garage,100 kW,Reg13,0
51,down,same,Male,normal,1,private or freelance work,1,844.27,4 per year,880.98,725.07,706.68,9,7,street,175 kW,Reg12,0
43,stable,young drivers,Female,medical,0,private or freelance work,1,294.91,1 per year,294.93,334.56,294.89,7,7,carport,75 kW,Reg3,0
49,up,only partner,Male,medical,0,private or freelance work,1,665.33,1 per year,433.91,901.81,617.15,17,16,private garage,25-50 kW,Reg8,0
60,stable,all drivers > 24,Female,normal,2,private or freelance work,1,422.19,2 per year,422.19,364.23,422.19,4,2,underground garage,25-50 kW,Reg4,0
23,down,same,Female,medical,0,private or freelance work,1,267.29,1 per year,272.75,287.44,238.86,9,7,private garage,75 kW,Reg14,0
36,stable,only partner,Male,normal,6,unknown,1,531.24,4 per year,531.25,346.4,502.63,12,5,street,100 kW,Reg8,0
31,down,same,Female,medical,0,private or freelance work,1,458.58,4 per year,467.94,522.26,436.74,14,13,underground garage,25-50 kW,Reg4,0
25,down,same,Female,normal,0,private or freelance work,1,308.68,4 per year,314.97,309.43,302.85,13,10,street,75 kW,Reg9,0
37,down,only partner,Female,normal,0,private or freelance work,1,154.5,12 per year,157.65,194.96,141.89,17,11,other,25-50 kW,Reg7,0
48,down,same,Male,normal,0,private or freelance work,1,819.53,4 per year,855.16,587.79,768.95,14,14,private garage,25-50 kW,Reg7,0
61,down,same,Male,normal,1,private or freelance work,1,317.51,2 per year,323.99,331.49,305.74,11,0,street,75 kW,Reg8,0
35,stable,only partner,Female,normal,1,private or freelance work,1,464.66,1 per year,464.66,433.34,464.66,16,15,parking deck,75 kW,Reg8,0
25,down,same,Female,normal,0,private or freelance work,1,753.14,1 per year,874.86,680.05,717.95,12,11,street,75 kW,Reg1,0
52,stable,same,Female,medical,6,private or freelance work,1,286.93,2 per year,286.94,192.64,309.25,14,11,parking deck,25-50 kW,Reg7,0
43,stable,same,Male,normal,3,private or freelance work,1,311.54,1 per year,311.55,319.93,297.18,12,3,unknown,75 kW,Reg5,1
32,stable,same,Male,normal,2,private or freelance work,1,432.59,2 per year,432.6,398.05,432.6,15,14,street,75 kW,Reg7,0
38,down,same,Male,medical,1,private or freelance work,1,279.26,4 per year,284.96,281.61,266.38,16,11,street,75 kW,Reg4,1
38,stable,same,Male,medical,4,private or freelance work,2,311.79,2 per year,311.8,273.18,303.02,8,0,unknown,75 kW,Reg6,1
45,down,only partner,Female,normal,1,private or freelance work,1,353.25,4 per year,360.46,252.8,303.9,6,5,street,25-50 kW,Reg12,0
49,stable,only partner,Male,medical,8,unknown,1,139.81,1 per year,139.81,134.16,139.81,8,0,private garage,25-50 kW,Reg7,0
42,down,only partner,Female,medical,9,unknown,2,636.73,1 per year,649.73,420.26,624.47,9,0,private garage,125-300 kW,Reg14,0
42,stable,only partner,Female,medical,0,private or freelance work,1,154.47,2 per year,154.49,202.31,154.49,12,10,private garage,25-50 kW,Reg3,1
20,down,same,Male,normal,0,private or freelance work,1,1084.71,12 per year,1519.64,827.33,989.63,14,13,underground garage,75 kW,Reg7,0
23,down,same,Female,normal,0,private or freelance work,1,398.16,1 per year,406.29,514.99,379.2,13,10,parking deck,25-50 kW,Reg4,1
41,stable,only partner,Male,medical,2,private or freelance work,1,179.06,12 per year,179.06,195.6,179.06,10,0,carport,75 kW,Reg3,0
41,down,same,Female,normal,0,private or freelance work,1,660.05,4 per year,766.73,708.15,588.76,14,13,parking deck,25-50 kW,Reg4,0
41,up,only partner,Male,normal,1,private or freelance work,1,311.35,1 per year,226.44,305.7,329.12,11,6,carport,75 kW,Reg3,0
37,stable,all drivers > 24,Male,medical,2,private or freelance work,2,409.99,4 per year,410.0,326.21,410.0,15,12,private garage,100 kW,Reg8,0
32,down,same,Female,normal,1,private or freelance work,1,445.39,4 per year,464.75,452.43,383.75,9,8,underground garage,75 kW,Reg10,0
47,stable,only partner,Male,normal,4,private or freelance work,2,164.18,1 per year,164.19,163.02,168.78,12,0,unknown,25-50 kW,Reg4,0
43,down,only partner,Female,medical,4,private or freelance work,1,227.05,1 per year,231.69,226.35,206.47,18,9,unknown,100 kW,Reg3,0
56,stable,only partner,Male,normal,5,private or freelance work,1,210.49,1 per year,210.49,178.76,210.49,12,9,parking deck,75 kW,Reg1,0
33,stable,only partner,Female,normal,1,private or freelance work,2,301.38,1 per year,301.38,229.3,301.38,3,2,street,25-50 kW,Reg5,0
51,stable,same,Male,normal,9,private or freelance work,3,242.59,12 per year,242.59,255.7,242.59,10,9,private garage,25-50 kW,Reg1,0
42,stable,only partner,Female,normal,0,private or freelance work,2,223.11,12 per year,223.12,231.61,223.11,13,13,carport,75 kW,Reg3,0
43,stable,same,Female,medical,2,private or freelance work,1,302.91,1 per year,302.92,328.58,280.79,13,6,other,100 kW,Reg2,0
35,down,same,Male,medical,1,private or freelance work,1,430.24,1 per year,439.03,458.25,391.27,18,14,parking deck,75 kW,Reg7,0
24,down,same,Female,normal,0,private or freelance work,1,454.27,4 per year,474.03,485.25,376.99,15,13,other,25-50 kW,Reg14,0
31,down,same,Male,medical,1,private or freelance work,1,372.38,1 per year,379.98,428.04,328.75,15,11,street,75 kW,Reg5,0
43,down,same,Female,normal,6,unknown,1,234.29,2 per year,239.07,153.62,192.4,15,8,street,25-50 kW,Reg10,0
49,down,only partner,Male,medical,10,unknown,2,351.82,2 per year,359.0,361.25,338.22,11,0,private garage,100 kW,Reg4,0
31,down,all drivers > 24,Male,normal,0,private or freelance work,1,733.72,4 per year,852.3,627.52,636.12,18,18,private garage,100 kW,Reg5,0
40,down,only partner,Male,medical,0,private or freelance work,1,390.75,1 per year,398.73,481.69,390.02,11,8,private garage,100 kW,Reg4,0
62,down,same,Female,medical,0,private or freelance work,1,140.64,4 per year,143.51,174.88,123.01,9,0,underground garage,75 kW,Reg3,0
60,stable,only partner,Male,medical,0,private or freelance work,1,127.61,2 per year,127.62,221.6,127.62,17,9,private garage,75 kW,Reg4,0
33,stable,only partner,Male,normal,1,private or freelance work,1,229.72,2 per year,229.74,288.25,240.61,10,3,private garage,125-300 kW,Reg5,0
38,stable,only partner,Male,normal,5,unknown,3,270.5,1 per year,270.51,268.34,272.99,16,6,unknown,75 kW,Reg4,0
27,stable,same,Female,medical,1,private or freelance work,1,320.94,1 per year,320.95,382.98,289.26,13,12,other,75 kW,Reg13,0
33,stable,same,Female,medical,0,private or freelance work,1,144.34,1 per year,144.35,187.55,137.97,10,4,private garage,25-50 kW,Reg3,0
72,stable,same,Male,normal,0,private or freelance work,1,219.71,12 per year,219.72,285.8,215.61,18,16,private garage,75 kW,Reg4,0
54,stable,only partner,Female,normal,5,unknown,2,164.93,1 per year,164.94,143.01,148.54,15,8,unknown,25-50 kW,Reg11,0
36,stable,only partner,Male,normal,1,private or freelance work,2,288.64,1 per year,288.65,344.76,288.65,15,7,private garage,125-300 kW,Reg7,0
36,down,only partner,Male,normal,1,private or freelance work,2,367.62,4 per year,375.13,403.91,374.94,14,13,private garage,125-300 kW,Reg7,0
40,stable,same,Male,normal,1,private or freelance work,1,227.09,1 per year,227.1,247.06,227.1,8,7,private garage,100 kW,Reg5,0
37,down,same,Male,normal,1,private or freelance work,1,703.09,4 per year,717.44,540.45,614.61,13,12,underground garage,75 kW,Reg4,0
36,up,same,Female,normal,2,private or freelance work,1,497.47,4 per year,386.93,512.0,497.49,6,6,parking deck,100 kW,Reg5,0
28,stable,same,Male,normal,0,private or freelance work,1,333.14,1 per year,333.14,348.4,333.14,15,15,private garage,25-50 kW,Reg7,0
54,stable,only partner,Male,medical,1,private or freelance work,1,218.24,1 per year,218.25,231.46,218.25,11,0,carport,75 kW,Reg5,0
51,stable,only partner,Male,normal,0,private or freelance work,1,198.11,1 per year,198.12,236.35,198.12,12,1,private garage,100 kW,Reg8,0
52,down,only partner,Female,medical,6,unknown,1,452.31,12 per year,461.54,269.62,425.46,16,6,private garage,100 kW,Reg12,0
44,stable,only partner,Male,medical,6,unknown,1,471.81,2 per year,471.82,295.06,471.82,14,6,private garage,100 kW,Reg7,0
54,down,only partner,Male,medical,11,private or freelance work,2,400.22,4 per year,408.39,321.34,356.23,12,9,street,125-300 kW,Reg5,0
37,up,same,Female,normal,3,private or freelance work,1,714.17,4 per year,523.73,632.02,714.18,16,13,street,75 kW,Reg5,0
51,stable,same,Male,medical,7,unknown,1,223.04,12 per year,223.05,176.74,205.58,8,0,private garage,75 kW,Reg6,0
54,stable,only partner,Male,normal,1,private or freelance work,1,269.29,2 per year,269.3,306.42,264.29,15,11,private garage,75 kW,Reg12,0
31,up,same,Female,medical,0,private or freelance work,1,811.86,1 per year,643.89,975.95,842.77,6,5,street,100 kW,Reg7,0
85,stable,all drivers > 24,Female,normal,1,private or freelance work,1,256.95,1 per year,256.96,245.07,249.76,17,6,private garage,125-300 kW,Reg14,0
29,down,same,Male,normal,0,private or freelance work,1,373.85,1 per year,381.47,387.82,343.15,13,4,other,75 kW,Reg12,0
36,down,only partner,Male,normal,1,private or freelance work,2,220.79,1 per year,225.3,224.65,202.78,11,0,street,75 kW,Reg4,0
40,down,only partner,Male,medical,0,private or freelance work,1,220.49,1 per year,224.99,241.92,180.91,10,8,private garage,125-300 kW,Reg8,0
65,down,same,Male,normal,2,private or freelance work,1,797.67,4 per year,813.95,709.35,759.69,18,11,carport,75 kW,Reg4,0
35,down,only partner,Male,normal,0,private or freelance work,3,528.6,4 per year,539.39,538.74,494.44,13,12,other,25-50 kW,Reg10,0
34,stable,same,Male,medical,1,private or freelance work,1,288.91,4 per year,288.91,315.52,288.91,9,8,street,100 kW,Reg7,0
64,down,same,Female,normal,6,private or freelance work,1,244.18,1 per year,249.16,271.65,222.18,9,3,private garage,25-50 kW,Reg4,0
34,down,same,Female,normal,0,private or freelance work,2,548.41,12 per year,572.25,611.7,454.85,17,14,underground garage,75 kW,Reg7,0
67,stable,same,Male,medical,9,unknown,1,240.48,1 per year,240.49,252.25,238.29,18,9,private garage,75 kW,Reg7,0
41,stable,same,Male,normal,4,private or freelance work,1,309.4,2 per year,309.41,266.8,303.59,12,5,unknown,75 kW,Reg11,0
38,stable,only partner,Male,medical,2,private or freelance work,1,386.54,1 per year,386.55,294.74,397.63,13,9,street,75 kW,Reg8,0
25,down,only partner,Female,normal,0,private or freelance work,1,867.35,1 per year,1007.53,806.95,835.09,17,15,street,75 kW,Reg9,0
51,stable,only partner,Male,normal,0,private or freelance work,2,153.63,1 per year,153.64,216.22,153.64,15,11,private garage,100 kW,Reg4,0
46,stable,same,Female,medical,7,unknown,2,342.02,12 per year,342.04,208.62,342.04,9,2,private garage,75 kW,Reg10,0
39,stable,only partner,Male,medical,1,private or freelance work,2,292.39,1 per year,292.4,350.79,284.38,16,12,private garage,100 kW,Reg7,0
53,stable,same,Female,medical,6,unknown,1,353.97,1 per year,353.99,327.59,347.46,6,0,street,125-300 kW,Reg8,0
42,up,all drivers > 24,Male,normal,0,private or freelance work,1,1263.8,1 per year,784.42,1518.99,1263.8,14,13,street,75 kW,Reg2,0
43,stable,only partner,Male,medical,6,unknown,1,240.97,1 per year,229.51,212.07,244.65,6,0,private garage,25-50 kW,Reg8,0
72,stable,only partner,Male,medical,11,unknown,1,213.33,1 per year,211.36,203.64,213.33,12,0,private garage,75 kW,Reg2,0
38,down,only partner,Male,medical,2,private or freelance work,2,496.55,2 per year,506.69,339.74,468.15,9,6,private garage,75 kW,Reg8,0
49,down,only partner,Male,normal,4,private or freelance work,1,139.1,1 per year,141.94,121.24,121.66,17,0,private garage,25-50 kW,Reg4,0
26,stable,same,Female,medical,0,private or freelance work,1,268.78,1 per year,268.79,250.01,256.64,8,7,other,25-50 kW,Reg14,0
30,down,same,Male,medical,2,private or freelance work,1,753.41,2 per year,786.16,891.39,655.14,16,13,underground garage,150 kW,Reg8,1
32,down,same,Female,medical,1,private or freelance work,1,588.62,1 per year,614.21,531.04,511.85,12,10,other,75 kW,Reg4,0
37,stable,same,Male,normal,2,private or freelance work,1,246.24,1 per year,246.25,249.91,246.25,9,0,other,75 kW,Reg12,0
45,down,young drivers,Male,normal,0,private or freelance work,1,686.6,1 per year,797.56,784.44,673.39,14,14,other,25-50 kW,Reg14,0
47,stable,same,Male,normal,2,private or freelance work,1,313.1,4 per year,313.11,332.88,341.09,15,10,other,125-300 kW,Reg9,0
53,stable,same,Female,medical,1,private or freelance work,4,238.85,1 per year,238.86,230.79,248.02,15,9,other,75 kW,Reg9,0
66,stable,same,Female,normal,0,private or freelance work,1,170.9,1 per year,170.91,240.34,170.91,12,4,underground garage,75 kW,Reg10,0
31,down,same,Male,normal,0,private or freelance work,2,657.76,1 per year,686.36,657.65,545.4,12,11,private garage,75 kW,Reg6,0
40,up,same,Male,normal,4,private or freelance work,1,510.85,4 per year,425.71,332.26,444.4,17,13,unknown,75 kW,Reg5,0
32,down,all drivers > 24,Male,normal,1,private or freelance work,1,450.53,4 per year,459.72,405.25,365.48,12,3,parking deck,75 kW,Reg14,0
77,stable,same,Male,normal,12,unknown,1,284.81,1 per year,284.83,233.26,287.41,13,0,private garage,75 kW,Reg4,0
39,stable,only partner,Male,medical,5,private or freelance work,1,157.46,1 per year,157.46,201.44,157.46,16,3,private garage,75 kW,Reg3,0
52,down,all drivers > 24,Female,normal,0,private or freelance work,1,375.12,4 per year,382.78,441.3,353.73,16,13,carport,25-50 kW,Reg1,0
68,stable,only partner,Male,medical,0,private or freelance work,1,153.07,1 per year,153.09,180.17,153.06,13,0,private garage,75 kW,Reg4,0
38,stable,only partner,Female,medical,11,private or freelance work,1,160.49,1 per year,160.5,207.7,170.91,11,0,parking deck,25-50 kW,Reg14,0
44,stable,only partner,Male,medical,0,private or freelance work,3,150.79,1 per year,150.8,203.59,150.8,10,1,street,100 kW,Reg4,0
35,down,same,Female,normal,3,private or freelance work,1,209.48,12 per year,213.75,195.35,187.04,13,12,private garage,25-50 kW,Reg4,0
43,stable,only partner,Male,medical,6,unknown,1,352.71,1 per year,352.72,295.82,334.16,6,0,street,100 kW,Reg5,0
25,down,same,Female,normal,1,private or freelance work,1,487.49,2 per year,497.44,430.6,477.41,12,9,private garage,25-50 kW,Reg4,0
57,stable,only partner,Male,normal,4,private or freelance work,1,202.8,1 per year,202.81,243.65,210.59,14,3,private garage,75 kW,Reg9,0
47,down,only partner,Male,medical,11,unknown,1,267.38,12 per year,272.84,180.12,238.72,12,0,street,75 kW,Reg11,0
42,stable,same,Female,medical,6,unknown,1,313.31,2 per year,313.33,234.26,316.18,17,10,street,75 kW,Reg3,0
56,down,only partner,Male,normal,1,private or freelance work,1,388.01,1 per year,395.92,431.7,380.91,11,8,private garage,100 kW,Reg8,0
47,down,young drivers,Male,normal,0,private or freelance work,2,256.91,1 per year,262.15,231.16,247.37,16,15,private garage,25-50 kW,Reg12,0
31,stable,same,Male,normal,1,private or freelance work,1,248.46,4 per year,248.47,294.32,257.96,12,3,street,100 kW,Reg10,0
48,down,young drivers,Male,normal,0,private or freelance work,3,763.84,4 per year,887.29,898.6,735.27,15,9,private garage,25-50 kW,Reg14,1
49,stable,young drivers,Male,medical,0,private or freelance work,1,717.66,4 per year,717.68,1054.03,745.11,9,8,private garage,75 kW,Reg7,0
43,stable,only partner,Female,medical,0,private or freelance work,1,108.39,1 per year,108.4,153.16,108.4,17,0,other,75 kW,Reg7,0
44,down,only partner,Female,normal,5,unknown,3,449.24,1 per year,458.41,361.54,375.83,9,3,unknown,100 kW,Reg1,0
72,stable,same,Female,normal,0,private or freelance work,1,195.0,2 per year,195.01,306.35,195.01,18,15,other,75 kW,Reg5,0
40,down,same,Male,normal,0,private or freelance work,1,621.27,4 per year,633.95,484.3,517.98,17,17,private garage,175 kW,Reg8,0
69,down,only partner,Male,normal,6,private or freelance work,2,443.41,1 per year,452.46,377.95,387.83,14,8,private garage,75 kW,Reg4,0
40,down,all drivers > 24,Female,normal,1,private or freelance work,1,202.24,1 per year,206.36,230.94,185.73,13,0,street,25-50 kW,Reg4,0
51,stable,young drivers,Male,normal,0,private or freelance work,1,237.44,4 per year,237.45,268.96,205.8,18,11,parking deck,25-50 kW,Reg6,0
32,stable,same,Female,medical,1,private or freelance work,2,303.1,4 per year,303.11,356.19,314.7,16,10,street,75 kW,Reg9,0
35,stable,only partner,Female,normal,1,private or freelance work,1,324.16,4 per year,324.17,353.12,324.17,18,14,other,75 kW,Reg4,0
41,stable,same,Male,medical,8,unknown,1,360.3,1 per year,353.65,236.34,360.3,8,0,private garage,75 kW,Reg6,0
52,stable,only partner,Female,normal,0,private or freelance work,2,124.14,1 per year,124.15,142.64,121.89,7,0,private garage,75 kW,Reg10,0
56,stable,only partner,Male,medical,6,unknown,1,266.46,1 per year,266.47,244.48,254.62,8,2,private garage,75 kW,Reg8,0
40,stable,same,Female,normal,1,private or freelance work,1,262.76,2 per year,262.78,296.38,255.5,14,7,other,25-50 kW,Reg3,0
62,stable,same,Male,normal,8,unknown,1,197.51,1 per year,197.51,189.15,197.51,13,4,private garage,100 kW,Reg8,0
31,stable,same,Male,normal,1,private or freelance work,1,179.84,4 per year,179.85,268.69,188.37,13,5,street,75 kW,Reg13,1
38,stable,all drivers > 24,Male,normal,0,private or freelance work,2,214.26,2 per year,214.27,277.05,224.66,12,11,private garage,75 kW,Reg8,0
56,stable,all drivers > 24,Female,medical,0,private or freelance work,1,329.96,1 per year,329.98,402.84,349.45,14,8,street,75 kW,Reg9,0
48,stable,all drivers > 24,Male,normal,0,private or freelance work,2,194.98,1 per year,194.99,332.2,215.9,16,6,private garage,75 kW,Reg3,0
36,stable,only partner,Male,medical,3,private or freelance work,1,261.69,1 per year,261.69,236.51,261.69,11,3,unknown,100 kW,Reg5,0
45,stable,only partner,Male,medical,8,unknown,2,328.75,1 per year,328.76,416.32,367.91,14,4,private garage,125-300 kW,Reg5,1
32,stable,all drivers > 24,Male,normal,2,private or freelance work,1,370.87,1 per year,370.89,310.75,381.61,17,15,street,75 kW,Reg5,0
41,down,only partner,Female,normal,0,private or freelance work,1,260.63,1 per year,265.95,277.4,239.35,13,9,carport,100 kW,Reg7,0
51,stable,same,Male,normal,8,private or freelance work,1,254.01,1 per year,254.03,196.81,254.03,5,4,private garage,75 kW,Reg3,0
56,down,only partner,Male,normal,0,private or freelance work,1,244.6,4 per year,249.59,322.52,253.69,15,11,private garage,25-50 kW,Reg4,0
32,down,same,Male,normal,0,private or freelance work,1,625.77,12 per year,652.98,567.51,544.15,15,14,other,75 kW,Reg7,0
42,down,only partner,Male,normal,1,private or freelance work,3,293.15,1 per year,299.14,316.42,258.74,17,5,underground garage,75 kW,Reg7,1
42,down,same,Male,normal,2,private or freelance work,1,305.06,12 per year,311.29,313.16,280.15,16,6,private garage,100 kW,Reg4,0
36,stable,only partner,Male,normal,3,private or freelance work,1,175.26,1 per year,175.28,195.31,175.28,12,4,private garage,75 kW,Reg12,0
25,down,same,Male,normal,0,private or freelance work,1,249.18,1 per year,254.26,306.38,249.0,14,7,street,25-50 kW,Reg14,0
51,stable,only partner,Male,medical,0,private or freelance work,1,424.72,2 per year,424.74,540.91,409.16,9,3,parking deck,125-300 kW,Reg7,0
30,down,same,Male,normal,0,private or freelance work,1,259.99,2 per year,265.3,300.07,235.83,12,10,carport,125-300 kW,Reg4,1
41,down,only partner,Male,normal,0,private or freelance work,1,391.49,1 per year,399.47,525.19,363.16,17,12,other,100 kW,Reg4,0
36,stable,only partner,Male,medical,3,private or freelance work,4,447.86,12 per year,447.87,256.39,435.71,17,14,private garage,25-50 kW,Reg6,0
72,stable,same,Female,normal,1,private or freelance work,1,388.09,2 per year,388.1,434.44,388.1,13,12,parking deck,75 kW,Reg10,0
36,stable,only partner,Female,medical,0,private or freelance work,1,148.32,1 per year,148.34,231.8,148.34,13,7,street,75 kW,Reg3,0
39,down,only partner,Female,normal,1,private or freelance work,1,298.2,4 per year,304.29,269.65,266.25,17,16,private garage,125-300 kW,Reg14,0
24,down,young drivers,Female,medical,0,private or freelance work,1,358.01,4 per year,365.31,342.49,324.95,13,13,private garage,25-50 kW,Reg12,0
38,down,young drivers,Male,normal,5,unknown,2,478.9,12 per year,488.68,318.24,413.31,15,9,unknown,25-50 kW,Reg12,0
77,up,only partner,Male,medical,9,private or freelance work,1,255.56,1 per year,170.38,294.11,253.14,9,0,private garage,100 kW,Reg7,0
55,stable,same,Male,medical,4,private or freelance work,3,283.41,1 per year,283.43,276.08,283.43,18,16,unknown,100 kW,Reg13,0
38,stable,only partner,Male,normal,5,private or freelance work,1,201.11,1 per year,201.12,212.74,199.29,13,4,unknown,100 kW,Reg7,1
37,down,only partner,Female,medical,0,private or freelance work,1,186.1,1 per year,189.9,212.31,176.75,12,0,private garage,75 kW,Reg8,1
30,down,same,Male,medical,1,private or freelance work,1,459.55,12 per year,468.93,380.16,417.87,12,8,street,75 kW,Reg1,0
31,down,same,Female,normal,0,private or freelance work,1,559.5,4 per year,649.93,612.02,563.89,15,14,private garage,75 kW,Reg3,0
38,stable,only partner,Male,medical,2,private or freelance work,1,262.79,1 per year,262.8,268.24,250.94,13,8,street,100 kW,Reg7,0
37,down,same,Female,normal,1,private or freelance work,1,425.21,4 per year,443.7,382.65,383.56,15,13,other,25-50 kW,Reg3,0
25,down,same,Female,normal,2,private or freelance work,1,508.85,12 per year,519.24,424.7,441.67,14,10,private garage,75 kW,Reg4,0
52,down,same,Male,medical,0,private or freelance work,2,286.17,1 per year,292.01,391.49,262.8,16,10,private garage,100 kW,Reg8,0
35,down,same,Male,normal,0,private or freelance work,1,844.22,4 per year,980.66,787.05,767.45,17,16,private garage,75 kW,Reg8,0
54,down,same,Male,normal,0,private or freelance work,4,377.63,4 per year,385.34,370.71,373.26,18,18,private garage,25-50 kW,Reg7,0
36,down,same,Female,normal,0,private or freelance work,1,371.95,4 per year,388.12,336.75,323.47,17,15,private garage,25-50 kW,Reg10,0
53,stable,only partner,Male,medical,1,private or freelance work,1,207.75,1 per year,207.76,219.75,207.76,14,10,private garage,100 kW,Reg7,0
41,stable,same,Female,medical,7,unknown,1,263.84,1 per year,263.85,211.7,271.29,14,7,street,75 kW,Reg5,0
21,down,same,Male,normal,0,private or freelance work,1,404.43,1 per year,412.69,488.59,381.5,12,9,private garage,25-50 kW,Reg4,0
41,up,all drivers > 24,Male,normal,4,private or freelance work,3,657.65,4 per year,493.24,541.36,657.65,18,17,other,75 kW,Reg4,0
34,down,only partner,Male,normal,0,private or freelance work,2,575.44,12 per year,668.44,677.06,596.67,18,17,parking deck,125-300 kW,Reg7,0
53,stable,only partner,Female,medical,8,private or freelance work,1,151.82,1 per year,151.84,208.15,159.0,13,5,private garage,25-50 kW,Reg5,0
43,down,same,Male,medical,6,unknown,2,522.46,2 per year,533.12,339.03,449.66,16,10,street,75 kW,Reg5,0
60,down,all drivers > 24,Male,medical,0,private or freelance work,1,319.84,4 per year,333.75,341.57,278.12,5,2,other,25-50 kW,Reg10,0
53,down,same,Female,normal,7,private or freelance work,1,236.14,4 per year,240.96,232.85,230.55,18,11,private garage,25-50 kW,Reg4,0
48,stable,only partner,Male,normal,8,unknown,1,291.41,2 per year,291.42,216.16,283.62,13,2,private garage,25-50 kW,Reg12,0
53,stable,only partner,Male,normal,1,private or freelance work,1,260.95,1 per year,260.96,269.11,270.99,15,7,street,25-50 kW,Reg9,0
37,stable,all drivers > 24,Female,normal,0,private or freelance work,1,264.15,4 per year,264.16,377.78,264.16,16,13,street,75 kW,Reg4,0
34,down,only partner,Male,normal,1,private or freelance work,1,658.05,4 per year,921.91,668.04,535.69,9,8,private garage,100 kW,Reg14,1
26,down,young drivers,Male,normal,0,private or freelance work,1,509.75,2 per year,520.15,561.2,509.04,0,0,parking deck,100 kW,Reg7,0
45,down,young drivers,Male,normal,0,private or freelance work,1,379.95,4 per year,387.7,496.27,345.35,16,16,private garage,25-50 kW,Reg13,0
42,down,same,Male,normal,2,private or freelance work,1,240.08,1 per year,244.97,171.83,202.89,18,0,private garage,100 kW,Reg7,0
31,stable,same,Female,medical,0,private or freelance work,1,246.05,1 per year,246.06,329.64,246.06,17,14,street,75 kW,Reg7,0
24,up,only partner,Female,normal,0,private or freelance work,1,1215.26,12 per year,963.82,1213.86,1215.26,13,12,private garage,75 kW,Reg3,0
26,down,all drivers > 24,Male,normal,0,private or freelance work,3,466.14,1 per year,475.65,472.48,407.7,11,7,street,75 kW,Reg3,1
35,down,same,Male,medical,3,private or freelance work,1,230.31,4 per year,235.01,277.82,215.42,6,3,private garage,25-50 kW,Reg9,0
41,down,only partner,Male,normal,4,private or freelance work,1,348.38,1 per year,355.49,262.02,326.15,11,4,unknown,25-50 kW,Reg3,0
60,down,young drivers,Female,normal,8,private or freelance work,1,493.81,12 per year,503.89,362.35,466.73,15,7,parking deck,75 kW,Reg7,0
73,stable,same,Female,normal,2,private or freelance work,1,299.09,1 per year,299.1,279.32,299.1,9,9,parking deck,100 kW,Reg7,0
45,stable,young drivers,Male,medical,3,private or freelance work,1,697.9,4 per year,697.91,518.0,697.91,12,10,carport,25-50 kW,Reg4,0
37,down,same,Male,normal,0,private or freelance work,1,620.27,12 per year,720.51,664.91,591.07,18,17,private garage,100 kW,Reg8,1
31,stable,only partner,Female,medical,0,private or freelance work,2,317.65,1 per year,317.66,234.88,317.66,6,6,private garage,175 kW,Reg7,0
37,stable,only partner,Female,medical,5,unknown,1,249.7,1 per year,237.82,282.79,253.58,11,3,unknown,75 kW,Reg4,0
23,down,same,Male,medical,0,private or freelance work,1,704.82,2 per year,818.72,648.09,665.46,8,8,other,25-50 kW,Reg7,0
46,stable,same,Male,medical,6,unknown,7,484.86,1 per year,484.87,392.45,484.87,18,11,carport,75 kW,Reg4,0
51,up,commercial,Male,normal,2,unknown,1,527.67,4 per year,335.79,552.79,527.66,14,12,unknown,75 kW,Reg4,0
47,stable,only partner,Male,normal,4,private or freelance work,1,711.89,2 per year,711.9,493.41,746.66,13,4,unknown,100 kW,Reg5,0
40,down,only partner,Male,medical,1,private or freelance work,1,329.99,1 per year,336.73,479.79,311.96,16,11,street,100 kW,Reg8,0
45,stable,only partner,Male,medical,4,private or freelance work,1,159.47,2 per year,159.49,224.85,159.49,17,7,street,75 kW,Reg4,0
26,up,same,Female,medical,0,private or freelance work,1,611.69,4 per year,398.93,859.0,634.99,13,10,carport,100 kW,Reg6,0
41,stable,same,Male,medical,0,private or freelance work,1,188.81,2 per year,188.82,300.65,188.82,16,8,private garage,75 kW,Reg7,0
44,stable,same,Male,normal,2,private or freelance work,1,232.73,4 per year,232.74,223.38,232.74,13,1,private garage,75 kW,Reg10,0
37,stable,only partner,Male,medical,0,private or freelance work,1,105.54,1 per year,105.55,178.36,121.82,12,6,private garage,75 kW,Reg12,0
49,stable,only partner,Female,medical,6,private or freelance work,1,273.8,1 per year,268.64,300.06,273.8,2,1,private garage,75 kW,Reg2,0
37,down,same,Male,normal,6,private or freelance work,1,406.36,4 per year,414.65,296.36,355.41,11,10,private garage,25-50 kW,Reg7,1
38,down,all drivers > 24,Male,normal,0,private or freelance work,1,199.54,1 per year,203.61,194.62,171.69,8,8,parking deck,100 kW,Reg12,1
26,down,same,Female,normal,0,private or freelance work,2,638.06,12 per year,741.18,664.9,619.66,17,16,street,25-50 kW,Reg4,0
22,down,same,Male,normal,0,private or freelance work,1,867.73,12 per year,1007.98,856.5,843.59,12,12,street,25-50 kW,Reg4,0
45,down,only partner,Male,normal,7,unknown,2,403.25,1 per year,411.47,327.82,377.5,9,4,unknown,25-50 kW,Reg7,0
31,down,same,Female,normal,1,private or freelance work,1,336.54,1 per year,343.41,338.74,297.92,12,8,private garage,100 kW,Reg8,1
44,stable,same,Female,normal,0,private or freelance work,1,316.06,4 per year,316.08,270.43,328.33,9,9,parking deck,25-50 kW,Reg7,0
35,stable,only partner,Male,normal,0,private or freelance work,1,209.95,1 per year,209.96,279.16,209.96,7,0,private garage,125-300 kW,Reg4,0
41,stable,same,Male,normal,7,private or freelance work,1,224.36,1 per year,224.36,190.9,224.36,7,0,other,125-300 kW,Reg6,0
37,down,only partner,Male,normal,2,private or freelance work,1,217.74,12 per year,222.19,232.89,192.2,18,9,private garage,100 kW,Reg13,0
30,down,same,Female,normal,2,private or freelance work,1,565.03,4 per year,576.56,569.83,538.12,12,9,street,25-50 kW,Reg2,0
45,stable,same,Male,normal,0,private or freelance work,1,326.18,2 per year,326.19,400.93,313.86,16,11,street,25-50 kW,Reg9,0
74,stable,same,Male,normal,9,unknown,1,234.85,1 per year,234.86,260.49,230.51,16,7,street,25-50 kW,Reg6,0
27,down,only partner,Female,medical,0,private or freelance work,1,600.7,2 per year,697.79,670.12,546.1,9,9,parking deck,25-50 kW,Reg5,0
29,stable,same,Female,normal,0,private or freelance work,1,147.05,1 per year,147.06,176.96,147.06,12,8,private garage,25-50 kW,Reg12,0
44,stable,only partner,Male,normal,1,private or freelance work,2,195.0,1 per year,195.01,263.35,186.08,15,7,street,125-300 kW,Reg2,1
34,down,same,Male,medical,3,private or freelance work,1,270.57,2 per year,276.09,345.53,248.47,14,6,underground garage,100 kW,Reg2,0
33,stable,only partner,Female,normal,1,private or freelance work,1,184.64,4 per year,184.65,272.19,203.96,16,12,other,25-50 kW,Reg3,0
36,stable,only partner,Male,normal,2,private or freelance work,3,212.64,1 per year,212.65,306.79,214.66,11,8,parking deck,75 kW,Reg3,0
35,down,only partner,Male,normal,1,private or freelance work,3,380.41,4 per year,388.18,473.89,352.89,13,10,private garage,125-300 kW,Reg4,0
52,stable,same,Male,normal,1,private or freelance work,2,232.75,1 per year,232.76,276.55,232.76,17,9,underground garage,75 kW,Reg5,0
37,stable,same,Male,normal,0,private or freelance work,1,221.35,1 per year,221.36,246.62,221.36,17,12,private garage,75 kW,Reg14,0
32,up,same,Female,medical,6,unknown,1,1072.98,12 per year,757.4,645.82,996.91,17,11,street,100 kW,Reg2,0
24,down,same,Female,normal,1,private or freelance work,1,496.49,12 per year,506.62,418.52,451.58,8,5,carport,75 kW,Reg11,1
52,stable,same,Male,normal,6,unknown,1,322.78,4 per year,322.79,217.65,308.44,9,3,street,25-50 kW,Reg12,0
57,stable,same,Male,normal,2,private or freelance work,1,218.63,12 per year,218.64,257.75,210.5,17,13,parking deck,100 kW,Reg8,0
29,down,same,Female,normal,1,private or freelance work,1,268.48,12 per year,273.96,272.53,258.3,12,9,street,25-50 kW,Reg3,0
35,down,same,Female,medical,6,unknown,3,189.25,1 per year,193.11,127.79,179.93,7,1,street,25-50 kW,Reg7,1
79,stable,same,Male,normal,7,private or freelance work,1,230.01,4 per year,230.03,253.41,232.2,16,9,private garage,75 kW,Reg6,0
41,stable,all drivers > 24,Male,normal,9,private or freelance work,1,285.35,1 per year,285.35,281.16,285.35,2,1,underground garage,75 kW,Reg5,0
58,stable,same,Female,medical,10,private or freelance work,1,134.5,1 per year,134.51,143.52,137.0,12,0,parking deck,75 kW,Reg3,0
71,up,same,Male,normal,4,private or freelance work,1,594.37,4 per year,462.29,938.09,594.38,12,9,parking deck,25-50 kW,Reg4,0
50,down,same,Male,normal,10,unknown,1,388.26,1 per year,396.19,291.9,365.41,10,0,private garage,75 kW,Reg10,0
23,down,same,Female,normal,0,private or freelance work,1,575.24,4 per year,586.97,536.06,625.68,10,10,private garage,25-50 kW,Reg4,1
42,stable,only partner,Male,medical,6,unknown,2,245.56,1 per year,245.58,220.89,241.2,12,6,private garage,75 kW,Reg8,0
47,stable,only partner,Male,normal,4,private or freelance work,1,198.15,1 per year,198.15,192.22,198.15,10,1,private garage,75 kW,Reg4,0
65,stable,same,Male,normal,2,private or freelance work,1,240.86,1 per year,240.87,288.64,252.47,17,5,other,125-300 kW,Reg4,0
36,down,same,Male,normal,0,private or freelance work,1,480.79,2 per year,490.6,587.81,484.78,15,14,private garage,75 kW,Reg9,0
32,stable,only partner,Male,medical,1,private or freelance work,2,385.3,4 per year,385.31,386.91,364.04,2,0,underground garage,150 kW,Reg2,0
28,down,only partner,Female,normal,1,private or freelance work,2,613.33,12 per year,625.85,497.41,573.7,17,15,parking deck,100 kW,Reg7,0
48,down,young drivers,Male,normal,1,private or freelance work,2,471.96,2 per year,481.59,334.04,433.18,9,4,street,25-50 kW,Reg12,0
36,down,only partner,Male,medical,2,private or freelance work,1,449.54,1 per year,458.71,415.23,445.01,12,10,street,25-50 kW,Reg9,0
27,stable,only partner,Female,medical,1,private or freelance work,1,286.58,1 per year,286.59,327.61,286.59,17,11,street,75 kW,Reg5,0
36,stable,same,Male,normal,0,private or freelance work,1,280.04,4 per year,280.05,348.27,280.05,16,13,private garage,100 kW,Reg2,0
64,up,only partner,Male,medical,9,unknown,1,540.5,2 per year,393.09,561.24,621.55,13,2,private garage,100 kW,Reg9,0
74,up,only partner,Male,medical,0,private or freelance work,1,227.6,1 per year,165.52,345.39,227.6,18,3,carport,100 kW,Reg7,0
40,down,only partner,Female,normal,1,private or freelance work,3,430.44,2 per year,439.23,454.0,430.11,11,9,private garage,125-300 kW,Reg6,0
38,stable,only partner,Male,normal,1,private or freelance work,2,204.99,4 per year,205.0,230.58,205.0,14,6,carport,25-50 kW,Reg12,0
46,down,same,Male,normal,1,private or freelance work,2,413.94,1 per year,422.39,348.94,383.99,3,3,carport,125-300 kW,Reg5,0
42,down,young drivers,Female,medical,0,private or freelance work,2,664.35,4 per year,930.74,837.85,577.7,12,10,parking deck,25-50 kW,Reg1,0
53,stable,same,Female,normal,2,private or freelance work,1,473.34,2 per year,473.35,356.05,473.35,17,14,private garage,75 kW,Reg14,0
41,stable,same,Male,normal,0,private or freelance work,1,325.2,12 per year,325.21,297.77,310.13,11,8,private garage,75 kW,Reg12,1
33,up,same,Female,normal,0,private or freelance work,1,1072.13,4 per year,850.31,1130.67,1103.05,16,16,private garage,100 kW,Reg7,1
44,stable,same,Female,medical,13,unknown,1,338.84,1 per year,338.85,207.41,323.75,13,0,private garage,100 kW,Reg14,0
33,stable,only partner,Male,normal,0,private or freelance work,1,200.45,2 per year,200.46,269.3,191.42,16,13,carport,75 kW,Reg1,0
61,stable,only partner,Female,normal,4,private or freelance work,1,237.86,4 per year,237.88,278.48,244.58,12,4,private garage,100 kW,Reg3,0
42,stable,only partner,Male,medical,6,unknown,1,327.91,1 per year,327.92,275.62,330.86,10,3,private garage,75 kW,Reg8,0
32,down,same,Female,medical,2,private or freelance work,1,294.72,2 per year,300.74,300.89,270.66,8,4,street,100 kW,Reg4,0
74,stable,same,Male,normal,9,unknown,1,404.21,1 per year,404.23,330.06,411.67,17,7,private garage,75 kW,Reg8,0
41,stable,only partner,Male,normal,11,unknown,1,349.79,4 per year,349.8,296.19,387.1,9,4,unknown,100 kW,Reg13,0
29,stable,young drivers,Male,normal,0,private or freelance work,1,665.94,4 per year,665.95,647.89,665.95,16,16,private garage,75 kW,Reg14,0
32,down,same,Female,medical,0,private or freelance work,1,188.74,1 per year,192.59,247.7,179.74,13,6,other,25-50 kW,Reg8,0
36,down,same,Male,normal,1,private or freelance work,1,527.52,2 per year,612.78,784.19,556.74,14,10,parking deck,100 kW,Reg3,0
38,stable,same,Male,normal,0,private or freelance work,1,152.66,2 per year,152.67,178.58,158.37,14,7,street,100 kW,Reg4,0
36,stable,same,Female,medical,7,unknown,1,324.79,1 per year,324.8,296.9,316.09,12,5,street,75 kW,Reg1,1
30,down,same,Male,medical,0,private or freelance work,2,520.65,4 per year,531.27,495.05,495.85,8,8,street,125-300 kW,Reg3,0
52,stable,only partner,Male,medical,0,private or freelance work,1,119.66,1 per year,119.67,185.66,119.67,17,10,other,100 kW,Reg1,0
51,stable,same,Male,normal,8,private or freelance work,1,254.53,4 per year,254.54,263.55,254.54,16,7,private garage,100 kW,Reg4,0
42,down,same,Female,medical,0,private or freelance work,1,653.63,1 per year,759.26,523.6,561.66,1,1,street,100 kW,Reg5,0
34,down,same,Female,normal,0,private or freelance work,1,668.87,12 per year,776.98,724.99,608.06,10,9,parking deck,75 kW,Reg4,0
49,down,all drivers > 24,Female,medical,1,private or freelance work,4,691.9,4 per year,706.03,566.24,605.16,13,9,parking deck,150 kW,Reg7,0
58,stable,same,Male,normal,2,private or freelance work,1,192.41,4 per year,192.41,188.41,192.41,15,3,private garage,75 kW,Reg13,0
36,down,same,Female,medical,0,private or freelance work,1,232.27,1 per year,237.01,229.03,186.64,12,8,street,75 kW,Reg12,0
49,down,young drivers,Female,normal,0,private or freelance work,3,539.47,12 per year,550.48,480.04,485.53,12,8,carport,75 kW,Reg3,0
55,stable,same,Male,normal,2,private or freelance work,1,280.11,2 per year,280.13,238.56,280.13,18,13,street,25-50 kW,Reg4,0
28,down,only partner,Female,normal,1,private or freelance work,2,394.67,12 per year,402.72,469.86,345.19,9,5,private garage,100 kW,Reg3,0
40,down,only partner,Male,normal,1,private or freelance work,2,455.16,4 per year,464.45,365.88,406.31,16,15,parking deck,75 kW,Reg12,0
41,down,all drivers > 24,Male,normal,0,private or freelance work,1,814.77,4 per year,946.45,930.86,706.2,9,8,private garage,100 kW,Reg8,0
34,stable,only partner,Female,medical,0,private or freelance work,2,194.26,1 per year,194.27,251.79,187.26,17,12,carport,100 kW,Reg8,0
34,down,only partner,Female,medical,4,private or freelance work,1,690.32,1 per year,704.41,483.76,570.7,14,10,unknown,25-50 kW,Reg6,0
30,down,same,Female,medical,0,private or freelance work,1,398.69,12 per year,416.03,487.64,346.71,10,9,private garage,75 kW,Reg14,0
56,stable,young drivers,Female,medical,0,private or freelance work,1,215.75,1 per year,215.76,279.02,215.76,13,9,other,25-50 kW,Reg5,0
22,down,same,Female,medical,0,private or freelance work,1,450.05,1 per year,469.61,546.64,391.34,15,14,private garage,25-50 kW,Reg7,0
49,down,only partner,Female,medical,11,unknown,1,344.78,4 per year,351.81,163.26,283.44,16,5,private garage,100 kW,Reg8,0
37,stable,same,Male,normal,1,private or freelance work,1,221.18,1 per year,221.19,273.19,215.17,5,0,private garage,100 kW,Reg5,0
37,stable,only partner,Male,medical,2,private or freelance work,2,211.76,1 per year,211.77,207.3,211.77,12,5,carport,100 kW,Reg3,1
30,stable,all drivers > 24,Male,normal,0,private or freelance work,2,336.32,1 per year,336.34,455.49,336.34,15,5,carport,75 kW,Reg7,0
39,stable,same,Male,normal,1,private or freelance work,1,281.11,4 per year,281.12,241.09,281.12,18,18,private garage,100 kW,Reg13,0
23,stable,same,Female,normal,1,private or freelance work,1,475.67,4 per year,475.69,468.16,494.14,14,9,street,75 kW,Reg8,0
38,stable,same,Male,normal,2,private or freelance work,2,274.08,4 per year,274.09,213.12,274.09,9,7,street,75 kW,Reg7,0
44,down,same,Female,medical,3,private or freelance work,1,415.46,1 per year,423.94,268.4,363.38,12,0,unknown,25-50 kW,Reg7,0
41,down,all drivers > 24,Male,medical,0,private or freelance work,2,276.91,1 per year,282.56,404.35,259.01,17,9,private garage,75 kW,Reg7,0
38,down,only partner,Male,normal,0,private or freelance work,1,410.63,4 per year,419.01,508.18,391.07,11,11,street,100 kW,Reg5,0
37,stable,all drivers > 24,Female,normal,2,private or freelance work,1,346.57,2 per year,346.59,404.98,384.29,13,7,private garage,75 kW,Reg9,0
24,down,same,Female,normal,1,private or freelance work,1,704.84,1 per year,735.49,600.65,607.15,11,9,parking deck,75 kW,Reg11,0
41,up,same,Male,normal,0,private or freelance work,1,346.27,4 per year,242.39,431.69,346.27,17,15,private garage,75 kW,Reg4,1
44,stable,same,Female,medical,3,private or freelance work,1,250.62,1 per year,250.64,205.09,264.93,8,0,unknown,75 kW,Reg12,0
60,stable,only partner,Female,medical,9,unknown,2,172.04,1 per year,172.05,170.64,163.09,16,6,private garage,150 kW,Reg7,0
60,stable,only partner,Male,normal,1,private or freelance work,1,182.1,2 per year,182.11,214.11,182.11,18,13,private garage,100 kW,Reg5,0
63,down,same,Male,normal,9,private or freelance work,1,200.31,2 per year,204.4,245.73,161.0,18,12,street,75 kW,Reg5,0
46,stable,same,Male,normal,1,private or freelance work,1,156.9,1 per year,156.91,190.41,151.23,18,9,private garage,150 kW,Reg7,0
58,down,all drivers > 24,Female,normal,2,private or freelance work,1,305.83,1 per year,312.08,261.7,283.53,16,10,street,25-50 kW,Reg9,0
41,down,same,Male,medical,4,private or freelance work,1,444.77,1 per year,453.85,404.94,389.01,10,0,street,75 kW,Reg14,0
53,stable,only partner,Male,normal,2,private or freelance work,1,221.3,12 per year,221.31,192.15,221.31,18,8,private garage,75 kW,Reg11,1
33,down,same,Male,normal,1,private or freelance work,1,444.14,4 per year,453.2,445.83,415.44,14,9,street,100 kW,Reg4,0
38,stable,only partner,Male,medical,10,unknown,1,243.31,2 per year,243.33,215.06,247.75,10,0,private garage,100 kW,Reg4,0
21,down,same,Male,normal,0,private or freelance work,7,739.94,1 per year,755.04,639.21,647.2,9,8,private garage,75 kW,Reg10,0
75,down,same,Male,normal,8,private or freelance work,1,221.91,1 per year,226.44,184.09,198.14,18,4,private garage,75 kW,Reg11,0
83,down,only partner,Male,normal,9,unknown,2,449.89,2 per year,459.08,358.04,419.66,15,4,private garage,75 kW,Reg3,0
42,stable,only partner,Female,medical,9,private or freelance work,1,169.87,1 per year,168.43,147.01,169.87,12,0,private garage,75 kW,Reg11,0
41,down,all drivers > 24,Male,medical,1,private or freelance work,3,353.74,4 per year,360.96,387.14,350.53,13,12,underground garage,25-50 kW,Reg4,0
50,down,same,Male,normal,7,private or freelance work,2,401.95,2 per year,410.15,336.71,369.12,17,16,parking deck,125-300 kW,Reg5,0
46,stable,same,Male,medical,10,private or freelance work,3,302.35,1 per year,302.36,347.7,316.61,17,7,underground garage,125-300 kW,Reg7,0
37,down,same,Male,normal,0,private or freelance work,1,393.15,4 per year,401.18,427.45,343.86,8,3,carport,75 kW,Reg3,0
68,stable,same,Male,normal,1,private or freelance work,1,235.6,2 per year,235.61,248.89,229.06,11,4,parking deck,75 kW,Reg13,0
42,down,same,Female,medical,8,unknown,1,384.42,2 per year,392.26,246.26,347.24,15,7,private garage,25-50 kW,Reg3,1
26,down,only partner,Female,normal,1,private or freelance work,1,698.42,4 per year,712.68,531.81,610.79,9,7,parking deck,100 kW,Reg12,1
27,down,same,Male,normal,0,private or freelance work,1,650.83,12 per year,679.12,653.81,576.86,18,17,street,100 kW,Reg11,0
42,stable,only partner,Male,normal,8,unknown,2,245.14,1 per year,242.86,217.3,245.14,12,4,private garage,75 kW,Reg5,0
42,down,only partner,Male,normal,2,private or freelance work,1,434.04,1 per year,442.9,389.55,398.61,6,4,private garage,125-300 kW,Reg8,1
58,down,all drivers > 24,Male,medical,0,private or freelance work,1,270.41,1 per year,275.93,344.26,241.39,11,6,private garage,75 kW,Reg4,0
25,down,same,Male,medical,1,private or freelance work,1,848.39,12 per year,885.27,621.93,744.74,10,6,other,75 kW,Reg6,1
35,down,same,Female,normal,0,private or freelance work,1,229.53,4 per year,234.21,275.1,224.86,17,14,other,25-50 kW,Reg7,0
43,down,only partner,Female,normal,3,private or freelance work,1,550.83,4 per year,562.08,331.56,505.86,12,3,unknown,125-300 kW,Reg1,1
23,down,same,Male,normal,1,private or freelance work,1,834.6,4 per year,1169.25,590.52,782.38,13,11,private garage,25-50 kW,Reg3,1
44,down,only partner,Male,normal,1,private or freelance work,1,288.57,4 per year,294.46,289.32,274.33,18,18,private garage,75 kW,Reg7,0
49,stable,only partner,Male,medical,1,private or freelance work,4,225.23,1 per year,225.24,267.98,225.24,17,7,private garage,100 kW,Reg10,0
37,down,all drivers > 24,Male,normal,2,private or freelance work,1,420.19,1 per year,428.76,367.43,375.16,14,11,other,150 kW,Reg8,0
47,stable,same,Female,medical,0,private or freelance work,1,202.31,4 per year,202.33,278.1,189.68,16,13,private garage,75 kW,Reg8,0
44,down,same,Female,normal,0,private or freelance work,1,958.94,12 per year,1113.93,802.26,871.76,12,12,street,25-50 kW,Reg4,0
41,down,young drivers,Female,medical,0,private or freelance work,2,156.29,1 per year,159.48,200.7,141.76,12,9,private garage,25-50 kW,Reg12,0
38,stable,young drivers,Female,normal,7,unknown,1,554.36,12 per year,554.38,459.65,559.63,13,6,private garage,100 kW,Reg12,1
53,down,same,Male,normal,0,private or freelance work,1,416.03,4 per year,424.52,455.39,363.88,11,5,street,100 kW,Reg4,0
30,down,only partner,Female,normal,1,private or freelance work,1,583.53,4 per year,595.44,576.05,566.45,12,10,parking deck,75 kW,Reg8,0
57,stable,same,Female,medical,0,private or freelance work,1,125.16,1 per year,125.17,159.66,133.39,16,6,private garage,100 kW,Reg6,0
22,down,same,Female,medical,1,private or freelance work,1,555.79,1 per year,567.14,563.44,486.11,16,11,underground garage,75 kW,Reg8,0
42,stable,same,Male,medical,6,private or freelance work,2,229.24,2 per year,229.25,222.29,240.24,12,5,street,75 kW,Reg12,0
59,stable,all drivers > 24,Male,normal,2,private or freelance work,1,290.97,1 per year,290.99,271.52,277.6,16,3,private garage,225 kW,Reg4,0
61,stable,only partner,Male,normal,2,private or freelance work,1,271.9,1 per year,271.91,299.94,271.91,15,4,other,75 kW,Reg4,0
24,down,same,Male,normal,1,private or freelance work,2,508.66,4 per year,519.04,343.96,479.03,18,4,other,75 kW,Reg1,1
66,up,same,Male,medical,9,unknown,1,335.87,1 per year,223.91,474.36,345.49,12,3,carport,75 kW,Reg3,0
44,down,same,Male,normal,3,private or freelance work,1,422.32,12 per year,430.94,355.35,369.98,12,7,unknown,150 kW,Reg7,0
52,stable,young drivers,Male,normal,0,private or freelance work,1,205.79,1 per year,205.8,227.11,205.8,10,4,carport,100 kW,Reg7,1
27,down,only partner,Female,medical,0,private or freelance work,2,243.33,4 per year,248.3,304.95,227.6,14,10,other,25-50 kW,Reg6,0
39,down,only partner,Male,normal,0,private or freelance work,1,411.11,4 per year,419.5,279.81,360.15,13,12,other,125-300 kW,Reg10,0
45,down,same,Male,normal,1,private or freelance work,1,447.95,12 per year,457.09,427.35,426.61,7,0,street,75 kW,Reg7,0
32,up,same,Male,normal,4,private or freelance work,1,1005.16,1 per year,781.79,798.95,949.79,15,11,unknown,100 kW,Reg8,0
73,stable,only partner,Female,normal,12,unknown,1,359.86,2 per year,359.87,287.45,363.2,14,2,street,100 kW,Reg7,0
28,stable,same,Male,normal,0,private or freelance work,1,858.39,4 per year,858.4,804.98,842.29,7,7,street,100 kW,Reg5,0
30,down,same,Male,normal,3,private or freelance work,2,664.53,2 per year,678.09,490.05,615.35,14,10,carport,75 kW,Reg7,0
43,stable,only partner,Male,normal,5,unknown,1,296.44,1 per year,296.45,238.84,270.69,15,6,unknown,100 kW,Reg6,0
27,down,only partner,Female,medical,0,private or freelance work,1,338.44,1 per year,345.35,446.53,321.99,11,7,private garage,125-300 kW,Reg6,1
40,stable,only partner,Male,medical,0,private or freelance work,1,275.49,1 per year,275.5,366.8,286.12,11,8,underground garage,125-300 kW,Reg7,0
42,stable,same,Male,medical,11,unknown,1,355.14,12 per year,348.84,259.05,355.14,15,1,street,125-300 kW,Reg9,0
45,down,all drivers > 24,Female,normal,1,private or freelance work,1,440.25,1 per year,449.24,473.11,371.46,13,9,parking deck,25-50 kW,Reg7,0
37,stable,same,Male,medical,1,private or freelance work,1,220.59,1 per year,220.6,264.36,220.6,15,3,street,100 kW,Reg4,0
38,stable,same,Male,normal,0,private or freelance work,1,178.94,1 per year,178.95,185.2,178.95,13,1,street,25-50 kW,Reg14,0
49,stable,only partner,Male,normal,0,private or freelance work,1,219.81,4 per year,219.83,236.35,236.89,13,0,other,75 kW,Reg6,0
36,down,same,Female,normal,0,private or freelance work,1,719.98,4 per year,836.34,778.9,654.48,18,18,street,25-50 kW,Reg4,0
42,stable,young drivers,Female,normal,0,private or freelance work,1,876.95,4 per year,876.96,1154.15,876.96,9,9,other,25-50 kW,Reg4,0
31,stable,same,Female,normal,0,private or freelance work,1,388.51,1 per year,388.53,327.46,388.53,4,0,underground garage,75 kW,Reg6,0
36,stable,same,Male,medical,0,private or freelance work,1,850.3,4 per year,850.31,1104.3,850.31,17,17,street,150 kW,Reg4,0
34,down,young drivers,Male,normal,2,private or freelance work,1,402.69,4 per year,410.91,331.06,384.1,10,8,private garage,75 kW,Reg7,1
50,stable,same,Male,normal,1,private or freelance work,1,167.44,4 per year,167.45,201.9,173.79,15,7,street,100 kW,Reg3,0
44,stable,young drivers,Male,medical,0,private or freelance work,1,1079.0,4 per year,1079.01,1430.36,1142.96,14,14,street,25-50 kW,Reg9,0
63,stable,only partner,Male,normal,8,private or freelance work,1,255.15,1 per year,255.15,265.64,255.15,13,0,parking deck,75 kW,Reg8,0
38,down,only partner,Male,medical,2,private or freelance work,1,392.67,2 per year,400.69,370.41,354.17,14,12,private garage,75 kW,Reg14,0
26,down,young drivers,Male,medical,0,private or freelance work,1,287.89,1 per year,293.76,396.69,274.19,13,11,private garage,25-50 kW,Reg12,1
36,stable,same,Male,normal,0,private or freelance work,1,247.28,1 per year,247.29,367.79,247.29,15,1,private garage,100 kW,Reg8,1
41,stable,all drivers > 24,Male,normal,1,private or freelance work,1,365.16,1 per year,365.18,397.44,365.18,18,12,street,100 kW,Reg5,1
44,down,same,Male,medical,1,private or freelance work,1,255.2,1 per year,260.41,266.45,234.38,18,9,underground garage,75 kW,Reg7,0
34,down,same,Male,normal,3,private or freelance work,1,303.92,1 per year,310.13,299.95,284.31,14,13,other,25-50 kW,Reg14,0
45,stable,young drivers,Female,medical,9,unknown,1,277.88,1 per year,277.88,342.85,277.88,10,0,private garage,75 kW,Reg4,0
32,down,only partner,Male,medical,2,private or freelance work,1,624.19,2 per year,636.93,526.16,606.67,8,6,street,100 kW,Reg8,0
37,down,same,Male,normal,0,private or freelance work,1,180.06,1 per year,183.74,233.59,165.36,13,4,private garage,75 kW,Reg13,1
34,stable,same,Male,normal,1,private or freelance work,1,402.0,12 per year,402.01,399.09,402.01,17,13,street,75 kW,Reg8,0
50,up,only partner,Male,normal,1,private or freelance work,4,185.77,4 per year,130.04,260.84,185.77,15,5,private garage,75 kW,Reg9,0
72,stable,same,Male,normal,10,unknown,1,205.4,1 per year,205.41,221.0,213.14,17,4,private garage,75 kW,Reg4,0
30,up,only partner,Female,medical,0,private or freelance work,2,381.51,4 per year,317.92,500.59,381.5,12,6,underground garage,75 kW,Reg4,0
41,stable,same,Male,medical,1,private or freelance work,2,388.75,1 per year,388.76,371.4,370.91,14,12,private garage,125-300 kW,Reg7,0
28,stable,same,Male,medical,0,private or freelance work,1,297.67,1 per year,297.69,307.43,297.69,11,11,private garage,125-300 kW,Reg5,0
45,down,young drivers,Male,normal,0,private or freelance work,2,527.17,12 per year,537.92,502.39,489.03,18,17,other,75 kW,Reg4,0
55,stable,all drivers > 24,Male,medical,0,private or freelance work,1,107.27,1 per year,107.29,151.21,102.55,18,13,parking deck,75 kW,Reg4,0
37,down,only partner,Male,normal,2,private or freelance work,1,280.21,1 per year,285.93,248.46,247.2,12,1,private garage,75 kW,Reg12,0
73,down,all drivers > 24,Male,normal,1,private or freelance work,1,267.45,1 per year,272.91,345.99,242.59,15,0,underground garage,100 kW,Reg2,0
48,down,young drivers,Female,normal,0,private or freelance work,1,746.0,1 per year,866.56,796.94,678.19,0,0,other,75 kW,Reg5,0
44,down,same,Male,medical,0,private or freelance work,1,266.83,4 per year,272.28,294.77,233.97,14,4,private garage,100 kW,Reg12,0
38,stable,only partner,Male,normal,0,private or freelance work,1,239.34,1 per year,239.35,298.51,239.35,16,12,private garage,75 kW,Reg3,0
39,stable,same,Male,normal,0,private or freelance work,1,279.04,4 per year,279.05,331.2,289.68,15,13,carport,25-50 kW,Reg6,0
31,down,same,Female,medical,0,private or freelance work,1,212.23,4 per year,216.56,216.94,196.9,9,3,private garage,25-50 kW,Reg14,0
65,stable,only partner,Male,medical,6,unknown,2,488.85,1 per year,488.86,331.93,493.3,14,7,street,75 kW,Reg3,0
47,down,same,Female,medical,0,private or freelance work,1,691.64,4 per year,803.42,766.64,665.46,12,12,other,75 kW,Reg3,0
24,down,same,Male,normal,2,private or freelance work,1,452.75,4 per year,461.99,346.88,423.79,14,8,parking deck,75 kW,Reg4,0
45,down,young drivers,Male,normal,0,private or freelance work,1,294.74,1 per year,300.75,408.96,275.99,10,5,parking deck,75 kW,Reg3,0
48,up,same,Male,normal,1,private or freelance work,1,352.41,4 per year,256.3,457.08,352.4,7,0,parking deck,100 kW,Reg2,0
44,stable,only partner,Male,medical,3,private or freelance work,2,177.74,1 per year,177.75,178.8,177.75,13,7,private garage,100 kW,Reg4,0
42,down,same,Male,normal,1,private or freelance work,1,345.83,12 per year,352.89,364.89,317.6,16,12,parking deck,75 kW,Reg4,0
26,down,same,Male,normal,0,private or freelance work,1,484.23,1 per year,494.11,471.89,452.75,6,4,underground garage,100 kW,Reg4,0
62,stable,all drivers > 24,Female,normal,0,private or freelance work,1,395.79,1 per year,395.8,432.26,369.84,14,13,other,125-300 kW,Reg5,0
40,stable,same,Male,normal,6,private or freelance work,1,221.86,2 per year,221.88,201.98,221.88,7,7,street,25-50 kW,Reg7,0
40,down,same,Male,normal,7,private or freelance work,2,227.31,1 per year,231.95,193.12,208.75,13,13,private garage,25-50 kW,Reg10,0
32,stable,same,Female,normal,2,private or freelance work,1,331.7,1 per year,331.7,248.29,331.7,9,0,underground garage,75 kW,Reg4,0
51,down,all drivers > 24,Female,medical,0,private or freelance work,1,237.91,1 per year,242.76,337.56,226.9,16,10,private garage,25-50 kW,Reg11,0
32,up,only partner,Female,medical,0,private or freelance work,1,354.55,1 per year,295.46,416.79,354.55,17,16,private garage,75 kW,Reg6,0
34,stable,same,Male,normal,2,private or freelance work,1,344.25,12 per year,344.26,375.23,350.84,14,13,private garage,75 kW,Reg8,0
40,up,all drivers > 24,Male,normal,1,private or freelance work,1,353.78,1 per year,265.34,385.54,347.26,11,3,street,75 kW,Reg11,0
34,stable,only partner,Male,medical,0,private or freelance work,1,191.9,1 per year,191.91,259.93,191.91,14,6,private garage,25-50 kW,Reg4,0
79,stable,same,Male,normal,8,unknown,2,221.16,1 per year,221.18,220.67,219.15,9,0,private garage,75 kW,Reg7,1
30,stable,only partner,Female,medical,1,private or freelance work,1,171.79,1 per year,171.8,181.24,168.78,14,0,private garage,25-50 kW,Reg7,0
31,down,same,Male,normal,1,private or freelance work,2,431.96,4 per year,440.77,326.82,416.16,17,15,private garage,75 kW,Reg9,0
58,stable,same,Male,medical,1,private or freelance work,3,154.8,12 per year,154.81,196.05,162.08,18,9,other,75 kW,Reg5,0
29,down,same,Female,medical,0,private or freelance work,1,236.66,2 per year,241.49,274.93,227.1,12,9,street,25-50 kW,Reg9,0
36,down,same,Male,normal,1,private or freelance work,1,439.29,4 per year,448.25,407.29,384.21,13,9,street,75 kW,Reg11,0
34,down,same,Female,normal,0,private or freelance work,1,430.66,4 per year,439.45,444.38,373.53,17,16,private garage,100 kW,Reg8,0
29,stable,only partner,Female,medical,2,private or freelance work,1,467.04,4 per year,467.05,378.81,484.96,14,9,street,25-50 kW,Reg9,0
53,stable,same,Male,medical,2,private or freelance work,1,283.36,4 per year,283.37,231.54,275.59,13,8,other,150 kW,Reg14,0
41,down,young drivers,Female,medical,4,private or freelance work,6,498.59,1 per year,508.76,714.69,457.89,7,3,unknown,100 kW,Reg7,0
60,stable,same,Male,normal,3,private or freelance work,1,573.16,2 per year,573.18,406.0,595.56,10,6,unknown,125-300 kW,Reg8,0
38,down,same,Male,normal,0,private or freelance work,1,222.36,2 per year,226.9,252.62,204.21,10,4,underground garage,75 kW,Reg7,1
26,down,only partner,Female,medical,1,private or freelance work,1,659.79,12 per year,688.48,571.1,595.79,12,10,street,25-50 kW,Reg9,0
29,down,same,Male,normal,1,private or freelance work,1,743.49,12 per year,775.81,616.24,646.51,10,6,private garage,100 kW,Reg13,0
37,down,same,Female,normal,2,private or freelance work,1,276.91,2 per year,282.56,302.26,271.35,8,6,street,100 kW,Reg7,0
40,stable,same,Male,medical,7,unknown,1,355.87,1 per year,355.89,258.24,422.99,18,11,street,25-50 kW,Reg8,0
67,stable,same,Male,normal,2,private or freelance work,3,222.84,1 per year,222.85,299.35,231.45,18,13,other,75 kW,Reg9,0
43,down,young drivers,Male,normal,3,private or freelance work,1,619.1,12 per year,631.74,494.94,579.1,15,15,private garage,25-50 kW,Reg4,1
42,down,only partner,Male,medical,1,private or freelance work,1,233.58,2 per year,238.35,270.96,208.56,18,15,private garage,100 kW,Reg5,0
30,stable,all drivers > 24,Female,medical,0,private or freelance work,1,267.81,1 per year,267.81,337.57,267.81,11,11,other,125-300 kW,Reg1,0
34,down,same,Male,normal,1,private or freelance work,1,297.61,4 per year,303.69,358.89,289.34,15,9,private garage,100 kW,Reg13,1
48,stable,same,Female,normal,0,private or freelance work,1,144.83,1 per year,144.84,211.18,153.06,16,9,parking deck,25-50 kW,Reg3,0
53,stable,only partner,Male,normal,1,private or freelance work,1,172.2,1 per year,172.2,213.15,172.2,10,0,private garage,125-300 kW,Reg8,0
39,stable,same,Female,medical,1,private or freelance work,1,268.89,1 per year,268.9,324.8,268.9,13,7,street,75 kW,Reg5,1
46,stable,same,Male,medical,2,private or freelance work,1,229.09,1 per year,229.1,191.74,220.91,18,1,private garage,75 kW,Reg12,0
33,stable,only partner,Female,normal,0,private or freelance work,1,129.54,4 per year,129.55,196.18,129.55,14,6,other,75 kW,Reg13,0
59,down,same,Male,medical,5,unknown,3,307.5,1 per year,313.78,196.18,268.95,18,16,unknown,25-50 kW,Reg9,0
43,down,same,Female,medical,8,unknown,1,297.54,1 per year,303.61,210.05,272.22,9,1,street,25-50 kW,Reg5,0
37,down,only partner,Male,normal,2,private or freelance work,1,292.6,4 per year,298.58,307.55,265.4,18,13,private garage,75 kW,Reg4,1
38,down,only partner,Male,normal,0,private or freelance work,3,493.0,4 per year,503.06,528.66,479.2,10,9,other,125-300 kW,Reg12,1
50,stable,same,Male,medical,9,unknown,1,263.2,1 per year,263.21,179.97,249.61,13,3,private garage,75 kW,Reg4,0
48,stable,only partner,Male,medical,8,unknown,1,236.66,1 per year,232.46,230.45,236.66,14,6,private garage,25-50 kW,Reg6,0
68,stable,only partner,Male,normal,8,private or freelance work,2,314.17,12 per year,314.17,267.04,314.17,12,10,private garage,75 kW,Reg10,0
39,down,only partner,Male,medical,4,private or freelance work,2,351.18,4 per year,358.35,272.91,314.03,10,6,unknown,25-50 kW,Reg7,0
31,up,only partner,Male,normal,0,private or freelance work,1,1002.32,4 per year,653.69,1188.5,1002.32,8,8,underground garage,100 kW,Reg4,0
37,stable,only partner,Female,medical,1,private or freelance work,1,317.58,1 per year,317.59,314.7,317.59,15,12,carport,75 kW,Reg8,0
56,stable,only partner,Male,medical,6,private or freelance work,2,249.18,2 per year,249.19,175.3,227.74,6,0,street,25-50 kW,Reg12,0
31,down,only partner,Female,medical,0,private or freelance work,1,496.64,1 per year,518.24,421.05,431.86,6,5,private garage,100 kW,Reg7,0
37,stable,same,Male,normal,1,private or freelance work,2,334.94,12 per year,334.95,346.76,347.95,15,12,street,25-50 kW,Reg9,0
37,down,same,Female,normal,0,private or freelance work,2,600.25,2 per year,612.5,670.36,510.41,15,14,other,75 kW,Reg4,0
50,down,young drivers,Male,normal,0,private or freelance work,1,398.73,1 per year,416.06,648.45,359.84,12,7,private garage,75 kW,Reg7,0
47,down,same,Male,medical,4,private or freelance work,2,495.16,4 per year,505.26,394.89,433.66,13,8,unknown,125-300 kW,Reg1,0
37,stable,only partner,Male,medical,0,private or freelance work,1,164.81,1 per year,164.83,220.86,164.83,11,6,other,75 kW,Reg5,0
35,down,same,Male,normal,0,private or freelance work,4,534.53,12 per year,545.44,516.58,509.04,18,18,street,75 kW,Reg7,0
27,down,same,Female,normal,0,private or freelance work,1,659.17,12 per year,687.83,612.34,526.26,15,14,parking deck,100 kW,Reg3,0
49,stable,same,Male,normal,6,private or freelance work,1,289.78,1 per year,289.79,255.58,271.45,12,6,private estate,100 kW,Reg9,0
57,stable,same,Male,normal,10,unknown,1,507.65,4 per year,507.66,407.9,507.66,15,3,private estate,100 kW,Reg9,0
30,down,same,Male,normal,0,private or freelance work,1,589.19,4 per year,684.41,690.7,535.62,18,17,private garage,75 kW,Reg8,0
42,stable,only partner,Female,medical,1,private or freelance work,1,215.4,1 per year,215.41,236.05,227.64,10,3,other,75 kW,Reg7,0
42,stable,young drivers,Female,normal,0,private or freelance work,1,435.61,12 per year,435.62,544.41,435.62,12,11,other,75 kW,Reg3,0
52,stable,same,Male,normal,9,private or freelance work,1,219.23,1 per year,219.24,216.79,211.31,9,0,private garage,25-50 kW,Reg5,0
32,stable,all drivers > 24,Female,medical,1,private or freelance work,1,167.88,4 per year,167.88,192.65,167.88,9,0,street,100 kW,Reg10,0
66,stable,only partner,Male,normal,5,unknown,1,228.11,1 per year,223.88,319.21,228.11,18,4,unknown,100 kW,Reg5,0
47,down,only partner,Male,normal,4,private or freelance work,2,428.11,1 per year,436.85,390.57,400.45,18,14,private garage,25-50 kW,Reg8,1
43,down,same,Male,normal,1,private or freelance work,1,282.58,4 per year,288.35,297.9,259.51,18,8,street,75 kW,Reg12,0
41,down,same,Male,normal,6,private or freelance work,1,804.11,2 per year,820.52,678.15,683.78,16,16,parking deck,75 kW,Reg5,0
41,stable,same,Female,medical,9,unknown,2,205.9,1 per year,205.9,193.02,205.9,9,0,street,25-50 kW,Reg6,0
31,down,only partner,Male,normal,4,private or freelance work,1,517.65,1 per year,528.21,531.94,479.5,14,9,street,125-300 kW,Reg9,0
50,down,only partner,Male,medical,3,private or freelance work,5,626.44,4 per year,639.23,437.54,585.96,18,14,street,75 kW,Reg4,0
28,down,same,Male,normal,0,private or freelance work,1,406.99,4 per year,415.3,466.2,387.61,15,15,carport,75 kW,Reg3,0
36,stable,same,Female,normal,2,private or freelance work,1,392.95,4 per year,392.96,382.79,392.96,13,8,private garage,75 kW,Reg5,0
35,down,only partner,Male,medical,1,private or freelance work,1,183.55,4 per year,187.3,211.81,159.45,14,8,parking deck,25-50 kW,Reg3,0
41,down,only partner,Female,normal,0,private or freelance work,1,782.23,4 per year,908.65,717.19,711.16,14,13,other,25-50 kW,Reg7,0
36,stable,same,Female,medical,0,private or freelance work,1,171.49,1 per year,171.5,310.49,171.5,18,7,parking deck,75 kW,Reg3,0
54,stable,young drivers,Male,medical,0,private or freelance work,1,280.75,1 per year,280.76,357.34,280.76,5,0,private garage,25-50 kW,Reg4,1
45,down,same,Female,normal,1,private or freelance work,1,216.78,1 per year,221.2,256.08,193.55,18,9,street,75 kW,Reg3,0
71,stable,same,Male,normal,2,private or freelance work,1,440.25,4 per year,440.26,428.92,440.26,16,4,parking deck,100 kW,Reg4,0
52,stable,same,Male,normal,7,unknown,1,499.01,12 per year,499.03,406.96,476.07,13,6,street,100 kW,Reg8,0
38,down,only partner,Male,normal,9,private or freelance work,3,324.01,1 per year,330.62,304.9,300.56,9,8,private garage,75 kW,Reg5,0
36,stable,all drivers > 24,Female,normal,0,private or freelance work,1,166.35,1 per year,166.36,229.35,184.34,17,14,private garage,25-50 kW,Reg3,0
41,stable,only partner,Male,normal,4,private or freelance work,1,382.12,1 per year,382.14,343.35,385.75,11,1,unknown,125-300 kW,Reg4,0
85,stable,same,Male,normal,11,unknown,1,302.54,1 per year,302.55,241.29,337.46,18,10,private garage,75 kW,Reg3,0
47,stable,young drivers,Male,normal,1,private or freelance work,1,595.33,4 per year,595.33,455.17,595.33,13,9,parking deck,25-50 kW,Reg5,0
49,stable,same,Female,normal,0,private or freelance work,1,237.67,4 per year,237.67,296.18,237.67,7,4,private garage,100 kW,Reg4,0
42,down,same,Male,medical,6,private or freelance work,3,225.28,1 per year,229.87,184.59,201.14,13,6,private garage,150 kW,Reg7,0
30,stable,all drivers > 24,Female,medical,0,private or freelance work,1,144.34,1 per year,144.35,225.88,149.69,10,2,private garage,75 kW,Reg14,0
41,stable,only partner,Male,medical,5,unknown,2,188.44,1 per year,188.44,192.06,188.44,11,3,unknown,25-50 kW,Reg8,0
43,down,young drivers,Female,medical,0,private or freelance work,1,816.5,4 per year,948.46,830.35,742.32,11,10,private garage,75 kW,Reg13,1
56,stable,only partner,Male,normal,0,private or freelance work,1,146.74,1 per year,146.75,186.92,146.75,13,7,private garage,125-300 kW,Reg12,0
37,down,same,Female,medical,0,private or freelance work,3,264.37,1 per year,269.76,380.12,229.7,15,11,private garage,75 kW,Reg12,0
36,down,only partner,Male,normal,0,private or freelance work,1,191.6,1 per year,195.51,219.1,179.25,15,10,parking deck,150 kW,Reg12,1
40,stable,same,Female,medical,8,unknown,1,257.39,1 per year,257.4,205.58,259.76,18,18,unknown,100 kW,Reg7,0
46,down,unknown,Male,medical,10,unknown,2,654.83,1 per year,683.3,801.32,524.01,13,9,unknown,200 kW,Reg2,0
37,down,all drivers > 24,Male,medical,0,private or freelance work,1,238.78,2 per year,243.65,299.1,208.84,8,0,private garage,75 kW,Reg5,0
29,stable,only partner,Male,medical,0,private or freelance work,2,691.29,2 per year,691.3,841.44,691.3,7,7,other,25-50 kW,Reg5,0
44,stable,only partner,Female,normal,7,private or freelance work,1,225.21,1 per year,214.5,264.2,229.06,9,2,carport,75 kW,Reg4,0
54,down,same,Male,normal,6,private or freelance work,2,749.21,4 per year,764.5,557.29,655.29,12,10,street,75 kW,Reg2,0
37,down,only partner,Female,medical,2,private or freelance work,1,413.39,1 per year,421.82,487.64,393.71,16,15,street,75 kW,Reg4,0
45,down,only partner,Female,normal,2,private or freelance work,2,374.18,4 per year,381.81,298.64,339.39,12,10,private garage,100 kW,Reg13,0
37,stable,same,Male,medical,1,private or freelance work,1,233.2,1 per year,233.21,244.26,233.21,16,8,street,25-50 kW,Reg9,1
31,down,same,Female,medical,0,private or freelance work,1,662.57,4 per year,769.65,577.88,637.52,10,9,street,25-50 kW,Reg9,0
39,stable,only partner,Female,medical,8,unknown,1,284.38,2 per year,281.92,209.4,284.38,16,6,street,75 kW,Reg14,0
24,down,same,Male,normal,2,private or freelance work,1,957.18,1 per year,998.8,734.51,816.47,10,8,street,75 kW,Reg2,1
72,stable,only partner,Female,normal,0,private or freelance work,1,241.48,1 per year,241.49,334.5,226.19,8,0,private garage,100 kW,Reg8,0
34,down,same,Male,medical,0,private or freelance work,1,302.8,4 per year,308.97,364.99,264.84,15,12,private garage,25-50 kW,Reg4,0
32,down,only partner,Male,medical,1,private or freelance work,1,1115.34,4 per year,1163.84,945.51,1008.08,14,12,street,75 kW,Reg10,0
55,stable,same,Male,medical,0,private or freelance work,1,314.61,4 per year,314.62,388.46,323.75,10,4,other,75 kW,Reg4,0
39,stable,same,Male,normal,0,private or freelance work,2,196.79,4 per year,196.8,324.98,177.88,18,13,private garage,75 kW,Reg13,0
37,down,same,Male,normal,0,private or freelance work,1,404.43,4 per year,412.69,503.14,385.14,12,6,street,75 kW,Reg4,0
48,stable,only partner,Male,normal,11,private or freelance work,2,203.84,1 per year,203.85,228.05,203.85,12,10,street,75 kW,Reg14,0
36,down,only partner,Male,normal,1,private or freelance work,1,251.59,1 per year,256.73,280.5,239.76,10,4,private garage,75 kW,Reg5,0
35,stable,only partner,Male,medical,1,private or freelance work,2,158.16,4 per year,158.16,182.99,158.16,6,2,carport,75 kW,Reg3,1
29,down,young drivers,Male,normal,0,private or freelance work,1,429.17,12 per year,437.92,552.35,368.61,11,9,private garage,100 kW,Reg13,0
40,stable,same,Female,medical,0,private or freelance work,1,411.49,4 per year,411.5,441.39,435.8,13,13,street,75 kW,Reg10,0
26,stable,same,Female,medical,0,private or freelance work,1,647.59,4 per year,647.6,851.62,647.6,16,16,street,75 kW,Reg7,0
37,stable,same,Female,medical,0,private or freelance work,1,273.88,4 per year,273.89,348.31,273.89,10,7,private garage,25-50 kW,Reg3,0
52,down,all drivers > 24,Male,medical,0,private or freelance work,1,489.68,2 per year,510.97,598.02,425.81,18,14,private garage,75 kW,Reg7,1
48,stable,same,Male,normal,0,private or freelance work,1,307.94,4 per year,307.95,305.85,310.9,9,5,street,100 kW,Reg9,0
31,stable,same,Female,normal,0,private or freelance work,1,206.09,1 per year,206.1,224.27,194.99,12,0,underground garage,100 kW,Reg7,0
85,stable,same,Male,normal,8,private or freelance work,2,714.94,1 per year,714.95,642.39,714.95,16,4,parking deck,100 kW,Reg8,0
30,stable,only partner,Female,normal,1,private or freelance work,1,292.06,1 per year,292.08,337.57,281.3,10,5,parking deck,75 kW,Reg8,1
52,stable,young drivers,Female,normal,2,private or freelance work,1,403.87,2 per year,403.89,234.39,403.89,11,3,private garage,100 kW,Reg6,0
35,stable,all drivers > 24,Male,normal,1,private or freelance work,4,695.82,12 per year,695.84,623.47,675.98,15,13,other,100 kW,Reg4,0
39,stable,only partner,Male,normal,2,private or freelance work,9,276.94,1 per year,276.95,339.06,276.95,12,10,private garage,125-300 kW,Reg4,0
42,stable,same,Male,normal,1,private or freelance work,1,318.54,4 per year,318.55,337.5,298.3,14,4,private garage,75 kW,Reg4,0
41,down,same,Male,medical,2,private or freelance work,2,824.72,1 per year,1062.98,531.19,659.78,11,8,parking deck,75 kW,Reg1,0
35,down,same,Female,normal,0,private or freelance work,2,486.83,1 per year,496.76,520.91,413.97,13,11,private garage,25-50 kW,Reg4,0
39,stable,only partner,Female,medical,6,unknown,1,577.7,2 per year,577.71,441.15,577.71,12,5,street,75 kW,Reg9,0
51,stable,all drivers > 24,Female,medical,9,private or freelance work,1,310.8,1 per year,310.8,270.6,310.8,11,7,unknown,75 kW,Reg5,0
48,down,young drivers,Male,normal,0,private or freelance work,1,221.01,4 per year,225.52,281.62,203.15,16,7,other,100 kW,Reg1,0
44,stable,young drivers,Male,normal,0,private or freelance work,1,222.53,1 per year,222.54,287.3,216.31,11,2,private garage,100 kW,Reg8,0
28,down,same,Male,normal,1,private or freelance work,1,379.95,4 per year,387.7,404.66,386.38,12,11,parking deck,25-50 kW,Reg6,1
22,down,all drivers > 24,Female,normal,0,private or freelance work,1,504.2,4 per year,514.49,588.89,528.21,15,14,other,25-50 kW,Reg6,0
52,stable,only partner,Male,medical,7,unknown,1,351.01,1 per year,351.03,319.51,338.34,7,0,private garage,75 kW,Reg4,0
73,stable,same,Male,normal,0,private or freelance work,1,149.39,1 per year,149.4,236.59,138.69,17,8,private garage,100 kW,Reg7,0
54,down,only partner,Male,normal,0,private or freelance work,1,294.38,2 per year,300.39,358.35,260.35,17,12,private garage,200 kW,Reg13,1
69,stable,only partner,Male,normal,2,private or freelance work,1,257.36,1 per year,257.37,288.24,257.37,16,7,private garage,100 kW,Reg2,0
46,stable,only partner,Male,medical,11,unknown,1,244.59,2 per year,244.6,152.9,251.28,15,1,private garage,125-300 kW,Reg14,0
43,stable,same,Female,medical,1,private or freelance work,3,483.8,1 per year,460.77,381.27,488.15,9,8,street,100 kW,Reg9,0
35,down,only partner,Female,normal,1,private or freelance work,1,329.12,1 per year,335.84,328.62,287.86,9,8,parking deck,25-50 kW,Reg5,0
42,down,same,Male,normal,1,private or freelance work,1,280.06,12 per year,285.77,269.12,238.5,10,4,private garage,75 kW,Reg13,0
43,stable,only partner,Male,medical,9,unknown,1,261.91,1 per year,250.29,180.31,261.91,10,0,carport,75 kW,Reg3,0
67,stable,same,Female,normal,0,private or freelance work,1,218.71,1 per year,218.72,343.38,218.72,14,8,private garage,100 kW,Reg8,0
42,down,only partner,Female,medical,0,private or freelance work,1,275.6,4 per year,281.22,346.96,234.8,18,11,private garage,100 kW,Reg5,0
37,down,same,Male,normal,0,private or freelance work,1,538.09,2 per year,561.49,673.15,476.88,13,12,street,75 kW,Reg6,0
39,stable,only partner,Male,normal,1,private or freelance work,3,188.21,1 per year,188.23,235.45,188.23,17,13,other,75 kW,Reg7,0
28,down,same,Female,normal,2,private or freelance work,1,573.32,1 per year,585.02,343.0,531.03,10,7,private garage,25-50 kW,Reg4,0
44,stable,only partner,Male,normal,2,private or freelance work,1,151.25,1 per year,151.26,144.25,151.26,15,5,private garage,75 kW,Reg7,0
38,up,same,Male,normal,2,private or freelance work,2,545.82,4 per year,409.36,476.96,545.83,18,15,other,100 kW,Reg4,0
50,stable,same,Male,medical,1,private or freelance work,1,152.6,1 per year,152.61,200.82,148.45,17,4,private garage,125-300 kW,Reg8,0
33,down,only partner,Female,normal,3,private or freelance work,2,293.18,2 per year,299.16,329.59,265.93,13,9,private garage,125-300 kW,Reg4,0
37,stable,only partner,Male,medical,1,private or freelance work,1,143.5,1 per year,143.51,179.93,143.51,13,4,private garage,75 kW,Reg7,0
47,down,young drivers,Male,medical,0,private or freelance work,3,782.23,4 per year,908.65,706.88,665.46,15,14,other,25-50 kW,Reg8,1
42,stable,same,Male,normal,8,private or freelance work,3,285.15,4 per year,285.15,257.29,285.15,13,12,private garage,75 kW,Reg3,0
39,stable,same,Female,normal,5,private or freelance work,1,266.88,4 per year,259.54,234.09,266.88,13,11,parking deck,25-50 kW,Reg1,0
38,stable,same,Female,medical,0,private or freelance work,1,169.48,1 per year,169.49,227.2,186.08,7,4,street,75 kW,Reg3,1
54,stable,same,Female,medical,6,unknown,1,339.23,1 per year,339.24,352.82,339.24,14,7,street,25-50 kW,Reg5,0
67,down,same,Female,normal,5,unknown,1,219.18,1 per year,223.65,176.51,193.46,18,0,unknown,75 kW,Reg8,0
26,down,same,Male,normal,1,private or freelance work,1,346.21,2 per year,353.27,335.2,321.16,12,7,street,75 kW,Reg7,0
45,down,only partner,Male,normal,2,private or freelance work,1,310.38,1 per year,316.71,358.39,281.53,18,11,street,125-300 kW,Reg2,0
38,down,same,Female,medical,5,unknown,1,531.65,2 per year,542.5,498.51,469.2,15,7,unknown,75 kW,Reg9,0
49,stable,same,Female,normal,0,private or freelance work,1,232.61,1 per year,232.63,301.6,222.01,13,6,parking deck,75 kW,Reg7,1
37,stable,same,Male,medical,4,private or freelance work,3,249.2,1 per year,249.21,230.67,249.21,15,0,underground garage,75 kW,Reg7,0
38,stable,same,Male,normal,0,private or freelance work,1,233.35,1 per year,233.36,301.77,233.35,13,3,other,100 kW,Reg8,1
41,stable,same,Female,normal,0,private or freelance work,1,569.87,4 per year,569.89,549.06,527.65,12,11,other,75 kW,Reg8,0
29,down,same,Female,normal,0,private or freelance work,1,437.47,4 per year,508.18,475.39,440.24,14,13,other,25-50 kW,Reg3,0
45,stable,only partner,Male,normal,0,private or freelance work,1,145.74,1 per year,145.75,174.48,139.38,13,5,private garage,25-50 kW,Reg14,1
37,stable,only partner,Male,normal,0,private or freelance work,1,201.05,1 per year,201.06,253.35,204.85,12,10,private garage,100 kW,Reg3,0
45,down,same,Male,medical,1,private or freelance work,1,841.02,12 per year,1178.24,768.46,684.5,18,18,underground garage,75 kW,Reg8,0
22,down,same,Male,normal,1,private or freelance work,1,498.28,1 per year,508.45,430.72,471.15,12,9,street,75 kW,Reg3,0
36,down,same,Male,medical,2,private or freelance work,2,346.15,1 per year,353.21,309.15,323.77,12,7,private garage,100 kW,Reg4,0
29,down,same,Male,medical,0,private or freelance work,2,252.45,1 per year,257.6,281.64,236.14,5,0,underground garage,75 kW,Reg3,1
29,down,only partner,Male,medical,0,private or freelance work,2,735.32,12 per year,854.16,744.8,714.52,18,18,parking deck,75 kW,Reg4,0
39,stable,same,Male,normal,3,private or freelance work,1,260.23,1 per year,260.24,254.44,260.24,15,14,street,25-50 kW,Reg2,0
70,stable,same,Male,normal,8,private or freelance work,1,376.95,1 per year,376.95,492.51,376.95,16,7,private garage,250 kW,Reg4,0
33,down,same,Male,medical,2,private or freelance work,1,286.56,4 per year,292.41,368.54,268.05,18,16,street,75 kW,Reg4,0
30,down,same,Male,normal,1,private or freelance work,1,290.09,4 per year,296.01,348.74,271.35,11,7,private garage,75 kW,Reg3,1
30,down,same,Male,normal,0,private or freelance work,2,801.16,4 per year,930.64,846.7,714.52,12,11,private garage,100 kW,Reg4,0
44,stable,same,Male,normal,7,private or freelance work,3,354.72,1 per year,354.74,312.49,364.64,18,10,private garage,125-300 kW,Reg6,1
51,down,same,Male,normal,0,private or freelance work,1,422.93,4 per year,431.56,380.35,392.34,13,13,other,75 kW,Reg5,1
32,stable,only partner,Male,normal,0,private or freelance work,1,213.28,1 per year,213.29,275.68,229.83,11,7,carport,75 kW,Reg4,0
39,stable,same,Male,normal,4,private or freelance work,1,271.24,2 per year,261.39,219.11,271.24,8,0,unknown,25-50 kW,Reg8,1
26,down,same,Male,medical,0,private or freelance work,1,255.68,1 per year,260.9,330.97,234.8,17,11,private garage,75 kW,Reg12,0
45,down,same,Male,normal,0,private or freelance work,1,769.48,4 per year,893.84,846.27,699.51,16,15,street,25-50 kW,Reg14,0
37,stable,only partner,Male,medical,1,private or freelance work,1,303.66,2 per year,303.68,357.88,303.68,11,8,carport,100 kW,Reg14,0
41,stable,same,Male,normal,5,unknown,1,499.09,2 per year,499.1,462.02,503.8,18,10,unknown,125-300 kW,Reg9,1
28,down,young drivers,Male,normal,0,private or freelance work,2,435.3,4 per year,444.19,573.95,407.17,18,18,street,75 kW,Reg4,1
43,stable,all drivers > 24,Female,medical,1,private or freelance work,1,256.71,1 per year,256.73,245.62,256.73,10,5,street,25-50 kW,Reg5,0
48,down,same,Male,medical,6,unknown,1,174.59,1 per year,178.15,196.16,148.96,7,1,private estate,75 kW,Reg5,0
28,down,same,Female,medical,0,private or freelance work,1,262.86,1 per year,268.23,334.24,250.34,11,1,street,25-50 kW,Reg8,0
51,stable,only partner,Male,medical,2,private or freelance work,3,226.74,2 per year,226.75,208.11,226.75,11,4,carport,100 kW,Reg8,0
39,down,only partner,Male,normal,3,private or freelance work,1,230.72,1 per year,235.42,255.88,211.89,18,15,carport,75 kW,Reg1,0
33,down,same,Female,medical,6,unknown,1,529.4,12 per year,540.2,219.46,478.21,18,12,parking deck,75 kW,Reg4,0
43,stable,young drivers,Male,medical,2,private or freelance work,1,407.56,1 per year,388.16,330.32,419.2,9,6,parking deck,100 kW,Reg14,0
41,stable,same,Male,normal,0,private or freelance work,1,189.59,1 per year,189.6,280.01,189.6,18,11,street,100 kW,Reg2,0
41,down,same,Male,medical,6,unknown,1,773.94,2 per year,789.74,456.62,634.17,14,7,street,75 kW,Reg14,0
60,stable,only partner,Male,normal,1,private or freelance work,1,358.39,1 per year,358.4,389.03,351.69,18,14,private garage,100 kW,Reg8,0
45,down,young drivers,Female,normal,0,private or freelance work,1,486.23,2 per year,496.15,571.04,463.06,12,12,other,25-50 kW,Reg13,0
55,up,same,Male,medical,6,unknown,2,414.28,1 per year,276.19,347.9,377.78,15,8,private garage,125-300 kW,Reg7,0
49,down,only partner,Male,normal,1,private or freelance work,2,267.28,4 per year,272.74,303.0,274.42,15,8,private garage,25-50 kW,Reg6,0
32,stable,only partner,Male,medical,0,private or freelance work,1,232.61,4 per year,232.63,307.06,228.31,6,0,carport,100 kW,Reg10,1
47,stable,same,Male,medical,9,unknown,1,382.9,4 per year,382.91,266.09,352.87,14,5,private garage,75 kW,Reg4,0
64,stable,only partner,Male,medical,0,private or freelance work,1,150.51,1 per year,150.52,207.38,150.52,12,0,private garage,75 kW,Reg3,0
28,down,only partner,Male,normal,0,private or freelance work,1,691.64,4 per year,803.42,702.33,628.76,14,13,private garage,100 kW,Reg10,0
40,down,only partner,Female,normal,1,private or freelance work,1,274.04,1 per year,279.64,293.07,244.69,16,11,private garage,75 kW,Reg8,0
22,down,same,Male,normal,0,private or freelance work,1,549.14,1 per year,637.89,603.11,499.23,12,8,other,75 kW,Reg5,0
39,down,only partner,Male,medical,5,unknown,1,316.72,1 per year,323.19,305.96,268.65,18,9,unknown,75 kW,Reg7,0
33,stable,only partner,Male,normal,1,private or freelance work,1,194.31,2 per year,194.33,198.16,182.24,18,18,private garage,100 kW,Reg7,0
35,stable,same,Female,normal,0,private or freelance work,1,258.46,1 per year,258.47,278.19,251.32,5,1,parking deck,75 kW,Reg7,1
50,stable,only partner,Male,normal,1,private or freelance work,1,157.09,1 per year,157.09,179.34,157.09,7,0,private garage,25-50 kW,Reg4,0
39,stable,same,Male,normal,0,private or freelance work,1,208.01,1 per year,208.02,278.95,219.95,15,13,other,75 kW,Reg8,0
45,down,commercial,Male,normal,6,unknown,1,420.76,4 per year,429.35,368.71,409.78,11,10,unknown,100 kW,Reg9,0
32,down,only partner,Female,medical,3,private or freelance work,1,375.62,4 per year,383.29,285.09,348.45,14,9,unknown,25-50 kW,Reg12,0
45,stable,same,Male,normal,6,unknown,3,509.06,4 per year,509.08,355.05,490.48,17,8,private garage,175 kW,Reg8,0
37,stable,only partner,Male,medical,0,private or freelance work,1,180.9,1 per year,180.91,252.65,184.34,10,8,private garage,75 kW,Reg8,0
41,stable,all drivers > 24,Male,normal,0,private or freelance work,2,198.46,4 per year,198.47,217.27,198.47,14,0,underground garage,100 kW,Reg7,0
62,stable,same,Male,normal,1,private or freelance work,1,172.16,1 per year,172.18,206.56,177.06,17,7,other,25-50 kW,Reg12,1
29,down,young drivers,Male,normal,0,private or freelance work,1,779.1,4 per year,1004.18,887.25,705.61,10,9,parking deck,75 kW,Reg5,0
45,stable,same,Male,normal,7,private or freelance work,1,157.35,1 per year,157.36,164.89,160.32,16,0,private garage,75 kW,Reg7,0
43,down,same,Male,normal,1,private or freelance work,1,708.11,4 per year,738.9,625.42,615.75,13,11,private garage,75 kW,Reg3,0
44,down,only partner,Male,medical,0,private or freelance work,2,329.21,2 per year,335.92,327.66,307.95,10,6,private garage,75 kW,Reg5,1
23,down,same,Male,normal,1,private or freelance work,1,484.22,4 per year,494.1,487.52,423.51,16,12,street,75 kW,Reg13,0
67,down,only partner,Male,normal,0,private or freelance work,1,389.48,1 per year,397.43,487.29,316.01,16,11,private garage,75 kW,Reg4,0
50,stable,only partner,Female,normal,0,private or freelance work,1,164.01,1 per year,164.03,225.95,156.67,12,7,carport,125-300 kW,Reg1,0
22,down,same,Male,normal,0,private or freelance work,1,756.61,1 per year,878.89,709.64,687.83,15,14,private garage,75 kW,Reg13,0
30,down,same,Male,normal,0,private or freelance work,1,480.82,4 per year,490.64,388.4,476.45,18,14,street,75 kW,Reg14,0
63,up,only partner,Male,normal,10,private or freelance work,1,331.04,4 per year,242.76,594.69,316.12,17,7,private garage,100 kW,Reg4,0
78,stable,only partner,Male,normal,5,unknown,2,278.46,1 per year,278.47,238.4,273.34,12,0,unknown,100 kW,Reg8,0
41,down,same,Male,normal,0,private or freelance work,1,443.13,12 per year,462.4,501.08,447.36,18,16,private garage,75 kW,Reg14,0
32,stable,only partner,Male,medical,0,private or freelance work,1,160.99,1 per year,161.0,204.97,161.0,10,6,street,100 kW,Reg5,0
31,down,same,Male,normal,0,private or freelance work,1,263.07,4 per year,268.44,273.19,230.52,5,5,private garage,125-300 kW,Reg12,0
44,stable,only partner,Female,normal,1,private or freelance work,1,248.84,1 per year,248.85,297.8,248.85,13,8,private garage,75 kW,Reg5,0
52,stable,same,Male,medical,2,private or freelance work,1,515.52,4 per year,515.54,456.55,515.54,16,14,private garage,125-300 kW,Reg8,0
25,down,young drivers,Male,normal,1,private or freelance work,1,640.1,1 per year,653.16,392.82,605.18,10,3,carport,75 kW,Reg8,0
35,down,only partner,Female,medical,2,private or freelance work,1,669.83,4 per year,698.95,747.56,560.9,2,0,street,175 kW,Reg12,0
43,down,only partner,Male,medical,4,private or freelance work,2,246.7,1 per year,251.74,264.54,230.95,5,0,unknown,25-50 kW,Reg14,0
52,stable,young drivers,Male,medical,0,private or freelance work,1,144.45,1 per year,144.46,170.49,144.46,8,8,other,25-50 kW,Reg5,0
43,down,same,Male,medical,8,unknown,2,217.57,2 per year,222.01,175.31,197.34,13,4,private estate,25-50 kW,Reg10,0
38,down,only partner,Female,normal,2,private or freelance work,2,217.87,1 per year,222.31,182.97,189.29,17,10,carport,25-50 kW,Reg4,0
52,down,young drivers,Male,normal,1,private or freelance work,2,533.01,1 per year,543.89,353.2,466.19,10,6,other,25-50 kW,Reg4,0
49,stable,only partner,Female,medical,2,private or freelance work,1,243.15,4 per year,243.15,201.6,243.15,12,7,street,25-50 kW,Reg4,0
78,stable,same,Female,normal,8,private or freelance work,1,293.88,1 per year,291.12,353.56,293.88,14,6,private garage,100 kW,Reg4,0
37,stable,same,Male,normal,2,private or freelance work,1,292.36,1 per year,292.37,260.69,303.56,13,5,street,75 kW,Reg9,1
58,stable,all drivers > 24,Male,normal,0,private or freelance work,2,204.84,4 per year,204.85,265.17,191.91,16,8,private garage,25-50 kW,Reg4,0
47,up,same,Male,normal,6,private or freelance work,1,555.26,12 per year,407.19,579.71,616.34,11,9,street,75 kW,Reg3,0
41,down,only partner,Male,medical,4,private or freelance work,1,386.71,1 per year,394.6,338.41,338.89,18,14,unknown,75 kW,Reg2,0
52,stable,same,Female,normal,0,private or freelance work,1,186.21,1 per year,186.22,263.98,186.22,16,5,parking deck,75 kW,Reg3,0
42,stable,same,Male,medical,9,unknown,3,250.61,1 per year,250.62,285.75,253.02,15,5,private estate,75 kW,Reg8,0
24,down,same,Male,medical,0,private or freelance work,1,1109.41,4 per year,1593.86,1306.1,964.71,15,14,other,75 kW,Reg8,0
62,stable,all drivers > 24,Male,normal,8,unknown,1,154.96,1 per year,154.96,178.14,154.96,8,0,parking deck,100 kW,Reg6,0
38,down,same,Female,medical,4,private or freelance work,1,570.26,1 per year,581.9,393.07,480.65,12,7,unknown,100 kW,Reg4,1
33,stable,same,Male,normal,1,private or freelance work,2,231.04,2 per year,231.05,280.06,231.05,15,7,private garage,100 kW,Reg7,1
59,down,same,Female,medical,0,private or freelance work,1,317.13,4 per year,323.6,410.16,293.27,14,6,parking deck,75 kW,Reg10,0
54,stable,only partner,Female,medical,0,private or freelance work,1,372.82,1 per year,372.84,384.46,372.84,12,12,underground garage,125-300 kW,Reg4,0
64,stable,only partner,Male,normal,10,unknown,1,175.9,1 per year,175.91,175.43,182.4,15,3,private garage,75 kW,Reg10,0
28,down,same,Female,normal,0,private or freelance work,1,338.44,4 per year,345.35,400.42,296.01,16,9,street,100 kW,Reg11,0
61,stable,same,Male,medical,9,private or freelance work,1,117.06,1 per year,117.06,108.67,117.06,10,0,parking deck,150 kW,Reg3,1
41,down,same,Female,medical,0,private or freelance work,1,333.57,4 per year,348.07,386.62,300.93,12,11,private garage,25-50 kW,Reg8,0
23,down,same,Male,medical,0,private or freelance work,1,884.55,1 per year,1027.51,938.09,804.14,8,8,private garage,75 kW,Reg8,0
51,stable,young drivers,Male,medical,9,private or freelance work,1,390.69,1 per year,390.7,240.41,390.7,10,10,underground garage,25-50 kW,Reg2,0
38,stable,commercial,Male,normal,9,unknown,1,454.9,1 per year,454.91,361.53,454.91,11,9,unknown,75 kW,Reg7,0
45,down,young drivers,Male,medical,0,private or freelance work,1,514.52,1 per year,597.68,678.25,459.14,18,15,street,25-50 kW,Reg4,0
50,stable,young drivers,Male,normal,0,private or freelance work,1,300.38,2 per year,300.39,427.1,300.39,17,11,parking deck,100 kW,Reg7,0
31,down,same,Male,normal,5,unknown,1,322.21,12 per year,328.79,260.65,289.55,18,11,unknown,100 kW,Reg14,0
48,stable,same,Male,medical,2,private or freelance work,1,200.45,1 per year,200.46,241.41,200.46,14,5,private garage,100 kW,Reg5,0
36,stable,young drivers,Male,medical,0,private or freelance work,1,546.62,4 per year,546.64,570.85,546.64,12,12,street,25-50 kW,Reg8,0
37,down,same,Male,normal,2,private or freelance work,1,338.39,4 per year,345.3,261.99,279.93,4,3,underground garage,200 kW,Reg8,0
35,down,same,Female,normal,0,private or freelance work,1,336.64,2 per year,343.51,395.44,338.99,13,10,street,25-50 kW,Reg9,0
45,stable,only partner,Male,medical,2,private or freelance work,1,201.01,1 per year,201.03,202.21,188.7,17,3,private garage,175 kW,Reg7,0
35,down,same,Male,normal,2,private or freelance work,1,717.4,2 per year,732.04,419.25,664.26,13,11,carport,100 kW,Reg14,1
29,down,same,Male,normal,0,private or freelance work,1,293.82,4 per year,299.81,289.35,274.83,0,0,private garage,75 kW,Reg8,0
39,stable,same,Male,medical,0,private or freelance work,1,350.06,1 per year,350.07,320.93,350.07,6,6,underground garage,25-50 kW,Reg7,1
80,stable,all drivers > 24,Male,normal,7,private or freelance work,3,303.23,1 per year,303.24,339.1,270.86,10,3,private garage,25-50 kW,Reg6,0
65,stable,all drivers > 24,Male,normal,1,private or freelance work,1,299.61,2 per year,299.62,332.56,299.62,18,7,street,100 kW,Reg7,0
46,stable,young drivers,Female,normal,10,private or freelance work,2,491.89,4 per year,491.9,307.6,506.46,16,15,private garage,75 kW,Reg7,0
46,down,same,Male,normal,2,private or freelance work,2,370.84,1 per year,378.41,355.2,344.01,14,9,street,125-300 kW,Reg2,1
73,down,all drivers > 24,Female,normal,0,private or freelance work,1,209.02,1 per year,213.29,260.15,186.63,18,3,private garage,75 kW,Reg12,0
64,stable,same,Male,medical,2,private or freelance work,1,225.3,1 per year,225.31,185.0,209.13,15,4,private garage,75 kW,Reg12,0
65,down,same,Male,medical,0,private or freelance work,1,269.99,4 per year,275.5,302.61,224.97,18,17,private garage,100 kW,Reg8,0
37,stable,only partner,Female,medical,5,private or freelance work,1,391.8,1 per year,391.81,524.0,391.81,13,8,street,100 kW,Reg4,0
33,down,same,Male,medical,3,private or freelance work,3,308.25,12 per year,314.54,389.69,279.59,14,9,private garage,75 kW,Reg4,0
35,stable,same,Male,normal,0,private or freelance work,1,270.94,4 per year,270.95,306.59,270.95,15,15,private garage,75 kW,Reg4,0
40,down,only partner,Male,medical,0,private or freelance work,1,291.66,1 per year,297.61,334.38,267.85,12,4,street,100 kW,Reg7,0
35,down,same,Male,normal,1,private or freelance work,1,369.29,1 per year,376.82,366.39,334.95,18,11,other,75 kW,Reg4,0
41,down,same,Male,medical,1,private or freelance work,1,305.94,4 per year,312.19,253.69,263.29,18,17,private garage,75 kW,Reg4,0
28,down,same,Male,medical,2,private or freelance work,1,287.89,2 per year,293.76,323.65,274.19,2,0,private garage,25-50 kW,Reg4,1
60,stable,same,Male,medical,0,private or freelance work,3,233.29,1 per year,233.3,257.51,226.9,5,2,private garage,25-50 kW,Reg6,0
28,down,only partner,Female,normal,1,private or freelance work,1,458.58,1 per year,467.94,519.65,424.52,10,8,street,75 kW,Reg2,0
40,stable,same,Male,normal,8,unknown,2,777.84,2 per year,770.46,335.51,777.84,18,18,private estate,150 kW,Reg8,0
30,stable,only partner,Male,normal,0,private or freelance work,1,1018.8,4 per year,1018.81,1191.67,1018.81,18,17,underground garage,100 kW,Reg8,1
37,stable,only partner,Female,medical,2,private or freelance work,1,449.06,1 per year,449.08,359.68,457.57,6,4,parking deck,175 kW,Reg2,0
25,stable,same,Male,normal,0,private or freelance work,1,262.79,4 per year,262.8,335.54,275.5,14,10,street,100 kW,Reg4,1
62,stable,all drivers > 24,Male,medical,5,private or freelance work,3,265.9,1 per year,265.91,257.36,260.93,5,1,street,100 kW,Reg3,0
59,stable,same,Female,medical,2,private or freelance work,1,212.64,1 per year,212.65,162.99,218.64,17,0,street,75 kW,Reg8,0
37,down,only partner,Male,normal,1,private or freelance work,1,178.59,1 per year,182.24,196.99,158.0,12,4,private garage,100 kW,Reg7,0
25,down,young drivers,Female,normal,0,private or freelance work,1,489.98,1 per year,499.98,557.34,457.87,8,5,parking deck,75 kW,Reg14,0
37,down,only partner,Male,normal,0,private or freelance work,1,814.77,12 per year,946.45,826.66,762.24,9,9,other,125-300 kW,Reg3,1
36,down,only partner,Male,normal,3,private or freelance work,3,199.01,1 per year,203.08,201.45,181.03,6,2,private garage,125-300 kW,Reg5,0
25,down,same,Male,normal,1,private or freelance work,1,540.25,4 per year,551.27,478.99,514.51,12,11,street,75 kW,Reg4,1
37,down,same,Male,normal,2,private or freelance work,1,454.49,4 per year,474.25,626.55,425.92,12,10,private garage,100 kW,Reg8,0
40,down,only partner,Male,medical,0,private or freelance work,1,354.05,1 per year,411.27,549.85,321.86,18,9,underground garage,75 kW,Reg7,1
26,down,only partner,Female,normal,1,private or freelance work,1,808.35,12 per year,843.5,670.74,702.93,16,14,private garage,75 kW,Reg4,0
37,down,only partner,Female,normal,1,private or freelance work,1,721.72,12 per year,838.36,768.96,656.11,15,12,street,100 kW,Reg2,0
59,stable,all drivers > 24,Male,medical,5,private or freelance work,1,227.89,2 per year,227.9,275.89,230.04,18,9,street,75 kW,Reg12,1
42,down,young drivers,Male,normal,8,private or freelance work,1,322.42,1 per year,329.0,292.24,277.04,9,1,private garage,125-300 kW,Reg14,1
38,down,same,Male,normal,1,private or freelance work,1,355.75,4 per year,363.01,349.28,305.87,18,13,private garage,125-300 kW,Reg4,0
55,stable,same,Female,medical,1,private or freelance work,1,191.38,4 per year,191.38,214.46,191.38,9,6,underground garage,75 kW,Reg4,0
36,down,same,Male,normal,0,private or freelance work,1,519.46,1 per year,530.06,478.09,494.76,18,18,other,75 kW,Reg14,0
35,stable,only partner,Female,normal,4,private or freelance work,1,346.27,12 per year,346.29,284.26,330.64,14,8,unknown,75 kW,Reg10,0
33,down,only partner,Male,medical,0,private or freelance work,1,237.91,1 per year,242.76,329.72,220.7,12,9,private garage,125-300 kW,Reg10,1
67,stable,all drivers > 24,Male,normal,9,private or freelance work,1,172.09,1 per year,170.51,187.76,172.09,11,0,street,75 kW,Reg6,0
34,down,only partner,Male,normal,0,private or freelance work,1,557.09,2 per year,780.46,540.71,484.39,9,8,private garage,25-50 kW,Reg7,0
46,stable,same,Male,normal,0,private or freelance work,1,163.86,1 per year,163.88,243.21,163.88,18,14,private garage,75 kW,Reg7,0
40,down,same,Female,normal,0,private or freelance work,1,290.52,4 per year,296.45,287.75,281.05,11,8,private garage,25-50 kW,Reg3,0
37,stable,only partner,Male,medical,2,private or freelance work,2,241.35,1 per year,241.36,226.7,241.36,17,9,street,75 kW,Reg14,0
47,stable,same,Male,medical,6,private or freelance work,3,314.53,1 per year,314.54,355.35,294.34,8,1,private garage,100 kW,Reg8,0
48,down,same,Male,normal,1,private or freelance work,1,348.57,4 per year,355.69,409.39,323.36,15,7,street,25-50 kW,Reg4,0
35,down,only partner,Male,medical,4,private or freelance work,1,391.36,1 per year,399.35,433.68,395.54,13,8,street,75 kW,Reg2,0
38,stable,same,Female,normal,4,private or freelance work,1,275.59,4 per year,275.6,212.96,278.1,16,8,unknown,25-50 kW,Reg13,0
59,down,same,Male,medical,2,private or freelance work,1,389.71,4 per year,397.66,227.51,325.91,16,4,private garage,100 kW,Reg4,0
54,stable,only partner,Female,normal,2,private or freelance work,1,271.64,1 per year,271.65,316.41,271.65,16,8,other,75 kW,Reg8,0
67,stable,same,Female,normal,1,private or freelance work,1,169.0,1 per year,169.01,188.8,173.8,14,9,private garage,125-300 kW,Reg6,0
79,stable,same,Male,normal,9,unknown,2,211.96,1 per year,211.98,278.89,210.03,9,0,private garage,100 kW,Reg8,0
38,down,same,Male,normal,0,private or freelance work,1,166.97,1 per year,170.38,176.22,145.04,11,3,private garage,100 kW,Reg13,0
51,stable,same,Male,medical,10,unknown,1,390.92,1 per year,380.33,345.15,390.92,18,8,street,75 kW,Reg8,0
42,stable,same,Male,normal,3,private or freelance work,1,231.84,4 per year,231.84,188.76,231.84,6,5,other,75 kW,Reg10,0
50,stable,same,Male,normal,0,private or freelance work,1,360.45,4 per year,360.46,391.15,360.42,18,16,street,75 kW,Reg4,0
73,down,same,Male,normal,1,private or freelance work,1,537.96,2 per year,548.94,579.6,518.54,18,14,underground garage,100 kW,Reg9,0
55,down,young drivers,Male,medical,0,private or freelance work,1,553.63,4 per year,577.7,768.71,529.4,12,11,street,75 kW,Reg1,1
38,down,same,Male,medical,5,unknown,1,988.99,2 per year,1011.75,650.4,868.06,12,6,unknown,100 kW,Reg8,1
29,down,same,Male,medical,0,private or freelance work,1,342.69,12 per year,349.69,383.98,292.08,13,8,street,75 kW,Reg10,0
45,down,young drivers,Male,medical,0,private or freelance work,1,1126.01,4 per year,1307.99,860.06,1023.59,11,10,street,25-50 kW,Reg4,0
50,stable,only partner,Male,medical,9,private or freelance work,1,236.09,1 per year,234.0,316.24,236.09,10,0,private estate,100 kW,Reg10,0
41,stable,only partner,Female,normal,0,private or freelance work,1,166.35,1 per year,166.36,222.7,166.36,14,7,carport,75 kW,Reg8,0
44,stable,young drivers,Female,medical,0,private or freelance work,1,1234.38,4 per year,1234.39,1045.35,1176.37,12,12,other,75 kW,Reg14,0
44,stable,only partner,Male,medical,2,private or freelance work,1,272.63,1 per year,272.64,252.46,288.68,17,16,street,75 kW,Reg9,0
34,down,only partner,Female,medical,2,private or freelance work,3,299.43,1 per year,305.54,280.49,274.97,18,12,street,75 kW,Reg4,0
39,stable,same,Female,normal,1,private or freelance work,1,140.36,4 per year,140.38,169.76,139.11,17,8,private garage,75 kW,Reg3,0
25,down,same,Female,normal,2,private or freelance work,1,572.53,1 per year,584.21,611.69,577.36,16,13,street,75 kW,Reg9,0
63,stable,all drivers > 24,Female,medical,8,private or freelance work,2,347.08,12 per year,347.09,349.79,367.29,18,17,street,25-50 kW,Reg9,0
28,stable,same,Female,medical,0,private or freelance work,1,653.65,4 per year,653.66,761.19,653.66,10,10,street,25-50 kW,Reg1,0
30,down,same,Male,normal,0,private or freelance work,1,364.88,4 per year,372.32,316.04,299.0,9,6,street,25-50 kW,Reg7,1
30,up,only partner,Female,medical,0,private or freelance work,1,684.42,4 per year,297.57,839.23,628.84,9,8,parking deck,125-300 kW,Reg12,0
33,down,only partner,Female,normal,4,private or freelance work,2,283.84,1 per year,289.64,248.05,265.5,8,0,parking deck,25-50 kW,Reg5,0
32,up,only partner,Female,medical,1,private or freelance work,1,349.55,1 per year,271.88,392.48,349.56,13,3,private garage,25-50 kW,Reg14,0
31,stable,same,Male,normal,1,private or freelance work,1,270.66,12 per year,270.66,320.49,270.66,14,6,other,75 kW,Reg5,0
57,stable,same,Male,normal,0,private or freelance work,1,260.34,4 per year,260.35,364.04,260.35,15,11,parking deck,100 kW,Reg12,0
31,down,all drivers > 24,Male,normal,1,private or freelance work,1,206.54,2 per year,210.75,263.52,189.68,17,9,parking deck,75 kW,Reg9,1
25,down,all drivers > 24,Female,medical,0,private or freelance work,1,517.24,12 per year,527.8,576.39,512.59,15,14,street,75 kW,Reg9,0
41,stable,only partner,Male,normal,6,private or freelance work,1,241.53,12 per year,241.54,211.51,211.8,7,5,other,100 kW,Reg11,0
46,down,same,Female,normal,0,private or freelance work,1,376.2,1 per year,437.0,370.72,342.02,9,0,private garage,25-50 kW,Reg7,0
36,down,only partner,Female,normal,0,private or freelance work,1,261.5,4 per year,266.84,181.41,214.21,7,6,private garage,100 kW,Reg5,0
37,down,only partner,Female,medical,6,unknown,3,302.55,4 per year,308.72,339.3,265.85,11,5,street,100 kW,Reg5,0
27,stable,same,Female,medical,0,private or freelance work,1,172.45,4 per year,172.46,284.94,182.09,15,8,private garage,25-50 kW,Reg7,0
21,down,same,Female,normal,0,private or freelance work,1,884.3,4 per year,922.75,759.48,768.96,12,10,parking deck,25-50 kW,Reg8,0
45,stable,only partner,Male,normal,5,unknown,1,410.81,4 per year,391.26,344.95,440.0,9,4,unknown,100 kW,Reg10,0
44,stable,only partner,Female,medical,6,unknown,2,261.03,1 per year,261.04,215.99,247.05,11,5,private estate,100 kW,Reg9,1
31,down,same,Female,normal,1,private or freelance work,1,579.89,2 per year,591.73,505.53,552.28,12,9,carport,75 kW,Reg8,0
43,stable,all drivers > 24,Male,normal,1,private or freelance work,1,358.29,1 per year,358.3,381.85,358.3,11,1,street,25-50 kW,Reg4,0
30,down,same,Male,normal,2,private or freelance work,1,236.72,2 per year,241.55,336.8,221.41,18,9,private garage,75 kW,Reg5,0
22,down,same,Male,medical,2,private or freelance work,1,835.09,1 per year,1169.94,739.98,726.16,11,9,parking deck,25-50 kW,Reg12,0
39,stable,only partner,Male,medical,1,private or freelance work,1,204.25,1 per year,204.26,236.84,198.7,10,3,carport,100 kW,Reg14,0
42,stable,same,Male,normal,7,private or freelance work,8,262.46,1 per year,262.47,274.93,262.47,18,10,street,75 kW,Reg5,0
54,down,young drivers,Male,medical,11,private or freelance work,2,852.37,1 per year,889.42,624.98,741.19,12,0,street,75 kW,Reg13,0
41,stable,only partner,Female,normal,1,private or freelance work,1,183.05,1 per year,183.06,211.71,188.19,18,15,private garage,125-300 kW,Reg7,0
36,down,same,Male,normal,1,private or freelance work,1,303.1,1 per year,309.29,352.48,275.75,15,11,private garage,100 kW,Reg8,0
76,stable,all drivers > 24,Male,normal,3,private or freelance work,1,240.4,1 per year,240.41,284.3,240.41,16,8,carport,100 kW,Reg4,0
58,stable,all drivers > 24,Male,normal,1,private or freelance work,1,325.99,4 per year,326.0,320.79,326.0,18,14,private garage,100 kW,Reg7,0
70,down,same,Male,medical,6,unknown,1,377.42,1 per year,385.13,337.76,323.84,15,1,private garage,75 kW,Reg4,0
26,down,same,Female,medical,0,private or freelance work,2,596.08,2 per year,692.41,681.29,507.52,14,12,street,75 kW,Reg4,0
42,stable,only partner,Male,normal,1,private or freelance work,1,231.77,12 per year,231.79,258.6,249.97,11,7,private garage,125-300 kW,Reg4,0
69,down,all drivers > 24,Male,normal,1,private or freelance work,1,784.94,12 per year,800.96,817.1,667.47,16,11,street,75 kW,Reg2,0
51,down,same,Female,normal,0,private or freelance work,1,336.29,4 per year,343.15,428.31,311.96,15,8,street,75 kW,Reg14,0
52,stable,unknown,Male,medical,4,unknown,8,240.16,1 per year,240.17,377.29,240.17,15,11,unknown,25-50 kW,Reg4,0
41,stable,only partner,Male,normal,2,private or freelance work,2,246.4,1 per year,246.41,236.99,258.17,12,2,private garage,125-300 kW,Reg3,0
27,down,only partner,Female,normal,1,private or freelance work,1,311.31,12 per year,317.66,351.41,272.28,16,13,street,25-50 kW,Reg1,0
37,down,young drivers,Male,normal,0,private or freelance work,2,901.74,1 per year,1263.31,918.06,784.12,7,5,other,75 kW,Reg4,0
58,stable,all drivers > 24,Male,medical,5,unknown,1,177.49,1 per year,177.49,162.69,177.49,16,0,unknown,100 kW,Reg13,0
39,down,only partner,Female,normal,5,unknown,1,185.02,1 per year,188.8,142.46,165.2,17,7,unknown,25-50 kW,Reg13,0
38,stable,same,Male,normal,1,private or freelance work,1,287.18,1 per year,287.19,308.34,287.19,15,12,other,100 kW,Reg7,0
24,down,same,Female,normal,0,private or freelance work,1,564.89,4 per year,656.19,531.85,513.54,16,15,private garage,25-50 kW,Reg12,0
43,stable,only partner,Male,medical,0,private or freelance work,1,142.19,1 per year,142.2,194.6,142.2,16,6,private garage,75 kW,Reg4,0
60,stable,young drivers,Male,normal,2,private or freelance work,1,466.92,4 per year,466.94,355.21,503.35,17,11,private garage,25-50 kW,Reg13,0
44,stable,same,Female,medical,0,private or freelance work,2,235.49,1 per year,235.5,284.24,237.67,13,12,private garage,75 kW,Reg7,0
26,down,same,Female,normal,0,private or freelance work,1,466.76,2 per year,476.29,427.56,492.28,16,14,parking deck,100 kW,Reg3,0
44,down,commercial,Male,normal,3,unknown,2,831.46,1 per year,848.42,621.06,755.33,3,0,unknown,75 kW,Reg8,0
23,stable,young drivers,Male,normal,0,private or freelance work,1,1295.35,4 per year,1295.36,1405.03,1372.68,9,8,street,75 kW,Reg9,1
46,stable,young drivers,Female,medical,0,private or freelance work,1,317.0,1 per year,317.01,394.62,302.04,11,5,street,75 kW,Reg5,1
48,stable,same,Male,normal,1,private or freelance work,1,262.48,4 per year,262.49,280.59,262.49,15,12,other,100 kW,Reg7,0
45,stable,same,Male,medical,2,private or freelance work,2,363.65,2 per year,363.65,325.68,363.65,12,8,private garage,100 kW,Reg10,0
41,down,same,Male,normal,1,private or freelance work,1,466.21,1 per year,475.72,482.21,389.0,16,7,private garage,225 kW,Reg4,0
47,down,young drivers,Female,medical,0,private or freelance work,2,433.32,4 per year,442.16,450.09,412.69,18,17,carport,25-50 kW,Reg4,0
60,stable,same,Male,medical,6,private or freelance work,1,290.29,2 per year,290.3,290.71,269.39,10,3,private garage,125-300 kW,Reg8,0
40,stable,only partner,Female,normal,9,private or freelance work,1,224.34,4 per year,224.35,280.71,224.35,18,7,private garage,75 kW,Reg7,0
43,stable,same,Male,medical,10,unknown,3,400.83,1 per year,397.15,250.23,400.83,18,11,private garage,125-300 kW,Reg5,0
44,stable,all drivers > 24,Male,normal,0,private or freelance work,1,233.34,1 per year,233.35,327.19,233.35,17,12,other,125-300 kW,Reg5,0
41,down,only partner,Male,medical,10,unknown,1,350.4,1 per year,357.55,328.26,321.8,11,0,private estate,100 kW,Reg5,0
65,stable,same,Female,normal,2,private or freelance work,1,283.43,1 per year,283.44,395.04,300.03,18,11,street,75 kW,Reg9,0
51,stable,same,Female,medical,2,private or freelance work,1,268.05,1 per year,268.05,262.67,268.05,16,4,private garage,125-300 kW,Reg7,0
47,stable,young drivers,Male,normal,0,private or freelance work,1,498.1,1 per year,498.11,613.74,498.11,10,10,private garage,100 kW,Reg8,0
30,stable,only partner,Female,medical,4,private or freelance work,1,258.7,1 per year,258.71,219.12,251.73,16,4,unknown,75 kW,Reg12,0
45,down,same,Male,normal,5,private or freelance work,2,260.63,1 per year,265.95,290.64,250.81,18,4,private garage,100 kW,Reg9,0
35,down,same,Male,normal,1,private or freelance work,1,313.76,12 per year,320.16,316.88,288.15,18,15,private garage,75 kW,Reg4,0
47,stable,same,Male,normal,1,private or freelance work,2,320.95,4 per year,320.96,317.26,320.96,13,3,street,75 kW,Reg12,0
53,stable,same,Female,normal,1,private or freelance work,1,265.8,4 per year,265.81,256.84,265.81,13,9,street,75 kW,Reg8,0
34,stable,only partner,Female,normal,2,private or freelance work,1,387.12,1 per year,387.14,333.66,387.14,12,6,street,75 kW,Reg10,0
35,down,same,Male,medical,1,private or freelance work,1,333.9,1 per year,340.71,334.71,306.64,14,13,underground garage,125-300 kW,Reg7,0
38,stable,same,Male,medical,4,private or freelance work,1,175.13,1 per year,175.14,245.25,175.14,15,8,private garage,75 kW,Reg8,1
77,stable,same,Male,normal,10,unknown,1,488.97,2 per year,488.99,425.06,493.73,11,0,street,75 kW,Reg5,0
42,down,young drivers,Female,normal,0,private or freelance work,2,905.08,12 per year,1051.35,840.22,830.67,12,11,private garage,75 kW,Reg6,0
59,stable,only partner,Male,medical,4,private or freelance work,1,153.82,1 per year,153.84,254.66,155.25,18,3,private garage,100 kW,Reg5,0
46,stable,only partner,Male,normal,1,private or freelance work,1,298.4,2 per year,298.41,236.7,279.45,18,17,private garage,125-300 kW,Reg1,1
47,down,same,Female,normal,3,private or freelance work,2,473.76,12 per year,483.42,300.86,443.14,13,5,unknown,25-50 kW,Reg13,1
27,stable,same,Male,normal,0,private or freelance work,1,251.31,2 per year,251.32,349.12,251.32,13,8,private garage,75 kW,Reg4,0
61,stable,same,Male,normal,2,private or freelance work,1,259.1,1 per year,259.11,270.17,259.11,10,9,private garage,100 kW,Reg4,0
45,down,young drivers,Female,medical,0,private or freelance work,1,284.71,1 per year,290.52,360.15,266.64,12,2,private garage,75 kW,Reg12,0
55,down,same,Female,normal,1,private or freelance work,1,171.29,1 per year,174.79,165.31,149.81,16,0,street,100 kW,Reg3,0
66,stable,same,Male,normal,9,private or freelance work,1,120.76,2 per year,118.66,136.11,120.76,9,0,parking deck,100 kW,Reg5,0
39,stable,all drivers > 24,Male,normal,0,private or freelance work,1,427.47,4 per year,427.49,436.62,427.48,11,11,underground garage,25-50 kW,Reg8,1
38,stable,only partner,Male,normal,2,private or freelance work,1,241.38,1 per year,241.39,285.98,248.11,13,6,street,75 kW,Reg4,0
44,stable,same,Female,normal,1,private or freelance work,1,235.64,2 per year,235.64,292.49,235.64,15,10,parking deck,100 kW,Reg4,0
49,stable,only partner,Male,normal,9,unknown,1,244.8,1 per year,244.81,242.74,240.4,9,0,private garage,100 kW,Reg8,0
61,stable,all drivers > 24,Male,normal,1,private or freelance work,2,316.08,1 per year,316.09,323.59,296.11,18,9,private garage,75 kW,Reg4,0
60,stable,young drivers,Male,medical,0,private or freelance work,2,246.05,1 per year,246.06,388.74,234.8,14,13,private garage,75 kW,Reg8,0
30,down,same,Female,normal,0,private or freelance work,1,346.14,12 per year,353.2,419.38,329.66,13,6,other,25-50 kW,Reg8,0
34,down,only partner,Male,medical,4,private or freelance work,2,890.85,1 per year,1034.82,623.71,773.01,9,4,unknown,75 kW,Reg7,0
41,down,same,Female,medical,1,private or freelance work,1,394.68,2 per year,402.74,405.41,365.06,13,8,private garage,100 kW,Reg4,0
39,stable,all drivers > 24,Male,medical,5,private or freelance work,1,377.21,1 per year,377.22,433.05,395.51,14,7,unknown,125-300 kW,Reg5,0
36,stable,only partner,Female,medical,0,private or freelance work,1,200.45,1 per year,200.46,286.96,200.46,10,0,private garage,75 kW,Reg5,0
58,down,same,Male,normal,2,private or freelance work,1,242.93,2 per year,247.89,241.24,233.59,7,0,private garage,75 kW,Reg4,0
45,stable,only partner,Male,normal,3,private or freelance work,1,528.09,1 per year,528.1,443.27,548.77,18,12,unknown,75 kW,Reg9,0
52,stable,only partner,Female,normal,1,private or freelance work,2,287.1,2 per year,287.11,250.96,268.75,12,11,parking deck,150 kW,Reg7,0
61,stable,only partner,Female,medical,0,private or freelance work,2,141.27,2 per year,141.29,256.52,136.14,15,5,private garage,225 kW,Reg6,0
42,down,same,Female,medical,0,private or freelance work,3,508.63,4 per year,590.84,637.81,462.4,13,10,private garage,75 kW,Reg10,0
30,down,same,Male,medical,0,private or freelance work,1,348.88,4 per year,356.0,311.54,305.14,7,3,carport,75 kW,Reg4,0
39,down,only partner,Female,normal,8,private or freelance work,1,255.25,1 per year,260.46,224.74,227.91,14,12,parking deck,100 kW,Reg10,1
45,down,same,Female,medical,6,unknown,1,326.93,1 per year,333.6,260.75,292.47,15,8,private garage,75 kW,Reg4,0
39,stable,same,Female,normal,0,private or freelance work,1,759.25,4 per year,759.26,922.25,759.26,16,16,other,75 kW,Reg13,0
71,down,same,Male,normal,7,unknown,1,343.0,1 per year,350.0,295.17,309.1,13,5,private garage,75 kW,Reg4,0
52,down,same,Male,medical,0,private or freelance work,1,223.75,1 per year,228.31,298.04,206.77,12,6,private garage,100 kW,Reg8,0
42,stable,only partner,Female,medical,6,unknown,1,220.32,1 per year,216.53,159.62,220.32,6,0,carport,75 kW,Reg1,0
67,up,same,Female,normal,1,private or freelance work,1,183.1,1 per year,142.41,254.31,183.1,18,10,private garage,25-50 kW,Reg4,0
35,down,same,Female,medical,1,private or freelance work,1,233.58,2 per year,238.35,277.85,216.51,12,5,street,75 kW,Reg9,0
34,stable,same,Female,medical,7,unknown,1,287.16,1 per year,284.51,282.86,287.16,13,5,private garage,25-50 kW,Reg8,1
44,down,only partner,Female,medical,0,private or freelance work,1,368.14,2 per year,375.65,392.61,340.65,12,11,other,25-50 kW,Reg7,0
35,stable,same,Male,medical,0,private or freelance work,1,217.9,1 per year,217.91,274.52,217.91,12,1,street,75 kW,Reg5,0
39,stable,same,Female,normal,1,private or freelance work,2,205.19,1 per year,205.2,217.4,203.31,14,6,parking deck,75 kW,Reg12,0
51,down,same,Male,normal,0,private or freelance work,1,404.42,12 per year,412.68,435.95,370.85,11,6,underground garage,125-300 kW,Reg4,0
48,down,young drivers,Male,normal,0,private or freelance work,2,413.39,4 per year,421.82,498.45,420.54,13,8,private garage,25-50 kW,Reg4,0
31,down,same,Female,medical,0,private or freelance work,1,268.7,4 per year,274.19,320.39,243.78,17,16,private garage,25-50 kW,Reg7,0
41,down,only partner,Male,normal,7,unknown,1,345.03,2 per year,352.08,225.29,301.79,13,6,street,75 kW,Reg8,0
38,stable,all drivers > 24,Male,medical,5,unknown,1,291.85,1 per year,291.85,278.72,291.85,12,4,unknown,25-50 kW,Reg5,0
31,down,only partner,Female,medical,0,private or freelance work,1,238.9,4 per year,243.78,306.31,223.46,8,1,carport,25-50 kW,Reg4,0
60,down,all drivers > 24,Female,medical,0,private or freelance work,1,283.07,4 per year,288.85,384.49,271.8,13,8,private garage,75 kW,Reg9,0
34,down,only partner,Female,normal,0,private or freelance work,1,161.58,4 per year,164.87,227.3,165.36,11,8,other,25-50 kW,Reg13,0
46,down,only partner,Female,normal,2,private or freelance work,1,120.47,1 per year,122.92,128.75,100.71,18,2,street,75 kW,Reg12,0
35,down,same,Female,normal,0,private or freelance work,1,244.09,4 per year,249.07,273.55,229.83,16,13,other,75 kW,Reg6,0
28,down,only partner,Female,medical,0,private or freelance work,1,607.36,4 per year,705.52,681.89,552.16,10,9,other,75 kW,Reg6,0
33,stable,only partner,Male,medical,0,private or freelance work,2,176.54,1 per year,176.55,248.7,176.55,15,12,private garage,25-50 kW,Reg1,0
40,stable,same,Female,medical,7,unknown,1,383.56,2 per year,379.98,280.82,383.56,15,7,street,125-300 kW,Reg4,1
34,down,young drivers,Male,normal,1,private or freelance work,1,427.86,4 per year,436.59,368.74,385.8,12,9,private garage,100 kW,Reg3,0
35,down,only partner,Male,normal,0,private or freelance work,2,326.08,1 per year,332.74,391.05,285.2,12,10,street,75 kW,Reg5,0
40,stable,same,Male,normal,2,private or freelance work,1,260.9,2 per year,260.91,263.88,263.35,13,8,other,75 kW,Reg8,0
35,down,same,Female,normal,0,private or freelance work,1,641.4,12 per year,745.06,631.86,634.72,18,17,parking deck,25-50 kW,Reg4,0
46,stable,same,Male,medical,2,private or freelance work,1,237.76,1 per year,237.78,299.35,237.78,15,7,private garage,75 kW,Reg5,0
26,down,young drivers,Male,normal,1,private or freelance work,1,385.23,1 per year,393.09,298.74,353.77,13,8,carport,25-50 kW,Reg14,0
39,stable,only partner,Female,medical,6,private or freelance work,1,156.61,1 per year,156.63,204.9,156.63,11,4,street,25-50 kW,Reg14,0
30,stable,same,Male,medical,0,private or freelance work,2,173.06,4 per year,173.08,273.26,173.08,17,10,private garage,75 kW,Reg1,0
53,stable,all drivers > 24,Male,normal,0,private or freelance work,1,198.11,2 per year,198.12,277.02,198.12,17,6,other,75 kW,Reg4,0
56,stable,same,Male,normal,2,private or freelance work,2,241.89,1 per year,241.9,296.25,235.07,13,6,street,100 kW,Reg3,0
47,stable,same,Male,normal,4,private or freelance work,2,421.73,12 per year,421.74,278.02,398.94,15,10,unknown,25-50 kW,Reg10,0
45,down,same,Male,normal,8,private or freelance work,1,297.54,1 per year,303.61,243.75,273.25,5,3,parking deck,75 kW,Reg3,0
53,up,young drivers,Male,normal,0,private or freelance work,1,224.87,1 per year,149.91,311.62,210.79,10,6,private garage,25-50 kW,Reg2,0
64,stable,only partner,Male,medical,0,private or freelance work,1,178.55,1 per year,178.56,263.24,178.56,18,11,street,100 kW,Reg5,0
37,stable,only partner,Female,normal,1,private or freelance work,1,242.21,2 per year,242.22,203.61,242.22,2,2,carport,75 kW,Reg7,1
47,stable,only partner,Male,medical,3,private or freelance work,1,189.15,1 per year,189.16,190.99,189.16,16,8,private garage,75 kW,Reg10,0
37,down,only partner,Male,medical,0,private or freelance work,1,425.23,1 per year,433.91,501.94,404.99,9,5,private garage,75 kW,Reg4,1
41,up,only partner,Male,medical,3,private or freelance work,1,530.68,4 per year,398.01,446.56,520.74,9,6,underground garage,125-300 kW,Reg5,0
42,stable,same,Female,medical,10,unknown,1,370.76,1 per year,370.77,353.77,374.26,15,5,private garage,75 kW,Reg5,0
39,down,same,Male,medical,0,private or freelance work,1,746.0,1 per year,866.56,814.39,717.95,14,14,other,75 kW,Reg3,0
53,stable,same,Male,normal,2,private or freelance work,1,297.15,1 per year,297.16,262.89,278.29,16,11,private garage,100 kW,Reg12,0
31,up,same,Male,normal,0,private or freelance work,1,781.43,4 per year,509.63,1053.82,804.04,9,8,parking deck,75 kW,Reg2,0
46,stable,same,Female,medical,10,unknown,1,192.99,2 per year,193.0,189.6,203.55,12,0,street,25-50 kW,Reg5,0
43,down,only partner,Female,medical,2,private or freelance work,1,890.12,1 per year,1033.97,919.84,840.48,14,10,street,75 kW,Reg9,0
32,down,all drivers > 24,Male,normal,2,private or freelance work,1,428.73,4 per year,437.48,363.21,388.86,17,7,other,125-300 kW,Reg1,0
27,down,only partner,Female,normal,0,private or freelance work,1,197.26,1 per year,201.29,212.86,181.16,10,2,other,25-50 kW,Reg7,0
35,down,all drivers > 24,Female,medical,1,private or freelance work,1,644.91,1 per year,749.14,703.01,586.29,12,11,parking deck,125-300 kW,Reg10,0
51,up,same,Male,normal,0,private or freelance work,1,330.43,4 per year,240.31,401.97,284.31,17,12,street,75 kW,Reg12,0
39,down,only partner,Male,medical,9,private or freelance work,2,507.31,1 per year,517.66,349.1,447.86,11,0,unknown,75 kW,Reg7,1
37,stable,only partner,Female,normal,0,private or freelance work,1,1157.62,1 per year,1157.64,1278.33,1157.64,13,13,other,100 kW,Reg1,0
33,stable,same,Male,medical,2,private or freelance work,1,348.4,4 per year,348.41,386.66,326.2,15,10,private garage,150 kW,Reg2,0
42,down,same,Male,normal,0,private or freelance work,1,513.37,4 per year,535.69,539.25,446.41,10,8,parking deck,75 kW,Reg14,0
34,stable,all drivers > 24,Male,normal,1,private or freelance work,2,327.99,1 per year,328.0,370.54,337.4,11,6,street,75 kW,Reg5,0
48,stable,only partner,Male,normal,2,private or freelance work,3,357.08,1 per year,357.09,272.8,347.36,9,6,parking deck,25-50 kW,Reg7,0
40,stable,only partner,Female,normal,1,private or freelance work,1,200.9,4 per year,200.9,194.11,200.9,11,7,parking deck,25-50 kW,Reg4,0
27,down,same,Female,normal,1,private or freelance work,1,429.34,2 per year,438.1,509.79,420.59,15,12,parking deck,75 kW,Reg4,0
44,stable,only partner,Male,medical,0,private or freelance work,2,377.3,1 per year,377.31,535.65,377.3,10,4,underground garage,75 kW,Reg5,0
25,down,young drivers,Male,medical,0,private or freelance work,1,610.34,12 per year,622.8,629.58,543.59,9,7,carport,100 kW,Reg8,0
70,down,only partner,Female,normal,0,private or freelance work,1,704.88,1 per year,818.8,681.76,594.2,9,8,other,100 kW,Reg4,1
22,down,same,Male,medical,0,private or freelance work,1,1575.69,4 per year,2293.54,1143.31,1388.12,14,14,other,75 kW,Reg10,0
56,down,same,Female,normal,2,private or freelance work,1,783.19,1 per year,799.18,484.51,767.5,10,7,street,75 kW,Reg5,0
68,stable,same,Female,normal,2,private or freelance work,1,391.12,12 per year,391.14,303.91,391.14,13,10,private garage,75 kW,Reg4,0
42,stable,only partner,Male,medical,12,unknown,1,256.29,1 per year,253.97,188.19,256.29,14,2,private garage,75 kW,Reg7,0
34,stable,same,Female,normal,2,private or freelance work,1,388.21,4 per year,388.22,512.33,407.17,15,13,street,100 kW,Reg5,0
45,down,only partner,Male,normal,1,private or freelance work,2,323.82,4 per year,330.42,321.89,300.39,16,15,street,75 kW,Reg10,1
39,stable,young drivers,Male,normal,0,private or freelance work,1,893.81,12 per year,893.82,1549.28,893.82,18,18,parking deck,75 kW,Reg3,0
33,stable,only partner,Female,medical,0,private or freelance work,1,226.18,1 per year,226.19,299.35,226.19,11,7,private garage,25-50 kW,Reg8,0
62,stable,same,Male,normal,2,private or freelance work,1,252.89,1 per year,252.9,185.59,234.54,7,4,private garage,125-300 kW,Reg8,0
48,down,only partner,Male,medical,1,private or freelance work,1,872.26,4 per year,910.19,843.44,788.0,12,11,underground garage,100 kW,Reg9,0
46,down,young drivers,Male,medical,9,private or freelance work,1,288.49,1 per year,294.38,437.36,261.67,14,5,parking deck,100 kW,Reg5,0
48,stable,same,Male,medical,0,private or freelance work,1,188.36,1 per year,188.37,271.48,188.37,18,6,street,75 kW,Reg6,0
34,down,only partner,Male,normal,1,private or freelance work,1,456.73,1 per year,466.05,517.14,422.96,13,10,carport,75 kW,Reg12,0
57,stable,same,Male,normal,8,unknown,1,540.24,12 per year,540.25,398.81,540.25,18,11,street,100 kW,Reg9,0
62,stable,only partner,Male,medical,0,private or freelance work,1,124.99,1 per year,125.0,222.39,137.97,18,10,private garage,100 kW,Reg5,0
35,down,only partner,Male,normal,1,private or freelance work,1,237.87,2 per year,242.72,216.0,215.76,5,4,private garage,75 kW,Reg7,0
35,up,only partner,Female,medical,1,private or freelance work,1,469.84,4 per year,375.88,627.59,469.84,13,8,private garage,75 kW,Reg3,0
66,stable,young drivers,Male,normal,0,private or freelance work,1,321.07,4 per year,321.09,342.86,343.16,8,7,underground garage,75 kW,Reg4,0
32,stable,only partner,Male,normal,0,private or freelance work,1,359.86,4 per year,359.87,380.2,381.12,14,13,street,75 kW,Reg3,0
35,down,only partner,Male,normal,0,private or freelance work,1,373.02,4 per year,380.64,342.59,383.99,13,12,other,100 kW,Reg3,0
52,down,same,Male,medical,9,unknown,1,249.35,1 per year,254.44,213.38,209.24,15,6,private garage,100 kW,Reg7,0
59,down,same,Male,normal,11,unknown,1,618.2,4 per year,630.81,433.15,573.46,14,1,street,75 kW,Reg10,0
70,stable,same,Male,medical,9,unknown,1,164.41,2 per year,164.42,170.23,157.15,14,5,private garage,100 kW,Reg5,0
51,down,all drivers > 24,Male,normal,1,private or freelance work,1,199.26,1 per year,203.33,174.9,174.27,14,0,other,25-50 kW,Reg7,0
44,stable,only partner,Male,medical,4,private or freelance work,1,243.26,1 per year,243.27,255.55,243.27,7,3,street,100 kW,Reg7,0
24,down,same,Male,normal,0,private or freelance work,1,647.49,4 per year,752.14,621.01,588.64,18,16,other,75 kW,Reg11,1
67,stable,only partner,Male,normal,5,unknown,1,211.98,1 per year,211.99,201.34,221.92,16,7,unknown,75 kW,Reg7,0
44,stable,only partner,Male,medical,1,private or freelance work,1,185.7,2 per year,185.71,188.04,182.34,18,13,private garage,150 kW,Reg3,0
29,down,same,Male,normal,1,private or freelance work,2,297.5,1 per year,303.58,331.06,263.2,12,5,private garage,100 kW,Reg8,1
43,stable,same,Male,normal,0,private or freelance work,1,311.95,4 per year,311.96,386.06,324.0,12,6,parking deck,100 kW,Reg7,0
26,down,same,Female,medical,1,private or freelance work,3,321.95,2 per year,328.53,274.34,312.41,12,6,private garage,25-50 kW,Reg10,0
49,down,same,Female,normal,0,private or freelance work,1,1222.15,4 per year,1419.67,855.07,1111.05,14,13,street,75 kW,Reg4,0
36,stable,same,Female,normal,0,private or freelance work,1,377.19,2 per year,377.2,444.98,377.2,17,14,other,75 kW,Reg4,0
39,stable,only partner,Female,normal,2,private or freelance work,1,245.26,1 per year,245.28,293.58,245.28,18,18,private garage,75 kW,Reg7,1
39,stable,only partner,Female,normal,1,private or freelance work,2,244.88,4 per year,244.89,265.61,244.89,7,6,other,75 kW,Reg14,0
38,stable,same,Female,medical,2,private or freelance work,1,464.71,2 per year,464.72,361.42,451.81,16,14,private garage,75 kW,Reg12,0
37,down,all drivers > 24,Female,normal,0,private or freelance work,1,297.5,4 per year,303.58,412.56,297.57,13,10,private garage,75 kW,Reg8,0
41,down,only partner,Male,normal,2,private or freelance work,1,204.16,4 per year,208.33,227.29,178.56,16,10,private garage,100 kW,Reg14,0
38,down,only partner,Female,medical,0,private or freelance work,1,259.54,4 per year,264.84,302.67,225.52,18,16,private garage,75 kW,Reg4,0
79,stable,only partner,Male,normal,10,unknown,1,199.98,1 per year,199.99,238.59,201.86,11,0,private garage,100 kW,Reg7,0
35,down,same,Male,normal,7,private or freelance work,2,270.04,1 per year,275.55,258.5,247.98,14,5,private garage,75 kW,Reg7,0
85,stable,same,Male,medical,6,unknown,1,244.13,1 per year,244.14,255.09,262.84,6,0,private garage,75 kW,Reg7,0
29,down,same,Male,medical,0,private or freelance work,1,327.61,4 per year,334.3,440.97,343.15,13,11,private garage,100 kW,Reg4,0
45,up,same,Female,medical,7,unknown,1,433.18,1 per year,309.41,441.6,453.12,7,0,private garage,100 kW,Reg4,0
40,down,young drivers,Female,normal,0,private or freelance work,1,586.98,4 per year,612.5,703.25,510.41,16,16,private garage,75 kW,Reg7,0
44,up,same,Male,normal,1,private or freelance work,3,982.87,4 per year,641.0,1270.66,982.86,17,16,street,75 kW,Reg4,0
26,down,same,Female,medical,1,private or freelance work,1,545.27,12 per year,556.4,517.84,490.96,10,8,other,75 kW,Reg6,0
68,stable,only partner,Male,medical,11,unknown,4,352.61,2 per year,352.63,222.86,365.71,12,0,private garage,100 kW,Reg4,0
45,stable,same,Male,normal,3,private or freelance work,3,399.38,12 per year,399.39,329.03,399.39,8,6,private garage,100 kW,Reg7,0
37,stable,only partner,Male,medical,4,private or freelance work,1,304.09,1 per year,304.1,245.23,295.87,10,0,unknown,100 kW,Reg12,0
65,down,same,Male,normal,0,private or freelance work,1,338.44,1 per year,345.35,441.8,290.56,13,5,carport,100 kW,Reg14,0
23,stable,same,Male,normal,0,private or freelance work,1,303.56,1 per year,303.58,323.07,327.32,8,3,parking deck,75 kW,Reg7,1
37,stable,only partner,Male,medical,1,private or freelance work,1,193.79,12 per year,186.89,189.93,193.79,8,0,underground garage,100 kW,Reg9,0
53,up,only partner,Female,normal,0,private or freelance work,1,476.81,1 per year,381.45,560.54,467.94,12,7,street,25-50 kW,Reg4,0
30,stable,same,Female,medical,0,private or freelance work,1,402.17,1 per year,402.19,229.29,402.19,12,1,other,25-50 kW,Reg5,0
39,stable,all drivers > 24,Male,normal,5,unknown,1,243.38,1 per year,243.39,190.44,222.51,18,9,unknown,75 kW,Reg3,0
45,stable,same,Male,normal,0,private or freelance work,1,298.96,2 per year,298.97,332.92,287.78,16,15,parking deck,100 kW,Reg14,1
51,stable,same,Male,normal,1,private or freelance work,1,314.58,1 per year,314.59,365.94,308.71,15,9,other,100 kW,Reg8,0
34,down,only partner,Male,normal,5,unknown,1,309.58,2 per year,315.9,268.05,280.8,12,6,unknown,100 kW,Reg8,0
43,stable,only partner,Male,normal,1,private or freelance work,1,235.6,1 per year,235.61,287.39,235.61,16,11,private garage,100 kW,Reg4,0
33,down,only partner,Female,medical,1,private or freelance work,1,394.61,1 per year,402.66,476.46,375.83,9,7,private garage,75 kW,Reg7,0
64,stable,same,Female,normal,8,unknown,1,198.25,2 per year,198.26,158.21,186.26,12,0,private garage,75 kW,Reg7,0
29,down,only partner,Female,medical,0,private or freelance work,1,320.62,1 per year,327.16,315.84,305.35,7,6,private garage,25-50 kW,Reg4,1
45,stable,same,Male,medical,2,private or freelance work,1,221.34,1 per year,221.35,189.38,221.35,17,4,street,25-50 kW,Reg4,0
29,down,only partner,Male,medical,3,private or freelance work,2,761.34,1 per year,794.44,442.79,662.04,14,11,street,75 kW,Reg10,0
23,down,same,Female,medical,1,private or freelance work,1,650.74,2 per year,679.04,554.76,565.86,13,12,parking deck,75 kW,Reg7,0
44,down,young drivers,Female,normal,0,private or freelance work,1,301.51,1 per year,307.66,366.3,274.4,18,15,carport,75 kW,Reg10,1
55,stable,same,Female,normal,2,private or freelance work,1,256.1,4 per year,256.11,228.6,258.51,14,6,private garage,75 kW,Reg4,0
56,down,young drivers,Male,medical,0,private or freelance work,1,518.15,4 per year,601.89,510.54,493.51,18,18,other,25-50 kW,Reg14,0
59,stable,only partner,Male,medical,6,unknown,1,660.22,2 per year,660.24,488.46,562.83,10,4,private garage,150 kW,Reg7,0
54,up,young drivers,Male,medical,0,private or freelance work,1,544.27,1 per year,362.85,539.9,503.71,18,18,private garage,25-50 kW,Reg8,1
41,down,same,Male,medical,9,unknown,1,349.43,2 per year,356.56,171.49,311.99,10,1,street,100 kW,Reg14,0
37,up,only partner,Male,normal,1,private or freelance work,1,311.83,4 per year,245.01,475.65,311.84,18,13,parking deck,75 kW,Reg3,0
59,down,same,Male,medical,8,unknown,1,481.94,1 per year,491.78,348.39,401.82,18,10,street,75 kW,Reg9,0
46,down,only partner,Female,medical,0,private or freelance work,1,378.65,2 per year,386.38,440.6,331.18,11,8,underground garage,125-300 kW,Reg7,0
45,down,only partner,Male,medical,1,private or freelance work,1,268.48,1 per year,273.96,369.68,258.26,15,8,carport,75 kW,Reg12,0
48,stable,only partner,Male,normal,7,private or freelance work,2,384.52,4 per year,384.52,455.06,384.52,16,7,street,75 kW,Reg3,0
26,down,same,Female,normal,0,private or freelance work,1,574.15,1 per year,666.94,529.71,521.95,11,11,private garage,25-50 kW,Reg10,0
49,stable,only partner,Male,medical,2,private or freelance work,2,283.71,1 per year,283.72,219.1,283.72,15,12,street,25-50 kW,Reg3,0
38,down,same,Female,normal,3,private or freelance work,1,694.64,4 per year,708.81,525.15,687.1,3,0,street,75 kW,Reg10,0
46,down,only partner,Male,normal,2,private or freelance work,2,258.98,1 per year,264.26,220.95,231.24,6,4,carport,100 kW,Reg7,1
40,down,only partner,Female,normal,0,private or freelance work,2,235.09,2 per year,239.89,252.34,215.9,13,13,private garage,25-50 kW,Reg4,1
34,down,only partner,Male,medical,0,private or freelance work,1,302.84,4 per year,309.03,334.81,278.11,16,15,street,25-50 kW,Reg4,0
47,down,same,Female,normal,1,private or freelance work,1,970.68,12 per year,990.49,520.04,882.07,11,9,street,75 kW,Reg9,0
43,stable,only partner,Male,medical,7,unknown,1,399.16,1 per year,395.41,380.76,399.16,12,4,private garage,75 kW,Reg7,0
45,down,young drivers,Male,medical,0,private or freelance work,1,320.25,1 per year,326.79,421.56,320.74,14,5,street,75 kW,Reg9,0
79,down,same,Female,normal,11,unknown,1,336.67,4 per year,343.54,245.4,284.49,18,6,private garage,75 kW,Reg5,0
24,down,same,Female,medical,0,private or freelance work,1,295.56,1 per year,301.59,379.36,276.46,18,14,street,25-50 kW,Reg14,1
45,stable,only partner,Female,medical,1,private or freelance work,1,195.96,1 per year,195.97,241.57,195.97,16,8,private garage,100 kW,Reg5,0
50,down,young drivers,Male,normal,1,private or freelance work,1,1233.6,4 per year,1728.24,1229.9,1181.86,18,18,private garage,75 kW,Reg5,0
39,down,only partner,Male,medical,1,private or freelance work,1,240.11,2 per year,245.01,343.74,222.74,17,10,underground garage,75 kW,Reg5,1
44,stable,same,Female,medical,2,private or freelance work,1,211.91,4 per year,211.92,313.01,224.1,15,8,street,75 kW,Reg9,0
46,stable,young drivers,Male,medical,0,private or freelance work,2,339.91,1 per year,339.93,515.81,392.22,9,8,street,75 kW,Reg4,0
52,stable,young drivers,Female,normal,2,private or freelance work,1,486.99,4 per year,487.0,353.41,473.26,15,7,private garage,75 kW,Reg13,1
30,down,only partner,Male,medical,0,private or freelance work,1,266.83,1 per year,272.28,341.9,238.33,12,4,street,75 kW,Reg12,0
39,down,same,Female,normal,0,private or freelance work,2,564.38,4 per year,655.59,576.58,522.75,11,8,parking deck,25-50 kW,Reg6,0
39,stable,only partner,Female,medical,0,private or freelance work,1,172.45,4 per year,172.46,243.46,166.36,18,17,street,25-50 kW,Reg6,0
24,up,same,Male,normal,0,private or freelance work,1,1053.17,12 per year,835.27,1041.6,975.96,15,14,private garage,100 kW,Reg3,0
55,stable,same,Male,normal,0,private or freelance work,1,156.53,4 per year,156.54,222.96,165.59,15,5,street,125-300 kW,Reg10,1
38,down,only partner,Male,normal,0,private or freelance work,4,357.36,4 per year,364.65,336.56,310.15,12,12,private garage,125-300 kW,Reg6,0
36,down,only partner,Female,medical,2,private or freelance work,1,271.1,1 per year,276.64,300.34,251.5,9,4,parking deck,100 kW,Reg8,1
34,stable,only partner,Female,normal,2,private or freelance work,1,225.91,12 per year,225.93,213.64,238.69,13,9,private garage,25-50 kW,Reg13,0
80,up,same,Male,normal,9,unknown,1,449.94,2 per year,299.96,431.86,425.36,13,4,private garage,75 kW,Reg14,1
25,down,only partner,Female,medical,0,private or freelance work,3,427.21,4 per year,435.92,438.21,406.86,17,16,private garage,75 kW,Reg3,1
45,down,only partner,Male,normal,7,unknown,1,277.08,2 per year,282.74,213.68,247.4,11,1,private garage,75 kW,Reg5,0
55,down,only partner,Female,medical,8,unknown,1,291.99,1 per year,297.95,290.69,260.95,9,1,street,25-50 kW,Reg7,0
42,stable,only partner,Male,medical,7,private or freelance work,1,291.3,1 per year,291.31,304.06,270.5,10,3,private garage,100 kW,Reg14,0
33,down,only partner,Female,normal,1,private or freelance work,1,231.23,1 per year,235.95,253.43,209.72,10,2,carport,100 kW,Reg7,0
32,stable,same,Male,medical,1,private or freelance work,1,372.2,1 per year,372.21,428.2,372.21,11,5,street,125-300 kW,Reg8,0
50,down,young drivers,Male,medical,0,private or freelance work,1,827.41,1 per year,863.39,651.08,653.44,16,16,private garage,75 kW,Reg6,0
32,down,same,Male,normal,4,private or freelance work,1,434.92,2 per year,443.8,450.88,370.26,14,0,street,75 kW,Reg5,0
44,down,only partner,Female,normal,1,private or freelance work,3,221.87,4 per year,226.4,282.11,210.75,14,6,street,100 kW,Reg5,0
48,down,same,Male,normal,0,private or freelance work,1,569.61,12 per year,594.38,701.32,495.31,18,17,private garage,100 kW,Reg4,0
70,stable,same,Male,normal,8,private or freelance work,1,184.69,1 per year,184.69,206.31,184.69,10,1,private garage,100 kW,Reg5,0
75,stable,all drivers > 24,Female,normal,0,private or freelance work,1,319.96,1 per year,319.97,460.0,319.97,13,11,parking deck,75 kW,Reg5,0
34,down,only partner,Male,medical,0,private or freelance work,2,398.73,1 per year,416.06,410.51,346.71,6,6,private garage,75 kW,Reg4,0
41,down,young drivers,Female,normal,0,private or freelance work,1,465.32,1 per year,474.81,565.71,431.65,15,6,private garage,75 kW,Reg4,0
56,stable,same,Female,normal,1,private or freelance work,1,238.88,1 per year,227.51,205.39,240.74,10,9,underground garage,75 kW,Reg7,1
43,down,same,Male,medical,0,private or freelance work,1,202.21,1 per year,206.34,232.34,153.64,13,6,private garage,225 kW,Reg10,0
47,stable,same,Male,normal,0,private or freelance work,2,241.48,1 per year,241.49,332.19,255.49,18,16,street,75 kW,Reg9,0
36,down,same,Male,normal,1,private or freelance work,1,693.2,4 per year,971.15,575.02,602.79,11,9,street,25-50 kW,Reg10,0
50,down,only partner,Male,medical,4,private or freelance work,2,496.26,1 per year,506.39,431.6,425.97,12,8,private garage,100 kW,Reg5,0
41,stable,only partner,Male,normal,8,unknown,3,342.06,2 per year,332.76,244.74,342.06,8,0,private garage,100 kW,Reg7,1
69,down,same,Male,normal,8,private or freelance work,1,273.11,2 per year,278.69,283.06,257.22,10,9,private garage,75 kW,Reg7,0
39,down,same,Male,normal,0,private or freelance work,1,376.42,12 per year,384.1,460.34,358.49,11,9,other,100 kW,Reg7,0
31,stable,only partner,Male,normal,1,private or freelance work,1,285.25,1 per year,285.25,366.19,285.25,14,10,underground garage,100 kW,Reg7,0
32,down,same,Male,normal,0,private or freelance work,1,458.54,12 per year,478.47,558.38,398.73,12,10,private garage,75 kW,Reg3,0
53,stable,same,Male,normal,10,private or freelance work,1,164.1,1 per year,164.11,201.26,168.78,12,2,private garage,75 kW,Reg5,0
53,down,young drivers,Male,medical,1,private or freelance work,1,915.98,1 per year,1064.01,980.58,832.7,10,8,street,25-50 kW,Reg8,0
38,up,same,Male,medical,0,private or freelance work,2,222.86,1 per year,159.19,300.09,222.86,11,4,private garage,75 kW,Reg9,0
70,down,same,Male,normal,6,unknown,1,316.75,1 per year,323.21,303.99,267.5,13,7,private garage,75 kW,Reg6,0
69,down,same,Male,normal,12,private or freelance work,1,443.39,1 per year,468.18,478.56,392.72,12,0,private estate,125-300 kW,Reg6,0
28,stable,same,Male,medical,1,private or freelance work,1,352.43,4 per year,352.44,400.9,352.44,11,5,street,125-300 kW,Reg2,0
44,stable,same,Male,normal,0,private or freelance work,1,255.48,1 per year,255.49,365.29,246.06,12,9,underground garage,125-300 kW,Reg11,0
32,stable,only partner,Male,medical,0,private or freelance work,1,186.63,1 per year,186.64,271.77,186.64,17,8,private garage,75 kW,Reg7,0
53,stable,same,Male,medical,4,private or freelance work,1,354.46,1 per year,354.47,211.99,382.17,18,4,unknown,125-300 kW,Reg8,0
55,stable,same,Male,medical,1,private or freelance work,1,186.75,1 per year,186.76,210.55,186.76,16,12,private garage,75 kW,Reg10,0
39,stable,all drivers > 24,Male,normal,0,private or freelance work,1,184.9,1 per year,184.91,207.36,184.91,10,9,other,25-50 kW,Reg3,0
37,stable,only partner,Male,normal,0,private or freelance work,1,175.91,1 per year,175.93,249.51,193.19,10,2,other,125-300 kW,Reg14,0
44,stable,only partner,Female,medical,10,unknown,3,157.19,1 per year,155.74,141.22,157.19,12,0,private garage,25-50 kW,Reg5,1
47,stable,same,Male,normal,7,private or freelance work,1,161.05,12 per year,161.06,181.53,161.06,16,3,parking deck,75 kW,Reg13,0
62,stable,same,Female,normal,0,private or freelance work,1,197.64,4 per year,197.65,247.26,197.65,7,0,private garage,25-50 kW,Reg5,0
40,stable,only partner,Female,medical,8,private or freelance work,1,179.93,2 per year,179.94,170.49,179.94,16,1,private garage,25-50 kW,Reg11,0
50,stable,only partner,Male,medical,8,unknown,2,298.33,1 per year,287.6,243.31,298.33,9,1,private garage,75 kW,Reg8,0
41,down,young drivers,Female,medical,0,private or freelance work,2,241.75,1 per year,246.69,288.74,222.01,10,7,parking deck,25-50 kW,Reg8,0
38,stable,same,Male,normal,0,private or freelance work,1,222.84,4 per year,222.85,237.65,197.24,10,6,private garage,100 kW,Reg14,0
27,up,same,Male,normal,2,private or freelance work,1,1162.24,2 per year,721.39,1276.4,1254.52,16,14,parking deck,75 kW,Reg14,0
38,stable,same,Male,normal,0,private or freelance work,2,270.94,2 per year,270.95,299.15,297.69,4,4,underground garage,75 kW,Reg8,0
36,stable,only partner,Female,normal,0,private or freelance work,1,212.69,1 per year,212.7,355.28,212.7,16,11,street,75 kW,Reg7,0
60,stable,same,Male,normal,5,private or freelance work,1,156.26,1 per year,156.27,219.0,156.27,18,9,private garage,100 kW,Reg12,0
35,down,same,Female,normal,0,private or freelance work,1,852.27,12 per year,990.01,809.99,774.8,12,12,private garage,75 kW,Reg4,0
31,down,only partner,Male,medical,0,private or freelance work,1,154.95,1 per year,158.11,192.57,138.35,17,11,private garage,75 kW,Reg3,0
38,down,all drivers > 24,Male,medical,0,private or freelance work,1,286.17,1 per year,292.01,342.43,262.8,10,4,other,75 kW,Reg14,0
46,stable,learner 17,Male,medical,1,private or freelance work,1,186.41,1 per year,186.42,298.27,181.26,11,4,underground garage,75 kW,Reg8,0
35,stable,same,Female,normal,0,private or freelance work,1,659.78,4 per year,659.79,830.0,710.98,15,14,street,25-50 kW,Reg12,0
33,down,same,Female,normal,1,private or freelance work,1,615.61,1 per year,628.18,511.85,575.83,12,10,private garage,100 kW,Reg8,0
36,stable,only partner,Male,normal,2,private or freelance work,1,552.79,2 per year,552.8,450.88,532.19,15,13,street,75 kW,Reg14,0
44,stable,all drivers > 24,Male,normal,0,private or freelance work,1,236.46,1 per year,236.47,261.6,262.45,18,17,carport,75 kW,Reg3,0
37,stable,same,Male,medical,1,private or freelance work,1,227.44,12 per year,216.63,234.1,228.94,9,5,other,100 kW,Reg12,0
82,stable,young drivers,Male,normal,7,private or freelance work,1,639.21,1 per year,639.23,474.91,621.29,12,5,private garage,25-50 kW,Reg13,0
39,stable,same,Male,normal,1,private or freelance work,1,197.53,1 per year,197.54,221.32,195.75,16,8,street,100 kW,Reg12,1
35,down,same,Male,medical,0,private or freelance work,1,252.45,1 per year,257.6,322.43,231.83,10,0,private garage,100 kW,Reg5,0
38,stable,only partner,Male,medical,2,private or freelance work,1,250.32,1 per year,250.32,238.7,250.32,13,3,carport,75 kW,Reg2,0
31,down,same,Male,normal,2,private or freelance work,1,399.96,1 per year,408.12,313.5,369.71,14,5,street,75 kW,Reg8,0
34,up,same,Female,normal,2,private or freelance work,1,1105.79,4 per year,686.35,1049.79,1105.79,15,13,private garage,75 kW,Reg5,0
48,down,same,Male,normal,1,private or freelance work,2,433.77,12 per year,442.63,424.93,402.39,13,7,underground garage,75 kW,Reg14,0
36,stable,same,Male,medical,1,private or freelance work,1,231.74,12 per year,231.75,218.43,217.18,17,10,street,75 kW,Reg4,0
42,stable,only partner,Male,medical,3,private or freelance work,1,245.36,1 per year,245.36,235.17,245.36,13,4,unknown,75 kW,Reg4,0
41,down,young drivers,Female,normal,0,private or freelance work,1,325.45,1 per year,332.09,426.16,304.41,15,15,other,100 kW,Reg5,0
39,down,only partner,Male,normal,2,private or freelance work,2,264.01,1 per year,269.4,273.99,239.48,13,4,carport,75 kW,Reg4,0
49,stable,same,Male,normal,0,private or freelance work,1,266.68,1 per year,266.69,359.06,266.69,15,10,parking deck,100 kW,Reg4,0
45,stable,young drivers,Female,medical,0,private or freelance work,1,339.91,2 per year,339.93,624.45,330.42,16,13,street,100 kW,Reg3,0
68,down,all drivers > 24,Female,normal,2,private or freelance work,1,322.22,1 per year,328.8,342.43,303.49,13,2,private garage,75 kW,Reg9,0
28,down,young drivers,Male,medical,0,private or freelance work,1,606.71,1 per year,631.99,617.66,494.6,9,8,street,75 kW,Reg14,0
36,stable,only partner,Female,normal,1,private or freelance work,1,283.04,1 per year,283.05,321.74,293.68,10,1,street,75 kW,Reg4,0
57,stable,same,Male,normal,6,unknown,1,342.59,2 per year,342.6,313.52,326.76,8,2,street,75 kW,Reg9,0
48,down,same,Male,medical,10,unknown,2,475.69,2 per year,485.4,311.66,441.27,12,1,street,25-50 kW,Reg5,0
71,down,same,Male,normal,10,private or freelance work,2,207.69,1 per year,211.92,257.76,188.37,14,4,private garage,100 kW,Reg10,0
56,down,only partner,Male,normal,0,private or freelance work,2,318.01,1 per year,324.5,263.86,295.0,8,8,other,25-50 kW,Reg4,0
59,stable,same,Male,normal,1,private or freelance work,1,185.55,2 per year,185.56,198.54,185.56,11,1,underground garage,75 kW,Reg7,0
34,stable,all drivers > 24,Male,normal,3,private or freelance work,2,342.81,1 per year,342.83,467.27,336.34,18,16,street,150 kW,Reg7,1
39,down,only partner,Male,normal,2,private or freelance work,1,811.87,1 per year,1921.81,734.27,733.15,18,17,street,75 kW,Reg9,0
35,stable,same,Female,medical,4,private or freelance work,1,245.45,1 per year,245.46,301.52,245.46,14,7,underground garage,100 kW,Reg7,0
36,stable,only partner,Male,normal,4,private or freelance work,1,335.77,1 per year,335.77,289.9,335.77,8,0,unknown,75 kW,Reg7,0
70,down,same,Male,medical,9,unknown,1,277.38,1 per year,283.04,268.68,251.75,9,0,private garage,100 kW,Reg8,0
31,down,same,Male,normal,0,private or freelance work,1,486.86,4 per year,496.8,470.9,438.01,9,7,underground garage,25-50 kW,Reg9,1
26,stable,only partner,Female,medical,0,private or freelance work,1,289.66,2 per year,289.68,430.8,312.26,18,18,other,75 kW,Reg12,0
33,down,only partner,Male,normal,1,private or freelance work,2,227.12,1 per year,231.75,246.29,208.55,12,1,private garage,100 kW,Reg6,0
44,down,only partner,Male,medical,1,private or freelance work,2,304.57,1 per year,310.79,357.51,310.86,8,0,other,100 kW,Reg4,0
68,stable,only partner,Male,normal,5,unknown,1,243.66,4 per year,243.68,237.49,245.93,15,0,unknown,75 kW,Reg4,0
31,stable,young drivers,Male,normal,2,private or freelance work,1,306.44,1 per year,306.45,547.58,336.73,14,7,parking deck,125-300 kW,Reg1,0
41,up,same,Female,normal,0,private or freelance work,1,206.91,1 per year,144.84,243.3,216.66,9,0,underground garage,75 kW,Reg7,1
47,stable,only partner,Female,medical,0,private or freelance work,1,210.39,1 per year,210.4,185.66,200.8,18,18,private garage,100 kW,Reg7,0
45,stable,only partner,Male,medical,4,private or freelance work,1,272.55,1 per year,272.56,260.14,267.44,5,1,unknown,75 kW,Reg14,0
49,stable,young drivers,Female,normal,0,private or freelance work,3,343.81,12 per year,343.82,467.55,337.44,12,12,private garage,75 kW,Reg8,0
72,stable,same,Female,normal,9,private or freelance work,1,247.21,1 per year,247.22,287.4,251.92,11,0,underground garage,75 kW,Reg14,0
33,down,same,Female,medical,1,private or freelance work,1,166.0,4 per year,169.39,213.91,152.45,13,8,street,75 kW,Reg10,0
60,down,only partner,Male,medical,8,unknown,1,246.67,1 per year,251.7,165.46,223.72,11,0,private garage,25-50 kW,Reg4,0
47,down,only partner,Female,normal,0,private or freelance work,1,586.3,1 per year,598.26,566.11,512.8,11,9,other,75 kW,Reg4,1
34,stable,same,Male,normal,0,private or freelance work,1,189.66,4 per year,189.68,286.51,204.21,11,3,private garage,125-300 kW,Reg14,0
32,stable,same,Female,normal,0,private or freelance work,1,193.7,4 per year,193.7,232.89,193.7,10,9,private garage,75 kW,Reg7,0
35,down,same,Male,medical,1,private or freelance work,1,440.17,4 per year,449.15,309.01,415.91,18,17,street,100 kW,Reg9,0
55,down,same,Male,medical,2,private or freelance work,1,356.29,12 per year,363.56,390.41,318.08,14,7,street,75 kW,Reg8,0
50,down,young drivers,Female,medical,0,private or freelance work,1,140.31,4 per year,143.18,159.55,122.8,15,0,other,25-50 kW,Reg11,0
35,stable,same,Male,normal,0,private or freelance work,1,146.97,1 per year,146.99,236.96,168.6,10,5,private garage,100 kW,Reg14,0
36,down,same,Female,normal,0,private or freelance work,1,511.77,4 per year,982.19,552.54,465.25,12,10,parking deck,25-50 kW,Reg7,0
43,down,same,Male,normal,2,private or freelance work,1,412.54,12 per year,420.96,336.91,382.7,14,11,street,75 kW,Reg10,0
46,stable,only partner,Male,normal,1,private or freelance work,6,275.55,1 per year,275.56,383.49,250.89,15,10,other,150 kW,Reg4,1
54,stable,same,Female,medical,8,private or freelance work,1,237.2,1 per year,237.21,243.52,228.55,14,5,private garage,100 kW,Reg3,0
71,stable,same,Male,normal,8,unknown,1,352.02,1 per year,352.04,313.29,355.41,13,0,private garage,125-300 kW,Reg2,0
59,stable,same,Male,normal,0,private or freelance work,1,228.91,4 per year,228.92,359.06,249.34,18,14,carport,75 kW,Reg4,0
35,down,only partner,Female,medical,1,private or freelance work,1,399.47,1 per year,407.63,359.95,349.4,5,4,street,25-50 kW,Reg2,0
56,stable,only partner,Male,normal,2,private or freelance work,1,169.81,1 per year,169.83,171.81,169.83,17,0,private garage,75 kW,Reg4,0
44,stable,only partner,Male,medical,9,private or freelance work,1,149.11,1 per year,149.11,161.77,149.11,5,0,private garage,100 kW,Reg6,1
27,down,same,Male,normal,1,private or freelance work,1,580.78,4 per year,592.64,513.2,553.12,12,9,private garage,100 kW,Reg7,1
25,down,young drivers,Male,medical,0,private or freelance work,1,503.48,4 per year,584.85,459.1,461.95,14,14,private garage,25-50 kW,Reg7,0
38,down,same,Female,medical,9,unknown,1,161.77,1 per year,165.07,118.42,140.81,10,0,private garage,25-50 kW,Reg12,1
69,stable,all drivers > 24,Female,normal,2,private or freelance work,1,226.58,1 per year,226.59,172.45,226.59,4,1,private garage,100 kW,Reg6,0
74,stable,same,Female,normal,0,private or freelance work,1,174.4,1 per year,174.41,229.6,176.05,12,0,private garage,75 kW,Reg4,0
30,down,same,Male,normal,1,private or freelance work,1,760.34,2 per year,793.4,616.17,661.16,10,8,private garage,125-300 kW,Reg3,0
37,down,same,Male,medical,0,private or freelance work,1,431.86,2 per year,501.65,541.42,422.5,14,13,private garage,25-50 kW,Reg6,0
69,stable,same,Male,normal,2,private or freelance work,1,187.95,1 per year,187.96,204.2,195.17,16,1,private garage,75 kW,Reg7,0
32,stable,same,Female,medical,0,private or freelance work,1,403.94,4 per year,403.95,321.23,415.59,11,11,parking deck,75 kW,Reg4,0
51,stable,only partner,Male,medical,0,private or freelance work,2,270.34,1 per year,270.35,350.51,270.35,14,10,private garage,150 kW,Reg7,0
45,down,same,Female,normal,1,private or freelance work,1,466.98,1 per year,476.51,458.21,408.44,11,8,street,75 kW,Reg3,0
37,down,only partner,Male,medical,1,private or freelance work,1,265.54,1 per year,270.96,336.34,243.86,18,15,street,100 kW,Reg5,0
47,down,same,Female,normal,2,private or freelance work,1,472.52,4 per year,482.16,359.25,438.34,18,18,street,75 kW,Reg4,0
58,stable,same,Male,normal,2,private or freelance work,1,220.76,1 per year,220.77,254.74,220.77,18,9,parking deck,100 kW,Reg4,0
38,stable,only partner,Female,normal,7,unknown,5,344.95,12 per year,344.96,311.25,348.16,14,7,private estate,100 kW,Reg5,0
37,stable,same,Male,normal,0,private or freelance work,2,206.9,1 per year,206.91,298.23,206.91,11,6,private garage,125-300 kW,Reg4,0
52,down,young drivers,Male,normal,0,private or freelance work,1,1204.78,12 per year,1399.49,962.99,1172.11,14,14,street,75 kW,Reg8,0
24,stable,same,Male,normal,2,private or freelance work,1,300.38,1 per year,300.39,306.5,300.39,9,9,private garage,75 kW,Reg3,0
31,stable,same,Male,normal,8,private or freelance work,2,327.35,4 per year,327.36,391.51,327.36,15,7,street,75 kW,Reg5,0
46,stable,same,Female,medical,10,unknown,1,230.09,1 per year,230.1,222.25,230.1,15,5,private garage,25-50 kW,Reg8,0
33,down,same,Male,normal,0,private or freelance work,1,478.91,12 per year,670.94,556.75,440.4,13,11,private garage,25-50 kW,Reg7,0
42,stable,only partner,Female,medical,6,private or freelance work,1,218.88,1 per year,218.89,179.12,209.44,6,0,private garage,75 kW,Reg6,0
32,down,only partner,Female,medical,1,private or freelance work,1,395.59,2 per year,403.66,358.52,363.12,10,10,private garage,25-50 kW,Reg4,0
54,stable,same,Female,normal,0,private or freelance work,1,177.56,1 per year,177.57,201.32,177.57,7,0,underground garage,100 kW,Reg10,0
44,down,same,Female,medical,2,private or freelance work,1,240.09,1 per year,244.99,249.91,228.72,12,3,carport,75 kW,Reg7,1
43,stable,same,Male,normal,1,private or freelance work,2,206.61,1 per year,206.61,274.94,206.61,12,5,private garage,125-300 kW,Reg12,0
59,stable,all drivers > 24,Female,medical,0,private or freelance work,1,231.41,1 per year,231.42,271.95,231.42,9,2,carport,100 kW,Reg4,0
49,down,only partner,Male,medical,8,unknown,1,287.88,1 per year,293.75,219.41,261.11,11,0,street,25-50 kW,Reg5,0
43,down,only partner,Female,medical,1,private or freelance work,1,410.01,4 per year,418.38,348.09,383.51,8,5,other,125-300 kW,Reg6,0
51,down,young drivers,Female,medical,0,private or freelance work,1,1373.87,4 per year,1595.91,927.86,1249.05,16,15,parking deck,75 kW,Reg6,0
45,down,young drivers,Female,medical,0,private or freelance work,1,311.57,1 per year,317.92,346.1,302.89,14,3,private garage,75 kW,Reg9,0
31,stable,same,Male,normal,0,private or freelance work,1,269.03,4 per year,269.04,329.4,269.04,11,8,private garage,75 kW,Reg3,0
42,stable,only partner,Female,normal,0,private or freelance work,5,286.11,2 per year,286.12,354.5,272.91,17,11,private garage,100 kW,Reg7,0
34,down,only partner,Male,normal,5,private or freelance work,1,394.44,12 per year,402.49,534.03,401.18,14,5,private garage,125-300 kW,Reg8,0
60,down,all drivers > 24,Male,normal,0,private or freelance work,1,299.99,2 per year,306.11,369.6,275.5,10,4,street,100 kW,Reg5,0
41,stable,only partner,Male,normal,0,private or freelance work,1,140.91,1 per year,140.92,204.29,161.8,10,0,private garage,75 kW,Reg7,0
43,down,only partner,Male,normal,1,private or freelance work,2,224.35,4 per year,228.92,234.12,193.16,8,0,private garage,25-50 kW,Reg5,0
34,up,same,Female,medical,2,private or freelance work,1,370.39,2 per year,269.38,337.2,370.4,8,5,private garage,75 kW,Reg4,0
65,stable,same,Male,medical,9,unknown,1,286.63,1 per year,278.75,254.59,286.63,12,3,private estate,100 kW,Reg9,0
30,down,young drivers,Male,medical,0,private or freelance work,1,653.63,4 per year,759.26,737.02,640.75,18,17,other,75 kW,Reg1,0
37,stable,only partner,Male,normal,8,private or freelance work,1,186.99,1 per year,183.71,189.76,186.99,8,0,parking deck,75 kW,Reg4,0
32,down,all drivers > 24,Male,medical,2,private or freelance work,1,787.88,4 per year,803.96,522.67,736.32,18,16,street,100 kW,Reg13,0
67,stable,same,Male,normal,9,private or freelance work,2,144.04,1 per year,144.05,190.65,144.05,11,0,private garage,75 kW,Reg7,0
54,down,same,Female,normal,10,unknown,1,469.37,12 per year,478.95,283.66,441.78,15,2,street,125-300 kW,Reg6,0
51,stable,only partner,Female,medical,11,private or freelance work,1,102.76,1 per year,102.78,117.38,102.78,11,0,private garage,25-50 kW,Reg5,0
53,down,same,Male,medical,3,private or freelance work,1,322.21,1 per year,328.79,286.39,285.22,18,18,underground garage,25-50 kW,Reg7,0
45,stable,all drivers > 24,Male,normal,4,private or freelance work,1,325.77,2 per year,325.79,304.3,322.71,16,4,unknown,75 kW,Reg9,0
34,down,only partner,Male,normal,2,private or freelance work,1,494.92,12 per year,505.02,428.07,462.94,15,12,street,75 kW,Reg7,0
25,down,same,Male,normal,0,private or freelance work,1,423.97,1 per year,432.63,365.59,370.83,6,3,parking deck,100 kW,Reg14,0
58,stable,same,Male,normal,5,unknown,2,265.91,1 per year,265.91,238.45,265.91,11,3,unknown,125-300 kW,Reg10,0
55,stable,same,Male,normal,1,private or freelance work,1,254.3,1 per year,254.31,311.44,254.31,18,8,other,75 kW,Reg7,0
35,down,same,Male,normal,0,private or freelance work,1,276.91,1 per year,282.56,382.48,259.01,11,0,private garage,150 kW,Reg4,0
45,down,only partner,Male,medical,10,private or freelance work,1,190.6,4 per year,194.49,172.97,160.71,18,8,private garage,125-300 kW,Reg4,0
29,down,same,Male,medical,0,private or freelance work,1,696.36,2 per year,726.64,764.78,635.2,16,15,carport,100 kW,Reg1,0
36,stable,same,Female,medical,1,private or freelance work,1,173.7,1 per year,173.71,179.21,169.11,15,0,private garage,75 kW,Reg11,0
36,stable,same,Male,normal,1,private or freelance work,1,275.78,1 per year,275.79,327.1,275.79,13,0,underground garage,75 kW,Reg5,0
40,up,only partner,Male,normal,0,private or freelance work,1,375.65,1 per year,268.33,505.79,382.78,15,9,private garage,125-300 kW,Reg6,0
44,stable,same,Male,normal,3,private or freelance work,1,273.0,1 per year,263.02,180.36,273.0,7,3,unknown,100 kW,Reg3,0
34,stable,only partner,Female,normal,0,private or freelance work,1,235.46,1 per year,235.48,278.11,235.48,18,16,private garage,75 kW,Reg7,0
48,down,same,Male,normal,1,private or freelance work,1,672.56,12 per year,686.29,588.7,616.6,11,7,private garage,75 kW,Reg3,0
30,stable,only partner,Male,normal,5,private or freelance work,1,348.71,1 per year,348.73,289.55,339.1,12,6,private garage,75 kW,Reg8,0
61,stable,same,Male,normal,0,private or freelance work,1,171.73,1 per year,171.74,264.52,171.74,15,7,carport,75 kW,Reg5,1
51,stable,same,Female,medical,6,unknown,1,246.79,4 per year,246.8,219.94,240.13,11,4,private garage,75 kW,Reg4,0
27,down,same,Male,medical,2,private or freelance work,1,297.61,2 per year,303.69,298.75,260.3,17,12,parking deck,75 kW,Reg11,0
62,stable,same,Male,normal,1,private or freelance work,2,223.62,2 per year,212.99,223.9,225.21,17,10,other,25-50 kW,Reg9,0
23,down,same,Female,medical,0,private or freelance work,1,1088.12,4 per year,1524.43,1060.76,1022.09,15,13,parking deck,75 kW,Reg12,0
36,down,same,Male,normal,0,private or freelance work,1,662.57,4 per year,769.65,672.83,602.34,15,14,underground garage,75 kW,Reg2,0
50,stable,only partner,Male,medical,11,private or freelance work,1,163.83,1 per year,156.04,153.12,164.8,13,0,private garage,75 kW,Reg6,0
30,down,young drivers,Male,medical,1,private or freelance work,1,439.31,4 per year,448.27,427.38,373.62,14,4,street,75 kW,Reg14,0
46,stable,same,Male,normal,0,private or freelance work,1,227.15,1 per year,227.16,259.89,242.61,9,4,private garage,100 kW,Reg4,0
68,stable,only partner,Male,normal,11,unknown,1,432.16,1 per year,432.17,347.75,510.97,15,1,private garage,75 kW,Reg3,0
55,stable,only partner,Male,normal,8,unknown,1,475.74,4 per year,475.75,368.5,449.87,11,2,private garage,100 kW,Reg4,0
54,down,only partner,Male,medical,0,private or freelance work,1,243.42,12 per year,248.39,330.65,212.65,16,11,carport,175 kW,Reg3,0
44,stable,only partner,Male,medical,8,unknown,1,354.26,1 per year,354.26,287.49,354.26,8,0,street,100 kW,Reg1,0
46,stable,same,Male,medical,6,private or freelance work,1,328.9,4 per year,328.91,279.16,313.82,6,0,private garage,100 kW,Reg5,0
68,stable,only partner,Male,medical,10,unknown,1,297.28,1 per year,297.29,273.99,289.19,10,0,private garage,25-50 kW,Reg8,0
37,stable,only partner,Male,normal,3,private or freelance work,1,335.01,4 per year,335.02,273.25,344.46,15,5,unknown,25-50 kW,Reg5,0
24,down,same,Male,normal,1,private or freelance work,1,419.77,1 per year,428.34,399.04,400.15,13,8,private garage,75 kW,Reg7,0
70,stable,same,Female,normal,8,unknown,1,348.21,12 per year,348.22,258.75,354.63,14,6,street,25-50 kW,Reg12,0
43,down,only partner,Female,medical,10,private or freelance work,1,216.03,2 per year,220.44,263.64,195.94,16,6,private garage,75 kW,Reg6,0
42,stable,only partner,Female,normal,0,private or freelance work,1,247.36,4 per year,247.37,274.02,247.37,15,15,parking deck,75 kW,Reg1,0
42,down,same,Male,normal,1,private or freelance work,1,326.79,2 per year,333.46,372.24,300.11,16,8,street,75 kW,Reg8,0
45,stable,same,Male,medical,0,private or freelance work,4,202.1,1 per year,202.11,342.24,202.11,18,8,other,100 kW,Reg7,0
39,stable,same,Female,medical,6,unknown,1,236.11,12 per year,236.11,159.11,236.11,7,0,private garage,25-50 kW,Reg13,1
38,stable,same,Male,normal,1,private or freelance work,1,219.33,1 per year,219.34,254.04,211.28,13,4,carport,100 kW,Reg8,0
39,down,only partner,Male,medical,2,private or freelance work,1,779.91,4 per year,1092.62,789.98,697.77,14,14,parking deck,75 kW,Reg7,0
31,stable,same,Male,normal,0,private or freelance work,2,256.73,12 per year,256.74,274.25,233.65,12,8,carport,75 kW,Reg11,0
49,stable,same,Male,normal,0,private or freelance work,1,186.06,4 per year,186.08,244.33,186.08,14,9,private garage,100 kW,Reg13,0
43,stable,same,Female,normal,10,private or freelance work,2,521.48,12 per year,496.66,414.94,526.05,10,8,private garage,100 kW,Reg9,0
32,down,same,Female,medical,0,private or freelance work,1,575.04,4 per year,600.04,728.34,500.04,18,16,other,25-50 kW,Reg5,0
28,down,young drivers,Male,normal,0,private or freelance work,1,843.11,12 per year,979.38,597.96,766.46,6,4,street,25-50 kW,Reg7,0
38,stable,same,Female,medical,0,private or freelance work,1,220.69,1 per year,220.7,278.58,220.7,14,8,street,25-50 kW,Reg4,0
42,down,same,Male,medical,1,private or freelance work,1,402.07,1 per year,410.28,373.35,368.35,18,15,street,25-50 kW,Reg3,1
33,down,same,Male,medical,0,private or freelance work,1,530.05,4 per year,742.59,627.21,496.76,14,11,street,25-50 kW,Reg7,0
26,down,same,Female,normal,1,private or freelance work,2,396.59,2 per year,404.69,384.21,346.88,16,12,other,75 kW,Reg1,1
39,stable,same,Male,normal,1,private or freelance work,1,329.44,4 per year,329.45,334.43,329.45,9,5,private garage,100 kW,Reg6,0
41,stable,all drivers > 24,Male,normal,3,private or freelance work,2,342.99,1 per year,343.0,379.98,343.0,3,0,private garage,100 kW,Reg2,0
52,stable,same,Female,medical,10,unknown,1,200.21,1 per year,200.22,237.69,189.76,10,0,private garage,25-50 kW,Reg9,0
51,stable,same,Male,medical,0,private or freelance work,2,224.65,2 per year,224.66,304.24,224.66,15,12,private garage,75 kW,Reg5,1
37,down,only partner,Male,normal,0,private or freelance work,2,504.95,4 per year,515.25,568.81,480.9,16,15,street,75 kW,Reg2,0
41,stable,all drivers > 24,Male,medical,0,private or freelance work,2,176.54,1 per year,176.55,297.0,176.55,17,9,private garage,75 kW,Reg7,0
34,stable,only partner,Male,medical,1,private or freelance work,1,254.74,4 per year,254.74,304.99,254.74,9,3,private garage,100 kW,Reg4,0
57,stable,young drivers,Male,medical,9,private or freelance work,1,224.58,1 per year,224.59,341.34,224.59,10,0,private garage,150 kW,Reg5,0
36,stable,only partner,Male,normal,2,private or freelance work,1,505.12,4 per year,505.14,467.74,544.85,14,8,other,75 kW,Reg9,0
36,down,same,Female,normal,0,private or freelance work,1,600.43,4 per year,697.47,610.88,545.81,17,16,carport,75 kW,Reg4,0
42,stable,same,Male,medical,3,private or freelance work,1,211.11,1 per year,211.11,218.64,211.11,12,1,unknown,75 kW,Reg4,0
38,up,only partner,Female,normal,0,private or freelance work,1,879.36,4 per year,545.81,1220.47,904.67,15,12,street,75 kW,Reg7,0
45,down,only partner,Male,normal,7,private or freelance work,2,410.25,12 per year,418.62,248.55,344.96,14,13,private garage,150 kW,Reg11,0
37,stable,only partner,Male,normal,1,private or freelance work,2,330.3,4 per year,330.31,309.76,330.31,15,14,private garage,75 kW,Reg1,0
43,stable,only partner,Male,medical,6,private or freelance work,1,311.55,1 per year,311.56,420.71,377.01,10,4,street,100 kW,Reg9,0
24,down,same,Female,normal,0,private or freelance work,1,527.32,1 per year,550.25,588.31,458.54,12,8,private garage,25-50 kW,Reg6,0
41,stable,only partner,Male,medical,0,private or freelance work,1,452.98,1 per year,452.99,559.19,452.99,16,12,private garage,75 kW,Reg8,0
30,stable,same,Male,medical,0,private or freelance work,2,419.42,2 per year,419.44,467.21,419.44,18,17,private garage,100 kW,Reg7,1
40,stable,same,Male,normal,0,private or freelance work,1,162.51,1 per year,162.53,236.77,179.85,16,6,street,100 kW,Reg3,0
39,stable,same,Male,medical,1,private or freelance work,1,204.69,1 per year,204.69,240.85,204.69,11,0,street,75 kW,Reg4,0
39,stable,all drivers > 24,Male,normal,5,unknown,1,216.09,1 per year,216.1,200.36,210.45,13,0,unknown,25-50 kW,Reg14,0
42,down,same,Male,normal,7,unknown,1,380.35,1 per year,388.11,264.43,361.19,10,2,street,75 kW,Reg7,0
41,up,same,Female,medical,0,private or freelance work,1,335.18,12 per year,251.39,364.04,335.2,17,16,private garage,25-50 kW,Reg8,0
27,down,young drivers,Female,normal,0,private or freelance work,2,399.47,4 per year,407.63,457.66,396.1,18,15,parking deck,25-50 kW,Reg2,0
52,down,same,Male,medical,0,private or freelance work,1,741.5,4 per year,756.64,688.27,679.54,8,0,carport,100 kW,Reg8,0
37,down,same,Female,normal,0,private or freelance work,1,591.8,4 per year,687.45,612.52,538.01,16,15,private garage,75 kW,Reg14,0
41,down,same,Male,normal,1,private or freelance work,1,317.19,4 per year,323.66,324.21,298.81,12,8,other,75 kW,Reg10,0
30,down,same,Male,normal,0,private or freelance work,1,314.53,4 per year,320.95,379.89,275.5,14,8,street,100 kW,Reg4,0
24,stable,same,Female,medical,0,private or freelance work,1,612.51,4 per year,612.52,777.83,612.52,18,17,private garage,25-50 kW,Reg3,0
34,up,same,Male,medical,0,private or freelance work,1,262.69,1 per year,210.15,434.06,262.72,17,11,private garage,75 kW,Reg7,0
41,stable,same,Female,medical,0,private or freelance work,1,218.72,2 per year,210.67,243.05,218.72,18,17,private garage,25-50 kW,Reg3,0
29,down,all drivers > 24,Male,normal,1,private or freelance work,1,333.86,1 per year,340.68,290.35,302.82,16,11,private garage,100 kW,Reg12,0
57,stable,young drivers,Male,medical,0,private or freelance work,1,138.67,1 per year,138.69,208.31,138.69,13,0,private garage,75 kW,Reg4,0
46,stable,only partner,Male,normal,1,private or freelance work,4,240.99,1 per year,234.4,313.26,240.99,18,16,street,100 kW,Reg4,0
71,down,only partner,Male,normal,6,private or freelance work,1,459.12,2 per year,468.49,424.23,401.56,5,0,street,75 kW,Reg1,0
30,down,same,Male,normal,1,private or freelance work,1,584.75,2 per year,596.69,487.6,568.24,14,9,street,75 kW,Reg9,0
41,down,only partner,Female,normal,0,private or freelance work,1,509.75,4 per year,520.15,531.31,499.46,10,9,street,100 kW,Reg13,0
40,stable,same,Female,medical,5,private or freelance work,1,294.17,4 per year,285.99,254.69,294.17,12,9,street,25-50 kW,Reg7,0
27,down,same,Female,normal,0,private or freelance work,1,653.65,4 per year,759.29,728.1,594.2,12,12,other,75 kW,Reg4,0
40,stable,same,Male,normal,0,private or freelance work,1,328.05,4 per year,328.06,365.88,304.41,15,14,other,100 kW,Reg3,0
39,stable,only partner,Male,medical,1,private or freelance work,1,161.9,1 per year,161.9,206.11,161.9,14,3,other,75 kW,Reg7,0
34,down,same,Male,medical,0,private or freelance work,1,507.71,4 per year,528.86,412.26,413.89,7,7,private garage,75 kW,Reg10,1
42,down,young drivers,Female,normal,0,private or freelance work,3,655.01,4 per year,760.88,765.06,630.29,0,0,private garage,25-50 kW,Reg4,0
42,stable,only partner,Male,normal,2,private or freelance work,1,266.53,12 per year,266.54,236.51,284.27,14,10,other,25-50 kW,Reg14,0
46,stable,only partner,Female,medical,1,private or freelance work,1,236.98,12 per year,236.99,258.44,236.99,18,8,other,75 kW,Reg3,1
85,stable,only partner,Male,normal,7,unknown,1,316.76,1 per year,316.77,329.99,319.78,14,7,private garage,100 kW,Reg7,0
29,stable,only partner,Male,normal,2,private or freelance work,1,481.94,4 per year,481.95,355.16,464.03,10,7,private garage,100 kW,Reg7,0
36,stable,only partner,Male,normal,2,private or freelance work,1,259.83,12 per year,259.84,287.46,274.68,17,10,street,75 kW,Reg12,0
67,stable,same,Male,normal,0,private or freelance work,1,134.6,1 per year,134.61,193.21,134.61,18,11,private garage,75 kW,Reg3,0
39,stable,same,Male,medical,2,private or freelance work,1,268.68,4 per year,268.69,266.77,278.71,10,2,private garage,75 kW,Reg8,0
33,up,only partner,Male,medical,0,private or freelance work,2,679.13,12 per year,528.21,1003.47,679.12,12,10,private garage,75 kW,Reg6,0
42,down,only partner,Male,medical,0,private or freelance work,1,447.27,4 per year,466.71,473.47,411.25,14,14,private garage,25-50 kW,Reg3,0
34,down,same,Male,normal,0,private or freelance work,1,877.52,4 per year,1019.34,731.49,860.01,12,12,street,75 kW,Reg4,0
47,down,only partner,Female,medical,8,unknown,1,359.89,1 per year,367.24,293.91,321.32,16,8,street,75 kW,Reg8,0
37,stable,same,Male,normal,8,unknown,1,321.4,2 per year,321.41,233.34,339.7,15,7,private garage,100 kW,Reg3,0
27,down,same,Female,normal,0,private or freelance work,1,865.08,4 per year,1242.84,913.35,804.04,12,11,other,25-50 kW,Reg1,0
45,stable,same,Male,normal,2,private or freelance work,1,304.89,4 per year,304.89,308.71,304.89,14,9,other,75 kW,Reg4,0
53,stable,only partner,Male,medical,10,private or freelance work,1,190.05,1 per year,190.06,173.44,190.06,16,5,private garage,75 kW,Reg10,0
53,stable,same,Female,normal,0,private or freelance work,1,201.19,12 per year,201.2,302.73,212.76,13,8,private garage,100 kW,Reg4,0
42,stable,same,Male,normal,0,private or freelance work,1,200.45,12 per year,200.46,261.19,194.95,7,3,underground garage,100 kW,Reg3,0
22,down,same,Female,medical,0,private or freelance work,1,526.31,4 per year,611.38,638.49,487.54,12,12,street,25-50 kW,Reg6,0
35,stable,same,Female,medical,0,private or freelance work,1,207.19,4 per year,207.2,239.16,207.2,8,2,private garage,25-50 kW,Reg7,0
67,down,same,Male,medical,5,private or freelance work,1,179.18,1 per year,182.84,275.59,162.53,18,12,street,75 kW,Reg5,0
30,down,same,Female,medical,0,private or freelance work,1,698.8,2 per year,811.74,853.02,692.24,13,12,street,100 kW,Reg9,0
39,down,same,Male,normal,0,private or freelance work,1,225.85,4 per year,230.46,243.74,204.85,8,3,underground garage,75 kW,Reg4,1
43,stable,only partner,Male,medical,4,private or freelance work,1,272.45,1 per year,272.46,272.8,270.0,12,0,unknown,25-50 kW,Reg8,0
35,stable,only partner,Male,normal,1,private or freelance work,1,199.19,1 per year,199.2,289.83,199.2,17,4,street,125-300 kW,Reg12,0
74,stable,same,Female,normal,1,private or freelance work,1,259.31,1 per year,259.33,269.46,259.33,14,0,private garage,75 kW,Reg14,0
32,down,only partner,Female,normal,4,private or freelance work,1,334.09,4 per year,340.91,282.62,298.39,7,3,unknown,75 kW,Reg5,0
42,down,only partner,Female,normal,0,private or freelance work,1,489.85,1 per year,499.85,429.32,466.53,2,2,private garage,100 kW,Reg6,0
44,down,same,Male,normal,0,private or freelance work,1,690.01,4 per year,991.32,618.4,572.59,0,0,other,25-50 kW,Reg7,0
55,down,same,Male,normal,1,private or freelance work,1,802.07,1 per year,836.94,771.31,697.45,13,11,parking deck,75 kW,Reg4,0
41,stable,same,Male,normal,0,private or freelance work,1,171.06,2 per year,171.08,223.5,171.08,12,4,parking deck,100 kW,Reg7,0
68,stable,same,Male,normal,2,private or freelance work,1,216.61,4 per year,216.63,198.46,216.63,18,0,street,75 kW,Reg9,1
35,stable,only partner,Female,normal,1,private or freelance work,1,169.39,1 per year,169.4,203.36,169.4,15,9,other,75 kW,Reg3,0
33,stable,same,Male,normal,5,private or freelance work,1,408.9,2 per year,408.91,435.57,449.36,12,6,street,75 kW,Reg4,1
31,down,only partner,Female,normal,0,private or freelance work,1,702.9,4 per year,984.74,695.6,611.21,17,16,other,125-300 kW,Reg3,0
44,stable,all drivers > 24,Female,normal,4,private or freelance work,2,334.91,1 per year,334.93,212.8,325.79,18,10,unknown,125-300 kW,Reg1,0
56,stable,young drivers,Male,normal,0,private or freelance work,2,396.45,1 per year,396.45,407.29,396.45,13,13,other,25-50 kW,Reg8,0
25,stable,only partner,Female,normal,0,private or freelance work,1,601.26,4 per year,601.27,753.14,601.27,18,18,carport,75 kW,Reg3,0
81,down,all drivers > 24,Male,medical,1,private or freelance work,1,786.28,4 per year,802.32,515.7,687.7,18,1,private garage,100 kW,Reg5,0
41,stable,only partner,Male,normal,2,private or freelance work,1,189.66,1 per year,189.68,230.23,189.68,15,6,parking deck,75 kW,Reg3,0
53,stable,same,Male,normal,2,private or freelance work,1,314.38,2 per year,314.39,330.84,314.39,17,9,private garage,100 kW,Reg6,1
39,stable,same,Male,normal,1,private or freelance work,2,410.66,2 per year,399.04,423.54,410.66,11,1,other,100 kW,Reg6,0
36,down,same,Male,normal,5,unknown,1,327.27,1 per year,333.95,237.85,292.21,17,6,unknown,75 kW,Reg4,0
39,stable,all drivers > 24,Female,normal,3,private or freelance work,2,221.86,4 per year,221.88,313.8,221.88,14,10,parking deck,75 kW,Reg4,0
26,down,all drivers > 24,Male,normal,1,private or freelance work,1,675.22,4 per year,689.0,553.75,643.06,12,10,street,25-50 kW,Reg4,1
34,down,same,Male,medical,3,private or freelance work,1,218.28,4 per year,222.74,309.06,200.46,16,3,underground garage,100 kW,Reg11,0
76,down,same,Male,medical,11,unknown,1,174.92,1 per year,178.49,128.9,154.34,15,2,private garage,25-50 kW,Reg13,0
43,down,same,Female,normal,0,private or freelance work,2,766.18,4 per year,799.49,468.94,666.25,7,6,private garage,25-50 kW,Reg4,0
42,stable,only partner,Male,medical,7,unknown,1,364.19,1 per year,364.2,301.69,377.65,13,5,private garage,75 kW,Reg4,0
36,down,same,Male,normal,1,private or freelance work,1,430.28,4 per year,439.06,454.71,409.79,17,17,private garage,100 kW,Reg7,0
73,down,same,Male,medical,9,unknown,1,233.96,1 per year,238.74,291.29,213.06,11,0,private garage,125-300 kW,Reg8,1
37,stable,only partner,Female,medical,1,private or freelance work,1,257.9,1 per year,257.91,252.4,257.91,10,6,private garage,75 kW,Reg4,0
51,stable,same,Male,normal,0,private or freelance work,1,198.7,4 per year,198.71,307.7,198.71,17,10,street,150 kW,Reg4,0
42,stable,only partner,Male,medical,0,private or freelance work,1,318.19,4 per year,318.2,403.0,318.2,12,8,street,100 kW,Reg4,0
39,stable,only partner,Male,medical,5,private or freelance work,2,306.53,1 per year,306.54,366.57,318.19,12,8,street,75 kW,Reg4,0
31,down,only partner,Female,normal,0,private or freelance work,1,237.91,4 per year,242.76,263.92,237.67,11,7,street,25-50 kW,Reg12,0
55,down,all drivers > 24,Female,medical,0,private or freelance work,1,499.43,4 per year,509.63,583.27,475.65,13,10,private garage,150 kW,Reg4,0
52,stable,young drivers,Male,normal,0,private or freelance work,1,366.57,1 per year,366.59,399.1,384.6,12,8,underground garage,125-300 kW,Reg12,1
42,down,all drivers > 24,Female,normal,5,unknown,1,440.9,4 per year,449.9,283.92,386.49,18,13,unknown,75 kW,Reg6,0
47,stable,same,Male,normal,0,private or freelance work,2,234.79,4 per year,234.8,287.01,272.91,16,14,other,75 kW,Reg12,0
32,down,same,Male,normal,0,private or freelance work,1,467.34,4 per year,476.88,663.82,484.78,11,6,street,125-300 kW,Reg4,0
43,down,same,Male,normal,11,private or freelance work,1,303.67,4 per year,309.86,315.66,271.14,15,13,carport,100 kW,Reg14,0
36,stable,only partner,Male,medical,2,private or freelance work,1,143.5,1 per year,143.51,193.4,143.51,12,0,carport,75 kW,Reg7,0
32,down,only partner,Female,medical,0,private or freelance work,1,335.31,2 per year,342.15,334.55,279.95,8,3,private garage,25-50 kW,Reg14,0
50,stable,only partner,Male,medical,1,private or freelance work,1,209.71,1 per year,209.72,229.72,203.9,2,0,private garage,100 kW,Reg8,0
39,stable,same,Male,medical,4,private or freelance work,1,479.46,1 per year,479.47,242.7,483.97,9,4,unknown,125-300 kW,Reg7,0
38,down,young drivers,Female,normal,1,private or freelance work,2,228.93,4 per year,233.6,307.45,204.4,16,3,carport,75 kW,Reg5,0
22,down,same,Female,normal,0,private or freelance work,1,720.36,12 per year,1705.2,670.6,626.35,12,9,street,25-50 kW,Reg4,0
46,stable,only partner,Male,medical,9,unknown,5,268.98,1 per year,268.99,219.29,264.07,9,0,street,125-300 kW,Reg5,0
56,stable,only partner,Male,normal,0,private or freelance work,1,108.25,1 per year,108.26,161.0,104.43,16,5,private garage,75 kW,Reg13,0
72,stable,all drivers > 24,Female,normal,8,private or freelance work,1,217.89,1 per year,217.9,310.32,217.9,17,9,carport,100 kW,Reg8,0
47,down,same,Male,normal,1,private or freelance work,1,533.85,1 per year,544.75,630.97,484.78,12,9,private garage,75 kW,Reg5,0
65,stable,same,Male,normal,9,unknown,1,309.74,4 per year,309.75,205.82,309.75,16,7,street,25-50 kW,Reg13,0
37,down,same,Female,normal,0,private or freelance work,1,562.72,4 per year,653.66,612.17,521.18,18,18,private garage,75 kW,Reg4,0
44,stable,only partner,Male,normal,0,private or freelance work,2,256.06,1 per year,256.06,304.14,256.06,17,16,other,75 kW,Reg7,0
58,down,all drivers > 24,Male,medical,1,private or freelance work,3,415.85,12 per year,424.34,364.04,385.76,17,14,private garage,125-300 kW,Reg5,0
42,down,same,Female,medical,8,unknown,1,340.49,1 per year,347.44,295.45,299.61,16,8,street,25-50 kW,Reg11,0
30,down,only partner,Female,normal,3,private or freelance work,1,375.25,1 per year,382.91,404.41,357.13,10,6,parking deck,100 kW,Reg3,0
41,down,same,Female,normal,1,private or freelance work,1,150.3,1 per year,153.36,140.39,130.69,17,9,private garage,25-50 kW,Reg8,0
41,stable,same,Male,normal,1,private or freelance work,2,220.69,1 per year,220.7,244.76,220.7,18,18,private garage,25-50 kW,Reg4,0
66,stable,same,Male,normal,4,private or freelance work,3,182.14,1 per year,182.14,209.99,182.14,18,0,parking deck,75 kW,Reg5,0
43,stable,young drivers,Female,medical,0,private or freelance work,1,315.2,1 per year,315.21,369.45,321.21,6,3,private garage,25-50 kW,Reg7,0
26,down,same,Female,normal,0,private or freelance work,2,321.53,4 per year,328.09,371.0,300.75,14,12,other,75 kW,Reg12,0
33,down,only partner,Female,medical,0,private or freelance work,1,668.87,12 per year,776.98,809.2,655.92,13,12,street,75 kW,Reg5,0
34,down,only partner,Male,medical,2,private or freelance work,1,739.51,1 per year,754.6,379.05,724.5,7,5,street,25-50 kW,Reg8,0
40,stable,only partner,Male,medical,0,private or freelance work,1,168.39,1 per year,168.4,237.9,168.4,11,4,other,75 kW,Reg7,0
37,stable,only partner,Male,normal,1,private or freelance work,1,219.91,12 per year,209.45,218.12,223.23,9,5,street,100 kW,Reg5,0
40,stable,only partner,Female,normal,4,private or freelance work,1,313.76,1 per year,313.78,313.86,313.78,13,8,street,75 kW,Reg5,0
45,down,all drivers > 24,Male,normal,5,private or freelance work,2,386.6,4 per year,394.49,321.95,350.66,10,8,underground garage,100 kW,Reg8,0
37,down,all drivers > 24,Female,medical,8,unknown,1,278.12,1 per year,283.8,152.17,255.41,13,1,private estate,25-50 kW,Reg12,0
36,stable,only partner,Male,normal,4,private or freelance work,1,312.65,1 per year,312.66,263.54,295.48,11,3,street,100 kW,Reg12,0
80,up,same,Male,medical,8,private or freelance work,1,378.19,1 per year,252.12,418.56,378.19,15,6,carport,75 kW,Reg5,0
61,stable,same,Male,normal,1,private or freelance work,1,391.36,4 per year,391.38,394.3,391.38,11,9,other,75 kW,Reg4,0
29,stable,same,Male,normal,0,private or freelance work,1,1485.07,4 per year,1485.09,1218.71,1618.52,17,17,parking deck,125-300 kW,Reg6,0
45,stable,only partner,Male,normal,0,private or freelance work,1,162.96,4 per year,162.98,205.69,157.03,18,17,private garage,75 kW,Reg8,0
59,stable,same,Female,normal,6,unknown,3,491.66,2 per year,491.67,356.51,443.68,16,10,street,75 kW,Reg8,0
45,stable,only partner,Male,medical,6,private or freelance work,2,352.32,1 per year,352.34,320.12,349.08,10,6,unknown,25-50 kW,Reg3,0
44,stable,same,Male,normal,7,private or freelance work,1,337.02,2 per year,337.04,373.81,363.06,17,9,parking deck,75 kW,Reg5,0
21,down,same,Male,normal,0,private or freelance work,1,1439.06,4 per year,1499.02,969.34,1118.1,4,4,street,100 kW,Reg7,1
39,stable,only partner,Male,normal,1,private or freelance work,1,210.49,2 per year,210.5,242.03,204.71,15,9,private garage,100 kW,Reg8,0
80,stable,same,Female,normal,7,unknown,1,345.02,1 per year,345.04,324.25,348.27,9,1,private garage,25-50 kW,Reg7,0
50,down,only partner,Male,normal,7,unknown,2,438.1,1 per year,447.04,335.34,384.65,12,3,private garage,100 kW,Reg4,0
38,stable,only partner,Male,normal,4,private or freelance work,2,265.94,1 per year,265.95,301.62,276.09,7,0,parking deck,75 kW,Reg6,0
69,stable,only partner,Male,medical,0,private or freelance work,1,173.55,1 per year,173.56,251.59,173.56,17,10,underground garage,25-50 kW,Reg3,0
39,stable,same,Female,medical,6,unknown,1,469.39,2 per year,469.4,333.35,486.59,14,7,street,75 kW,Reg10,0
35,down,only partner,Male,normal,0,private or freelance work,1,317.52,2 per year,324.0,369.56,278.11,13,7,street,100 kW,Reg4,0
37,stable,only partner,Male,normal,2,private or freelance work,1,223.38,4 per year,223.39,229.07,217.33,15,3,private garage,75 kW,Reg14,0
27,down,same,Male,normal,1,private or freelance work,1,489.23,2 per year,499.21,512.9,427.9,11,8,street,100 kW,Reg4,0
43,stable,only partner,Male,normal,1,private or freelance work,1,123.24,1 per year,123.24,157.21,123.24,10,0,private garage,100 kW,Reg3,0
36,stable,only partner,Male,medical,1,private or freelance work,1,398.85,1 per year,398.86,532.99,398.86,17,12,street,125-300 kW,Reg8,0
58,stable,only partner,Male,normal,3,private or freelance work,1,227.14,1 per year,227.15,207.47,208.84,18,3,unknown,75 kW,Reg8,0
30,down,only partner,Female,medical,1,private or freelance work,1,495.77,4 per year,575.9,542.59,450.71,13,12,street,75 kW,Reg14,0
40,down,young drivers,Male,normal,0,private or freelance work,2,645.6,4 per year,658.78,754.96,564.66,15,15,street,100 kW,Reg2,0
39,down,same,Female,normal,2,private or freelance work,1,332.72,1 per year,339.51,315.81,308.65,13,8,carport,75 kW,Reg4,1
64,stable,same,Female,normal,8,private or freelance work,2,231.14,4 per year,231.15,318.98,216.66,16,8,other,75 kW,Reg5,0
40,stable,only partner,Male,medical,5,unknown,1,197.71,1 per year,195.96,159.61,197.71,10,4,unknown,100 kW,Reg14,1
27,down,only partner,Male,normal,2,private or freelance work,1,1062.83,12 per year,1109.04,877.96,924.2,13,12,private garage,100 kW,Reg2,1
51,stable,all drivers > 24,Male,normal,2,private or freelance work,1,301.39,12 per year,301.4,270.16,301.42,18,18,private garage,100 kW,Reg3,0
44,down,same,Female,medical,2,private or freelance work,1,356.63,1 per year,363.91,415.21,333.59,15,11,street,75 kW,Reg7,0
36,stable,only partner,Male,medical,3,private or freelance work,1,348.86,1 per year,348.88,231.08,339.15,11,7,parking deck,100 kW,Reg13,0
31,up,same,Male,normal,1,private or freelance work,1,769.87,4 per year,502.09,772.71,769.86,14,11,street,25-50 kW,Reg4,0
73,stable,same,Female,normal,9,private or freelance work,1,225.03,1 per year,225.04,293.6,210.77,18,7,private garage,75 kW,Reg5,0
57,down,only partner,Female,medical,0,private or freelance work,1,565.31,1 per year,576.85,584.43,538.4,12,11,underground garage,75 kW,Reg5,0
61,stable,only partner,Male,normal,2,private or freelance work,1,328.52,2 per year,328.54,334.36,341.12,17,13,private garage,75 kW,Reg5,1
40,stable,same,Female,medical,6,unknown,2,371.55,1 per year,371.56,268.96,345.75,12,6,street,25-50 kW,Reg14,0
34,down,same,Male,medical,3,private or freelance work,1,574.02,1 per year,585.74,382.38,521.43,10,7,street,75 kW,Reg9,0
57,down,same,Male,normal,11,unknown,1,357.2,1 per year,364.49,270.66,323.99,11,0,private estate,75 kW,Reg7,0
38,stable,only partner,Female,medical,2,private or freelance work,1,193.06,1 per year,193.08,198.89,187.92,13,3,underground garage,25-50 kW,Reg4,0
70,stable,only partner,Male,normal,6,private or freelance work,3,213.85,1 per year,213.85,211.66,213.85,16,15,private garage,75 kW,Reg3,0
49,stable,only partner,Male,normal,9,unknown,1,343.61,1 per year,343.62,247.43,350.02,13,1,private garage,75 kW,Reg7,0
36,down,same,Male,medical,1,private or freelance work,1,353.42,4 per year,360.64,321.71,299.99,9,6,other,75 kW,Reg6,1
53,down,same,Male,normal,2,private or freelance work,1,367.94,12 per year,375.45,345.7,354.26,17,12,private garage,100 kW,Reg5,0
29,stable,same,Male,normal,1,private or freelance work,1,348.31,4 per year,348.31,383.73,348.31,18,15,street,100 kW,Reg4,0
50,stable,only partner,Female,medical,0,private or freelance work,1,181.93,1 per year,181.94,266.96,192.56,14,9,carport,25-50 kW,Reg3,0
45,stable,only partner,Female,medical,5,unknown,1,231.54,1 per year,231.55,227.4,221.45,10,3,unknown,100 kW,Reg14,1
50,down,same,Female,normal,0,private or freelance work,1,1047.59,1 per year,1505.04,933.14,911.01,14,14,underground garage,25-50 kW,Reg7,0
57,stable,all drivers > 24,Male,normal,11,private or freelance work,2,171.93,2 per year,171.94,202.82,183.66,11,0,parking deck,25-50 kW,Reg5,0
52,stable,young drivers,Male,normal,3,private or freelance work,1,276.61,1 per year,276.63,227.0,279.25,16,8,unknown,75 kW,Reg7,0
35,down,same,Female,normal,0,private or freelance work,1,1032.4,12 per year,1199.25,977.94,1013.76,14,13,street,75 kW,Reg5,0
33,stable,only partner,Male,medical,0,private or freelance work,1,171.49,1 per year,171.5,243.08,159.48,9,1,carport,125-300 kW,Reg14,0
67,stable,same,Male,normal,0,private or freelance work,1,174.93,1 per year,174.94,286.49,176.55,17,9,private garage,100 kW,Reg7,0
33,down,all drivers > 24,Female,medical,7,private or freelance work,2,515.55,12 per year,526.07,475.05,478.22,9,9,parking deck,25-50 kW,Reg8,0
36,down,same,Male,normal,0,private or freelance work,1,688.05,2 per year,799.25,751.39,625.56,14,13,underground garage,75 kW,Reg8,0
39,down,only partner,Male,normal,0,private or freelance work,1,554.7,12 per year,578.81,683.88,505.6,8,8,underground garage,125-300 kW,Reg8,0
31,down,same,Female,medical,0,private or freelance work,2,256.06,4 per year,261.29,225.45,223.96,16,14,private garage,25-50 kW,Reg7,0
65,stable,same,Male,normal,8,unknown,1,462.61,2 per year,462.63,376.69,441.59,16,7,private estate,75 kW,Reg8,0
34,down,only partner,Female,normal,0,private or freelance work,1,488.85,4 per year,498.82,474.96,407.7,11,11,parking deck,100 kW,Reg4,0
58,stable,same,Male,medical,0,private or freelance work,1,155.14,1 per year,155.15,193.9,155.15,18,16,private garage,100 kW,Reg1,0
30,stable,only partner,Male,normal,1,private or freelance work,1,179.5,1 per year,179.51,279.18,184.52,18,9,private garage,125-300 kW,Reg12,0
47,stable,only partner,Female,normal,8,unknown,2,180.24,1 per year,178.59,167.4,180.24,8,0,private garage,100 kW,Reg7,0
42,stable,only partner,Male,normal,5,unknown,1,254.84,1 per year,254.85,238.94,241.55,11,1,unknown,100 kW,Reg12,0
56,stable,same,Male,medical,11,unknown,1,46.55,1 per year,46.56,50.11,45.55,18,18,private garage,25-50 kW,Reg4,0
39,stable,same,Male,medical,0,private or freelance work,1,219.94,1 per year,219.95,313.3,230.46,11,5,street,25-50 kW,Reg2,0
37,down,same,Male,normal,0,private or freelance work,1,797.2,12 per year,926.04,818.9,724.78,12,11,other,25-50 kW,Reg4,0
40,down,only partner,Male,medical,0,private or freelance work,1,246.87,1 per year,251.91,335.04,244.4,13,10,carport,25-50 kW,Reg6,0
30,stable,same,Male,normal,1,private or freelance work,1,374.29,4 per year,374.29,398.92,374.29,15,13,private garage,125-300 kW,Reg5,0
22,stable,young drivers,Male,normal,0,private or freelance work,1,962.09,4 per year,962.1,1220.46,866.56,13,13,carport,75 kW,Reg11,0
22,down,same,Female,normal,0,private or freelance work,1,606.35,12 per year,704.35,651.71,551.23,17,17,private garage,75 kW,Reg7,0
41,down,same,Male,medical,1,private or freelance work,1,508.89,2 per year,519.28,598.47,522.95,11,8,street,100 kW,Reg12,1
23,down,same,Female,normal,0,private or freelance work,1,328.71,2 per year,343.0,391.21,285.84,17,15,parking deck,25-50 kW,Reg2,0
36,stable,same,Male,normal,1,private or freelance work,2,294.78,2 per year,294.78,354.68,294.78,16,15,private garage,75 kW,Reg4,1
42,stable,only partner,Male,normal,4,private or freelance work,1,481.46,12 per year,481.47,360.6,481.47,18,16,parking deck,75 kW,Reg7,0
58,stable,only partner,Male,normal,2,private or freelance work,1,216.49,4 per year,216.5,226.5,216.5,18,8,street,75 kW,Reg4,0
42,down,only partner,Male,medical,0,private or freelance work,1,395.87,4 per year,403.95,407.8,346.41,0,0,private garage,125-300 kW,Reg8,0
57,stable,same,Female,normal,1,private or freelance work,2,179.63,1 per year,179.64,214.65,179.64,17,10,private garage,75 kW,Reg7,0
50,down,same,Male,medical,0,private or freelance work,1,419.54,4 per year,428.1,426.57,392.44,8,7,private garage,75 kW,Reg3,1
49,up,same,Female,normal,6,unknown,2,382.33,2 per year,254.89,359.94,355.0,17,10,private estate,100 kW,Reg5,0
45,stable,same,Male,medical,1,private or freelance work,1,183.84,1 per year,183.85,204.46,177.1,11,4,street,75 kW,Reg4,0
41,down,only partner,Female,medical,1,private or freelance work,3,321.17,2 per year,327.72,447.52,336.62,15,10,other,75 kW,Reg10,0
43,stable,same,Male,normal,1,private or freelance work,1,188.24,1 per year,188.24,241.44,188.24,12,3,parking deck,100 kW,Reg8,0
54,up,young drivers,Male,medical,8,unknown,2,383.29,1 per year,255.52,333.95,369.56,17,8,street,100 kW,Reg4,0
48,down,same,Female,medical,6,unknown,2,407.73,1 per year,416.05,374.64,364.67,16,10,private garage,75 kW,Reg14,0
30,down,only partner,Female,medical,1,private or freelance work,1,227.35,1 per year,231.99,236.72,220.58,13,6,street,25-50 kW,Reg5,0
40,stable,young drivers,Male,medical,0,private or freelance work,1,195.5,4 per year,195.51,227.66,195.51,17,15,private garage,25-50 kW,Reg11,0
55,down,young drivers,Male,medical,1,private or freelance work,1,295.86,4 per year,301.9,364.62,281.77,11,7,private garage,25-50 kW,Reg10,0
30,down,only partner,Female,medical,0,private or freelance work,1,216.29,1 per year,220.7,266.35,198.62,15,12,private garage,75 kW,Reg3,0
35,down,same,Male,normal,4,private or freelance work,1,522.76,1 per year,533.42,314.97,466.66,11,7,unknown,25-50 kW,Reg13,0
60,stable,all drivers > 24,Male,normal,1,private or freelance work,1,416.69,4 per year,416.7,424.16,408.94,16,6,street,100 kW,Reg8,0
31,stable,only partner,Female,medical,3,private or freelance work,2,261.42,4 per year,261.44,316.15,279.05,14,11,street,25-50 kW,Reg12,0
33,stable,same,Male,normal,1,private or freelance work,1,213.11,1 per year,213.12,249.77,213.12,18,11,street,150 kW,Reg7,0
41,down,same,Male,normal,0,private or freelance work,1,223.75,1 per year,228.31,280.82,229.25,16,12,carport,25-50 kW,Reg8,0
26,down,same,Female,normal,2,private or freelance work,1,879.53,12 per year,917.77,618.1,743.49,15,13,other,75 kW,Reg8,0
32,down,young drivers,Male,normal,0,private or freelance work,1,872.53,4 per year,890.34,916.24,830.98,16,14,other,100 kW,Reg4,0
37,down,same,Male,normal,2,private or freelance work,1,334.23,1 per year,341.05,293.84,310.05,4,0,carport,75 kW,Reg7,1
28,down,same,Female,medical,1,private or freelance work,1,491.68,12 per year,513.06,494.46,427.56,13,12,parking deck,25-50 kW,Reg7,0
47,down,only partner,Female,normal,0,private or freelance work,1,782.89,1 per year,798.86,648.66,761.77,15,15,underground garage,100 kW,Reg8,0
36,stable,only partner,Female,medical,0,private or freelance work,1,148.32,1 per year,148.34,217.2,148.34,18,9,private garage,75 kW,Reg13,0
36,stable,same,Female,medical,2,private or freelance work,1,256.75,4 per year,256.75,267.75,256.75,13,12,parking deck,75 kW,Reg13,0
40,stable,only partner,Male,normal,4,private or freelance work,9,397.31,1 per year,397.32,343.14,378.97,15,11,unknown,100 kW,Reg4,0
55,stable,same,Male,medical,2,private or freelance work,1,317.15,4 per year,317.16,232.25,317.16,12,3,street,75 kW,Reg13,0
42,stable,young drivers,Male,normal,3,private or freelance work,1,367.62,1 per year,367.64,477.96,367.64,17,0,private garage,100 kW,Reg8,0
64,up,same,Female,medical,9,unknown,1,306.8,1 per year,255.66,367.01,306.79,12,2,private garage,75 kW,Reg4,0
70,stable,same,Male,medical,11,unknown,1,125.97,1 per year,124.93,84.12,125.97,18,18,private garage,100 kW,Reg9,0
42,stable,only partner,Male,normal,1,private or freelance work,1,201.84,4 per year,201.85,253.79,211.42,12,3,private garage,125-300 kW,Reg14,0
49,stable,only partner,Male,medical,0,private or freelance work,1,234.79,1 per year,234.8,298.85,226.19,11,6,parking deck,100 kW,Reg8,0
33,stable,same,Male,normal,2,private or freelance work,1,242.2,1 per year,242.21,235.47,231.32,16,6,private garage,100 kW,Reg13,0
27,down,same,Female,normal,2,private or freelance work,1,326.08,1 per year,332.74,373.14,293.27,15,13,private garage,100 kW,Reg10,0
37,stable,young drivers,Female,normal,2,private or freelance work,1,233.59,2 per year,233.6,416.01,240.31,15,13,other,75 kW,Reg10,0
35,stable,same,Male,normal,1,private or freelance work,1,204.6,1 per year,204.61,228.25,204.61,6,0,private garage,75 kW,Reg4,0
37,stable,all drivers > 24,Female,medical,0,private or freelance work,1,291.6,1 per year,291.6,361.3,291.6,16,15,other,75 kW,Reg4,0
65,stable,same,Male,normal,4,private or freelance work,1,302.81,1 per year,297.18,266.54,302.81,18,5,unknown,125-300 kW,Reg13,1
34,down,only partner,Male,normal,1,private or freelance work,1,336.29,1 per year,343.15,356.81,336.54,12,11,private garage,125-300 kW,Reg12,1
31,stable,same,Male,medical,1,private or freelance work,1,194.07,2 per year,194.07,190.74,194.07,10,2,street,25-50 kW,Reg5,0
39,down,young drivers,Female,normal,0,private or freelance work,1,704.82,4 per year,818.72,1094.12,691.18,12,12,other,75 kW,Reg3,0
48,down,same,Female,medical,1,private or freelance work,1,278.66,1 per year,284.35,268.49,248.88,11,7,other,75 kW,Reg11,0
35,down,same,Male,medical,1,private or freelance work,1,624.52,1 per year,725.45,559.64,611.67,14,13,street,25-50 kW,Reg4,0
43,stable,only partner,Female,normal,10,unknown,1,271.42,1 per year,271.44,225.05,274.06,16,3,private garage,100 kW,Reg7,1
46,stable,young drivers,Male,normal,0,private or freelance work,3,559.0,12 per year,559.01,447.21,564.43,17,17,carport,25-50 kW,Reg3,0
33,up,same,Male,normal,1,private or freelance work,1,1158.73,4 per year,719.21,1064.86,1115.81,14,13,private garage,75 kW,Reg3,0
37,stable,same,Male,medical,1,private or freelance work,1,205.38,1 per year,205.39,200.2,194.42,18,14,private garage,75 kW,Reg11,0
35,down,only partner,Male,normal,1,private or freelance work,1,329.89,1 per year,336.62,384.86,302.96,14,9,parking deck,125-300 kW,Reg5,1
31,down,all drivers > 24,Male,normal,0,private or freelance work,1,490.04,4 per year,500.04,329.29,450.04,4,2,other,75 kW,Reg14,0
52,down,same,Male,normal,0,private or freelance work,2,194.65,4 per year,198.62,242.69,195.51,17,12,private garage,75 kW,Reg3,0
36,stable,young drivers,Female,medical,0,private or freelance work,1,818.71,12 per year,818.72,1163.35,738.16,11,11,other,25-50 kW,Reg13,0
29,down,only partner,Female,medical,2,private or freelance work,2,348.11,4 per year,355.21,308.07,325.61,15,10,carport,75 kW,Reg4,0
30,down,same,Female,normal,0,private or freelance work,1,268.42,4 per year,273.9,333.33,263.35,11,6,street,75 kW,Reg9,0
34,down,same,Female,medical,1,private or freelance work,1,408.27,12 per year,416.6,406.41,367.34,11,8,street,100 kW,Reg9,1
53,stable,all drivers > 24,Male,normal,0,private or freelance work,1,239.74,1 per year,239.75,261.64,207.76,6,5,private garage,125-300 kW,Reg3,0
37,stable,same,Male,medical,5,private or freelance work,1,253.58,1 per year,241.51,229.3,265.04,9,7,parking deck,75 kW,Reg10,0
23,down,same,Female,normal,2,private or freelance work,1,591.5,4 per year,603.57,505.49,547.55,12,9,underground garage,75 kW,Reg7,1
35,stable,only partner,Female,normal,4,private or freelance work,1,178.31,2 per year,178.33,215.09,178.33,15,7,private garage,75 kW,Reg7,0
43,down,young drivers,Male,normal,4,private or freelance work,3,1629.76,4 per year,1730.71,718.19,1470.25,18,14,unknown,75 kW,Reg4,0
34,stable,same,Female,normal,1,private or freelance work,1,255.26,1 per year,255.26,349.89,255.26,10,8,private garage,100 kW,Reg7,0
63,stable,only partner,Male,normal,1,private or freelance work,2,211.33,4 per year,211.34,178.46,198.34,14,0,private garage,25-50 kW,Reg8,0
72,stable,only partner,Female,normal,0,private or freelance work,1,107.27,1 per year,107.29,148.99,107.29,18,4,private garage,25-50 kW,Reg6,0
35,down,young drivers,Male,normal,0,private or freelance work,1,432.08,4 per year,440.9,513.56,377.91,11,6,carport,75 kW,Reg1,0
30,down,same,Male,medical,1,private or freelance work,1,303.47,1 per year,309.66,262.82,263.76,18,13,private garage,100 kW,Reg12,0
44,down,same,Male,normal,0,private or freelance work,1,110.1,1 per year,112.35,148.46,96.3,16,3,private garage,75 kW,Reg3,0
42,down,only partner,Male,normal,0,private or freelance work,1,293.22,12 per year,299.2,355.11,308.97,13,11,private garage,25-50 kW,Reg5,0
35,stable,same,Male,normal,1,private or freelance work,1,280.97,1 per year,280.99,373.1,280.99,10,6,underground garage,100 kW,Reg8,0
66,stable,same,Male,medical,9,private or freelance work,2,166.35,1 per year,166.36,257.76,166.36,18,14,private garage,150 kW,Reg5,0
49,up,young drivers,Female,normal,0,private or freelance work,2,312.26,1 per year,227.1,473.46,312.26,16,12,private garage,100 kW,Reg4,0
43,down,all drivers > 24,Male,normal,1,private or freelance work,1,338.98,1 per year,345.9,376.39,302.66,16,8,street,100 kW,Reg5,0
66,down,same,Male,normal,1,private or freelance work,1,538.12,1 per year,549.1,508.33,428.34,17,12,private garage,100 kW,Reg4,0
32,stable,same,Male,normal,0,private or freelance work,1,971.31,2 per year,971.32,1209.15,1176.37,16,16,other,125-300 kW,Reg7,0
35,stable,only partner,Male,normal,0,private or freelance work,1,145.94,1 per year,145.95,196.12,162.76,8,2,other,75 kW,Reg3,0
35,down,only partner,Female,medical,1,private or freelance work,1,314.78,1 per year,321.2,340.04,283.68,11,6,street,125-300 kW,Reg4,0
30,down,all drivers > 24,Female,normal,0,private or freelance work,1,438.84,4 per year,457.13,416.41,357.75,18,17,other,25-50 kW,Reg5,0
78,stable,only partner,Male,normal,10,unknown,1,387.6,1 per year,387.61,315.73,380.48,15,3,private garage,75 kW,Reg12,0
30,stable,same,Female,normal,0,private or freelance work,1,273.4,2 per year,273.41,342.12,268.33,13,6,underground garage,75 kW,Reg4,0
76,down,same,Female,normal,10,unknown,2,322.38,1 per year,328.96,317.33,365.94,18,14,private garage,75 kW,Reg8,0
35,stable,only partner,Male,normal,3,private or freelance work,1,449.6,1 per year,449.61,358.29,449.61,11,0,unknown,75 kW,Reg8,0
42,stable,same,Female,medical,4,private or freelance work,1,229.24,1 per year,229.25,307.86,229.25,13,7,street,75 kW,Reg14,0
44,stable,only partner,Male,medical,2,private or freelance work,3,582.62,1 per year,582.64,468.49,599.54,13,10,private garage,25-50 kW,Reg8,0
65,up,same,Male,normal,2,private or freelance work,1,250.15,4 per year,194.56,295.17,243.33,17,4,private garage,150 kW,Reg4,0
36,down,only partner,Male,normal,0,private or freelance work,2,494.27,4 per year,574.15,537.05,526.07,14,14,private garage,25-50 kW,Reg3,0
50,up,young drivers,Male,medical,0,private or freelance work,1,658.11,4 per year,482.61,745.7,752.6,15,15,underground garage,25-50 kW,Reg9,0
39,stable,young drivers,Female,medical,5,private or freelance work,2,336.27,12 per year,336.29,392.4,363.06,14,2,street,75 kW,Reg14,0
38,down,same,Male,normal,1,private or freelance work,2,370.95,4 per year,378.53,376.01,331.16,16,12,street,75 kW,Reg4,0
31,stable,same,Female,normal,0,private or freelance work,1,194.05,4 per year,194.06,224.56,194.06,4,0,underground garage,100 kW,Reg13,0
45,stable,same,Male,medical,1,private or freelance work,1,213.7,1 per year,213.71,217.66,194.52,17,13,private garage,100 kW,Reg4,1
34,down,same,Male,medical,4,private or freelance work,1,320.3,1 per year,326.84,263.51,310.09,16,5,unknown,125-300 kW,Reg6,0
32,stable,same,Female,medical,1,private or freelance work,1,242.0,4 per year,242.01,300.25,248.84,14,6,street,75 kW,Reg14,0
52,down,only partner,Male,normal,4,private or freelance work,2,284.18,1 per year,289.97,229.09,265.81,18,0,unknown,150 kW,Reg4,0
49,stable,same,Female,medical,1,private or freelance work,1,339.36,2 per year,339.38,313.44,339.38,18,7,private garage,75 kW,Reg8,1
38,stable,same,Female,normal,0,private or freelance work,1,144.34,1 per year,144.35,217.25,143.05,15,8,other,75 kW,Reg6,0
38,stable,only partner,Male,medical,9,unknown,1,246.11,1 per year,246.12,210.41,237.57,12,2,private garage,75 kW,Reg7,0
32,down,only partner,Female,medical,1,private or freelance work,1,410.42,4 per year,418.8,388.47,352.81,18,17,parking deck,100 kW,Reg4,0
41,stable,only partner,Male,medical,2,private or freelance work,3,295.0,1 per year,295.01,289.85,295.01,18,14,private garage,100 kW,Reg5,0
35,down,same,Male,normal,2,private or freelance work,3,433.6,4 per year,442.45,473.75,368.71,12,10,parking deck,25-50 kW,Reg8,0
70,stable,same,Male,normal,7,unknown,1,234.11,1 per year,222.98,246.25,242.51,9,0,private garage,100 kW,Reg7,0
62,stable,only partner,Male,normal,10,unknown,1,240.04,1 per year,240.05,252.47,233.45,14,4,private garage,75 kW,Reg4,0
45,stable,all drivers > 24,Male,normal,1,private or freelance work,2,181.58,1 per year,181.59,257.67,186.6,18,12,street,100 kW,Reg7,0
53,stable,only partner,Female,medical,8,private or freelance work,1,151.82,1 per year,151.84,157.79,151.84,9,1,street,100 kW,Reg4,0
36,down,only partner,Female,medical,0,private or freelance work,1,264.94,1 per year,270.35,327.65,240.31,12,7,street,75 kW,Reg4,0
24,down,same,Female,medical,0,private or freelance work,1,645.32,4 per year,673.38,668.11,561.14,17,16,private garage,75 kW,Reg12,0
37,stable,all drivers > 24,Male,normal,4,private or freelance work,1,346.31,1 per year,346.32,284.3,356.32,16,6,unknown,75 kW,Reg7,0
71,stable,all drivers > 24,Female,normal,0,private or freelance work,1,285.04,2 per year,285.05,317.85,279.62,16,16,street,100 kW,Reg1,0
73,stable,only partner,Female,normal,11,unknown,1,309.35,1 per year,306.55,336.49,309.35,11,0,private garage,75 kW,Reg4,0
34,down,only partner,Male,normal,0,private or freelance work,1,300.73,4 per year,306.86,251.12,278.96,3,3,street,75 kW,Reg3,0
58,stable,only partner,Male,medical,5,unknown,1,189.7,1 per year,189.71,189.51,178.12,14,6,unknown,125-300 kW,Reg4,0
29,down,only partner,Female,medical,0,private or freelance work,1,278.72,1 per year,284.41,304.15,259.99,15,14,other,25-50 kW,Reg14,0
59,stable,only partner,Male,normal,2,private or freelance work,1,227.76,2 per year,227.78,206.6,229.87,13,4,other,75 kW,Reg11,0
66,stable,same,Male,normal,2,private or freelance work,2,244.1,1 per year,244.11,274.83,237.41,18,10,street,75 kW,Reg7,0
37,stable,same,Male,medical,0,private or freelance work,1,174.29,1 per year,174.3,220.64,182.66,11,7,street,100 kW,Reg9,0
38,stable,only partner,Male,normal,0,private or freelance work,2,184.9,1 per year,184.91,224.59,184.91,11,1,private garage,100 kW,Reg8,1
60,stable,same,Male,normal,0,private or freelance work,1,117.5,1 per year,117.51,178.19,121.89,16,6,private garage,75 kW,Reg7,0
38,stable,same,Female,medical,6,unknown,1,446.21,2 per year,446.23,300.34,434.28,18,9,private estate,100 kW,Reg8,0
35,down,only partner,Female,medical,0,private or freelance work,1,159.27,1 per year,162.53,245.17,143.51,18,13,other,75 kW,Reg8,0
39,stable,same,Male,medical,1,private or freelance work,1,294.51,4 per year,286.32,334.54,294.51,7,1,other,100 kW,Reg6,0
33,down,only partner,Male,normal,0,private or freelance work,2,302.91,2 per year,316.08,357.0,263.4,4,0,private garage,25-50 kW,Reg4,0
72,stable,same,Male,medical,9,unknown,1,343.59,1 per year,343.6,223.65,346.64,18,9,private garage,75 kW,Reg3,0
33,stable,same,Female,normal,0,private or freelance work,1,152.44,4 per year,152.45,218.31,164.03,6,3,private garage,100 kW,Reg8,0
41,down,same,Male,normal,0,private or freelance work,1,648.05,2 per year,907.9,582.51,532.83,6,0,private garage,100 kW,Reg1,0
45,stable,same,Male,medical,6,unknown,1,389.27,12 per year,389.29,236.88,362.22,17,11,street,100 kW,Reg9,0
36,down,only partner,Male,normal,0,private or freelance work,1,340.18,4 per year,347.13,406.7,318.2,11,7,private garage,125-300 kW,Reg5,0
31,stable,same,Female,medical,2,private or freelance work,2,304.69,1 per year,304.69,288.74,304.69,5,0,other,75 kW,Reg12,1
50,stable,same,Female,normal,1,private or freelance work,1,243.88,2 per year,243.89,246.98,235.0,18,5,private garage,75 kW,Reg2,0
77,stable,only partner,Female,medical,12,unknown,1,81.1,1 per year,80.42,73.04,81.1,18,10,private garage,25-50 kW,Reg5,0
35,stable,same,Male,medical,2,private or freelance work,2,385.56,4 per year,385.57,298.91,400.28,12,6,street,75 kW,Reg9,0
38,stable,only partner,Male,normal,2,private or freelance work,1,217.84,4 per year,217.85,238.95,196.67,10,0,street,175 kW,Reg6,0
43,stable,only partner,Female,normal,1,private or freelance work,1,315.58,2 per year,315.59,402.57,330.85,14,9,private garage,125-300 kW,Reg4,0
36,stable,all drivers > 24,Male,normal,0,private or freelance work,1,173.31,1 per year,173.33,272.94,161.03,17,8,private garage,75 kW,Reg3,0
61,stable,same,Male,normal,2,private or freelance work,1,214.65,1 per year,214.66,295.09,214.66,12,2,underground garage,125-300 kW,Reg7,0
44,stable,same,Male,medical,1,private or freelance work,1,147.52,4 per year,147.52,198.6,147.52,14,7,private garage,75 kW,Reg10,0
38,down,only partner,Female,normal,10,unknown,1,270.26,4 per year,275.77,167.78,243.04,15,6,private garage,25-50 kW,Reg6,0
48,stable,same,Female,medical,0,private or freelance work,1,346.41,4 per year,346.41,424.21,346.41,11,10,private garage,75 kW,Reg6,0
39,stable,same,Male,normal,0,private or freelance work,1,287.76,4 per year,287.78,322.76,287.78,18,16,private garage,75 kW,Reg4,0
46,stable,young drivers,Female,normal,0,private or freelance work,1,691.29,2 per year,691.3,878.46,691.3,13,12,street,25-50 kW,Reg7,0
40,down,only partner,Male,medical,4,private or freelance work,1,200.34,1 per year,204.42,232.93,197.49,3,1,private garage,75 kW,Reg3,0
35,down,only partner,Female,medical,2,private or freelance work,1,249.36,1 per year,254.45,229.53,233.25,16,7,other,25-50 kW,Reg4,0
44,down,only partner,Male,medical,4,private or freelance work,1,551.51,1 per year,562.76,414.26,464.65,9,5,unknown,25-50 kW,Reg5,0
46,stable,same,Male,normal,0,private or freelance work,1,155.09,1 per year,155.09,170.56,155.09,7,3,carport,75 kW,Reg7,0
35,down,only partner,Male,medical,0,private or freelance work,2,512.85,4 per year,595.74,603.11,466.24,13,13,underground garage,75 kW,Reg7,0
43,down,only partner,Female,medical,1,private or freelance work,2,389.32,12 per year,397.26,298.72,328.19,13,10,private garage,25-50 kW,Reg4,0
46,stable,same,Male,medical,2,private or freelance work,2,511.19,1 per year,511.2,521.1,511.2,13,9,parking deck,100 kW,Reg4,0
30,down,same,Male,normal,0,private or freelance work,1,377.43,2 per year,385.14,407.82,353.04,17,16,private garage,100 kW,Reg7,0
24,down,same,Female,normal,1,private or freelance work,1,440.31,12 per year,449.3,382.43,431.66,14,12,private garage,75 kW,Reg10,0
43,stable,same,Male,normal,2,private or freelance work,1,212.28,1 per year,212.29,257.71,212.29,18,3,street,75 kW,Reg5,0
33,down,only partner,Male,normal,1,private or freelance work,2,474.79,4 per year,484.47,362.52,444.1,15,13,carport,75 kW,Reg6,0
30,down,same,Male,normal,2,private or freelance work,1,295.35,2 per year,301.38,299.54,275.5,15,12,parking deck,150 kW,Reg3,0
53,stable,same,Male,medical,3,private or freelance work,3,304.15,1 per year,304.16,239.16,315.95,11,7,unknown,75 kW,Reg8,0
41,stable,only partner,Male,normal,2,private or freelance work,2,288.0,1 per year,288.01,316.71,307.16,18,17,private garage,125-300 kW,Reg10,0
30,stable,same,Male,normal,0,private or freelance work,1,490.09,4 per year,490.1,558.42,490.1,13,12,private garage,75 kW,Reg5,0
46,down,only partner,Male,medical,3,private or freelance work,2,308.98,1 per year,315.29,362.0,283.95,11,8,parking deck,75 kW,Reg8,0
56,stable,same,Male,medical,3,private or freelance work,1,165.16,2 per year,165.17,132.59,162.19,16,14,private garage,25-50 kW,Reg8,0
35,down,same,Female,normal,3,private or freelance work,1,631.17,12 per year,644.05,486.55,613.44,17,15,street,75 kW,Reg9,0
21,down,same,Female,normal,0,private or freelance work,1,1046.12,1 per year,1215.19,1109.96,951.03,15,14,street,75 kW,Reg4,0
70,stable,same,Female,normal,15,unknown,1,223.89,1 per year,219.9,204.54,223.89,15,0,private estate,75 kW,Reg1,0
30,up,same,Female,normal,0,private or freelance work,1,590.01,4 per year,366.21,765.75,652.65,17,14,other,25-50 kW,Reg3,0
56,stable,same,Male,normal,1,private or freelance work,2,368.79,1 per year,368.8,339.81,365.35,4,0,private garage,100 kW,Reg7,0
45,stable,same,Female,medical,2,private or freelance work,1,203.34,4 per year,203.35,226.91,209.11,17,11,street,75 kW,Reg4,0
34,down,same,Male,medical,4,private or freelance work,1,466.04,12 per year,475.55,514.15,399.95,16,8,underground garage,100 kW,Reg5,0
30,down,same,Male,normal,1,private or freelance work,1,323.07,1 per year,329.66,374.85,269.76,17,10,private garage,100 kW,Reg12,0
55,stable,same,Female,normal,1,private or freelance work,1,143.92,1 per year,143.94,177.95,143.94,14,3,private garage,75 kW,Reg8,1
30,down,same,Male,normal,0,private or freelance work,1,223.75,1 per year,228.31,259.71,202.95,9,1,private garage,75 kW,Reg7,0
46,down,same,Female,normal,13,unknown,2,167.1,4 per year,170.51,146.61,155.99,18,10,street,25-50 kW,Reg4,0
56,stable,young drivers,Female,medical,12,unknown,1,205.93,1 per year,205.93,163.29,205.93,13,0,private estate,25-50 kW,Reg5,0
36,stable,all drivers > 24,Female,medical,1,private or freelance work,1,308.29,4 per year,302.49,326.05,308.29,13,12,street,75 kW,Reg4,0
37,stable,only partner,Female,medical,9,unknown,2,408.79,12 per year,408.8,238.14,401.32,9,0,street,25-50 kW,Reg9,0
31,down,only partner,Male,medical,0,private or freelance work,1,353.67,4 per year,369.05,421.21,307.54,12,10,parking deck,25-50 kW,Reg4,0
36,down,same,Male,normal,0,private or freelance work,1,673.75,4 per year,782.64,724.29,612.5,17,17,street,75 kW,Reg4,0
35,stable,all drivers > 24,Male,medical,1,private or freelance work,1,280.41,12 per year,280.42,289.51,280.42,11,6,private garage,200 kW,Reg7,0
67,down,same,Male,normal,7,private or freelance work,3,133.59,1 per year,136.31,157.16,137.51,15,7,private garage,25-50 kW,Reg14,1
33,down,only partner,Female,medical,1,private or freelance work,2,571.83,2 per year,583.5,439.75,519.43,17,15,parking deck,100 kW,Reg9,0
36,stable,same,Female,medical,0,private or freelance work,1,218.71,1 per year,218.72,305.14,218.72,10,6,private garage,100 kW,Reg8,0
31,down,same,Female,normal,4,private or freelance work,1,523.31,2 per year,533.99,327.59,453.46,8,0,unknown,25-50 kW,Reg8,0
52,stable,same,Female,normal,1,private or freelance work,1,231.21,2 per year,231.22,250.94,231.22,17,7,street,100 kW,Reg7,0
27,stable,young drivers,Male,medical,0,private or freelance work,1,773.68,4 per year,773.69,944.66,811.04,12,12,private garage,75 kW,Reg1,0
46,stable,only partner,Male,normal,3,private or freelance work,1,307.66,2 per year,307.67,261.44,316.51,10,3,unknown,75 kW,Reg8,0
42,stable,same,Male,normal,1,private or freelance work,1,388.19,12 per year,388.2,377.1,411.47,10,9,street,125-300 kW,Reg9,0
39,stable,same,Male,medical,7,unknown,2,284.58,2 per year,284.59,227.09,284.59,18,10,private estate,75 kW,Reg5,0
36,down,only partner,Female,medical,2,private or freelance work,1,260.26,1 per year,265.58,254.84,242.67,13,7,carport,100 kW,Reg12,0
65,down,same,Male,normal,0,private or freelance work,1,226.53,1 per year,231.15,284.07,198.62,14,10,street,100 kW,Reg7,0
46,down,all drivers > 24,Male,normal,8,unknown,1,267.38,4 per year,272.84,191.08,224.03,10,0,private garage,75 kW,Reg13,0
30,stable,only partner,Male,normal,0,private or freelance work,1,177.86,1 per year,177.88,263.78,171.5,13,5,parking deck,125-300 kW,Reg3,0
38,down,only partner,Male,normal,1,private or freelance work,1,315.22,1 per year,321.65,363.31,292.41,12,8,private garage,100 kW,Reg7,1
49,stable,same,Male,normal,3,private or freelance work,1,209.66,1 per year,209.66,214.91,209.66,18,6,unknown,75 kW,Reg4,0
30,stable,same,Male,normal,0,private or freelance work,1,321.53,4 per year,321.54,338.85,321.54,15,10,parking deck,75 kW,Reg10,0
22,down,same,Male,medical,0,private or freelance work,1,550.42,2 per year,561.65,573.55,481.41,16,13,other,75 kW,Reg5,1
60,down,same,Male,normal,1,private or freelance work,2,507.2,1 per year,517.55,473.76,465.02,8,7,private garage,125-300 kW,Reg12,0
43,stable,same,Male,normal,4,private or freelance work,1,320.48,4 per year,320.49,322.36,320.49,16,13,private garage,125-300 kW,Reg2,0
50,stable,same,Male,normal,1,private or freelance work,1,172.84,1 per year,172.85,172.55,184.35,8,0,parking deck,25-50 kW,Reg3,0
36,stable,only partner,Male,normal,1,private or freelance work,1,252.12,1 per year,252.12,318.0,252.12,14,8,underground garage,100 kW,Reg8,0
35,down,only partner,Male,medical,0,private or freelance work,1,503.94,4 per year,585.39,586.01,413.89,15,15,private garage,75 kW,Reg8,0
39,stable,same,Male,normal,6,unknown,1,343.12,1 per year,343.14,222.96,330.76,18,7,street,125-300 kW,Reg4,0
32,up,only partner,Female,normal,0,private or freelance work,1,340.04,2 per year,247.3,313.6,333.73,17,17,private garage,25-50 kW,Reg12,0
38,down,only partner,Male,medical,3,private or freelance work,1,710.12,4 per year,724.61,458.66,603.85,12,8,unknown,25-50 kW,Reg4,0
37,stable,only partner,Female,medical,3,private or freelance work,5,374.31,2 per year,374.32,355.44,377.83,16,8,unknown,75 kW,Reg2,0
22,down,same,Male,medical,0,private or freelance work,1,919.93,4 per year,959.93,1136.67,799.94,12,12,street,75 kW,Reg4,0
59,stable,same,Male,normal,1,private or freelance work,1,151.55,1 per year,151.55,191.7,151.55,17,1,private garage,100 kW,Reg5,0
35,down,only partner,Male,normal,0,private or freelance work,3,427.08,4 per year,435.8,481.3,399.47,10,8,other,75 kW,Reg10,0
38,stable,all drivers > 24,Female,normal,5,unknown,2,252.84,12 per year,252.85,213.92,241.75,13,0,unknown,25-50 kW,Reg5,0
53,stable,only partner,Male,medical,7,private or freelance work,4,415.66,1 per year,415.68,262.47,408.18,11,3,private garage,100 kW,Reg5,0
39,stable,same,Male,normal,2,private or freelance work,1,417.16,4 per year,417.17,301.49,433.09,18,11,street,100 kW,Reg9,0
45,down,same,Female,medical,1,private or freelance work,1,322.53,4 per year,329.11,329.62,313.0,18,13,street,25-50 kW,Reg1,0
46,stable,only partner,Male,normal,10,private or freelance work,1,179.34,1 per year,179.35,189.65,179.35,10,0,private garage,75 kW,Reg7,0
42,stable,same,Male,medical,8,unknown,2,280.96,1 per year,280.97,177.56,291.28,8,0,private garage,75 kW,Reg3,1
46,down,commercial,Female,normal,0,commercial,3,583.53,12 per year,595.44,593.71,555.74,18,17,unknown,75 kW,Reg7,0
26,down,same,Male,normal,0,private or freelance work,1,852.28,4 per year,990.03,750.25,774.8,16,15,carport,75 kW,Reg3,0
44,stable,same,Female,medical,1,private or freelance work,3,187.16,1 per year,187.18,237.06,201.89,9,3,street,25-50 kW,Reg2,0
60,stable,all drivers > 24,Male,normal,2,private or freelance work,1,209.74,1 per year,209.75,293.06,209.75,18,11,street,100 kW,Reg4,0
47,stable,same,Male,medical,6,private or freelance work,1,260.74,1 per year,260.75,245.54,260.75,12,12,other,75 kW,Reg5,0
36,down,only partner,Male,medical,2,private or freelance work,1,230.1,1 per year,234.8,291.96,208.71,13,11,other,75 kW,Reg1,0
38,down,same,Male,normal,0,private or freelance work,1,812.62,4 per year,943.95,864.95,836.39,16,16,street,125-300 kW,Reg7,0
38,stable,only partner,Female,medical,2,private or freelance work,2,331.06,12 per year,331.07,235.36,318.86,18,16,parking deck,75 kW,Reg7,0
42,stable,only partner,Male,normal,0,private or freelance work,1,269.05,1 per year,269.06,292.34,261.47,16,12,other,75 kW,Reg6,0
30,down,same,Male,medical,0,private or freelance work,1,412.58,4 per year,421.0,371.14,378.69,7,6,private garage,75 kW,Reg12,0
61,stable,same,Male,medical,2,private or freelance work,3,248.99,2 per year,249.0,192.82,249.0,18,5,private garage,75 kW,Reg12,0
55,stable,young drivers,Female,medical,6,unknown,1,236.3,4 per year,236.31,142.14,236.31,15,8,private garage,25-50 kW,Reg10,0
32,down,same,Male,medical,1,private or freelance work,1,423.08,1 per year,431.71,345.77,374.31,17,16,street,75 kW,Reg14,1
29,down,same,Male,medical,0,private or freelance work,1,666.04,1 per year,773.69,594.27,577.69,15,14,parking deck,75 kW,Reg7,0
37,stable,all drivers > 24,Male,normal,2,private or freelance work,2,367.09,12 per year,367.09,347.62,367.09,11,8,parking deck,75 kW,Reg3,0
48,stable,same,Female,medical,2,private or freelance work,1,276.44,1 per year,276.45,241.22,276.45,15,0,street,100 kW,Reg7,0
50,stable,only partner,Male,medical,6,unknown,1,152.27,1 per year,152.29,164.06,135.64,15,8,private garage,100 kW,Reg7,0
33,up,only partner,Male,medical,0,private or freelance work,2,406.0,4 per year,319.0,484.11,405.96,11,10,other,75 kW,Reg4,1
34,down,only partner,Female,normal,1,private or freelance work,1,179.54,2 per year,183.2,230.54,157.36,17,10,parking deck,75 kW,Reg12,0
37,down,only partner,Female,normal,0,private or freelance work,3,356.78,12 per year,364.06,348.03,359.72,9,9,parking deck,25-50 kW,Reg4,1
45,down,all drivers > 24,Female,normal,0,private or freelance work,1,396.57,1 per year,404.66,379.25,367.87,10,5,street,100 kW,Reg7,1
45,stable,same,Male,normal,1,private or freelance work,1,282.31,1 per year,282.31,373.52,282.31,18,13,street,75 kW,Reg4,0
25,down,same,Male,normal,1,private or freelance work,1,640.97,4 per year,654.05,530.86,560.61,17,12,private garage,75 kW,Reg5,1
41,stable,only partner,Female,medical,1,private or freelance work,2,119.66,1 per year,119.67,210.07,119.67,18,13,private garage,175 kW,Reg4,0
57,stable,same,Female,medical,7,unknown,1,262.5,1 per year,262.51,167.41,262.51,14,6,private garage,75 kW,Reg3,0
34,stable,only partner,Female,normal,1,private or freelance work,1,284.5,1 per year,284.51,258.4,284.51,13,11,other,75 kW,Reg12,0
29,down,same,Male,normal,2,private or freelance work,1,385.01,12 per year,392.86,345.57,357.15,12,6,private garage,75 kW,Reg7,0
28,up,only partner,Female,medical,0,private or freelance work,1,478.48,4 per year,372.15,705.66,478.47,13,10,underground garage,25-50 kW,Reg4,0
43,down,same,Male,normal,0,private or freelance work,1,295.8,4 per year,301.84,355.01,277.04,13,8,street,75 kW,Reg4,0
35,down,only partner,Female,medical,2,private or freelance work,1,280.26,4 per year,285.97,260.21,252.59,15,12,private garage,75 kW,Reg4,0
50,down,only partner,Male,normal,0,private or freelance work,1,218.42,1 per year,222.88,241.77,195.01,13,5,street,75 kW,Reg4,0
40,stable,only partner,Male,medical,3,private or freelance work,1,325.68,12 per year,325.68,259.88,325.68,11,5,unknown,100 kW,Reg11,0
44,stable,only partner,Female,normal,5,unknown,1,368.94,4 per year,368.95,308.46,379.4,12,7,unknown,75 kW,Reg6,0
40,stable,same,Male,normal,1,private or freelance work,2,274.41,1 per year,274.42,310.14,266.77,7,3,private garage,100 kW,Reg8,1
60,down,same,Male,normal,2,private or freelance work,1,399.63,12 per year,407.79,228.54,346.85,18,17,private garage,75 kW,Reg12,0
67,down,same,Male,normal,4,private or freelance work,1,433.78,1 per year,442.64,306.06,387.31,15,8,unknown,150 kW,Reg14,0
37,stable,only partner,Female,normal,1,private or freelance work,2,233.2,1 per year,233.21,325.06,242.51,7,3,parking deck,75 kW,Reg5,0
68,stable,same,Male,normal,0,private or freelance work,1,391.56,4 per year,391.58,419.9,373.53,16,13,parking deck,75 kW,Reg8,0
36,down,only partner,Male,medical,0,private or freelance work,1,302.86,1 per year,309.04,431.76,302.82,16,11,private garage,75 kW,Reg8,0
46,stable,only partner,Female,normal,0,private or freelance work,1,334.27,2 per year,334.29,437.7,334.29,18,10,carport,75 kW,Reg4,0
79,up,only partner,Female,normal,7,unknown,1,637.67,2 per year,463.76,605.56,619.87,14,7,private garage,100 kW,Reg8,0
45,stable,only partner,Male,medical,10,private or freelance work,1,195.33,1 per year,195.34,179.04,195.34,18,2,parking deck,100 kW,Reg5,0
47,stable,only partner,Male,normal,1,private or freelance work,2,283.65,12 per year,283.65,353.82,283.65,12,6,private garage,25-50 kW,Reg5,0
41,down,only partner,Male,normal,0,private or freelance work,1,336.64,4 per year,343.51,420.95,320.61,11,5,other,75 kW,Reg1,0
33,stable,same,Female,medical,5,unknown,1,217.63,1 per year,217.64,169.3,204.7,8,0,private garage,25-50 kW,Reg13,0
34,stable,only partner,Male,normal,0,private or freelance work,1,208.7,4 per year,208.71,275.25,199.2,15,9,street,75 kW,Reg10,0
42,up,young drivers,Male,normal,0,private or freelance work,6,295.15,2 per year,187.82,344.19,295.16,17,12,street,25-50 kW,Reg11,1
35,stable,all drivers > 24,Male,medical,0,private or freelance work,1,218.72,1 per year,218.72,259.77,218.72,17,16,private garage,25-50 kW,Reg4,0
51,stable,same,Female,normal,10,unknown,2,360.42,1 per year,360.44,196.28,354.05,12,0,street,100 kW,Reg12,0
52,down,same,Male,medical,0,private or freelance work,1,435.14,1 per year,444.03,416.48,426.19,12,10,private garage,75 kW,Reg13,1
59,stable,same,Female,medical,9,unknown,1,275.89,2 per year,275.9,214.61,268.47,16,4,street,75 kW,Reg8,0
37,stable,same,Female,normal,10,unknown,2,234.2,2 per year,234.21,173.51,234.21,13,0,private garage,25-50 kW,Reg8,0
35,stable,same,Male,normal,3,private or freelance work,2,182.88,1 per year,182.89,135.46,182.89,17,14,private garage,25-50 kW,Reg12,0
54,down,same,Female,medical,1,private or freelance work,1,547.2,4 per year,570.99,469.06,475.83,17,15,private garage,25-50 kW,Reg7,0
36,stable,young drivers,Male,medical,0,private or freelance work,1,321.79,1 per year,321.8,514.27,309.83,10,6,private garage,100 kW,Reg3,0
38,down,only partner,Male,normal,8,unknown,2,276.86,12 per year,282.51,213.52,258.02,13,4,private garage,25-50 kW,Reg14,0
53,down,all drivers > 24,Female,medical,13,unknown,2,596.61,1 per year,759.33,324.71,488.25,13,0,private garage,25-50 kW,Reg7,0
47,down,only partner,Female,normal,10,unknown,1,346.6,4 per year,353.68,190.39,295.42,16,4,private garage,75 kW,Reg11,0
47,stable,young drivers,Male,medical,9,private or freelance work,1,413.62,1 per year,413.64,318.6,413.64,12,0,parking deck,75 kW,Reg3,0
56,stable,same,Male,medical,12,unknown,2,211.3,1 per year,211.31,143.89,211.31,18,5,street,25-50 kW,Reg4,0
40,down,only partner,Female,medical,4,private or freelance work,1,352.09,2 per year,359.28,285.3,326.36,14,5,unknown,75 kW,Reg4,1
69,stable,same,Male,normal,7,unknown,1,606.44,1 per year,606.45,466.94,612.26,14,7,street,75 kW,Reg8,0
51,stable,only partner,Male,normal,8,unknown,2,309.53,2 per year,309.54,255.66,324.31,12,4,private garage,125-300 kW,Reg7,0
52,stable,same,Male,normal,1,private or freelance work,1,257.65,4 per year,257.66,249.57,262.55,12,0,private garage,75 kW,Reg4,0
36,stable,same,Female,medical,1,private or freelance work,1,261.42,4 per year,261.44,359.68,284.2,11,11,private garage,125-300 kW,Reg7,1
37,down,only partner,Male,normal,5,unknown,4,499.92,1 per year,510.13,339.3,459.11,7,2,unknown,75 kW,Reg7,0
48,stable,only partner,Male,normal,1,private or freelance work,1,240.33,4 per year,240.34,274.86,229.45,15,13,private garage,75 kW,Reg11,0
39,down,only partner,Female,normal,0,private or freelance work,1,145.37,1 per year,148.34,181.61,124.04,11,4,other,100 kW,Reg7,0
38,stable,only partner,Male,medical,0,private or freelance work,2,158.94,1 per year,158.95,169.03,167.86,1,0,private garage,75 kW,Reg5,0
41,stable,only partner,Male,normal,1,private or freelance work,3,270.61,1 per year,270.62,270.81,270.62,14,3,parking deck,75 kW,Reg5,0
71,stable,same,Male,normal,0,private or freelance work,1,141.27,1 per year,141.29,185.11,141.29,13,1,private garage,100 kW,Reg10,0
27,stable,same,Male,normal,0,private or freelance work,1,518.79,1 per year,518.8,467.26,518.8,15,15,parking deck,75 kW,Reg10,0
36,down,same,Male,medical,0,private or freelance work,1,173.02,1 per year,176.55,245.82,155.91,12,4,parking deck,75 kW,Reg8,0
74,stable,same,Male,normal,10,unknown,1,300.3,1 per year,297.5,336.25,300.3,11,0,private garage,125-300 kW,Reg4,0
21,down,same,Female,medical,0,private or freelance work,1,481.66,4 per year,491.49,455.64,458.73,11,11,street,25-50 kW,Reg14,0
37,stable,only partner,Male,medical,4,private or freelance work,1,306.41,1 per year,306.42,273.56,303.59,9,0,unknown,100 kW,Reg3,0
33,stable,only partner,Male,normal,2,private or freelance work,1,349.67,1 per year,349.69,395.1,349.69,14,12,private garage,75 kW,Reg7,0
37,stable,same,Male,normal,0,private or freelance work,1,244.39,1 per year,244.4,336.3,233.3,18,15,street,75 kW,Reg10,1
44,down,same,Male,normal,2,private or freelance work,1,444.82,4 per year,453.9,364.09,412.64,14,11,private garage,75 kW,Reg7,1
34,down,same,Female,normal,0,private or freelance work,1,376.42,4 per year,384.1,445.81,368.69,11,10,underground garage,100 kW,Reg10,0
46,stable,young drivers,Male,medical,11,private or freelance work,1,396.16,1 per year,396.18,331.61,350.54,11,0,private garage,100 kW,Reg7,0
49,stable,only partner,Male,normal,7,private or freelance work,3,247.79,1 per year,247.8,236.09,238.76,7,2,unknown,75 kW,Reg7,0
57,down,young drivers,Male,medical,0,private or freelance work,1,329.9,4 per year,336.64,367.11,288.55,10,5,private garage,25-50 kW,Reg4,0
39,stable,same,Female,medical,1,private or freelance work,2,284.24,2 per year,284.24,247.24,284.24,14,13,private garage,125-300 kW,Reg8,0
53,stable,same,Male,medical,0,private or freelance work,1,149.39,1 per year,149.4,219.59,142.6,18,15,private garage,125-300 kW,Reg6,0
27,down,young drivers,Male,normal,0,private or freelance work,1,335.31,1 per year,342.15,379.35,274.81,8,5,private garage,25-50 kW,Reg4,0
55,stable,only partner,Male,normal,0,private or freelance work,1,518.05,4 per year,518.06,441.9,518.09,18,18,private garage,100 kW,Reg4,0
44,down,only partner,Male,normal,0,private or freelance work,1,165.03,4 per year,168.4,210.74,153.84,13,2,private garage,75 kW,Reg14,1
35,stable,same,Female,medical,0,private or freelance work,1,109.36,1 per year,109.38,178.28,114.38,15,7,private garage,75 kW,Reg4,1
45,down,same,Male,normal,0,private or freelance work,1,268.41,1 per year,273.89,379.49,249.0,17,13,parking deck,75 kW,Reg4,0
43,down,young drivers,Male,normal,0,private or freelance work,1,470.25,2 per year,479.85,512.45,439.87,11,11,private garage,75 kW,Reg8,0
41,stable,only partner,Female,normal,1,private or freelance work,1,173.16,1 per year,173.17,205.84,173.17,17,4,parking deck,75 kW,Reg4,0
22,down,same,Female,medical,1,private or freelance work,1,669.65,12 per year,683.31,481.86,637.76,13,9,parking deck,75 kW,Reg14,0
38,down,same,Male,normal,0,private or freelance work,2,296.83,1 per year,302.89,351.31,269.23,12,4,private garage,125-300 kW,Reg6,0
45,stable,same,Male,medical,0,private or freelance work,1,178.14,1 per year,178.15,215.82,173.27,12,2,private garage,75 kW,Reg8,0
51,stable,only partner,Male,medical,4,private or freelance work,2,218.24,1 per year,218.25,169.24,208.44,17,0,unknown,100 kW,Reg4,0
37,up,all drivers > 24,Male,normal,0,private or freelance work,1,804.31,12 per year,499.23,901.71,726.14,15,14,other,25-50 kW,Reg13,0
45,stable,young drivers,Female,normal,0,private or freelance work,1,232.95,1 per year,232.96,293.56,232.96,10,1,private garage,125-300 kW,Reg4,1
30,down,same,Male,normal,2,private or freelance work,1,440.73,4 per year,449.72,333.74,408.85,17,13,private garage,75 kW,Reg8,0
67,down,same,Female,normal,1,private or freelance work,1,468.61,4 per year,478.18,366.32,426.06,15,13,private garage,25-50 kW,Reg3,0
34,down,all drivers > 24,Female,medical,1,private or freelance work,1,990.47,4 per year,1033.54,1011.86,861.29,11,11,other,75 kW,Reg8,0
58,down,same,Male,normal,1,private or freelance work,1,428.25,2 per year,436.99,403.5,374.56,18,9,other,25-50 kW,Reg5,0
35,down,only partner,Female,medical,0,private or freelance work,1,508.63,4 per year,590.84,746.88,462.4,12,10,private garage,75 kW,Reg5,0
44,stable,only partner,Male,medical,7,unknown,2,369.76,1 per year,369.78,249.3,369.78,11,4,private garage,125-300 kW,Reg4,0
28,stable,same,Male,normal,1,private or freelance work,1,289.0,12 per year,289.01,327.06,294.5,12,8,street,75 kW,Reg7,0
30,stable,same,Female,medical,0,private or freelance work,1,215.28,1 per year,215.29,267.65,215.29,9,9,private garage,125-300 kW,Reg6,0
41,stable,same,Male,normal,3,private or freelance work,2,352.52,1 per year,352.54,285.84,355.8,13,5,unknown,75 kW,Reg2,0
65,stable,only partner,Male,normal,6,unknown,1,230.73,1 per year,230.74,209.38,222.37,6,0,private garage,175 kW,Reg5,0
38,down,only partner,Male,medical,1,private or freelance work,1,234.99,1 per year,239.79,263.58,215.8,17,7,other,75 kW,Reg7,0
42,down,only partner,Female,normal,1,private or freelance work,1,796.81,12 per year,813.08,424.9,745.33,17,15,private garage,100 kW,Reg5,0
36,stable,same,Female,medical,0,private or freelance work,1,158.99,2 per year,159.0,195.21,161.96,8,6,private garage,25-50 kW,Reg8,0
42,down,same,Female,medical,0,private or freelance work,1,335.28,1 per year,342.13,346.31,321.99,9,5,carport,75 kW,Reg7,0
68,down,same,Male,normal,6,private or freelance work,1,224.73,2 per year,229.31,224.79,200.87,7,0,street,25-50 kW,Reg4,0
65,down,same,Male,normal,2,private or freelance work,1,252.07,2 per year,257.21,261.02,220.34,18,4,private garage,125-300 kW,Reg12,0
75,down,same,Male,normal,10,unknown,2,242.7,1 per year,247.65,235.31,218.61,10,0,private garage,125-300 kW,Reg13,0
45,stable,all drivers > 24,Male,medical,1,private or freelance work,1,251.71,1 per year,251.73,233.84,251.73,18,11,other,75 kW,Reg12,0
42,stable,only partner,Female,normal,1,private or freelance work,1,387.96,1 per year,387.98,367.44,377.21,10,9,other,75 kW,Reg12,1
46,down,only partner,Male,normal,5,unknown,1,465.5,2 per year,475.0,348.31,427.5,18,11,unknown,25-50 kW,Reg9,0
34,stable,only partner,Male,medical,2,private or freelance work,1,380.07,4 per year,380.09,376.31,380.09,12,12,underground garage,75 kW,Reg2,0
36,stable,same,Female,normal,1,private or freelance work,1,270.68,1 per year,270.69,318.23,270.69,17,11,other,75 kW,Reg1,0
30,down,only partner,Male,normal,2,private or freelance work,1,262.62,1 per year,267.98,233.5,238.21,8,8,private garage,75 kW,Reg7,0
35,stable,same,Male,normal,1,private or freelance work,2,373.27,2 per year,373.29,399.49,383.99,14,10,carport,75 kW,Reg12,0
35,down,only partner,Male,normal,0,private or freelance work,8,350.17,1 per year,357.31,328.92,327.54,18,18,private garage,75 kW,Reg7,1
63,stable,all drivers > 24,Male,normal,1,private or freelance work,1,275.2,12 per year,275.21,303.36,283.15,16,12,street,100 kW,Reg12,1
36,down,same,Male,medical,1,private or freelance work,1,246.68,1 per year,251.71,299.81,239.62,15,6,street,75 kW,Reg3,0
50,stable,young drivers,Male,medical,0,private or freelance work,1,164.81,1 per year,164.83,249.57,164.83,15,12,private garage,75 kW,Reg3,0
33,down,same,Female,medical,1,private or freelance work,1,384.12,4 per year,391.96,329.15,359.3,12,7,parking deck,25-50 kW,Reg4,0
25,down,same,Female,normal,0,private or freelance work,1,537.3,4 per year,560.66,511.88,467.22,9,8,other,75 kW,Reg14,0
50,down,only partner,Male,normal,4,private or freelance work,3,233.35,1 per year,238.11,177.46,206.01,9,0,unknown,100 kW,Reg7,0
32,down,same,Male,normal,2,private or freelance work,1,643.33,1 per year,656.46,504.21,601.29,10,8,private garage,150 kW,Reg8,1
38,stable,only partner,Male,medical,2,private or freelance work,3,186.26,1 per year,186.28,247.01,194.99,12,3,parking deck,125-300 kW,Reg7,0
21,down,same,Female,normal,1,private or freelance work,1,860.55,1 per year,897.96,718.76,770.06,12,10,carport,75 kW,Reg8,0
54,stable,all drivers > 24,Male,normal,2,private or freelance work,1,297.24,1 per year,297.25,285.11,297.25,18,5,private garage,75 kW,Reg8,0
53,stable,all drivers > 24,Male,normal,0,private or freelance work,1,537.91,12 per year,537.92,576.16,493.22,14,12,private garage,100 kW,Reg3,0
47,stable,same,Male,normal,1,private or freelance work,1,402.43,4 per year,402.44,395.64,402.44,16,8,private garage,75 kW,Reg7,0
34,stable,same,Male,medical,1,private or freelance work,1,164.24,1 per year,164.25,197.36,156.93,18,14,other,75 kW,Reg7,0
49,stable,only partner,Female,normal,7,private or freelance work,1,217.64,1 per year,217.65,188.94,217.66,12,11,private garage,100 kW,Reg6,0
40,stable,only partner,Male,normal,1,private or freelance work,1,229.59,2 per year,229.6,281.36,223.3,18,10,private garage,75 kW,Reg8,0
39,stable,only partner,Male,medical,4,private or freelance work,1,167.82,12 per year,166.3,158.74,167.82,6,0,unknown,100 kW,Reg5,1
54,stable,same,Male,normal,7,unknown,1,575.24,4 per year,575.25,446.3,580.56,13,5,private garage,100 kW,Reg4,0
42,down,same,Female,medical,0,private or freelance work,3,475.74,4 per year,485.45,429.99,416.11,16,16,private garage,125-300 kW,Reg7,0
48,down,only partner,Female,normal,6,unknown,2,436.57,4 per year,445.48,350.04,395.97,11,4,private garage,125-300 kW,Reg6,0
57,stable,all drivers > 24,Male,normal,0,private or freelance work,1,166.4,2 per year,166.41,212.6,160.32,18,15,parking deck,75 kW,Reg3,0
46,stable,young drivers,Male,normal,1,private or freelance work,1,433.91,2 per year,433.91,390.11,433.91,13,12,street,25-50 kW,Reg11,0
33,down,only partner,Female,medical,1,private or freelance work,1,228.24,1 per year,232.9,338.5,199.62,14,10,carport,75 kW,Reg10,0
44,down,only partner,Female,medical,8,unknown,1,264.44,1 per year,269.84,207.34,231.29,14,0,private garage,75 kW,Reg2,0
49,stable,only partner,Male,medical,6,unknown,1,294.19,1 per year,294.19,330.7,294.19,16,7,street,100 kW,Reg8,1
31,down,same,Female,medical,0,private or freelance work,1,442.91,1 per year,514.49,493.09,384.64,14,13,carport,25-50 kW,Reg10,0
32,stable,same,Male,normal,0,private or freelance work,1,236.04,4 per year,236.05,307.38,247.3,18,13,underground garage,125-300 kW,Reg7,0
28,down,same,Male,medical,0,private or freelance work,1,1075.24,12 per year,1544.77,743.81,934.99,18,18,underground garage,100 kW,Reg3,0
61,stable,same,Female,normal,0,private or freelance work,1,109.36,1 per year,109.38,157.31,109.38,13,3,other,75 kW,Reg10,0
35,stable,only partner,Male,normal,7,unknown,2,342.79,1 per year,342.8,274.29,342.8,8,0,street,75 kW,Reg5,1
37,down,only partner,Female,medical,6,private or freelance work,1,253.35,1 per year,258.53,282.8,247.72,10,10,carport,100 kW,Reg7,0
64,stable,same,Male,normal,11,unknown,1,250.11,1 per year,250.13,191.79,268.95,13,0,private garage,100 kW,Reg13,0
56,up,same,Male,normal,4,private or freelance work,1,1604.79,12 per year,498.04,1400.0,1651.37,16,13,street,75 kW,Reg5,0
48,down,only partner,Male,medical,2,private or freelance work,1,253.17,1 per year,258.34,199.2,238.19,16,8,carport,25-50 kW,Reg9,0
37,stable,same,Male,normal,2,private or freelance work,2,229.59,12 per year,229.6,249.19,229.6,18,12,private garage,75 kW,Reg10,0
61,down,same,Female,normal,6,unknown,1,274.6,4 per year,280.2,183.3,228.29,15,9,private garage,25-50 kW,Reg2,0
29,down,only partner,Female,normal,3,private or freelance work,1,236.66,1 per year,241.49,232.22,214.66,3,0,street,75 kW,Reg12,0
40,stable,only partner,Male,normal,0,private or freelance work,1,282.69,4 per year,282.7,315.12,293.65,13,9,private garage,100 kW,Reg7,0
32,stable,same,Male,medical,2,private or freelance work,1,508.64,2 per year,508.65,496.09,508.65,15,10,private garage,100 kW,Reg8,0
47,down,same,Female,normal,9,private or freelance work,1,351.8,4 per year,358.97,266.79,319.09,8,8,street,25-50 kW,Reg12,0
34,down,same,Male,normal,5,private or freelance work,1,433.12,1 per year,441.96,360.26,413.1,17,7,unknown,75 kW,Reg11,1
30,stable,young drivers,Male,normal,0,private or freelance work,2,243.64,1 per year,243.65,288.95,232.49,10,8,street,25-50 kW,Reg11,0
36,down,same,Female,medical,0,private or freelance work,1,691.64,12 per year,803.42,739.33,628.75,15,14,parking deck,25-50 kW,Reg4,0
52,stable,only partner,Male,medical,4,private or freelance work,1,368.15,1 per year,368.16,317.16,378.77,12,10,private garage,75 kW,Reg4,0
41,stable,only partner,Male,normal,5,unknown,1,400.44,1 per year,400.45,305.76,400.45,18,15,unknown,75 kW,Reg4,0
68,stable,all drivers > 24,Female,normal,11,unknown,1,323.15,2 per year,323.16,260.61,326.2,16,2,private garage,75 kW,Reg9,0
29,stable,only partner,Female,normal,0,private or freelance work,2,407.57,4 per year,407.59,399.29,370.57,18,18,private garage,175 kW,Reg7,0
41,up,only partner,Female,medical,1,private or freelance work,1,406.28,1 per year,297.94,626.93,373.49,14,7,street,75 kW,Reg4,0
32,down,only partner,Female,medical,0,private or freelance work,1,207.29,2 per year,211.53,294.6,192.3,17,8,private garage,25-50 kW,Reg8,1
37,stable,only partner,Female,medical,5,unknown,1,567.95,2 per year,567.96,368.6,508.27,18,14,unknown,100 kW,Reg8,0
25,down,same,Male,normal,0,private or freelance work,1,611.05,4 per year,623.53,468.76,534.46,17,16,street,100 kW,Reg4,0
47,up,same,Male,medical,4,private or freelance work,1,652.82,2 per year,507.75,654.15,652.83,14,10,street,75 kW,Reg5,0
42,stable,only partner,Male,medical,7,private or freelance work,1,183.62,1 per year,174.89,231.41,187.98,10,0,street,25-50 kW,Reg4,0
56,stable,same,Male,normal,10,private or freelance work,1,167.84,1 per year,167.85,188.94,169.39,17,5,parking deck,75 kW,Reg7,0
37,down,same,Male,normal,2,private or freelance work,1,697.55,2 per year,711.79,477.98,664.34,15,13,private garage,75 kW,Reg5,1
40,down,same,Female,medical,1,private or freelance work,1,193.28,1 per year,197.22,195.89,169.05,17,10,street,75 kW,Reg4,0
42,down,same,Male,normal,1,private or freelance work,1,584.07,4 per year,609.46,507.21,507.89,11,10,parking deck,75 kW,Reg4,0
66,down,only partner,Male,normal,1,private or freelance work,1,577.44,4 per year,602.55,625.46,502.15,18,14,private garage,75 kW,Reg8,0
38,down,same,Female,normal,3,private or freelance work,1,579.89,12 per year,591.73,394.09,532.31,14,5,unknown,75 kW,Reg12,0
40,down,only partner,Male,medical,2,private or freelance work,1,412.4,12 per year,420.81,364.15,393.39,14,8,street,100 kW,Reg9,0
31,down,same,Male,normal,0,private or freelance work,1,530.33,4 per year,553.39,539.4,492.56,11,10,street,75 kW,Reg4,0
47,down,only partner,Female,medical,1,private or freelance work,1,196.54,1 per year,200.55,191.35,180.5,3,0,street,100 kW,Reg14,0
39,stable,only partner,Male,normal,2,private or freelance work,1,222.45,1 per year,222.46,171.65,222.46,17,14,private garage,75 kW,Reg10,0
38,stable,same,Male,normal,1,private or freelance work,4,442.2,4 per year,442.21,398.3,442.21,17,14,underground garage,25-50 kW,Reg4,1
35,down,only partner,Male,normal,0,private or freelance work,1,262.96,4 per year,268.33,309.93,219.95,15,6,private garage,75 kW,Reg3,0
71,down,same,Male,normal,0,private or freelance work,1,184.07,4 per year,187.82,263.12,171.94,14,7,private garage,100 kW,Reg4,0
26,down,young drivers,Male,medical,0,private or freelance work,1,564.23,4 per year,588.76,862.4,529.4,7,6,other,75 kW,Reg14,0
45,down,only partner,Male,medical,9,unknown,2,463.09,12 per year,472.54,288.92,417.28,18,7,street,75 kW,Reg9,0
55,down,same,Female,normal,1,private or freelance work,1,244.09,4 per year,249.07,201.99,221.4,18,0,carport,25-50 kW,Reg8,0
42,down,all drivers > 24,Male,medical,3,private or freelance work,1,484.22,1 per year,494.1,548.19,448.45,11,7,street,75 kW,Reg9,0
41,stable,only partner,Female,medical,9,unknown,2,290.61,1 per year,290.62,230.93,275.31,12,3,private garage,100 kW,Reg3,0
35,down,same,Male,normal,0,private or freelance work,1,476.42,4 per year,553.41,523.92,461.95,16,14,private garage,25-50 kW,Reg1,0
30,stable,same,Male,medical,2,private or freelance work,1,340.6,2 per year,340.61,270.56,334.28,15,12,parking deck,125-300 kW,Reg7,0
65,stable,same,Male,normal,1,private or freelance work,1,141.76,1 per year,141.77,172.04,141.77,18,7,underground garage,100 kW,Reg7,0
45,down,young drivers,Male,normal,0,private or freelance work,1,838.45,12 per year,973.96,1017.71,762.24,12,11,private garage,25-50 kW,Reg4,1
41,down,only partner,Female,normal,0,private or freelance work,1,319.43,4 per year,325.95,361.04,321.97,18,16,underground garage,25-50 kW,Reg8,0
38,stable,same,Female,medical,2,private or freelance work,1,257.41,4 per year,257.43,242.05,247.99,13,9,street,75 kW,Reg4,0
38,stable,only partner,Male,medical,1,private or freelance work,3,193.18,1 per year,193.19,224.75,193.19,9,4,carport,125-300 kW,Reg8,1
38,down,same,Female,normal,0,private or freelance work,1,298.32,4 per year,304.41,307.62,247.29,15,2,street,75 kW,Reg11,0
29,stable,young drivers,Male,normal,1,private or freelance work,1,380.92,4 per year,380.92,410.09,380.92,11,10,private garage,75 kW,Reg1,0
46,down,young drivers,Male,medical,0,private or freelance work,1,678.77,4 per year,788.48,745.99,665.46,15,14,other,25-50 kW,Reg4,0
24,down,same,Male,normal,0,private or freelance work,1,665.28,4 per year,772.8,503.68,577.44,0,0,private garage,75 kW,Reg4,0
42,stable,young drivers,Female,medical,0,private or freelance work,1,215.41,2 per year,215.42,335.83,215.42,13,10,private garage,25-50 kW,Reg5,0
39,up,same,Female,medical,7,unknown,1,773.82,1 per year,541.67,495.41,773.82,11,0,street,25-50 kW,Reg7,0
34,stable,same,Female,normal,1,private or freelance work,1,299.14,1 per year,299.15,380.36,313.37,12,8,parking deck,100 kW,Reg3,0
25,down,same,Female,medical,0,private or freelance work,1,701.28,12 per year,814.61,804.59,637.52,15,14,street,75 kW,Reg7,0
56,stable,same,Male,normal,3,private or freelance work,1,307.8,4 per year,307.81,297.62,293.6,16,8,unknown,100 kW,Reg2,0
56,stable,only partner,Male,normal,10,unknown,1,273.89,1 per year,273.9,270.4,279.04,16,3,private garage,125-300 kW,Reg5,0
39,down,same,Male,medical,5,private or freelance work,1,184.44,1 per year,188.2,194.74,167.29,5,0,street,75 kW,Reg8,0
37,down,same,Male,normal,3,private or freelance work,1,333.02,4 per year,339.81,315.24,291.28,4,0,street,75 kW,Reg7,0
38,down,all drivers > 24,Female,medical,2,private or freelance work,1,192.23,1 per year,196.15,186.36,181.22,12,7,private garage,25-50 kW,Reg12,1
28,down,only partner,Female,normal,2,private or freelance work,1,426.03,2 per year,434.72,367.71,387.5,13,8,street,75 kW,Reg14,0
34,stable,same,Male,normal,1,private or freelance work,3,173.31,4 per year,173.33,247.3,171.74,15,12,private garage,100 kW,Reg8,0
41,stable,only partner,Female,normal,0,private or freelance work,1,237.0,1 per year,237.01,313.45,219.95,14,8,street,75 kW,Reg14,0
22,down,same,Male,normal,0,private or freelance work,1,811.45,4 per year,1136.81,723.61,705.61,16,15,parking deck,25-50 kW,Reg4,0
40,stable,all drivers > 24,Male,medical,0,private or freelance work,1,239.86,1 per year,239.87,329.17,220.7,12,5,private garage,100 kW,Reg10,0
47,down,young drivers,Male,normal,0,private or freelance work,2,482.29,2 per year,492.14,568.24,410.11,11,9,other,25-50 kW,Reg7,0
39,stable,only partner,Female,medical,1,private or freelance work,1,170.6,2 per year,170.61,170.79,170.61,14,7,underground garage,75 kW,Reg7,0
29,stable,same,Male,medical,0,private or freelance work,1,393.29,1 per year,393.3,350.06,375.13,6,5,private garage,125-300 kW,Reg2,0
38,down,all drivers > 24,Male,medical,4,private or freelance work,1,225.84,1 per year,230.45,310.73,194.51,18,4,private garage,100 kW,Reg8,0
32,down,same,Male,normal,0,private or freelance work,1,394.44,1 per year,402.49,455.24,375.65,9,6,street,75 kW,Reg3,0
29,down,only partner,Female,medical,1,private or freelance work,2,421.24,1 per year,429.84,520.62,412.69,10,9,private garage,100 kW,Reg4,0
45,stable,only partner,Male,normal,8,private or freelance work,2,402.99,12 per year,403.0,303.99,403.0,17,14,street,75 kW,Reg7,0
61,down,same,Female,normal,3,private or freelance work,1,410.44,12 per year,418.81,246.59,382.94,18,17,unknown,75 kW,Reg3,0
44,stable,only partner,Male,medical,11,unknown,1,417.36,1 per year,417.36,310.07,417.36,17,3,street,75 kW,Reg9,0
45,down,same,Female,normal,1,private or freelance work,1,377.48,12 per year,385.19,281.42,353.09,11,9,street,25-50 kW,Reg4,1
33,down,young drivers,Male,normal,0,private or freelance work,2,378.21,4 per year,385.92,575.64,371.39,13,10,parking deck,75 kW,Reg4,0
48,stable,only partner,Male,normal,1,private or freelance work,1,143.09,1 per year,141.77,198.34,143.09,18,9,private garage,75 kW,Reg8,0
38,stable,same,Male,normal,2,private or freelance work,1,281.63,1 per year,281.63,315.76,281.63,16,11,street,75 kW,Reg5,0
54,stable,young drivers,Female,medical,0,private or freelance work,1,1402.41,4 per year,1402.42,1011.1,1402.5,14,14,carport,75 kW,Reg7,0
56,down,same,Female,normal,10,unknown,2,296.14,2 per year,302.19,209.21,254.96,18,6,street,75 kW,Reg4,0
41,down,same,Male,normal,5,unknown,1,546.6,1 per year,557.75,413.52,506.7,18,7,unknown,75 kW,Reg9,0
39,stable,only partner,Female,normal,6,unknown,1,311.21,2 per year,311.22,261.99,291.88,12,6,private garage,75 kW,Reg4,0
73,stable,only partner,Male,normal,5,private or freelance work,1,266.65,1 per year,266.66,228.32,269.19,10,7,private garage,75 kW,Reg5,0
40,stable,same,Male,normal,1,private or freelance work,1,254.51,1 per year,252.12,257.74,254.51,7,4,private garage,100 kW,Reg3,0
45,down,only partner,Female,medical,0,private or freelance work,1,184.18,1 per year,187.94,212.4,176.55,12,0,street,25-50 kW,Reg9,1
40,stable,only partner,Female,medical,2,private or freelance work,1,372.4,4 per year,372.41,339.55,379.61,14,11,private garage,75 kW,Reg3,0
50,stable,young drivers,Female,medical,0,private or freelance work,1,306.11,1 per year,306.12,376.55,330.21,11,10,private garage,75 kW,Reg8,1
29,down,same,Female,normal,0,private or freelance work,1,395.77,2 per year,403.85,426.62,370.19,12,11,parking deck,75 kW,Reg8,0
78,stable,same,Male,normal,10,unknown,1,386.07,1 per year,386.09,305.07,389.58,15,3,private garage,125-300 kW,Reg10,0
40,stable,same,Female,medical,8,unknown,2,259.74,1 per year,259.75,220.85,262.02,11,0,private estate,25-50 kW,Reg9,0
36,down,same,Male,normal,0,private or freelance work,1,635.46,4 per year,738.16,697.99,617.01,14,14,street,25-50 kW,Reg5,0
25,down,same,Male,medical,0,private or freelance work,1,959.56,2 per year,1114.64,683.39,872.32,18,14,parking deck,75 kW,Reg7,0
38,down,all drivers > 24,Male,normal,4,private or freelance work,6,309.15,4 per year,315.46,284.19,280.41,15,14,other,75 kW,Reg11,0
31,stable,only partner,Male,normal,0,private or freelance work,1,274.79,4 per year,274.8,278.07,262.12,2,1,private garage,100 kW,Reg5,0
46,up,same,Female,normal,0,private or freelance work,1,308.16,4 per year,220.11,395.06,331.65,13,7,private garage,25-50 kW,Reg5,0
37,stable,only partner,Male,normal,4,private or freelance work,3,323.06,1 per year,323.07,280.35,305.35,9,4,unknown,75 kW,Reg13,1
31,down,only partner,Female,normal,0,private or freelance work,1,343.27,12 per year,350.28,389.91,326.93,13,9,private garage,25-50 kW,Reg3,0
45,stable,only partner,Male,normal,5,private or freelance work,3,270.58,1 per year,270.58,262.7,270.58,12,10,private garage,100 kW,Reg14,0
77,stable,same,Female,normal,6,unknown,1,276.42,1 per year,276.44,249.44,278.99,14,0,private garage,100 kW,Reg7,0
33,stable,only partner,Male,normal,0,private or freelance work,1,209.98,1 per year,209.99,273.65,209.96,16,15,private garage,100 kW,Reg10,0
33,down,same,Male,normal,0,private or freelance work,1,928.89,4 per year,1079.01,904.56,844.45,16,16,street,75 kW,Reg4,0
41,stable,same,Male,normal,1,private or freelance work,1,204.66,1 per year,204.68,214.62,204.68,18,11,underground garage,25-50 kW,Reg14,0
37,down,same,Male,normal,0,private or freelance work,2,370.37,4 per year,377.92,344.77,346.46,18,17,private garage,75 kW,Reg8,0
44,down,only partner,Male,normal,2,private or freelance work,1,325.54,1 per year,332.19,294.65,298.97,11,5,private garage,100 kW,Reg8,0
28,down,only partner,Female,medical,0,private or freelance work,4,412.37,1 per year,420.79,363.19,360.68,12,12,parking deck,25-50 kW,Reg6,0
29,stable,only partner,Male,normal,0,private or freelance work,1,214.68,1 per year,214.69,288.89,233.3,6,1,parking deck,100 kW,Reg8,0
33,down,same,Male,normal,0,private or freelance work,1,268.41,2 per year,273.89,339.4,249.0,16,11,private garage,100 kW,Reg10,1
43,up,same,Male,medical,4,private or freelance work,1,400.89,1 per year,311.8,335.05,420.3,17,11,unknown,100 kW,Reg5,0
68,stable,same,Female,normal,1,private or freelance work,1,167.96,1 per year,167.98,184.76,166.41,18,2,private garage,100 kW,Reg2,0
38,stable,same,Male,normal,3,private or freelance work,1,472.5,4 per year,472.51,292.64,472.51,18,14,unknown,100 kW,Reg5,0
52,down,same,Female,medical,8,private or freelance work,2,200.46,2 per year,204.55,213.95,178.99,16,6,private garage,75 kW,Reg10,0
48,down,same,Male,medical,4,private or freelance work,1,712.57,4 per year,727.11,523.2,641.4,15,11,unknown,75 kW,Reg13,0
48,up,young drivers,Male,medical,8,private or freelance work,1,438.02,1 per year,321.21,632.86,438.01,18,10,other,75 kW,Reg4,0
36,stable,all drivers > 24,Male,normal,4,private or freelance work,1,223.04,1 per year,223.04,223.59,223.04,12,3,unknown,75 kW,Reg4,0
32,stable,same,Female,normal,2,private or freelance work,1,435.55,2 per year,435.56,384.66,415.62,15,8,street,75 kW,Reg8,0
50,stable,only partner,Male,medical,7,unknown,1,241.71,1 per year,241.73,217.61,241.73,12,5,private estate,75 kW,Reg11,0
45,down,young drivers,Female,normal,0,private or freelance work,1,487.06,1 per year,497.0,424.3,426.0,17,13,carport,25-50 kW,Reg7,1
38,stable,only partner,Female,normal,2,private or freelance work,1,292.16,1 per year,292.18,251.01,284.14,18,11,other,25-50 kW,Reg8,0
33,down,all drivers > 24,Female,medical,3,private or freelance work,1,557.25,1 per year,568.62,413.86,487.39,4,0,unknown,75 kW,Reg8,0
39,down,only partner,Male,normal,0,private or freelance work,1,261.23,4 per year,266.56,298.43,244.35,12,5,private garage,100 kW,Reg8,0
37,down,same,Male,medical,0,private or freelance work,1,414.45,12 per year,422.91,394.09,394.74,14,14,private garage,25-50 kW,Reg8,0
36,stable,same,Male,medical,1,private or freelance work,1,243.02,1 per year,243.04,321.62,243.04,16,11,private garage,75 kW,Reg8,1
61,stable,only partner,Female,normal,3,private or freelance work,6,274.8,2 per year,274.81,243.0,274.81,18,12,unknown,75 kW,Reg4,0
44,down,only partner,Male,normal,0,private or freelance work,2,377.43,1 per year,385.14,411.1,353.04,7,0,carport,75 kW,Reg3,0
49,stable,same,Male,medical,8,unknown,1,344.55,12 per year,344.56,285.15,344.56,14,3,private garage,100 kW,Reg9,0
28,down,same,Female,normal,0,private or freelance work,1,672.34,1 per year,781.0,640.56,611.21,13,13,private garage,100 kW,Reg3,0
60,up,same,Female,normal,0,private or freelance work,1,350.07,2 per year,245.05,449.68,370.57,15,11,street,75 kW,Reg9,0
31,stable,same,Male,medical,0,private or freelance work,1,330.45,4 per year,330.46,369.26,330.46,15,14,other,100 kW,Reg8,0
64,down,only partner,Female,normal,9,unknown,1,367.6,1 per year,375.1,155.51,328.21,17,5,private garage,225 kW,Reg4,1
20,down,same,Female,normal,0,private or freelance work,1,1293.39,12 per year,1858.18,1174.99,1124.69,14,14,private garage,75 kW,Reg8,0
40,down,only partner,Male,medical,5,private or freelance work,1,279.52,1 per year,285.22,352.78,256.7,18,13,street,100 kW,Reg7,0
32,down,only partner,Female,medical,1,private or freelance work,1,239.39,1 per year,244.27,266.15,217.12,11,8,private garage,100 kW,Reg4,0
24,down,same,Female,normal,2,private or freelance work,1,607.37,12 per year,619.76,396.88,521.27,10,5,private garage,75 kW,Reg8,1
79,stable,same,Female,normal,8,unknown,1,203.21,1 per year,203.23,205.09,205.1,13,4,private garage,25-50 kW,Reg5,0
40,stable,only partner,Male,medical,9,unknown,1,409.64,2 per year,409.65,272.11,395.1,18,9,private garage,25-50 kW,Reg8,0
47,up,only partner,Male,medical,0,private or freelance work,2,455.57,1 per year,318.9,485.09,480.74,14,6,private estate,25-50 kW,Reg1,0
63,stable,same,Female,normal,9,unknown,3,187.93,1 per year,187.94,179.6,184.56,9,0,street,75 kW,Reg5,0
37,down,only partner,Female,normal,1,private or freelance work,2,162.06,1 per year,165.36,193.72,146.99,13,2,private garage,100 kW,Reg12,1
32,stable,only partner,Female,medical,0,private or freelance work,1,194.98,1 per year,194.99,259.95,194.99,16,13,private garage,25-50 kW,Reg4,0
59,stable,same,Female,medical,16,unknown,1,249.68,2 per year,249.69,174.77,249.69,16,0,private garage,75 kW,Reg7,0
29,down,same,Male,normal,0,private or freelance work,1,462.86,1 per year,482.99,528.18,402.49,13,13,private garage,25-50 kW,Reg3,1
35,down,all drivers > 24,Male,medical,4,private or freelance work,1,342.72,1 per year,349.71,456.89,317.92,10,4,private garage,100 kW,Reg8,0
40,down,only partner,Male,normal,1,private or freelance work,1,173.37,1 per year,176.91,188.74,151.64,11,2,private garage,75 kW,Reg5,0
35,down,young drivers,Male,medical,1,private or freelance work,1,644.08,12 per year,748.17,658.44,585.53,1,0,other,75 kW,Reg6,0
42,down,young drivers,Male,medical,0,private or freelance work,1,428.0,4 per year,436.74,482.64,350.41,14,10,private garage,25-50 kW,Reg5,0
37,stable,same,Female,medical,2,private or freelance work,1,286.88,4 per year,286.89,261.01,268.95,14,9,street,100 kW,Reg14,1
36,down,only partner,Male,medical,1,private or freelance work,1,146.75,1 per year,149.75,202.97,149.91,17,12,carport,25-50 kW,Reg14,0
52,stable,only partner,Male,medical,7,unknown,2,205.74,1 per year,205.75,203.38,209.45,8,0,carport,75 kW,Reg3,1
41,down,young drivers,Female,medical,0,private or freelance work,1,591.8,1 per year,687.45,748.23,538.01,10,9,parking deck,75 kW,Reg14,1
44,down,young drivers,Female,medical,2,private or freelance work,2,361.94,2 per year,369.32,309.15,332.39,15,7,private garage,25-50 kW,Reg5,0
42,stable,only partner,Male,medical,0,private or freelance work,1,221.4,1 per year,221.41,330.41,245.01,12,9,private garage,25-50 kW,Reg6,0
53,down,young drivers,Female,medical,4,private or freelance work,2,1029.23,1 per year,1050.24,569.74,810.04,15,10,unknown,75 kW,Reg3,0
49,stable,only partner,Male,medical,0,private or freelance work,1,166.35,1 per year,166.36,218.86,178.81,6,0,other,125-300 kW,Reg7,0
43,down,only partner,Female,medical,3,private or freelance work,2,349.24,1 per year,356.36,334.15,323.97,16,15,carport,25-50 kW,Reg2,0
49,stable,young drivers,Female,medical,1,private or freelance work,1,212.67,1 per year,212.67,325.83,212.67,15,3,street,75 kW,Reg1,0
44,stable,only partner,Male,medical,0,private or freelance work,1,152.44,1 per year,152.45,195.26,152.45,16,8,other,25-50 kW,Reg7,0
31,stable,same,Male,normal,2,private or freelance work,1,413.76,2 per year,413.77,364.25,413.77,13,9,private garage,75 kW,Reg6,0
48,down,same,Male,normal,1,private or freelance work,2,481.78,2 per year,491.61,489.62,450.64,17,14,street,100 kW,Reg4,1
37,down,same,Female,normal,0,private or freelance work,2,542.9,12 per year,630.64,618.49,471.06,10,9,other,75 kW,Reg7,0
36,down,only partner,Male,medical,0,private or freelance work,1,124.7,1 per year,127.25,187.43,111.35,18,6,other,125-300 kW,Reg14,0
35,stable,same,Male,normal,1,private or freelance work,1,464.44,12 per year,464.45,466.7,482.55,12,10,street,75 kW,Reg9,0
35,stable,same,Male,normal,0,private or freelance work,3,357.81,4 per year,357.83,421.18,357.83,15,9,carport,75 kW,Reg1,0
39,stable,only partner,Male,normal,1,private or freelance work,1,212.66,4 per year,212.67,250.26,212.67,18,13,street,75 kW,Reg3,0
52,stable,same,Male,normal,7,unknown,1,312.89,2 per year,301.22,284.24,312.89,13,0,private estate,100 kW,Reg4,0
43,down,only partner,Male,normal,1,private or freelance work,1,276.74,1 per year,282.39,381.39,254.36,17,11,private garage,25-50 kW,Reg11,0
60,stable,same,Male,medical,9,private or freelance work,1,273.75,1 per year,273.75,331.9,273.75,9,0,underground garage,100 kW,Reg4,0
58,up,only partner,Male,normal,6,private or freelance work,3,393.31,1 per year,321.8,355.14,331.89,6,0,private garage,125-300 kW,Reg12,1
64,stable,all drivers > 24,Female,normal,0,private or freelance work,1,131.19,12 per year,131.2,167.29,141.29,18,0,street,75 kW,Reg7,0
27,down,all drivers > 24,Female,normal,0,private or freelance work,1,369.56,12 per year,377.1,369.62,309.13,13,13,parking deck,75 kW,Reg13,0
24,down,same,Male,normal,1,private or freelance work,1,858.65,4 per year,895.99,623.61,685.52,14,13,street,25-50 kW,Reg12,0
37,down,only partner,Male,medical,1,private or freelance work,1,389.23,4 per year,397.17,381.91,361.06,17,13,parking deck,100 kW,Reg4,0
32,stable,same,Male,normal,0,private or freelance work,1,198.05,1 per year,198.05,247.41,198.05,7,0,private garage,100 kW,Reg7,0
39,stable,young drivers,Male,normal,0,private or freelance work,2,339.75,1 per year,339.76,261.95,323.82,10,5,private garage,100 kW,Reg7,0
64,down,only partner,Male,normal,0,private or freelance work,5,349.33,1 per year,356.46,264.57,280.05,3,3,carport,100 kW,Reg14,0
27,down,same,Male,medical,0,private or freelance work,2,511.77,4 per year,594.47,652.31,465.25,18,18,underground garage,100 kW,Reg3,0
41,down,only partner,Male,normal,2,private or freelance work,1,570.91,1 per year,582.56,400.09,655.14,13,10,street,25-50 kW,Reg9,0
36,stable,only partner,Male,medical,6,unknown,1,638.71,4 per year,638.73,451.0,598.41,13,7,street,125-300 kW,Reg4,0
37,down,same,Male,normal,1,private or freelance work,1,584.07,4 per year,609.46,589.01,507.89,13,11,other,100 kW,Reg9,0
50,down,same,Male,normal,0,private or freelance work,2,656.35,2 per year,762.43,755.33,596.67,18,18,underground garage,100 kW,Reg4,0
22,down,same,Female,normal,0,private or freelance work,1,394.44,1 per year,402.49,558.02,375.65,11,8,other,100 kW,Reg5,0
33,down,same,Male,medical,0,private or freelance work,2,653.01,12 per year,666.34,623.95,621.91,11,11,street,100 kW,Reg5,1
30,down,all drivers > 24,Female,medical,4,private or freelance work,1,507.15,12 per year,517.5,378.7,427.98,16,12,unknown,100 kW,Reg14,0
79,stable,same,Male,normal,10,unknown,1,277.9,2 per year,277.91,254.6,280.54,17,5,private garage,100 kW,Reg8,0
36,down,only partner,Male,normal,2,private or freelance work,1,785.2,1 per year,819.34,642.41,682.79,14,12,underground garage,100 kW,Reg8,0
38,stable,same,Female,medical,3,private or freelance work,1,408.65,1 per year,408.66,277.43,408.66,18,4,unknown,25-50 kW,Reg4,0
43,down,only partner,Male,medical,1,private or freelance work,1,249.41,1 per year,254.5,300.6,216.54,15,11,street,75 kW,Reg8,0
54,stable,young drivers,Male,medical,9,unknown,1,443.0,1 per year,443.01,341.57,443.01,14,2,carport,75 kW,Reg7,0
66,stable,only partner,Male,normal,4,private or freelance work,1,196.7,1 per year,196.71,184.41,174.33,18,0,unknown,125-300 kW,Reg1,0
69,stable,only partner,Male,normal,6,private or freelance work,2,219.07,1 per year,210.96,241.5,219.07,11,5,private garage,100 kW,Reg3,0
26,down,only partner,Female,medical,1,private or freelance work,1,339.36,1 per year,346.29,362.3,311.65,10,4,street,75 kW,Reg4,0
51,stable,only partner,Male,medical,9,unknown,2,154.56,1 per year,154.58,124.76,151.91,9,0,private garage,25-50 kW,Reg14,1
46,down,all drivers > 24,Female,normal,0,private or freelance work,1,696.77,4 per year,725.8,618.14,567.96,16,16,private garage,25-50 kW,Reg3,0
57,down,same,Male,medical,9,private or freelance work,1,446.35,4 per year,455.46,310.38,398.89,18,8,street,125-300 kW,Reg9,0
40,down,same,Female,medical,2,private or freelance work,1,226.6,4 per year,231.22,225.21,208.1,8,3,private garage,25-50 kW,Reg7,0
26,up,same,Male,normal,0,private or freelance work,1,1556.4,4 per year,1234.39,1392.76,1556.41,13,12,street,100 kW,Reg4,0
43,stable,young drivers,Male,normal,10,private or freelance work,1,178.54,4 per year,178.55,242.6,178.55,12,0,private garage,75 kW,Reg11,0
47,stable,same,Male,normal,2,private or freelance work,1,234.23,2 per year,234.24,271.75,234.24,12,9,carport,100 kW,Reg3,0
30,down,same,Female,medical,0,private or freelance work,1,211.12,4 per year,215.42,251.19,195.85,18,17,private garage,75 kW,Reg11,0
38,down,all drivers > 24,Male,medical,0,private or freelance work,1,269.3,1 per year,274.8,344.44,268.84,10,6,underground garage,75 kW,Reg1,1
43,down,only partner,Female,medical,1,private or freelance work,1,472.34,4 per year,481.97,375.44,471.4,1,0,private garage,75 kW,Reg4,0
70,stable,same,Female,normal,2,private or freelance work,1,480.17,2 per year,480.19,438.74,466.65,7,5,underground garage,75 kW,Reg14,1
36,stable,only partner,Female,medical,1,private or freelance work,1,230.34,4 per year,230.35,229.11,228.27,8,0,other,25-50 kW,Reg8,0
42,stable,same,Male,medical,10,unknown,1,268.05,1 per year,268.06,222.93,256.25,10,0,street,25-50 kW,Reg8,0
67,stable,same,Female,medical,8,unknown,1,340.77,1 per year,340.79,208.76,343.73,15,5,private estate,25-50 kW,Reg6,0
46,down,same,Female,medical,1,private or freelance work,1,713.59,1 per year,744.61,722.98,632.46,13,12,street,75 kW,Reg8,0
35,down,only partner,Male,normal,2,private or freelance work,2,248.59,1 per year,253.66,219.38,228.29,11,3,underground garage,75 kW,Reg4,0
39,stable,only partner,Female,normal,7,private or freelance work,1,183.86,1 per year,183.88,192.66,203.43,15,14,private garage,100 kW,Reg3,0
44,stable,only partner,Male,medical,1,private or freelance work,2,153.41,1 per year,147.89,180.11,153.41,7,0,private garage,25-50 kW,Reg7,0
81,stable,same,Female,normal,7,unknown,1,286.29,1 per year,286.3,177.99,270.93,17,5,street,25-50 kW,Reg14,0
37,up,only partner,Female,normal,2,private or freelance work,1,240.76,1 per year,175.1,269.74,258.74,14,9,private garage,25-50 kW,Reg3,0
31,down,only partner,Female,normal,0,private or freelance work,1,235.29,1 per year,240.09,260.2,216.08,12,7,street,75 kW,Reg7,0
74,stable,same,Male,normal,0,private or freelance work,1,214.71,2 per year,214.72,310.85,214.72,18,16,other,75 kW,Reg4,0
27,stable,same,Female,medical,1,private or freelance work,1,194.91,2 per year,194.93,304.75,194.93,18,12,private garage,25-50 kW,Reg5,0
36,stable,only partner,Male,medical,0,private or freelance work,1,176.55,2 per year,176.55,286.79,176.55,15,7,private garage,150 kW,Reg3,0
21,down,same,Male,normal,0,private or freelance work,1,916.13,12 per year,1758.24,799.19,865.3,16,15,other,25-50 kW,Reg1,0
42,down,same,Female,medical,2,private or freelance work,1,385.37,2 per year,393.24,312.46,364.04,16,11,private garage,75 kW,Reg12,0
29,stable,same,Female,normal,0,private or freelance work,1,240.52,2 per year,240.54,314.34,266.35,11,9,private garage,75 kW,Reg3,0
41,down,only partner,Male,normal,10,unknown,1,510.92,1 per year,521.35,335.12,473.95,14,1,private estate,125-300 kW,Reg5,1
44,stable,all drivers > 24,Male,normal,3,private or freelance work,2,464.14,1 per year,464.15,358.05,482.06,15,12,street,25-50 kW,Reg9,0
53,down,same,Male,normal,0,private or freelance work,1,370.94,2 per year,378.51,333.22,340.66,4,0,private garage,125-300 kW,Reg7,0
37,down,only partner,Female,normal,1,private or freelance work,1,481.77,1 per year,491.6,460.23,421.38,13,11,street,100 kW,Reg2,0
43,down,only partner,Male,medical,2,private or freelance work,3,261.53,1 per year,266.86,269.19,237.21,11,6,private garage,75 kW,Reg8,0
49,down,all drivers > 24,Male,normal,2,private or freelance work,1,421.91,4 per year,430.53,358.35,368.4,17,11,private garage,75 kW,Reg4,0
22,up,same,Female,medical,0,private or freelance work,1,1021.3,12 per year,810.0,981.36,1021.31,14,14,street,25-50 kW,Reg8,1
36,stable,same,Female,medical,1,private or freelance work,1,214.61,1 per year,214.62,299.41,214.62,16,5,private garage,100 kW,Reg7,0
44,stable,only partner,Male,medical,10,unknown,1,351.18,1 per year,351.19,258.27,344.75,16,6,private garage,75 kW,Reg8,0
38,down,same,Male,normal,0,private or freelance work,1,424.85,4 per year,433.53,444.1,371.59,14,14,street,75 kW,Reg4,0
45,stable,same,Male,normal,1,private or freelance work,1,273.02,1 per year,273.04,249.85,291.56,5,4,carport,125-300 kW,Reg7,0
25,down,same,Female,medical,0,private or freelance work,1,440.33,1 per year,449.31,415.6,385.14,12,11,other,75 kW,Reg14,1
31,stable,only partner,Female,normal,0,private or freelance work,2,341.09,1 per year,341.1,317.11,341.09,12,12,street,125-300 kW,Reg10,1
47,down,only partner,Male,normal,4,private or freelance work,1,307.34,2 per year,313.61,254.03,282.25,14,12,private garage,25-50 kW,Reg7,0
44,stable,same,Male,normal,6,unknown,1,768.8,12 per year,768.81,246.38,768.81,7,0,private garage,25-50 kW,Reg12,0
43,down,young drivers,Male,medical,0,private or freelance work,2,628.18,1 per year,641.0,694.36,598.26,7,6,private garage,75 kW,Reg8,0
34,stable,only partner,Male,normal,1,private or freelance work,1,318.26,1 per year,318.27,404.07,318.27,17,12,carport,75 kW,Reg6,0
59,down,same,Male,medical,0,private or freelance work,1,509.72,4 per year,520.13,546.64,485.49,13,12,street,75 kW,Reg4,0
37,stable,same,Male,normal,0,private or freelance work,1,193.84,4 per year,193.85,228.65,185.1,13,1,parking deck,75 kW,Reg12,0
32,stable,only partner,Male,medical,8,unknown,1,456.8,4 per year,456.81,274.61,444.71,14,6,private garage,25-50 kW,Reg4,0
56,down,same,Male,medical,7,unknown,1,376.37,1 per year,384.05,284.46,336.04,12,5,private garage,125-300 kW,Reg4,0
60,stable,only partner,Male,medical,5,unknown,1,316.04,4 per year,316.05,250.24,301.9,9,3,unknown,100 kW,Reg3,0
39,stable,same,Male,normal,7,private or freelance work,1,317.51,2 per year,317.53,300.26,308.62,11,9,private garage,75 kW,Reg1,0
44,down,only partner,Female,medical,0,private or freelance work,2,592.78,4 per year,604.87,565.77,609.47,10,10,parking deck,75 kW,Reg12,0
58,stable,same,Female,medical,10,unknown,1,183.01,1 per year,183.02,114.76,156.32,11,0,street,25-50 kW,Reg13,0
45,stable,same,Male,medical,1,private or freelance work,2,437.52,1 per year,416.7,484.8,458.18,6,4,private garage,125-300 kW,Reg7,0
72,stable,same,Male,normal,10,private or freelance work,6,142.36,1 per year,142.38,210.62,142.38,12,0,private garage,75 kW,Reg7,0
56,stable,same,Male,medical,1,private or freelance work,1,258.51,4 per year,258.53,270.84,258.53,17,12,street,75 kW,Reg2,0
43,stable,only partner,Female,medical,0,private or freelance work,2,204.84,1 per year,204.85,269.3,195.51,16,5,carport,25-50 kW,Reg1,0
41,down,only partner,Female,normal,4,private or freelance work,1,345.61,2 per year,352.66,324.09,320.35,13,7,unknown,100 kW,Reg6,1
38,down,same,Female,medical,2,private or freelance work,1,260.23,1 per year,265.54,215.47,238.97,12,3,private garage,75 kW,Reg7,1
55,stable,same,Male,normal,5,unknown,2,427.86,12 per year,427.87,409.8,404.81,12,3,unknown,100 kW,Reg5,0
29,down,same,Male,normal,1,private or freelance work,1,746.62,4 per year,867.29,727.76,635.2,7,3,private garage,75 kW,Reg4,0
68,stable,only partner,Male,medical,7,private or freelance work,2,108.25,1 per year,108.26,156.68,108.26,18,3,private garage,100 kW,Reg7,0
30,down,same,Female,normal,0,private or freelance work,2,480.69,4 per year,490.5,451.55,457.83,14,13,private garage,75 kW,Reg4,0
41,down,young drivers,Female,medical,0,private or freelance work,1,601.67,1 per year,698.91,815.21,547.01,2,1,parking deck,25-50 kW,Reg4,1
47,stable,same,Male,medical,10,unknown,1,202.28,1 per year,202.29,168.98,196.81,11,0,private garage,100 kW,Reg7,0
31,down,only partner,Male,normal,1,private or freelance work,1,575.23,1 per year,600.24,657.72,500.2,18,16,private garage,100 kW,Reg6,0
29,stable,only partner,Female,medical,1,private or freelance work,1,242.02,1 per year,242.02,247.01,242.02,5,0,underground garage,100 kW,Reg5,0
56,stable,all drivers > 24,Male,normal,4,private or freelance work,1,258.02,2 per year,258.04,292.35,258.04,17,8,parking deck,75 kW,Reg7,0
39,stable,same,Male,medical,0,private or freelance work,1,186.06,1 per year,186.08,261.52,198.71,18,15,street,100 kW,Reg4,0
53,stable,same,Male,normal,5,unknown,3,734.99,1 per year,735.0,490.0,741.88,14,0,unknown,75 kW,Reg9,0
39,stable,only partner,Female,normal,0,private or freelance work,1,262.44,2 per year,262.45,256.25,262.45,13,11,private garage,75 kW,Reg4,0
73,stable,same,Female,normal,1,private or freelance work,1,341.25,1 per year,341.26,367.22,341.26,18,10,private garage,75 kW,Reg3,1
35,down,only partner,Male,normal,0,private or freelance work,3,228.63,12 per year,233.3,259.71,200.46,9,4,street,75 kW,Reg13,1
52,stable,only partner,Male,medical,12,unknown,2,312.56,1 per year,312.57,257.74,309.68,12,0,private garage,100 kW,Reg6,1
37,down,only partner,Male,normal,0,private or freelance work,1,395.77,4 per year,403.85,430.31,370.19,14,14,private garage,75 kW,Reg8,0
27,down,all drivers > 24,Female,normal,0,private or freelance work,1,1553.69,4 per year,1804.79,943.26,1412.39,10,9,private garage,100 kW,Reg4,0
40,down,same,Female,medical,1,private or freelance work,1,230.68,1 per year,235.39,247.14,209.23,13,2,other,100 kW,Reg7,0
37,stable,only partner,Male,normal,7,unknown,1,353.61,2 per year,353.62,281.06,356.82,8,1,private garage,100 kW,Reg8,0
28,down,same,Male,normal,0,private or freelance work,1,392.05,12 per year,400.05,346.73,366.69,18,18,street,25-50 kW,Reg4,0
56,down,all drivers > 24,Female,medical,0,private or freelance work,2,341.63,2 per year,348.6,480.25,307.31,17,12,private garage,100 kW,Reg5,0
40,stable,only partner,Male,medical,2,private or freelance work,6,308.41,1 per year,293.74,354.41,310.8,11,8,private garage,125-300 kW,Reg9,0
23,down,same,Male,normal,0,private or freelance work,1,375.12,1 per year,382.78,365.72,328.09,13,7,private garage,25-50 kW,Reg13,0
35,down,only partner,Male,normal,2,private or freelance work,1,353.25,4 per year,360.46,398.07,330.42,12,8,other,100 kW,Reg7,0
37,down,same,Female,normal,0,private or freelance work,1,201.71,1 per year,205.83,227.34,187.11,12,12,private garage,25-50 kW,Reg3,0
39,down,only partner,Male,normal,1,private or freelance work,1,327.25,12 per year,333.93,331.31,289.7,11,3,street,75 kW,Reg14,0
44,stable,same,Male,normal,0,private or freelance work,1,351.99,4 per year,352.0,316.15,352.0,16,16,street,75 kW,Reg6,1
24,down,same,Male,normal,1,private or freelance work,1,1174.67,4 per year,1225.74,782.49,982.68,15,13,other,75 kW,Reg12,1
52,stable,same,Male,normal,0,private or freelance work,1,233.34,12 per year,233.35,323.14,233.35,18,13,other,100 kW,Reg5,0
42,stable,only partner,Male,medical,6,unknown,1,251.76,1 per year,251.77,245.6,247.33,10,3,private garage,100 kW,Reg7,0
46,down,young drivers,Male,normal,0,private or freelance work,1,824.4,4 per year,957.64,933.84,749.45,10,9,underground garage,75 kW,Reg4,0
42,stable,only partner,Male,medical,2,private or freelance work,1,326.06,4 per year,326.07,288.1,326.07,12,6,street,100 kW,Reg12,0
43,stable,only partner,Male,normal,0,private or freelance work,1,232.56,2 per year,232.57,208.62,232.59,13,12,street,25-50 kW,Reg4,0
46,down,same,Female,medical,7,unknown,1,408.61,12 per year,416.95,232.55,370.62,17,9,street,25-50 kW,Reg3,0
44,down,young drivers,Male,medical,0,private or freelance work,1,819.92,2 per year,1148.68,787.07,791.99,11,11,parking deck,25-50 kW,Reg4,0
39,down,same,Male,normal,0,private or freelance work,1,1126.01,4 per year,1307.99,1114.12,1023.59,11,11,private garage,225 kW,Reg4,0
43,stable,only partner,Male,normal,4,private or freelance work,1,242.02,1 per year,242.02,276.54,242.02,10,3,private garage,75 kW,Reg7,0
41,stable,only partner,Male,normal,1,private or freelance work,1,275.35,2 per year,275.36,296.64,275.36,14,7,street,75 kW,Reg4,0
35,stable,same,Male,normal,0,private or freelance work,1,232.61,4 per year,232.63,318.91,232.63,15,9,carport,75 kW,Reg3,0
50,down,same,Female,normal,0,private or freelance work,1,275.43,4 per year,281.05,267.06,257.64,17,17,private garage,25-50 kW,Reg3,0
45,down,same,Male,normal,0,private or freelance work,1,429.25,4 per year,438.01,516.21,408.81,15,11,private garage,75 kW,Reg7,0
32,down,same,Male,normal,0,private or freelance work,1,659.83,4 per year,766.47,620.33,556.41,18,18,other,75 kW,Reg7,0
43,stable,same,Male,normal,7,unknown,1,332.84,1 per year,332.85,238.39,329.7,11,0,street,75 kW,Reg14,0
39,down,only partner,Female,medical,4,private or freelance work,1,186.33,1 per year,190.14,144.99,162.98,12,8,unknown,75 kW,Reg7,0
31,down,same,Male,normal,2,private or freelance work,1,874.53,12 per year,892.38,513.67,865.24,12,10,private garage,75 kW,Reg8,1
56,stable,same,Male,normal,0,private or freelance work,1,320.94,12 per year,320.95,379.44,320.95,10,4,private garage,125-300 kW,Reg5,0
46,stable,same,Male,normal,0,private or freelance work,1,236.04,12 per year,236.05,282.85,236.05,18,13,street,75 kW,Reg10,0
28,down,same,Female,normal,1,private or freelance work,2,225.29,2 per year,229.89,225.89,206.89,11,4,other,25-50 kW,Reg7,0
48,down,only partner,Male,normal,6,private or freelance work,1,192.9,4 per year,196.84,168.23,168.74,10,9,street,25-50 kW,Reg4,0
33,down,same,Male,normal,0,private or freelance work,1,254.81,4 per year,260.01,277.51,236.38,10,5,parking deck,100 kW,Reg11,0
34,down,only partner,Male,medical,0,private or freelance work,1,314.26,1 per year,320.68,391.39,285.04,13,9,private garage,150 kW,Reg8,1
27,down,same,Male,normal,1,private or freelance work,1,463.91,4 per year,473.38,468.49,417.87,16,7,street,100 kW,Reg12,0
32,stable,same,Male,medical,1,private or freelance work,1,292.6,4 per year,292.61,289.56,292.61,15,11,street,25-50 kW,Reg3,1
35,stable,all drivers > 24,Male,normal,0,private or freelance work,1,370.13,12 per year,370.13,438.56,370.13,13,13,private garage,75 kW,Reg4,0
46,stable,only partner,Male,normal,1,private or freelance work,1,292.56,4 per year,292.57,342.12,284.49,14,5,other,75 kW,Reg13,0
44,down,same,Female,medical,0,private or freelance work,1,470.58,2 per year,546.64,610.09,427.8,14,13,private garage,75 kW,Reg4,0
41,down,only partner,Male,normal,1,private or freelance work,1,496.22,4 per year,506.35,367.75,460.31,14,10,parking deck,125-300 kW,Reg1,0
23,down,same,Female,normal,0,private or freelance work,1,808.34,12 per year,1132.45,679.0,702.9,10,9,parking deck,75 kW,Reg13,0
51,stable,only partner,Male,normal,8,private or freelance work,1,244.7,1 per year,244.71,255.28,244.71,6,5,private garage,75 kW,Reg5,1
30,down,same,Female,medical,1,private or freelance work,1,200.92,2 per year,205.03,268.71,176.26,6,3,underground garage,100 kW,Reg7,0
32,down,only partner,Male,normal,0,private or freelance work,1,698.2,4 per year,811.04,730.96,622.86,15,15,street,100 kW,Reg12,0
45,stable,same,Male,medical,0,private or freelance work,1,222.0,1 per year,222.01,324.1,222.01,16,8,private garage,75 kW,Reg8,0
38,down,only partner,Male,normal,3,private or freelance work,1,304.78,1 per year,311.0,256.9,279.9,12,8,parking deck,125-300 kW,Reg12,1
68,stable,only partner,Male,normal,2,private or freelance work,1,359.15,1 per year,359.16,396.12,323.73,14,4,street,175 kW,Reg6,0
38,stable,only partner,Male,normal,0,private or freelance work,1,384.9,4 per year,366.59,396.65,395.85,15,14,street,100 kW,Reg10,0
55,stable,same,Male,normal,6,private or freelance work,1,183.09,1 per year,183.1,222.97,189.93,10,4,private garage,75 kW,Reg8,1
61,down,only partner,Male,medical,1,private or freelance work,2,767.19,12 per year,1074.81,588.71,699.16,18,18,parking deck,75 kW,Reg1,0
76,stable,same,Female,normal,10,unknown,1,178.53,2 per year,178.54,204.34,180.07,16,6,private garage,75 kW,Reg8,0
37,down,only partner,Male,normal,1,private or freelance work,2,193.16,2 per year,197.1,241.69,179.19,13,7,private garage,75 kW,Reg10,0
45,stable,same,Female,normal,4,private or freelance work,1,271.79,1 per year,271.8,299.56,271.8,8,7,private garage,100 kW,Reg5,1
37,up,only partner,Female,normal,0,private or freelance work,1,762.25,4 per year,592.86,947.45,822.94,16,15,parking deck,75 kW,Reg2,0
36,down,only partner,Male,medical,0,private or freelance work,2,394.43,1 per year,402.48,550.41,390.02,13,13,street,100 kW,Reg7,0
61,stable,same,Male,medical,0,private or freelance work,1,178.55,1 per year,178.56,243.08,178.56,18,11,private garage,75 kW,Reg7,0
25,down,same,Female,medical,0,private or freelance work,1,509.75,4 per year,592.14,462.66,463.41,13,12,other,25-50 kW,Reg7,0
52,stable,same,Male,medical,6,unknown,1,310.8,1 per year,310.81,249.66,296.91,11,4,street,125-300 kW,Reg1,0
35,stable,only partner,Female,medical,5,unknown,1,333.89,1 per year,333.9,274.55,333.9,14,9,unknown,25-50 kW,Reg7,0
34,down,only partner,Male,normal,0,private or freelance work,1,693.6,4 per year,707.75,746.7,648.89,9,5,underground garage,125-300 kW,Reg7,1
24,stable,same,Female,normal,0,private or freelance work,1,825.29,12 per year,825.3,749.66,825.3,13,12,street,25-50 kW,Reg12,0
48,stable,same,Male,normal,5,unknown,1,323.15,1 per year,323.16,316.66,289.07,14,0,unknown,75 kW,Reg4,0
36,stable,only partner,Male,medical,4,private or freelance work,1,291.45,1 per year,291.45,293.29,291.45,4,0,private garage,125-300 kW,Reg4,0
64,up,only partner,Female,normal,7,unknown,1,488.29,1 per year,325.53,444.49,488.29,14,6,street,75 kW,Reg8,0
60,stable,all drivers > 24,Male,normal,2,private or freelance work,1,408.12,4 per year,408.14,363.16,408.14,10,9,street,100 kW,Reg4,0
22,down,same,Male,medical,0,private or freelance work,1,829.08,1 per year,863.63,778.31,675.88,3,0,street,75 kW,Reg5,0
41,stable,same,Male,normal,2,private or freelance work,1,244.51,1 per year,244.52,202.03,228.91,16,16,carport,100 kW,Reg5,0
85,stable,only partner,Male,normal,9,unknown,1,256.21,1 per year,256.22,288.7,231.18,12,3,private garage,150 kW,Reg7,0
57,stable,same,Female,normal,0,private or freelance work,1,189.66,1 per year,189.68,234.04,200.46,13,0,private garage,75 kW,Reg7,0
45,stable,only partner,Male,normal,5,unknown,1,324.54,2 per year,324.55,359.56,330.55,15,9,unknown,75 kW,Reg8,0
44,stable,same,Female,medical,0,private or freelance work,1,193.15,4 per year,193.16,281.22,193.16,10,2,private garage,100 kW,Reg7,0
56,stable,only partner,Male,medical,10,unknown,1,294.0,1 per year,294.0,240.41,294.0,13,0,private garage,125-300 kW,Reg4,0
52,down,same,Male,normal,6,unknown,2,316.77,1 per year,323.24,279.76,287.33,11,4,private garage,125-300 kW,Reg5,0
45,stable,same,Male,normal,0,private or freelance work,2,144.45,1 per year,144.46,187.65,140.52,11,4,other,100 kW,Reg4,0
67,down,same,Female,medical,8,unknown,2,184.66,1 per year,188.43,176.5,160.07,8,0,street,100 kW,Reg8,0
63,stable,same,Female,normal,9,unknown,1,221.68,1 per year,221.69,165.69,223.71,12,0,private garage,75 kW,Reg7,0
40,down,only partner,Male,normal,3,private or freelance work,1,369.74,12 per year,377.29,364.07,363.16,10,9,street,75 kW,Reg1,0
43,down,only partner,Male,medical,4,private or freelance work,1,188.55,1 per year,192.4,183.46,172.67,12,0,unknown,75 kW,Reg14,0
36,stable,same,Male,medical,3,private or freelance work,1,203.06,2 per year,203.08,242.46,212.76,10,2,parking deck,75 kW,Reg3,0
37,down,same,Female,normal,0,private or freelance work,1,213.06,1 per year,217.41,291.05,199.46,12,5,private garage,75 kW,Reg5,0
41,stable,only partner,Female,medical,5,unknown,1,196.96,2 per year,196.96,175.14,196.96,12,4,unknown,25-50 kW,Reg3,0
51,stable,young drivers,Female,medical,0,private or freelance work,1,269.36,1 per year,269.38,209.06,269.38,14,8,parking deck,25-50 kW,Reg7,0
44,down,same,Male,normal,0,private or freelance work,1,148.78,1 per year,151.81,131.88,110.46,17,0,private garage,75 kW,Reg8,1
38,down,same,Female,normal,1,private or freelance work,1,373.61,4 per year,381.24,320.76,349.47,8,4,street,25-50 kW,Reg4,0
41,stable,only partner,Female,normal,4,private or freelance work,1,404.91,1 per year,385.64,369.11,436.24,14,3,unknown,100 kW,Reg9,0
46,stable,only partner,Female,medical,9,unknown,1,278.66,2 per year,273.61,200.07,278.66,10,0,private garage,75 kW,Reg13,1
47,stable,young drivers,Female,normal,4,private or freelance work,1,303.92,2 per year,303.94,361.7,318.92,11,10,carport,25-50 kW,Reg3,0
41,down,young drivers,Male,medical,1,private or freelance work,1,1037.82,1 per year,1205.55,1205.54,943.48,13,12,other,75 kW,Reg8,0
49,stable,same,Male,normal,1,private or freelance work,3,289.3,4 per year,289.31,255.06,289.31,13,8,carport,75 kW,Reg1,0
56,stable,only partner,Male,normal,2,private or freelance work,6,273.61,1 per year,273.62,249.74,266.01,11,0,street,100 kW,Reg4,0
62,down,all drivers > 24,Female,medical,9,private or freelance work,1,357.63,1 per year,364.93,333.71,334.89,14,4,private garage,25-50 kW,Reg4,0
35,down,same,Male,medical,0,private or freelance work,1,449.04,1 per year,458.2,400.09,412.37,17,16,street,75 kW,Reg4,1
26,stable,only partner,Female,normal,1,private or freelance work,1,350.9,1 per year,350.91,270.36,350.91,14,6,other,75 kW,Reg12,0
59,down,same,Female,medical,9,unknown,1,180.76,1 per year,184.45,114.76,161.4,13,2,private garage,25-50 kW,Reg14,0
42,stable,young drivers,Male,normal,9,private or freelance work,2,410.17,1 per year,410.19,362.75,421.78,12,3,other,100 kW,Reg2,0
35,down,same,Male,normal,0,private or freelance work,1,527.3,4 per year,612.52,516.0,457.71,15,15,other,25-50 kW,Reg12,0
37,stable,only partner,Female,normal,5,private or freelance work,2,256.2,2 per year,256.21,340.42,256.21,16,13,private garage,125-300 kW,Reg4,0
77,stable,same,Male,normal,8,private or freelance work,2,288.86,1 per year,288.86,321.62,288.86,12,4,parking deck,75 kW,Reg7,0
45,stable,only partner,Male,medical,3,private or freelance work,1,155.3,1 per year,155.31,132.66,153.91,16,0,unknown,100 kW,Reg7,0
48,stable,only partner,Male,normal,5,unknown,4,149.05,4 per year,149.06,161.61,143.96,11,0,unknown,75 kW,Reg11,0
44,down,same,Female,medical,0,private or freelance work,2,197.26,4 per year,201.29,359.86,194.99,18,11,underground garage,75 kW,Reg7,0
21,down,same,Male,normal,0,private or freelance work,1,773.46,12 per year,807.09,783.15,672.57,13,12,other,25-50 kW,Reg14,1
38,stable,only partner,Male,normal,6,unknown,2,357.41,1 per year,357.43,291.84,344.86,15,5,private garage,100 kW,Reg7,0
44,down,only partner,Male,normal,7,private or freelance work,1,334.6,12 per year,341.43,280.12,307.29,14,12,private garage,25-50 kW,Reg8,0
26,down,same,Female,medical,0,private or freelance work,1,261.02,1 per year,266.35,279.05,229.01,10,8,private garage,75 kW,Reg7,0
38,down,young drivers,Male,normal,1,private or freelance work,2,443.3,4 per year,452.35,390.45,419.55,14,11,street,100 kW,Reg9,0
59,down,same,Male,normal,1,private or freelance work,1,604.27,1 per year,616.6,575.41,638.88,11,8,street,25-50 kW,Reg9,1
35,stable,only partner,Female,normal,0,private or freelance work,1,291.56,1 per year,291.57,331.0,278.12,12,8,private garage,75 kW,Reg8,1
39,stable,same,Male,medical,7,private or freelance work,1,333.29,4 per year,333.3,384.09,352.81,16,9,carport,75 kW,Reg9,0
71,stable,same,Male,normal,10,unknown,1,147.96,1 per year,147.97,122.0,149.32,13,1,private garage,25-50 kW,Reg6,0
56,stable,same,Male,normal,4,private or freelance work,2,550.21,4 per year,550.22,425.54,545.0,18,9,unknown,150 kW,Reg5,0
33,stable,only partner,Male,normal,0,private or freelance work,1,254.33,1 per year,254.34,348.96,254.34,15,10,private garage,150 kW,Reg4,0
24,down,only partner,Female,medical,0,private or freelance work,1,441.71,1 per year,460.91,615.08,384.1,11,9,street,25-50 kW,Reg4,0
31,stable,same,Male,normal,0,private or freelance work,1,217.38,4 per year,217.39,267.4,247.29,10,0,carport,25-50 kW,Reg4,0
47,stable,all drivers > 24,Female,normal,7,private or freelance work,3,244.71,4 per year,244.71,199.62,244.71,9,6,parking deck,75 kW,Reg8,0
42,down,same,Male,normal,0,private or freelance work,1,704.83,4 per year,818.74,673.39,731.74,15,15,carport,75 kW,Reg6,0
32,stable,only partner,Female,medical,1,private or freelance work,2,422.91,1 per year,422.92,517.31,439.25,12,3,street,100 kW,Reg9,0
46,up,young drivers,Male,medical,0,private or freelance work,1,666.29,1 per year,518.22,1085.56,666.29,15,10,other,75 kW,Reg4,1
57,down,same,Male,normal,0,private or freelance work,1,339.84,4 per year,346.78,359.94,333.51,18,17,private garage,75 kW,Reg4,0
57,stable,all drivers > 24,Female,normal,0,private or freelance work,3,160.99,1 per year,161.0,226.98,164.05,15,5,parking deck,75 kW,Reg5,0
37,stable,same,Female,medical,13,unknown,2,299.41,2 per year,299.42,196.32,291.86,18,4,street,100 kW,Reg8,0
52,stable,only partner,Female,normal,7,unknown,1,196.53,1 per year,196.54,167.19,203.55,13,2,private garage,100 kW,Reg3,0
37,down,same,Male,medical,2,private or freelance work,1,410.0,2 per year,418.36,398.88,359.19,9,3,private garage,125-300 kW,Reg8,1
38,down,same,Male,normal,1,private or freelance work,1,496.22,4 per year,506.35,415.41,421.97,14,9,street,100 kW,Reg14,0
49,down,same,Male,medical,2,private or freelance work,1,469.27,1 per year,478.85,417.88,430.6,18,18,private garage,150 kW,Reg4,0
44,stable,young drivers,Female,medical,0,private or freelance work,1,233.71,1 per year,233.72,268.56,245.05,13,13,carport,25-50 kW,Reg3,0
48,stable,young drivers,Male,medical,0,private or freelance work,1,197.34,1 per year,197.35,269.57,197.35,15,6,private garage,125-300 kW,Reg13,0
74,stable,only partner,Male,normal,6,unknown,2,340.56,1 per year,340.57,168.39,292.41,15,2,private garage,175 kW,Reg5,0
50,stable,same,Female,normal,9,unknown,1,274.89,1 per year,274.9,218.8,269.9,9,0,street,75 kW,Reg4,0
34,stable,only partner,Male,normal,3,private or freelance work,2,256.33,12 per year,256.34,195.96,246.94,18,18,other,75 kW,Reg3,0
43,stable,same,Female,normal,12,private or freelance work,1,250.88,1 per year,250.89,230.82,243.95,12,0,street,25-50 kW,Reg9,0
42,stable,only partner,Female,normal,6,unknown,1,339.71,2 per year,339.72,248.96,309.75,12,6,private garage,125-300 kW,Reg10,1
29,stable,same,Male,normal,3,private or freelance work,1,529.72,2 per year,529.74,359.35,550.25,11,9,carport,75 kW,Reg7,0
41,down,only partner,Male,medical,0,private or freelance work,1,315.55,1 per year,321.99,344.59,284.31,12,11,private garage,100 kW,Reg8,0
38,stable,same,Female,medical,8,unknown,3,385.66,1 per year,385.68,230.9,368.73,11,0,street,75 kW,Reg11,0
43,down,young drivers,Female,medical,0,private or freelance work,2,229.3,1 per year,233.97,251.66,226.9,13,10,private garage,25-50 kW,Reg13,0
30,down,same,Male,medical,2,private or freelance work,1,589.86,2 per year,601.9,510.05,556.47,8,6,private garage,125-300 kW,Reg3,0
44,down,same,Male,normal,2,private or freelance work,1,361.28,4 per year,368.65,344.83,327.69,18,11,street,100 kW,Reg7,0
58,down,same,Female,normal,7,private or freelance work,2,184.57,1 per year,188.34,157.31,166.31,7,0,private garage,75 kW,Reg11,0
46,stable,only partner,Female,normal,4,private or freelance work,1,247.94,4 per year,247.95,198.7,243.45,7,0,unknown,25-50 kW,Reg11,0
43,stable,same,Male,normal,2,private or freelance work,1,184.41,2 per year,179.34,200.38,184.41,13,2,carport,100 kW,Reg8,0
45,stable,young drivers,Female,medical,0,private or freelance work,1,286.44,1 per year,286.45,358.45,286.45,13,13,parking deck,75 kW,Reg11,0
44,up,same,Male,normal,3,private or freelance work,1,785.15,4 per year,560.83,554.6,785.15,18,17,street,75 kW,Reg4,0
37,stable,only partner,Female,medical,0,private or freelance work,1,195.21,1 per year,195.22,263.75,195.22,17,10,parking deck,75 kW,Reg5,0
41,up,same,Male,medical,7,unknown,2,454.99,4 per year,372.26,441.15,459.19,13,5,street,100 kW,Reg10,0
34,stable,only partner,Female,normal,5,unknown,3,377.71,2 per year,377.72,265.52,351.18,10,1,unknown,25-50 kW,Reg8,0
29,down,only partner,Male,normal,0,private or freelance work,1,270.55,4 per year,276.08,279.24,234.16,13,12,other,125-300 kW,Reg4,0
37,down,only partner,Male,normal,1,private or freelance work,3,180.22,1 per year,183.9,213.78,160.91,12,4,carport,75 kW,Reg4,0
60,stable,only partner,Female,medical,3,private or freelance work,1,462.08,1 per year,462.09,338.74,475.25,16,0,unknown,75 kW,Reg12,0
55,stable,only partner,Male,medical,0,private or freelance work,2,114.32,1 per year,114.34,165.71,127.62,15,0,private garage,75 kW,Reg14,0
39,stable,same,Male,normal,2,private or freelance work,1,228.3,2 per year,228.31,259.95,228.31,16,14,private garage,100 kW,Reg8,0
38,down,same,Female,medical,0,private or freelance work,6,507.01,2 per year,588.95,610.99,439.91,10,9,private garage,75 kW,Reg7,0
39,up,only partner,Male,normal,0,private or freelance work,1,1748.14,12 per year,1355.7,1695.33,1667.35,18,18,street,125-300 kW,Reg4,0
36,down,same,Male,normal,2,private or freelance work,1,336.37,2 per year,343.24,346.14,314.96,15,15,private garage,100 kW,Reg12,0
40,stable,all drivers > 24,Female,medical,7,private or freelance work,1,366.0,2 per year,366.01,284.35,366.01,11,3,private garage,75 kW,Reg8,1
35,up,only partner,Male,medical,8,unknown,1,452.35,1 per year,339.26,417.4,452.35,9,1,private garage,100 kW,Reg8,0
37,down,only partner,Male,medical,1,private or freelance work,3,334.4,1 per year,341.23,359.01,312.79,8,3,parking deck,100 kW,Reg14,1
46,up,young drivers,Female,normal,0,private or freelance work,1,862.35,2 per year,562.4,1237.19,862.34,13,10,carport,75 kW,Reg5,0
26,stable,same,Male,normal,1,private or freelance work,1,279.93,4 per year,279.94,248.19,269.64,18,16,other,25-50 kW,Reg12,0
51,stable,same,Male,normal,7,unknown,2,340.56,4 per year,340.57,303.86,340.57,8,1,private garage,75 kW,Reg9,0
40,stable,same,Female,normal,2,private or freelance work,1,264.15,1 per year,264.16,310.32,279.66,13,4,street,100 kW,Reg9,1
51,stable,same,Male,normal,1,private or freelance work,1,302.01,1 per year,302.02,321.97,302.02,10,9,street,175 kW,Reg5,0
57,stable,same,Male,normal,4,private or freelance work,1,330.64,1 per year,330.65,275.65,330.65,18,8,unknown,25-50 kW,Reg2,0
39,stable,all drivers > 24,Male,medical,3,private or freelance work,1,426.57,1 per year,426.59,370.64,447.32,14,11,street,75 kW,Reg9,1
53,stable,only partner,Male,normal,11,unknown,1,318.73,2 per year,318.74,254.42,330.64,17,3,private garage,100 kW,Reg4,0
38,stable,same,Male,normal,0,private or freelance work,1,298.05,4 per year,298.06,357.55,336.74,12,5,street,25-50 kW,Reg10,0
40,stable,same,Male,normal,3,private or freelance work,1,356.6,1 per year,343.45,338.94,356.6,8,0,unknown,100 kW,Reg10,0
49,stable,same,Male,medical,8,private or freelance work,1,244.88,2 per year,244.89,314.77,244.89,10,2,private garage,75 kW,Reg2,0
47,down,only partner,Male,medical,7,private or freelance work,2,218.71,1 per year,223.17,155.06,195.28,11,11,parking deck,25-50 kW,Reg1,0
42,up,only partner,Male,medical,3,private or freelance work,1,370.32,1 per year,259.23,278.19,370.31,18,7,unknown,75 kW,Reg4,0
37,down,all drivers > 24,Female,medical,2,private or freelance work,1,419.2,1 per year,427.75,399.31,366.64,16,10,parking deck,75 kW,Reg3,0
43,down,same,Male,normal,1,private or freelance work,1,358.86,1 per year,366.19,391.14,338.15,14,5,parking deck,150 kW,Reg9,0
45,stable,same,Male,normal,1,private or freelance work,1,258.28,1 per year,258.29,277.64,258.29,11,0,other,25-50 kW,Reg7,0
37,down,same,Male,normal,0,private or freelance work,1,758.91,12 per year,1063.21,954.52,733.16,13,10,street,100 kW,Reg9,0
65,down,same,Female,medical,5,private or freelance work,2,223.55,1 per year,228.11,189.61,177.04,14,5,unknown,75 kW,Reg8,0
31,down,same,Male,normal,4,private or freelance work,1,741.1,4 per year,756.22,328.36,698.53,10,4,unknown,150 kW,Reg9,0
46,down,only partner,Male,medical,2,private or freelance work,2,343.5,1 per year,350.51,345.05,318.65,13,3,other,125-300 kW,Reg4,0
60,stable,same,Male,normal,5,unknown,1,291.32,1 per year,278.27,351.91,291.32,12,0,unknown,125-300 kW,Reg8,0
69,down,only partner,Male,normal,0,private or freelance work,1,267.94,1 per year,273.41,336.62,246.06,16,10,other,100 kW,Reg14,0
23,down,same,Male,normal,0,private or freelance work,1,634.26,2 per year,647.2,594.86,604.05,13,12,other,75 kW,Reg7,0
36,down,only partner,Male,normal,1,private or freelance work,1,356.44,2 per year,363.71,364.44,311.75,15,10,private garage,75 kW,Reg3,0
40,down,only partner,Male,medical,1,private or freelance work,1,334.22,1 per year,341.04,334.36,290.24,13,11,parking deck,25-50 kW,Reg14,0
50,down,only partner,Male,normal,2,private or freelance work,1,257.86,4 per year,263.12,203.05,242.65,13,2,private garage,25-50 kW,Reg13,0
59,stable,only partner,Female,medical,7,unknown,1,322.52,1 per year,322.54,224.69,322.54,12,5,street,100 kW,Reg5,0
44,down,young drivers,Female,normal,0,private or freelance work,2,587.39,4 per year,599.38,466.42,518.22,15,14,private garage,25-50 kW,Reg9,0
59,stable,same,Male,medical,0,private or freelance work,1,268.4,4 per year,268.41,280.04,297.69,18,18,street,75 kW,Reg3,0
27,down,same,Female,normal,0,private or freelance work,1,554.28,1 per year,643.86,531.41,503.91,10,10,street,25-50 kW,Reg4,0
44,stable,same,Male,normal,5,unknown,1,265.99,2 per year,266.0,240.15,273.35,16,0,unknown,75 kW,Reg4,1
52,down,same,Male,medical,0,private or freelance work,1,179.54,4 per year,183.2,222.7,167.92,18,13,private garage,25-50 kW,Reg3,0
67,stable,only partner,Male,normal,12,unknown,1,310.4,1 per year,310.41,277.06,313.17,16,4,private garage,100 kW,Reg5,0
53,stable,young drivers,Female,medical,6,unknown,1,517.45,1 per year,517.46,370.68,489.28,9,2,private garage,75 kW,Reg14,0
41,down,same,Male,medical,0,private or freelance work,1,533.08,4 per year,556.26,597.54,463.55,9,5,underground garage,100 kW,Reg7,0
45,stable,all drivers > 24,Male,normal,2,private or freelance work,1,238.36,1 per year,238.37,222.91,238.37,14,4,private garage,75 kW,Reg14,1
38,stable,only partner,Male,medical,1,private or freelance work,1,247.7,1 per year,235.91,272.35,254.15,9,8,street,25-50 kW,Reg12,0
33,down,same,Male,normal,1,private or freelance work,2,342.01,1 per year,348.99,307.19,328.91,11,4,private garage,100 kW,Reg7,0
39,stable,only partner,Female,normal,9,unknown,2,358.29,1 per year,358.3,212.61,355.1,10,0,private garage,100 kW,Reg7,0
27,stable,only partner,Female,normal,1,private or freelance work,1,304.03,12 per year,304.04,304.79,290.01,11,10,parking deck,25-50 kW,Reg7,0
21,down,same,Male,normal,0,private or freelance work,1,699.68,12 per year,812.76,736.24,636.12,15,14,underground garage,25-50 kW,Reg7,1
33,stable,same,Male,normal,2,private or freelance work,2,308.19,2 per year,308.2,265.1,299.65,14,5,private garage,150 kW,Reg4,0
70,stable,only partner,Male,normal,7,unknown,1,315.24,1 per year,315.25,284.4,312.35,9,2,private garage,125-300 kW,Reg7,0
38,down,only partner,Male,normal,9,unknown,1,442.22,12 per year,451.25,295.24,409.85,12,3,street,125-300 kW,Reg14,0
30,down,same,Female,normal,0,private or freelance work,1,242.46,4 per year,247.41,224.59,212.08,9,6,private garage,25-50 kW,Reg10,0
31,down,only partner,Female,normal,1,private or freelance work,1,369.41,12 per year,376.95,357.27,342.28,5,0,carport,25-50 kW,Reg11,0
78,stable,all drivers > 24,Female,normal,10,unknown,1,185.96,1 per year,185.97,226.02,182.53,12,0,private garage,75 kW,Reg14,1
22,down,same,Female,normal,0,private or freelance work,1,782.23,4 per year,908.65,798.74,820.54,8,7,parking deck,75 kW,Reg12,0
61,stable,same,Male,medical,10,unknown,1,271.4,2 per year,271.41,199.72,286.56,18,7,private garage,125-300 kW,Reg3,0
52,stable,only partner,Male,medical,4,private or freelance work,3,173.2,1 per year,173.21,183.24,173.21,18,13,carport,75 kW,Reg3,0
22,down,same,Female,normal,0,private or freelance work,1,778.53,1 per year,904.35,806.27,681.32,9,8,street,25-50 kW,Reg11,1
30,stable,same,Male,medical,0,private or freelance work,1,731.25,4 per year,731.26,862.59,731.26,11,10,parking deck,100 kW,Reg7,0
29,stable,same,Male,medical,1,private or freelance work,2,316.69,12 per year,316.7,373.47,316.7,17,11,street,75 kW,Reg4,0
40,stable,only partner,Male,normal,2,private or freelance work,1,224.54,1 per year,224.55,248.04,226.64,17,9,other,100 kW,Reg12,0
79,stable,same,Male,normal,10,unknown,2,176.46,1 per year,176.47,183.72,173.25,10,0,private garage,75 kW,Reg12,0
33,down,all drivers > 24,Male,normal,1,private or freelance work,1,882.44,4 per year,900.45,933.02,873.5,13,11,street,125-300 kW,Reg9,0
59,stable,only partner,Male,normal,1,private or freelance work,1,184.04,1 per year,184.05,167.29,170.76,14,14,parking deck,25-50 kW,Reg1,0
35,down,same,Male,medical,1,private or freelance work,1,848.29,1 per year,985.39,865.21,816.81,8,6,street,25-50 kW,Reg9,0
51,stable,same,Female,medical,9,unknown,1,358.5,2 per year,358.51,301.38,358.51,14,2,street,100 kW,Reg4,0
48,down,only partner,Male,medical,4,private or freelance work,2,353.96,1 per year,361.19,248.79,281.64,9,5,unknown,75 kW,Reg5,0
31,down,same,Male,medical,4,private or freelance work,1,189.58,1 per year,193.45,247.3,171.95,17,10,parking deck,75 kW,Reg14,0
57,stable,all drivers > 24,Male,medical,0,private or freelance work,1,319.65,4 per year,319.66,378.25,325.85,16,14,underground garage,100 kW,Reg4,0
41,stable,same,Male,medical,2,private or freelance work,1,196.84,1 per year,196.85,249.33,180.93,8,0,underground garage,75 kW,Reg8,0
30,down,same,Female,normal,0,private or freelance work,1,393.15,1 per year,401.18,443.69,343.86,14,12,other,75 kW,Reg6,0
42,stable,only partner,Male,medical,6,unknown,1,279.86,12 per year,279.87,232.76,269.87,7,1,private garage,75 kW,Reg5,0
36,stable,only partner,Male,normal,0,private or freelance work,1,227.15,1 per year,227.16,257.33,227.16,11,5,parking deck,125-300 kW,Reg7,0
44,down,same,Male,medical,0,private or freelance work,1,599.16,4 per year,611.39,469.4,570.62,18,18,street,75 kW,Reg4,0
61,stable,same,Male,normal,2,private or freelance work,1,200.83,1 per year,200.84,226.31,188.16,18,4,carport,75 kW,Reg12,1
40,down,only partner,Female,normal,2,private or freelance work,1,231.84,2 per year,236.57,248.89,214.21,10,7,other,100 kW,Reg10,1
39,down,only partner,Male,medical,4,private or freelance work,1,430.59,1 per year,439.38,349.15,410.37,9,6,unknown,100 kW,Reg7,0
33,stable,same,Male,medical,2,private or freelance work,1,277.16,1 per year,277.18,237.43,272.12,14,3,street,100 kW,Reg11,0
47,stable,only partner,Male,normal,4,private or freelance work,2,187.4,1 per year,187.41,188.99,180.55,12,0,unknown,200 kW,Reg4,0
42,down,same,Male,normal,2,private or freelance work,1,189.34,1 per year,193.2,161.51,173.36,14,4,carport,100 kW,Reg12,0
41,down,only partner,Male,normal,0,private or freelance work,1,549.14,1 per year,637.89,608.3,532.99,11,9,other,75 kW,Reg1,0
55,stable,only partner,Male,normal,0,private or freelance work,1,224.96,2 per year,224.97,318.8,220.79,18,9,other,100 kW,Reg4,0
38,down,only partner,Female,normal,1,private or freelance work,1,328.7,1 per year,335.41,356.71,304.93,16,11,other,75 kW,Reg4,0
43,stable,only partner,Male,medical,7,unknown,2,256.74,1 per year,254.46,220.52,256.74,10,2,private garage,100 kW,Reg7,0
55,stable,only partner,Female,medical,6,unknown,1,184.54,1 per year,184.55,167.12,173.34,10,1,private garage,75 kW,Reg4,0
59,stable,all drivers > 24,Male,normal,0,private or freelance work,1,203.84,4 per year,203.85,276.6,203.85,18,11,street,75 kW,Reg4,0
62,stable,only partner,Male,medical,7,unknown,1,317.95,2 per year,317.96,285.96,317.96,12,5,street,175 kW,Reg3,0
36,down,only partner,Male,normal,4,private or freelance work,2,226.63,1 per year,231.25,220.28,189.61,5,0,carport,75 kW,Reg5,1
29,stable,same,Male,medical,0,private or freelance work,2,300.75,1 per year,300.75,315.09,300.75,12,11,other,75 kW,Reg3,0
45,down,same,Female,medical,0,private or freelance work,1,218.05,4 per year,222.5,273.61,203.96,15,11,street,25-50 kW,Reg5,0
27,down,all drivers > 24,Male,normal,1,private or freelance work,1,344.46,1 per year,351.49,364.38,319.54,15,9,private garage,25-50 kW,Reg7,0
40,stable,same,Female,medical,2,private or freelance work,1,162.39,1 per year,162.4,246.99,162.4,18,11,parking deck,25-50 kW,Reg7,1
68,stable,all drivers > 24,Female,medical,9,unknown,1,209.95,1 per year,208.02,216.08,209.95,13,1,street,25-50 kW,Reg5,0
36,down,only partner,Male,normal,0,private or freelance work,4,393.57,4 per year,401.6,334.65,328.59,12,11,private garage,25-50 kW,Reg4,1
78,down,same,Male,normal,8,unknown,2,394.65,1 per year,402.7,318.79,355.6,14,2,private garage,75 kW,Reg9,0
54,down,young drivers,Male,normal,8,unknown,3,512.36,1 per year,522.81,321.46,419.32,8,0,private garage,75 kW,Reg3,0
62,down,only partner,Male,medical,5,unknown,2,329.28,1 per year,336.0,395.21,308.0,18,13,unknown,75 kW,Reg4,0
53,stable,only partner,Male,normal,6,unknown,2,313.53,1 per year,313.54,227.97,304.95,16,5,private garage,150 kW,Reg8,0
29,down,same,Female,normal,1,private or freelance work,1,659.79,2 per year,688.48,572.52,573.74,13,11,private garage,75 kW,Reg12,0
50,up,young drivers,Female,medical,0,private or freelance work,1,345.36,2 per year,246.69,474.34,345.35,14,6,private garage,75 kW,Reg4,0
33,down,all drivers > 24,Female,normal,1,private or freelance work,1,238.36,1 per year,243.23,320.23,232.85,17,1,private garage,75 kW,Reg6,0
34,stable,young drivers,Male,normal,0,private or freelance work,1,356.3,1 per year,356.3,506.49,356.3,16,15,parking deck,75 kW,Reg8,0
38,stable,only partner,Male,medical,0,private or freelance work,1,233.29,1 per year,233.3,316.69,233.3,11,4,private garage,125-300 kW,Reg5,0
46,down,same,Female,normal,1,private or freelance work,1,544.6,2 per year,568.27,637.17,478.0,15,11,private garage,75 kW,Reg4,0
44,stable,young drivers,Male,normal,0,private or freelance work,1,219.95,1 per year,219.96,294.39,219.96,11,4,parking deck,100 kW,Reg4,0
57,stable,same,Female,normal,9,unknown,1,305.4,1 per year,305.41,236.56,289.41,11,2,street,75 kW,Reg3,0
50,stable,same,Female,normal,0,private or freelance work,1,766.43,4 per year,766.44,945.69,773.69,15,15,private garage,75 kW,Reg4,0
28,down,same,Female,normal,0,private or freelance work,1,507.01,4 per year,588.95,638.31,482.99,10,8,private garage,75 kW,Reg8,1
44,down,same,Female,medical,4,private or freelance work,1,572.98,4 per year,584.67,479.74,516.15,13,8,unknown,75 kW,Reg8,0
41,stable,same,Male,normal,0,private or freelance work,2,190.74,2 per year,190.75,271.66,190.75,18,12,private garage,75 kW,Reg9,0
70,stable,only partner,Male,normal,2,private or freelance work,1,228.04,1 per year,228.05,221.56,228.05,15,0,private garage,75 kW,Reg14,0
42,stable,all drivers > 24,Male,normal,0,private or freelance work,1,164.01,1 per year,164.03,188.66,164.03,16,16,other,25-50 kW,Reg10,0
66,stable,all drivers > 24,Female,medical,1,private or freelance work,1,184.94,1 per year,184.94,185.28,184.94,12,4,private garage,75 kW,Reg10,0
55,down,only partner,Male,medical,1,private or freelance work,1,133.01,1 per year,135.73,220.39,126.41,18,11,private garage,75 kW,Reg5,0
34,down,only partner,Male,normal,0,private or freelance work,1,433.32,2 per year,442.16,409.14,390.02,10,9,private garage,125-300 kW,Reg14,0
22,down,same,Female,normal,1,private or freelance work,1,708.0,4 per year,722.45,480.1,601.76,14,10,street,25-50 kW,Reg5,0
38,down,only partner,Male,normal,7,unknown,2,350.17,4 per year,357.31,189.4,315.67,13,1,street,75 kW,Reg1,0
33,down,same,Female,medical,0,private or freelance work,1,673.75,4 per year,782.64,652.4,612.5,10,8,other,25-50 kW,Reg14,0
42,stable,same,Female,normal,0,private or freelance work,1,248.99,1 per year,249.0,327.24,249.0,18,18,other,100 kW,Reg3,0
49,down,only partner,Male,normal,0,private or freelance work,3,174.02,4 per year,177.57,227.0,152.21,16,11,street,100 kW,Reg8,1
36,down,same,Male,medical,2,private or freelance work,1,431.08,4 per year,439.87,446.81,399.89,11,11,street,100 kW,Reg2,0
49,down,same,Male,normal,1,private or freelance work,1,302.76,2 per year,308.94,286.02,283.2,8,7,private garage,100 kW,Reg3,0
23,down,same,Male,medical,1,private or freelance work,1,864.33,12 per year,1004.02,695.71,735.11,10,7,other,100 kW,Reg10,0
36,stable,only partner,Female,normal,0,private or freelance work,1,167.92,1 per year,167.92,195.16,167.92,13,12,private garage,75 kW,Reg7,0
44,stable,same,Male,normal,0,private or freelance work,2,271.73,4 per year,271.74,333.4,296.0,14,7,other,100 kW,Reg4,0
36,down,only partner,Male,normal,0,private or freelance work,2,220.55,1 per year,225.05,258.25,198.85,13,2,private garage,125-300 kW,Reg8,0
52,stable,same,Female,medical,8,unknown,1,452.51,1 per year,452.52,337.71,452.52,13,4,street,75 kW,Reg9,0
46,stable,same,Male,normal,2,private or freelance work,2,579.71,4 per year,579.72,413.89,579.72,11,9,street,25-50 kW,Reg5,0
64,stable,only partner,Male,medical,10,private or freelance work,3,134.6,1 per year,134.61,219.57,135.85,15,2,private garage,75 kW,Reg8,0
36,down,same,Male,normal,1,private or freelance work,1,183.41,1 per year,187.15,209.22,161.9,6,1,private garage,100 kW,Reg6,0
24,down,same,Male,normal,0,private or freelance work,1,959.44,4 per year,1114.5,727.22,872.23,15,15,street,75 kW,Reg10,0
39,down,only partner,Male,normal,1,private or freelance work,1,352.43,1 per year,359.63,399.23,336.16,14,11,other,125-300 kW,Reg9,0
35,down,same,Male,medical,0,private or freelance work,1,632.06,4 per year,734.21,660.73,574.6,15,14,street,25-50 kW,Reg2,0
36,down,same,Female,normal,1,private or freelance work,1,650.16,4 per year,755.24,581.77,591.05,14,0,carport,75 kW,Reg8,0
30,stable,only partner,Male,normal,1,private or freelance work,3,550.22,2 per year,550.24,563.77,514.49,12,9,street,175 kW,Reg9,1
34,stable,same,Male,medical,1,private or freelance work,1,224.66,1 per year,224.68,263.38,224.68,18,9,underground garage,75 kW,Reg7,0
25,down,same,Female,medical,2,private or freelance work,1,499.36,4 per year,509.55,260.31,436.75,11,8,parking deck,25-50 kW,Reg13,1
49,down,only partner,Male,medical,6,unknown,1,375.29,1 per year,382.95,453.1,367.83,14,7,street,75 kW,Reg2,0
27,down,same,Female,medical,0,private or freelance work,2,476.32,4 per year,497.02,570.08,398.93,17,15,street,75 kW,Reg1,0
52,stable,same,Female,normal,9,private or freelance work,1,141.4,4 per year,141.41,158.1,135.02,18,7,parking deck,75 kW,Reg7,0
43,stable,only partner,Male,medical,0,private or freelance work,2,210.66,1 per year,210.67,264.89,210.67,9,6,private garage,75 kW,Reg7,0
45,stable,young drivers,Male,normal,0,private or freelance work,1,383.94,1 per year,383.95,381.2,383.97,9,8,street,25-50 kW,Reg8,0
68,stable,same,Male,normal,5,unknown,2,668.93,12 per year,668.94,481.14,675.12,10,4,unknown,100 kW,Reg2,0
30,down,same,Male,medical,0,private or freelance work,1,171.45,1 per year,174.95,207.16,155.51,18,11,carport,25-50 kW,Reg1,0
39,up,only partner,Male,normal,3,private or freelance work,1,717.27,4 per year,573.81,629.44,710.58,12,8,street,100 kW,Reg4,0
46,stable,same,Male,medical,6,unknown,2,227.94,1 per year,227.95,182.25,215.95,10,4,private garage,75 kW,Reg3,0
38,stable,same,Male,normal,1,private or freelance work,1,309.11,4 per year,309.13,303.8,303.49,16,12,private garage,75 kW,Reg11,0
28,down,only partner,Female,normal,1,private or freelance work,2,839.68,4 per year,876.19,734.01,716.41,13,12,parking deck,75 kW,Reg7,0
42,down,same,Female,medical,1,private or freelance work,1,373.05,4 per year,380.66,387.49,355.83,14,10,parking deck,75 kW,Reg9,0
43,stable,only partner,Female,medical,0,private or freelance work,1,140.49,1 per year,140.5,215.64,140.47,13,5,underground garage,75 kW,Reg7,0
48,stable,only partner,Female,medical,7,private or freelance work,2,292.58,1 per year,292.59,253.32,303.64,12,5,carport,25-50 kW,Reg4,0
61,down,same,Male,normal,7,unknown,2,420.32,12 per year,428.9,328.35,381.24,11,3,street,75 kW,Reg4,0
43,stable,only partner,Male,normal,1,private or freelance work,1,348.4,12 per year,331.82,306.82,354.65,14,13,underground garage,25-50 kW,Reg4,1
50,stable,only partner,Male,medical,2,private or freelance work,1,307.06,1 per year,307.08,311.39,279.58,14,0,underground garage,150 kW,Reg2,0
36,down,same,Male,medical,2,private or freelance work,1,381.92,1 per year,389.71,398.61,357.24,12,7,street,75 kW,Reg7,1
44,stable,only partner,Female,medical,0,private or freelance work,1,412.0,1 per year,412.01,385.11,389.24,8,4,private garage,100 kW,Reg8,1
24,down,same,Female,medical,0,private or freelance work,1,670.37,12 per year,699.51,679.01,582.92,13,12,other,25-50 kW,Reg8,0
58,down,all drivers > 24,Male,medical,4,private or freelance work,1,476.39,1 per year,486.11,387.64,353.56,10,5,unknown,150 kW,Reg7,0
73,stable,same,Male,normal,10,private or freelance work,1,244.49,1 per year,242.2,247.8,244.49,11,0,private garage,100 kW,Reg4,0
45,stable,same,Female,medical,4,private or freelance work,1,336.54,2 per year,333.4,330.09,336.54,16,7,unknown,75 kW,Reg3,0
49,stable,only partner,Male,normal,3,private or freelance work,3,173.0,1 per year,173.0,195.41,173.0,17,0,unknown,75 kW,Reg7,0
41,down,only partner,Male,medical,1,private or freelance work,1,291.98,1 per year,297.94,327.79,260.73,12,8,private garage,75 kW,Reg3,0
54,stable,all drivers > 24,Male,normal,3,private or freelance work,1,402.25,2 per year,402.25,330.64,402.25,12,9,street,25-50 kW,Reg3,1
28,stable,same,Female,normal,0,private or freelance work,1,312.25,12 per year,312.26,411.1,312.26,17,16,street,100 kW,Reg4,0
39,down,young drivers,Female,medical,0,private or freelance work,2,363.36,1 per year,370.77,414.66,337.08,16,16,parking deck,75 kW,Reg10,0
27,down,same,Female,normal,2,private or freelance work,1,871.26,4 per year,909.14,632.01,757.61,17,15,other,75 kW,Reg3,0
49,stable,same,Female,normal,0,private or freelance work,1,157.35,1 per year,157.36,225.21,157.36,15,3,parking deck,75 kW,Reg4,0
45,down,same,Female,normal,4,private or freelance work,1,298.32,2 per year,304.41,317.15,279.05,12,10,carport,25-50 kW,Reg12,0
56,stable,only partner,Female,medical,1,private or freelance work,1,119.22,1 per year,119.24,111.46,119.24,18,4,other,75 kW,Reg10,1
29,down,young drivers,Male,normal,1,private or freelance work,1,599.83,4 per year,612.08,537.22,622.57,14,13,other,25-50 kW,Reg7,1
50,stable,same,Male,medical,9,unknown,1,657.07,4 per year,657.09,463.82,621.4,12,3,street,100 kW,Reg2,0
34,stable,only partner,Male,medical,0,private or freelance work,1,227.1,1 per year,227.1,326.31,227.1,12,4,other,100 kW,Reg12,0
25,stable,young drivers,Male,normal,0,private or freelance work,1,380.35,4 per year,380.36,478.66,380.36,18,18,private garage,100 kW,Reg3,0
44,down,all drivers > 24,Female,medical,0,private or freelance work,1,734.4,1 per year,749.39,666.73,741.06,15,14,other,100 kW,Reg9,0
68,stable,same,Female,medical,10,unknown,1,176.88,2 per year,176.89,219.59,178.5,13,1,private garage,75 kW,Reg2,0
58,down,same,Female,normal,2,private or freelance work,1,354.15,4 per year,361.38,305.38,325.24,12,0,other,75 kW,Reg8,1
39,stable,same,Male,medical,1,private or freelance work,1,222.0,1 per year,222.01,276.66,213.9,5,4,private garage,100 kW,Reg7,0
47,stable,young drivers,Male,normal,4,private or freelance work,1,531.18,1 per year,515.95,540.86,531.18,16,1,unknown,25-50 kW,Reg10,0
35,stable,same,Male,normal,0,private or freelance work,1,259.0,4 per year,259.01,339.19,259.01,12,4,street,100 kW,Reg4,1
45,stable,only partner,Male,normal,4,private or freelance work,2,182.73,1 per year,182.74,145.44,182.74,18,18,private garage,125-300 kW,Reg4,0
26,down,only partner,Female,medical,0,private or freelance work,1,630.63,4 per year,732.55,727.07,573.35,11,10,other,125-300 kW,Reg5,0
33,down,same,Male,medical,2,private or freelance work,1,610.19,12 per year,854.85,704.89,515.8,11,10,underground garage,125-300 kW,Reg4,0
43,stable,only partner,Male,medical,12,unknown,1,253.64,1 per year,251.45,180.0,253.64,12,0,private garage,100 kW,Reg8,1
46,down,same,Female,medical,0,private or freelance work,1,344.3,4 per year,351.32,382.09,340.21,14,14,street,25-50 kW,Reg3,0
43,down,young drivers,Female,medical,0,private or freelance work,1,230.1,1 per year,234.8,252.44,227.1,14,3,private garage,100 kW,Reg3,0
55,down,all drivers > 24,Male,normal,2,private or freelance work,3,329.59,1 per year,336.31,263.85,272.26,13,8,other,200 kW,Reg3,0
62,stable,all drivers > 24,Female,medical,0,private or freelance work,2,195.0,4 per year,195.01,270.03,195.01,12,4,parking deck,100 kW,Reg5,0
33,down,only partner,Male,normal,1,private or freelance work,1,175.64,1 per year,179.23,181.05,155.4,12,3,parking deck,100 kW,Reg5,0
34,down,same,Male,medical,0,private or freelance work,1,554.3,1 per year,643.89,671.04,513.4,11,10,street,100 kW,Reg3,0
33,down,same,Female,medical,4,private or freelance work,1,260.41,1 per year,265.73,216.53,239.38,4,0,unknown,75 kW,Reg7,0
35,down,only partner,Male,medical,1,private or freelance work,2,253.31,2 per year,258.47,302.01,222.01,9,3,private garage,75 kW,Reg7,0
32,stable,only partner,Male,normal,1,private or freelance work,1,239.34,4 per year,239.35,258.74,239.35,13,11,private garage,25-50 kW,Reg5,0
49,down,same,Male,normal,1,private or freelance work,1,384.6,4 per year,392.45,426.54,373.64,15,12,private garage,75 kW,Reg3,0
55,stable,same,Male,normal,0,private or freelance work,1,189.72,1 per year,189.74,235.05,189.74,18,9,private garage,75 kW,Reg4,0
51,stable,only partner,Female,normal,7,unknown,1,133.51,1 per year,133.52,99.81,134.53,18,10,private garage,25-50 kW,Reg8,0
74,stable,same,Male,normal,0,private or freelance work,1,208.29,1 per year,208.3,298.32,191.39,13,3,private garage,75 kW,Reg12,1
43,stable,only partner,Male,normal,4,private or freelance work,1,258.28,1 per year,258.29,210.19,253.5,10,4,unknown,75 kW,Reg7,0
47,up,only partner,Male,medical,3,private or freelance work,1,431.6,1 per year,335.69,592.3,431.6,17,12,private garage,100 kW,Reg5,0
37,stable,same,Female,normal,4,private or freelance work,1,249.49,1 per year,249.5,139.75,249.5,16,3,unknown,25-50 kW,Reg1,0
33,stable,only partner,Male,normal,1,private or freelance work,1,377.67,2 per year,377.69,430.39,377.69,9,3,underground garage,125-300 kW,Reg8,0
41,stable,same,Female,normal,7,unknown,1,383.87,1 per year,383.89,245.91,387.51,12,4,street,25-50 kW,Reg7,0
26,down,only partner,Female,normal,0,private or freelance work,2,320.55,1 per year,327.09,385.53,311.64,14,7,parking deck,100 kW,Reg9,1
40,stable,only partner,Female,normal,7,unknown,1,135.4,12 per year,135.41,99.6,136.48,18,18,street,25-50 kW,Reg7,0
42,stable,same,Male,normal,1,private or freelance work,1,159.85,1 per year,158.39,197.73,159.85,16,10,street,25-50 kW,Reg7,0
38,down,same,Male,normal,0,private or freelance work,1,413.39,2 per year,421.82,487.27,393.71,14,12,underground garage,100 kW,Reg7,0
37,stable,only partner,Male,medical,2,private or freelance work,1,261.4,1 per year,261.41,314.55,254.17,12,10,private garage,75 kW,Reg1,0
35,stable,same,Male,normal,0,private or freelance work,1,335.91,2 per year,335.92,302.75,335.9,7,6,parking deck,75 kW,Reg4,0
69,stable,same,Male,normal,1,private or freelance work,1,251.47,2 per year,251.47,312.74,251.47,7,3,private garage,150 kW,Reg8,0
45,stable,same,Female,medical,0,private or freelance work,1,346.71,2 per year,346.73,328.61,346.73,13,6,other,75 kW,Reg14,0
33,down,same,Female,normal,1,private or freelance work,1,592.27,4 per year,618.03,506.01,515.02,14,12,private garage,25-50 kW,Reg3,0
60,stable,young drivers,Male,medical,8,unknown,2,287.43,1 per year,287.44,234.94,259.87,14,5,street,75 kW,Reg3,0
48,stable,only partner,Male,medical,10,unknown,1,249.13,1 per year,249.14,237.75,249.14,13,3,street,75 kW,Reg5,0
31,down,same,Female,medical,0,private or freelance work,2,242.34,1 per year,247.29,295.3,224.81,10,8,parking deck,25-50 kW,Reg7,0
35,down,only partner,Female,medical,1,private or freelance work,2,207.53,1 per year,211.76,196.56,190.59,10,4,other,25-50 kW,Reg8,0
44,down,young drivers,Female,medical,7,private or freelance work,1,277.82,1 per year,283.49,269.18,238.53,11,4,carport,100 kW,Reg13,1
41,stable,same,Male,normal,1,private or freelance work,1,289.0,1 per year,289.01,348.25,300.07,14,3,street,75 kW,Reg9,0
42,down,same,Female,medical,5,private or freelance work,1,334.39,1 per year,341.21,344.19,307.09,14,8,street,75 kW,Reg4,0
53,stable,young drivers,Male,medical,11,private or freelance work,7,506.89,12 per year,506.9,363.89,506.9,18,16,street,25-50 kW,Reg4,1
40,stable,same,Male,normal,0,private or freelance work,1,233.59,2 per year,233.6,327.09,224.97,11,9,street,125-300 kW,Reg6,0
32,stable,same,Female,medical,5,unknown,1,182.43,1 per year,182.43,175.93,182.43,14,3,unknown,25-50 kW,Reg7,0
26,down,only partner,Female,medical,4,private or freelance work,1,535.58,2 per year,546.51,441.93,473.27,12,9,private garage,75 kW,Reg4,0
58,stable,only partner,Male,normal,7,unknown,1,427.85,4 per year,427.86,277.51,412.31,12,4,street,125-300 kW,Reg8,0
48,down,young drivers,Female,medical,0,private or freelance work,1,689.78,12 per year,719.78,606.01,545.4,14,13,carport,75 kW,Reg11,0
42,down,same,Female,normal,0,private or freelance work,1,412.13,4 per year,420.54,396.38,360.46,11,0,parking deck,75 kW,Reg4,1
33,down,only partner,Female,normal,3,private or freelance work,2,662.47,1 per year,675.99,496.79,619.66,15,12,street,75 kW,Reg8,0
53,stable,young drivers,Male,normal,0,private or freelance work,2,376.39,2 per year,376.4,361.8,410.57,5,4,street,100 kW,Reg3,0
42,up,only partner,Male,medical,3,private or freelance work,1,420.34,1 per year,305.7,557.54,420.34,15,10,private garage,150 kW,Reg8,1
53,stable,same,Male,normal,1,private or freelance work,1,208.01,4 per year,208.02,274.86,196.8,17,7,private garage,25-50 kW,Reg13,0
38,stable,only partner,Male,medical,0,private or freelance work,2,181.35,1 per year,181.36,253.5,173.41,13,3,carport,75 kW,Reg10,0
35,stable,same,Female,medical,2,private or freelance work,1,348.14,4 per year,348.15,298.4,323.15,16,13,street,75 kW,Reg12,0
63,stable,only partner,Male,normal,10,unknown,1,378.4,1 per year,378.41,292.9,375.09,18,9,private garage,75 kW,Reg6,0
55,down,same,Male,medical,1,private or freelance work,1,256.16,1 per year,261.39,227.47,232.34,10,3,street,100 kW,Reg7,0
25,up,same,Male,medical,0,private or freelance work,3,1409.09,12 per year,758.14,1210.01,1280.99,6,6,street,25-50 kW,Reg4,0
27,stable,all drivers > 24,Male,normal,0,private or freelance work,2,427.1,4 per year,407.17,499.2,427.1,15,14,other,125-300 kW,Reg13,0
43,stable,young drivers,Male,normal,6,unknown,2,627.61,1 per year,627.63,442.3,549.72,10,4,street,75 kW,Reg12,0
29,down,only partner,Female,normal,1,private or freelance work,1,230.36,12 per year,235.06,273.64,221.63,9,1,private garage,100 kW,Reg4,0
35,down,same,Male,normal,0,private or freelance work,2,364.71,1 per year,372.15,392.69,310.16,11,7,street,100 kW,Reg3,1
56,down,same,Male,normal,0,private or freelance work,1,261.35,1 per year,266.69,345.14,247.05,16,13,street,75 kW,Reg9,0
62,stable,only partner,Male,normal,4,private or freelance work,1,212.94,1 per year,212.95,198.01,219.03,15,1,unknown,75 kW,Reg12,1
52,down,only partner,Male,medical,7,unknown,3,344.13,1 per year,351.15,286.02,317.94,14,6,private estate,75 kW,Reg6,0
57,stable,all drivers > 24,Male,normal,2,private or freelance work,1,200.64,2 per year,200.65,238.91,200.65,17,8,parking deck,100 kW,Reg7,0
30,stable,only partner,Female,medical,0,private or freelance work,1,241.48,4 per year,241.49,370.17,239.24,18,15,parking deck,125-300 kW,Reg11,0
42,down,same,Male,normal,0,private or freelance work,1,366.95,4 per year,374.44,322.01,327.54,0,0,street,75 kW,Reg3,0
44,down,only partner,Male,medical,3,private or freelance work,1,438.77,1 per year,447.72,354.32,391.76,9,6,unknown,225 kW,Reg4,0
47,up,all drivers > 24,Female,medical,5,unknown,2,611.15,1 per year,431.4,755.49,670.22,13,2,unknown,75 kW,Reg4,0
36,down,only partner,Male,normal,2,private or freelance work,2,228.17,1 per year,232.82,199.12,194.61,17,5,private garage,75 kW,Reg12,0
35,down,same,Male,normal,2,private or freelance work,1,522.63,12 per year,533.3,339.21,432.35,18,17,private garage,75 kW,Reg6,0
47,up,same,Male,normal,0,private or freelance work,1,388.73,1 per year,323.94,384.88,307.45,18,13,street,25-50 kW,Reg1,0
30,down,same,Male,normal,1,private or freelance work,1,610.67,4 per year,623.14,465.42,534.12,15,14,street,75 kW,Reg10,0
25,down,same,Female,medical,0,private or freelance work,1,709.84,4 per year,740.7,748.62,617.25,18,18,carport,25-50 kW,Reg8,0
30,down,all drivers > 24,Male,normal,0,private or freelance work,1,317.76,1 per year,324.25,311.54,265.83,10,8,parking deck,25-50 kW,Reg3,0
80,stable,all drivers > 24,Female,normal,4,private or freelance work,1,328.64,1 per year,328.65,352.71,351.21,17,0,unknown,75 kW,Reg5,0
38,stable,same,Male,normal,7,unknown,1,284.11,1 per year,284.13,228.75,286.53,16,8,private garage,75 kW,Reg1,0
44,stable,only partner,Female,normal,6,unknown,1,472.08,12 per year,472.09,293.74,472.09,14,6,street,75 kW,Reg10,0
71,stable,same,Male,normal,0,private or freelance work,1,215.89,1 per year,215.9,283.24,222.01,9,0,parking deck,75 kW,Reg10,0
27,down,all drivers > 24,Male,medical,0,private or freelance work,1,441.71,1 per year,460.91,535.06,384.1,10,8,private garage,75 kW,Reg8,0
42,stable,all drivers > 24,Female,medical,8,private or freelance work,1,303.35,1 per year,303.36,288.25,303.36,4,4,street,25-50 kW,Reg5,0
39,stable,same,Male,medical,1,private or freelance work,2,163.37,1 per year,161.9,230.29,163.37,14,7,private garage,150 kW,Reg3,0
49,down,young drivers,Male,normal,0,private or freelance work,2,698.02,4 per year,712.26,773.65,705.75,12,10,private garage,75 kW,Reg7,0
26,down,same,Female,medical,2,private or freelance work,3,746.34,1 per year,761.58,335.28,660.15,9,6,parking deck,25-50 kW,Reg12,1
61,stable,only partner,Male,medical,1,private or freelance work,1,186.63,2 per year,186.64,167.93,186.64,16,10,private garage,25-50 kW,Reg4,0
35,up,young drivers,Female,medical,1,private or freelance work,1,284.25,2 per year,236.88,364.86,294.94,14,7,private garage,75 kW,Reg4,1
34,down,same,Male,medical,0,private or freelance work,1,421.25,1 per year,429.85,451.99,401.18,16,13,street,75 kW,Reg7,1
34,stable,same,Male,medical,0,private or freelance work,1,231.81,1 per year,231.83,280.34,221.41,12,3,private garage,100 kW,Reg7,0
37,stable,same,Male,medical,8,private or freelance work,2,294.08,4 per year,294.09,332.25,326.1,18,10,private garage,125-300 kW,Reg5,0
68,down,all drivers > 24,Male,medical,5,private or freelance work,1,302.45,1 per year,308.62,292.18,270.05,15,5,private garage,125-300 kW,Reg8,0
34,down,same,Female,medical,1,private or freelance work,2,359.45,1 per year,375.07,391.95,312.57,5,5,private garage,125-300 kW,Reg3,1
41,stable,all drivers > 24,Female,medical,0,private or freelance work,1,230.8,1 per year,230.81,284.45,230.81,10,10,carport,25-50 kW,Reg3,0
68,stable,all drivers > 24,Female,normal,1,private or freelance work,1,186.03,1 per year,186.04,273.34,179.21,18,11,private garage,25-50 kW,Reg14,0
28,down,only partner,Female,normal,0,private or freelance work,1,675.21,12 per year,784.34,710.31,613.84,17,17,street,125-300 kW,Reg6,0
41,up,same,Male,normal,4,private or freelance work,1,294.89,1 per year,229.36,355.49,300.51,15,15,private garage,75 kW,Reg12,0
38,stable,same,Female,normal,2,private or freelance work,1,214.65,4 per year,214.66,288.92,214.66,15,11,private garage,75 kW,Reg1,0
33,up,same,Female,normal,1,private or freelance work,1,554.53,4 per year,435.7,517.66,554.54,12,11,parking deck,75 kW,Reg6,0
47,down,same,Male,normal,0,private or freelance work,1,291.19,4 per year,297.14,290.12,264.13,13,11,underground garage,75 kW,Reg6,0
44,down,same,Male,normal,1,private or freelance work,1,406.88,4 per year,415.19,374.61,387.5,17,12,street,25-50 kW,Reg13,1
38,stable,same,Female,medical,0,private or freelance work,1,315.35,1 per year,315.36,285.93,315.36,4,2,private garage,75 kW,Reg4,0
37,down,only partner,Female,medical,2,private or freelance work,1,391.55,1 per year,399.54,284.27,337.13,15,14,street,75 kW,Reg4,1
57,down,same,Male,medical,0,private or freelance work,1,216.98,1 per year,221.41,291.05,201.29,17,2,private garage,100 kW,Reg5,0
52,stable,only partner,Female,medical,2,private or freelance work,1,225.51,1 per year,225.52,281.85,217.41,9,6,parking deck,25-50 kW,Reg8,0
69,stable,same,Female,normal,1,private or freelance work,1,272.79,4 per year,272.8,270.65,272.8,10,7,private garage,75 kW,Reg11,0
34,stable,same,Female,normal,1,private or freelance work,1,359.04,4 per year,359.05,328.06,359.05,17,14,street,75 kW,Reg6,0
40,down,same,Male,medical,2,private or freelance work,1,443.84,2 per year,452.9,371.75,423.0,9,7,other,100 kW,Reg7,0
35,stable,only partner,Male,normal,4,private or freelance work,2,309.19,1 per year,309.2,240.65,286.76,13,1,unknown,75 kW,Reg14,0
74,stable,same,Male,normal,0,private or freelance work,1,209.74,1 per year,209.75,319.8,209.75,16,12,underground garage,100 kW,Reg12,0
69,stable,same,Female,normal,10,private or freelance work,1,244.35,1 per year,244.36,204.9,257.46,17,4,private garage,25-50 kW,Reg7,0
50,stable,only partner,Male,medical,2,private or freelance work,2,332.94,1 per year,332.95,269.49,332.95,8,4,private garage,75 kW,Reg8,0
21,down,same,Male,normal,0,private or freelance work,1,808.49,2 per year,843.64,567.12,703.0,16,16,private garage,25-50 kW,Reg14,0
30,down,same,Male,medical,0,private or freelance work,1,836.18,4 per year,971.32,873.35,760.16,14,13,parking deck,75 kW,Reg5,0
38,stable,only partner,Male,normal,1,private or freelance work,1,251.7,1 per year,251.71,293.59,220.44,16,11,street,125-300 kW,Reg14,0
40,down,only partner,Male,normal,5,private or freelance work,1,398.16,1 per year,406.29,330.09,352.09,14,12,street,100 kW,Reg6,0
75,stable,same,Male,normal,8,unknown,1,337.8,2 per year,325.46,315.31,337.8,12,2,private garage,75 kW,Reg8,0
42,down,only partner,Male,medical,0,private or freelance work,1,283.46,2 per year,289.25,325.14,260.32,4,0,other,125-300 kW,Reg5,1
43,stable,only partner,Female,medical,2,private or freelance work,1,276.38,4 per year,276.39,280.66,276.39,16,8,street,100 kW,Reg5,0
33,stable,all drivers > 24,Male,medical,2,private or freelance work,1,283.34,2 per year,283.35,332.12,288.76,11,10,parking deck,100 kW,Reg7,0
50,stable,only partner,Female,normal,5,unknown,1,222.14,1 per year,222.15,235.29,224.15,11,0,unknown,75 kW,Reg5,0
51,stable,same,Male,medical,0,private or freelance work,1,197.48,1 per year,197.49,260.66,197.49,17,10,private garage,100 kW,Reg5,1
39,down,same,Female,normal,1,private or freelance work,1,149.22,12 per year,152.26,148.85,135.35,8,0,street,25-50 kW,Reg12,0
23,down,only partner,Female,normal,1,private or freelance work,1,846.75,12 per year,883.56,658.32,736.3,15,14,underground garage,25-50 kW,Reg8,0
40,stable,only partner,Male,normal,7,unknown,2,464.35,2 per year,464.36,306.14,468.62,12,4,carport,75 kW,Reg4,0
54,stable,same,Female,normal,3,private or freelance work,1,187.54,2 per year,187.55,205.69,175.62,15,14,parking deck,75 kW,Reg5,0
37,stable,same,Male,normal,3,private or freelance work,1,398.01,4 per year,398.03,270.45,398.03,11,8,street,75 kW,Reg4,0
32,stable,young drivers,Male,normal,0,private or freelance work,1,200.45,1 per year,200.46,340.57,200.46,16,14,private garage,75 kW,Reg3,0
50,stable,same,Female,medical,1,private or freelance work,1,448.99,4 per year,448.99,582.31,448.99,16,12,carport,100 kW,Reg2,0
41,down,same,Female,normal,0,private or freelance work,1,293.67,1 per year,299.66,381.1,298.16,15,7,parking deck,25-50 kW,Reg12,1
39,stable,only partner,Male,normal,5,unknown,1,241.8,4 per year,241.81,194.9,241.81,13,3,unknown,25-50 kW,Reg9,1
79,stable,same,Female,normal,9,unknown,1,536.57,1 per year,536.59,332.51,480.18,12,0,private garage,225 kW,Reg12,0
36,up,all drivers > 24,Female,normal,1,private or freelance work,1,807.34,4 per year,526.53,1208.2,807.32,16,11,street,75 kW,Reg3,0
46,down,only partner,Female,normal,0,private or freelance work,1,205.76,12 per year,209.96,270.5,186.64,18,11,carport,75 kW,Reg1,0
43,stable,only partner,Male,medical,2,private or freelance work,1,281.64,12 per year,281.65,291.64,251.59,17,9,private garage,175 kW,Reg4,0
20,down,same,Male,normal,0,private or freelance work,1,949.8,4 per year,969.19,1064.58,807.65,15,15,private garage,75 kW,Reg4,0
42,down,only partner,Male,normal,0,private or freelance work,1,288.03,1 per year,293.91,308.18,245.81,15,12,carport,175 kW,Reg5,1
30,down,same,Female,normal,1,private or freelance work,1,431.18,2 per year,439.98,389.31,391.45,14,13,underground garage,75 kW,Reg7,0
65,stable,all drivers > 24,Female,normal,0,private or freelance work,1,88.87,2 per year,88.89,121.33,98.04,15,1,carport,25-50 kW,Reg3,0
33,down,same,Male,medical,0,private or freelance work,1,291.82,12 per year,297.78,312.91,282.56,15,13,other,75 kW,Reg3,0
65,stable,same,Female,medical,8,private or freelance work,2,179.59,1 per year,171.42,199.31,179.59,15,6,private garage,75 kW,Reg4,1
40,down,same,Male,medical,4,private or freelance work,1,327.17,1 per year,333.85,250.7,292.18,12,5,unknown,100 kW,Reg4,0
56,down,same,Female,normal,1,private or freelance work,1,369.77,4 per year,377.31,353.82,352.84,11,2,parking deck,75 kW,Reg7,0
56,down,same,Male,normal,1,private or freelance work,4,298.43,12 per year,304.52,380.3,290.22,17,8,street,125-300 kW,Reg10,0
62,down,only partner,Male,medical,1,private or freelance work,3,234.98,2 per year,239.78,228.24,213.14,14,9,private garage,75 kW,Reg10,0
38,stable,only partner,Male,medical,1,private or freelance work,1,266.77,1 per year,256.91,321.09,266.77,8,5,street,75 kW,Reg9,0
23,down,young drivers,Male,normal,0,private or freelance work,1,672.34,4 per year,781.0,686.89,611.21,0,0,other,25-50 kW,Reg3,0
28,stable,young drivers,Male,medical,0,private or freelance work,1,279.29,1 per year,279.3,356.15,266.5,13,10,parking deck,75 kW,Reg11,0
38,down,same,Male,normal,1,private or freelance work,1,255.51,4 per year,260.73,260.41,231.75,12,8,private garage,75 kW,Reg7,0
22,down,same,Female,medical,0,private or freelance work,1,666.04,4 per year,773.69,715.74,605.5,15,15,street,25-50 kW,Reg4,0
33,down,only partner,Male,normal,0,private or freelance work,2,628.42,4 per year,654.6,571.74,512.29,11,11,street,25-50 kW,Reg4,0
38,stable,only partner,Female,medical,1,private or freelance work,1,234.99,1 per year,235.0,258.2,246.16,15,5,street,75 kW,Reg9,0
41,stable,same,Male,medical,1,private or freelance work,1,248.56,1 per year,248.56,269.05,248.56,9,0,other,100 kW,Reg6,0
32,down,only partner,Male,normal,1,private or freelance work,1,297.5,2 per year,303.58,330.25,263.17,13,4,street,75 kW,Reg12,1
39,down,same,Male,normal,1,private or freelance work,1,266.12,1 per year,271.55,326.46,246.86,13,7,street,125-300 kW,Reg5,0
38,stable,same,Female,normal,1,private or freelance work,1,252.11,4 per year,252.12,252.18,252.12,18,16,private garage,75 kW,Reg4,0
37,stable,only partner,Male,normal,7,unknown,2,302.89,1 per year,302.9,216.83,311.21,10,3,street,75 kW,Reg8,0
44,stable,only partner,Male,normal,2,private or freelance work,1,363.82,1 per year,363.84,390.15,360.42,10,9,private garage,75 kW,Reg8,0
68,down,same,Male,normal,0,private or freelance work,1,285.12,1 per year,290.94,312.16,258.61,10,7,private garage,75 kW,Reg8,0
62,stable,all drivers > 24,Male,normal,0,private or freelance work,1,150.77,1 per year,150.79,220.05,143.94,13,7,private garage,125-300 kW,Reg14,0
40,up,young drivers,Male,normal,0,private or freelance work,1,1918.18,4 per year,1521.31,2272.46,1626.66,16,15,street,75 kW,Reg8,0
60,down,same,Male,normal,1,private or freelance work,1,433.86,1 per year,442.71,355.97,402.46,4,2,street,75 kW,Reg4,0
33,down,only partner,Female,medical,3,private or freelance work,2,314.53,12 per year,320.95,429.24,305.77,15,9,street,75 kW,Reg9,0
28,down,young drivers,Female,medical,0,private or freelance work,2,628.65,12 per year,641.47,582.54,623.06,7,6,street,75 kW,Reg4,0
49,stable,young drivers,Male,normal,0,private or freelance work,3,300.01,1 per year,300.03,288.02,262.8,4,0,private garage,100 kW,Reg4,1
38,stable,only partner,Male,normal,4,private or freelance work,1,379.52,1 per year,379.54,290.86,365.56,13,6,unknown,75 kW,Reg13,0
41,down,same,Male,normal,5,private or freelance work,1,347.54,1 per year,354.64,290.07,322.16,13,4,parking deck,75 kW,Reg12,1
34,stable,all drivers > 24,Male,normal,2,private or freelance work,4,372.94,1 per year,372.95,390.3,383.57,15,9,private garage,75 kW,Reg3,1
50,stable,only partner,Male,medical,0,private or freelance work,1,161.01,4 per year,161.03,269.09,167.05,15,8,private garage,100 kW,Reg6,0
33,down,only partner,Male,normal,2,private or freelance work,2,220.32,1 per year,224.81,250.09,206.1,9,1,private garage,125-300 kW,Reg6,0
42,stable,only partner,Male,normal,1,private or freelance work,1,151.21,1 per year,151.23,197.03,158.36,16,9,private garage,100 kW,Reg3,0
42,stable,only partner,Male,normal,6,private or freelance work,2,260.83,1 per year,260.84,244.96,260.84,7,1,street,25-50 kW,Reg5,0
37,stable,only partner,Male,normal,0,private or freelance work,1,260.96,4 per year,260.97,307.49,260.97,15,15,private garage,75 kW,Reg3,0
40,stable,only partner,Male,medical,8,unknown,2,288.04,1 per year,288.05,209.97,290.76,11,0,street,100 kW,Reg5,0
33,down,same,Male,medical,1,private or freelance work,1,399.2,2 per year,407.35,410.6,395.65,9,8,underground garage,75 kW,Reg8,0
27,down,same,Female,medical,0,private or freelance work,1,804.9,4 per year,934.99,809.55,774.8,14,14,parking deck,75 kW,Reg9,0
37,down,all drivers > 24,Male,normal,6,unknown,2,798.49,2 per year,814.79,360.06,731.1,6,0,private garage,225 kW,Reg6,0
41,down,only partner,Male,medical,1,private or freelance work,1,191.93,1 per year,195.85,203.4,178.9,15,2,private garage,75 kW,Reg7,0
69,stable,same,Male,normal,1,private or freelance work,2,325.49,4 per year,325.49,397.09,325.49,13,10,private garage,250 kW,Reg4,0
45,down,same,Male,normal,0,private or freelance work,1,799.36,4 per year,928.55,982.67,726.7,18,15,street,100 kW,Reg4,0
36,down,only partner,Male,medical,3,private or freelance work,3,273.11,1 per year,278.69,318.69,253.36,13,8,carport,75 kW,Reg3,0
48,stable,learner 17,Male,normal,2,private or freelance work,1,374.23,1 per year,374.24,405.07,360.07,10,0,private garage,75 kW,Reg8,0
57,down,only partner,Male,normal,9,unknown,1,396.39,1 per year,404.47,263.84,346.69,12,1,private garage,75 kW,Reg5,0
42,down,young drivers,Male,normal,0,private or freelance work,1,1252.83,4 per year,1799.9,1466.28,1089.41,12,12,parking deck,75 kW,Reg8,0
46,stable,young drivers,Male,normal,7,private or freelance work,2,409.04,1 per year,409.04,310.01,409.04,10,9,private garage,150 kW,Reg7,1
42,down,only partner,Male,normal,0,private or freelance work,1,172.74,1 per year,176.26,200.24,156.67,9,2,parking deck,75 kW,Reg5,0
36,stable,same,Male,normal,4,private or freelance work,1,283.35,1 per year,283.35,279.52,283.35,14,13,private garage,25-50 kW,Reg4,0
29,down,same,Female,normal,1,private or freelance work,1,510.78,2 per year,532.99,458.39,444.16,4,3,parking deck,75 kW,Reg5,1
28,down,same,Male,normal,0,private or freelance work,1,523.13,4 per year,545.88,535.05,454.9,16,13,private garage,25-50 kW,Reg5,0
38,down,only partner,Female,medical,7,unknown,1,381.27,2 per year,389.05,263.66,329.05,18,10,private garage,75 kW,Reg7,0
72,stable,same,Female,normal,0,private or freelance work,1,178.53,1 per year,178.54,276.16,192.56,11,8,private garage,75 kW,Reg8,0
29,stable,only partner,Female,normal,0,private or freelance work,1,215.89,1 per year,215.9,307.59,215.9,17,13,private garage,100 kW,Reg12,1
48,stable,same,Male,medical,2,private or freelance work,1,181.26,1 per year,177.92,239.55,181.26,13,7,private garage,175 kW,Reg8,0
41,stable,same,Female,normal,0,private or freelance work,1,305.06,4 per year,305.07,386.26,305.07,17,10,carport,75 kW,Reg3,0
41,down,only partner,Male,medical,9,unknown,2,477.63,1 per year,487.37,342.15,438.79,9,0,private garage,100 kW,Reg5,0
45,down,only partner,Male,normal,1,private or freelance work,2,613.71,4 per year,626.24,529.58,584.49,17,15,underground garage,75 kW,Reg4,1
73,down,only partner,Male,normal,8,private or freelance work,2,228.74,1 per year,233.41,230.47,213.71,11,0,private garage,100 kW,Reg3,0
34,stable,same,Male,normal,4,private or freelance work,1,458.71,12 per year,458.73,435.05,433.1,15,11,unknown,100 kW,Reg14,0
71,stable,same,Male,medical,8,unknown,1,176.48,1 per year,176.49,191.91,173.26,14,0,private garage,75 kW,Reg12,1
45,stable,same,Male,normal,2,private or freelance work,1,292.4,2 per year,292.4,285.03,292.4,18,13,private garage,75 kW,Reg12,0
47,stable,same,Male,normal,0,private or freelance work,1,308.69,4 per year,308.7,430.3,323.75,17,12,private garage,125-300 kW,Reg4,0
36,stable,only partner,Female,normal,0,private or freelance work,1,266.5,4 per year,264.01,316.54,266.5,13,12,private garage,75 kW,Reg5,0
38,down,same,Female,medical,3,private or freelance work,1,749.38,1 per year,870.49,533.4,656.44,8,0,unknown,25-50 kW,Reg4,0
35,stable,only partner,Male,medical,0,private or freelance work,3,347.52,1 per year,347.54,449.35,322.24,12,8,private garage,75 kW,Reg8,0
51,stable,all drivers > 24,Female,medical,8,unknown,1,537.62,12 per year,537.64,425.83,537.64,14,6,street,75 kW,Reg9,0
23,down,only partner,Female,normal,0,private or freelance work,2,355.94,4 per year,363.2,423.99,338.99,12,9,street,75 kW,Reg11,0
39,stable,same,Male,normal,0,private or freelance work,1,162.39,12 per year,162.4,187.56,162.4,11,0,street,75 kW,Reg11,0
33,down,same,Male,normal,1,private or freelance work,1,378.65,2 per year,386.38,418.8,360.9,16,15,private garage,100 kW,Reg8,0
24,down,same,Male,normal,0,private or freelance work,1,507.13,4 per year,517.48,440.85,501.47,11,8,private garage,25-50 kW,Reg7,0
26,down,same,Male,medical,0,private or freelance work,1,352.64,4 per year,359.84,387.45,335.84,14,12,parking deck,75 kW,Reg10,1
42,stable,all drivers > 24,Male,medical,2,private or freelance work,1,344.38,1 per year,344.39,331.24,334.93,15,8,private garage,100 kW,Reg10,0
27,down,same,Male,medical,0,private or freelance work,1,429.25,1 per year,438.01,479.94,408.81,8,7,private garage,150 kW,Reg7,0
26,down,same,Female,normal,0,private or freelance work,1,554.28,4 per year,643.86,627.89,543.09,14,13,other,25-50 kW,Reg4,0
57,down,only partner,Male,normal,0,private or freelance work,1,174.13,4 per year,177.69,184.2,152.3,13,5,private garage,75 kW,Reg10,0
37,down,same,Female,medical,0,private or freelance work,1,279.32,1 per year,285.03,313.92,261.29,18,14,private garage,75 kW,Reg4,0
65,down,only partner,Male,normal,7,private or freelance work,2,323.0,2 per year,329.59,319.3,292.98,12,11,carport,125-300 kW,Reg3,0
46,stable,same,Female,normal,1,private or freelance work,1,227.97,4 per year,217.12,282.09,233.94,12,1,private garage,75 kW,Reg8,0
62,stable,all drivers > 24,Male,medical,0,private or freelance work,4,934.97,4 per year,934.99,1219.97,917.39,16,16,other,75 kW,Reg4,0
41,stable,same,Male,normal,3,private or freelance work,1,492.29,2 per year,492.3,343.41,492.3,15,13,street,75 kW,Reg5,0
40,down,same,Male,medical,0,private or freelance work,1,714.69,1 per year,830.2,760.91,649.73,11,10,street,75 kW,Reg14,0
33,down,same,Male,normal,2,private or freelance work,1,407.86,4 per year,416.19,298.81,347.75,16,8,other,100 kW,Reg1,1
44,stable,same,Female,medical,11,unknown,1,164.41,1 per year,164.41,161.32,164.41,13,2,private garage,25-50 kW,Reg7,0
29,down,same,Female,normal,0,private or freelance work,1,366.91,12 per year,382.86,421.67,319.05,14,13,parking deck,25-50 kW,Reg7,0
33,stable,only partner,Female,medical,0,private or freelance work,1,253.09,1 per year,253.1,398.77,253.1,13,8,street,75 kW,Reg7,0
38,down,only partner,Male,medical,1,private or freelance work,2,261.02,1 per year,266.35,380.91,242.14,14,8,private garage,125-300 kW,Reg8,0
39,down,only partner,Female,normal,2,private or freelance work,1,382.29,1 per year,390.09,324.28,360.07,14,8,other,75 kW,Reg9,1
45,stable,only partner,Male,medical,2,private or freelance work,1,191.42,1 per year,191.44,212.18,191.44,16,15,street,25-50 kW,Reg10,0
36,stable,only partner,Female,medical,0,private or freelance work,1,135.49,2 per year,135.5,170.44,141.76,9,8,parking deck,25-50 kW,Reg10,0
54,stable,same,Male,normal,8,unknown,1,481.3,1 per year,481.31,320.76,481.31,15,5,street,75 kW,Reg9,0
53,down,young drivers,Male,medical,0,private or freelance work,7,133.13,1 per year,135.85,202.81,120.78,10,2,private garage,75 kW,Reg8,1
69,stable,same,Male,normal,5,unknown,1,215.95,1 per year,215.96,171.53,213.94,17,0,unknown,75 kW,Reg14,0
33,up,only partner,Male,normal,0,private or freelance work,1,285.2,1 per year,213.9,346.75,285.2,10,0,private garage,75 kW,Reg7,0
50,down,same,Male,normal,2,private or freelance work,1,899.57,2 per year,1260.26,699.04,767.45,12,12,street,100 kW,Reg11,0
45,stable,only partner,Male,normal,1,private or freelance work,2,342.08,1 per year,342.08,288.68,342.08,7,6,private garage,100 kW,Reg7,1
34,stable,same,Male,normal,0,private or freelance work,2,317.91,4 per year,317.92,467.98,333.36,14,9,parking deck,125-300 kW,Reg12,0
45,down,same,Male,normal,4,private or freelance work,3,508.31,4 per year,518.69,480.99,428.15,13,7,unknown,100 kW,Reg9,0
37,stable,only partner,Male,normal,5,private or freelance work,2,370.15,4 per year,370.16,414.83,370.16,11,10,street,125-300 kW,Reg7,0
68,stable,only partner,Male,normal,5,private or freelance work,2,228.55,1 per year,228.56,220.97,212.28,15,0,private garage,75 kW,Reg11,1
38,down,all drivers > 24,Female,normal,0,private or freelance work,1,645.37,4 per year,673.42,726.81,525.1,16,15,parking deck,100 kW,Reg12,0
37,stable,only partner,Male,normal,0,private or freelance work,1,120.71,1 per year,120.73,154.16,120.73,10,2,private garage,100 kW,Reg12,1
64,down,same,Male,medical,9,unknown,1,314.56,1 per year,320.97,263.79,258.02,16,6,private garage,150 kW,Reg8,0
38,down,same,Male,normal,2,private or freelance work,1,311.91,4 per year,318.27,339.9,289.34,13,5,parking deck,75 kW,Reg4,0
58,stable,same,Male,normal,8,unknown,1,290.05,2 per year,290.05,235.05,290.05,13,5,private estate,100 kW,Reg10,1
34,down,same,Female,normal,0,private or freelance work,1,606.38,4 per year,704.38,647.36,561.65,12,12,other,75 kW,Reg3,0
42,down,all drivers > 24,Male,normal,3,private or freelance work,5,397.84,1 per year,405.96,317.8,365.36,18,9,unknown,25-50 kW,Reg3,0
40,stable,only partner,Male,medical,0,private or freelance work,1,399.58,12 per year,399.59,516.04,423.25,13,9,street,125-300 kW,Reg9,0
43,stable,same,Female,normal,3,private or freelance work,1,333.59,2 per year,333.59,329.85,333.59,14,10,carport,75 kW,Reg8,0
30,stable,same,Male,medical,0,private or freelance work,1,320.66,4 per year,320.68,373.18,320.68,16,12,other,75 kW,Reg8,0
58,down,same,Female,normal,9,private or freelance work,1,177.54,2 per year,181.16,211.6,161.03,11,2,parking deck,75 kW,Reg1,0
58,stable,same,Male,normal,6,private or freelance work,1,211.45,2 per year,211.46,204.0,217.41,17,10,street,75 kW,Reg14,0
41,stable,same,Male,medical,0,private or freelance work,1,286.12,1 per year,286.12,362.15,286.12,14,13,carport,75 kW,Reg1,0
53,stable,only partner,Male,medical,3,private or freelance work,1,397.57,4 per year,397.59,328.52,382.99,15,0,unknown,75 kW,Reg4,0
43,down,young drivers,Female,normal,0,private or freelance work,2,497.52,2 per year,507.68,468.05,479.66,10,7,parking deck,100 kW,Reg3,0
37,down,only partner,Male,normal,4,private or freelance work,1,484.33,4 per year,494.21,326.42,428.33,14,8,unknown,150 kW,Reg14,0
37,stable,same,Female,normal,0,private or freelance work,1,187.93,1 per year,187.94,283.96,187.94,14,6,street,75 kW,Reg7,0
41,stable,same,Male,medical,0,private or freelance work,1,300.74,1 per year,300.75,427.18,279.05,15,13,underground garage,25-50 kW,Reg8,1
71,down,only partner,Male,normal,0,private or freelance work,1,836.18,4 per year,971.32,877.19,760.16,16,15,parking deck,75 kW,Reg7,1
40,down,same,Male,normal,0,private or freelance work,1,225.23,1 per year,229.83,185.65,196.99,10,5,other,75 kW,Reg7,0
63,down,same,Male,medical,8,unknown,1,221.91,1 per year,226.44,147.36,194.09,15,6,private garage,75 kW,Reg11,0
34,down,same,Male,normal,2,private or freelance work,1,508.22,12 per year,518.59,371.69,444.5,12,10,private garage,75 kW,Reg5,0
49,down,only partner,Female,medical,6,unknown,1,267.81,1 per year,273.27,256.4,245.95,17,10,private garage,25-50 kW,Reg3,0
33,stable,same,Female,normal,0,private or freelance work,1,186.21,1 per year,186.22,234.16,186.22,11,4,private garage,125-300 kW,Reg10,0
37,stable,same,Male,normal,1,private or freelance work,1,232.81,1 per year,232.82,266.68,232.82,6,0,private garage,75 kW,Reg7,0
40,down,same,Male,normal,0,private or freelance work,1,425.75,12 per year,434.44,390.02,372.4,16,11,carport,75 kW,Reg3,1
35,stable,same,Male,normal,0,private or freelance work,1,333.86,4 per year,333.88,352.44,356.76,12,12,parking deck,75 kW,Reg8,0
43,stable,young drivers,Male,normal,0,private or freelance work,1,259.98,2 per year,259.99,252.45,259.99,14,13,other,25-50 kW,Reg10,0
33,down,only partner,Female,medical,0,private or freelance work,1,762.18,4 per year,885.36,774.55,660.71,1,0,private garage,125-300 kW,Reg5,0
55,stable,only partner,Male,medical,7,unknown,1,271.66,12 per year,271.67,257.79,276.67,9,1,private garage,100 kW,Reg6,0
39,down,same,Male,normal,1,private or freelance work,3,507.2,2 per year,517.55,398.68,423.25,16,15,private garage,75 kW,Reg12,0
35,stable,all drivers > 24,Female,normal,0,private or freelance work,1,208.7,12 per year,208.71,254.79,208.71,10,6,parking deck,100 kW,Reg10,0
29,stable,all drivers > 24,Male,normal,1,private or freelance work,1,239.6,1 per year,239.61,254.03,237.41,18,10,private garage,75 kW,Reg3,0
37,down,all drivers > 24,Male,medical,1,private or freelance work,2,217.36,12 per year,221.8,240.81,197.16,17,8,underground garage,75 kW,Reg10,0
56,stable,same,Female,medical,0,private or freelance work,1,188.36,2 per year,188.37,274.43,188.37,16,12,parking deck,75 kW,Reg4,0
59,stable,only partner,Male,normal,1,private or freelance work,1,261.26,1 per year,261.28,272.51,261.25,8,8,private garage,100 kW,Reg8,1
29,down,only partner,Female,medical,0,private or freelance work,1,650.18,12 per year,755.26,724.46,591.07,15,15,private garage,75 kW,Reg7,0
46,stable,only partner,Male,medical,7,private or freelance work,1,189.49,1 per year,189.5,206.25,189.5,16,9,private garage,75 kW,Reg3,0
31,stable,only partner,Male,normal,0,private or freelance work,1,314.62,4 per year,302.89,377.8,314.62,15,14,parking deck,75 kW,Reg8,0
58,stable,same,Male,medical,9,unknown,1,214.86,1 per year,214.87,206.54,205.35,11,1,private garage,100 kW,Reg7,0
43,down,same,Male,normal,6,private or freelance work,1,255.25,1 per year,260.46,261.55,227.91,10,3,parking deck,100 kW,Reg8,0
68,stable,only partner,Male,medical,0,private or freelance work,2,190.74,4 per year,190.75,260.64,190.75,12,10,other,150 kW,Reg7,0
22,down,all drivers > 24,Female,medical,0,private or freelance work,3,626.14,1 per year,727.34,747.59,569.21,17,16,other,25-50 kW,Reg4,0
51,stable,only partner,Male,medical,3,private or freelance work,1,235.97,1 per year,235.99,207.81,220.99,8,0,unknown,175 kW,Reg5,0
48,stable,only partner,Male,medical,8,unknown,1,302.29,1 per year,302.3,225.94,302.3,8,0,private garage,75 kW,Reg1,0
64,down,same,Male,normal,6,unknown,1,374.9,1 per year,382.55,339.01,322.86,14,7,private garage,75 kW,Reg7,0
64,down,all drivers > 24,Male,normal,0,private or freelance work,1,253.83,1 per year,259.01,361.97,235.48,13,7,parking deck,75 kW,Reg5,0
34,down,all drivers > 24,Male,normal,0,private or freelance work,1,698.2,1 per year,811.04,803.92,640.75,17,16,parking deck,75 kW,Reg4,0
25,stable,only partner,Female,medical,2,private or freelance work,2,391.69,4 per year,391.7,273.71,391.7,12,7,other,75 kW,Reg11,1
34,down,only partner,Male,medical,1,private or freelance work,1,146.69,1 per year,149.69,181.72,124.04,16,7,other,100 kW,Reg10,0
42,down,same,Female,medical,4,private or freelance work,1,382.75,12 per year,390.56,264.48,350.45,10,5,unknown,75 kW,Reg11,0
49,up,only partner,Male,normal,7,private or freelance work,2,625.81,4 per year,500.65,499.71,608.42,17,16,private garage,25-50 kW,Reg14,0
34,stable,all drivers > 24,Male,medical,0,private or freelance work,1,161.01,1 per year,161.03,210.35,161.03,11,3,carport,100 kW,Reg10,0
30,stable,only partner,Male,medical,0,private or freelance work,1,685.94,4 per year,685.95,880.44,712.21,16,16,private garage,75 kW,Reg6,0
33,down,only partner,Male,medical,1,private or freelance work,1,285.9,1 per year,291.74,278.4,252.18,18,13,private garage,75 kW,Reg8,0
71,up,all drivers > 24,Male,normal,7,private or freelance work,1,499.21,2 per year,363.06,627.26,499.21,17,10,private garage,100 kW,Reg4,0
41,stable,only partner,Male,normal,0,private or freelance work,1,169.48,1 per year,169.49,210.69,175.93,10,0,street,75 kW,Reg6,0
51,stable,same,Male,medical,2,private or freelance work,1,165.64,1 per year,165.65,159.65,165.65,16,2,private garage,75 kW,Reg10,0
35,stable,same,Female,normal,2,private or freelance work,1,261.64,12 per year,261.65,235.3,261.65,16,10,parking deck,100 kW,Reg10,0
24,down,same,Female,medical,3,private or freelance work,1,712.4,2 per year,726.94,454.41,629.03,11,8,unknown,75 kW,Reg6,0
53,down,same,Male,normal,7,unknown,1,789.86,12 per year,805.98,513.19,663.75,12,5,street,75 kW,Reg5,0
48,down,same,Male,normal,0,private or freelance work,1,598.18,1 per year,624.19,669.09,515.25,14,14,street,100 kW,Reg3,0
35,stable,only partner,Male,normal,1,private or freelance work,1,403.19,1 per year,403.2,373.96,359.41,8,5,private garage,150 kW,Reg3,0
46,stable,young drivers,Female,normal,0,private or freelance work,1,222.0,2 per year,222.01,368.91,222.01,14,10,street,75 kW,Reg4,0
36,down,same,Male,normal,0,private or freelance work,1,725.06,4 per year,842.24,691.85,646.84,12,12,private garage,75 kW,Reg4,0
57,stable,all drivers > 24,Female,normal,0,private or freelance work,1,267.48,1 per year,267.49,330.55,267.49,14,11,underground garage,125-300 kW,Reg4,0
35,down,only partner,Male,normal,0,private or freelance work,2,355.41,1 per year,370.86,424.11,309.06,10,8,other,25-50 kW,Reg12,1
42,stable,only partner,Male,normal,7,unknown,1,250.95,2 per year,250.96,189.94,253.21,12,5,private garage,100 kW,Reg5,0
62,stable,same,Male,normal,7,unknown,1,249.3,1 per year,249.31,222.26,249.31,12,0,private estate,75 kW,Reg5,0
33,stable,same,Male,normal,2,private or freelance work,1,328.54,4 per year,328.55,290.4,328.55,16,10,private garage,100 kW,Reg10,0
39,down,only partner,Female,normal,0,private or freelance work,1,746.0,12 per year,866.56,773.35,678.19,11,10,private garage,75 kW,Reg7,0
75,stable,only partner,Male,normal,5,unknown,10,175.56,1 per year,175.58,197.89,178.76,14,0,unknown,100 kW,Reg8,0
40,down,same,Male,normal,0,private or freelance work,1,575.04,4 per year,600.04,631.64,529.4,14,12,street,25-50 kW,Reg9,0
56,down,young drivers,Male,medical,0,private or freelance work,3,221.01,1 per year,225.52,292.14,205.03,16,6,carport,25-50 kW,Reg7,0
37,down,only partner,Male,medical,2,private or freelance work,1,630.8,4 per year,643.68,465.93,551.73,14,10,street,75 kW,Reg8,1
34,stable,same,Female,medical,1,private or freelance work,1,182.21,1 per year,182.22,203.05,182.22,12,3,carport,75 kW,Reg12,1
58,down,all drivers > 24,Female,normal,1,private or freelance work,1,590.36,4 per year,602.41,570.3,552.21,18,13,parking deck,100 kW,Reg5,0
82,stable,same,Male,normal,7,unknown,1,102.8,1 per year,102.81,80.41,101.09,12,4,private garage,25-50 kW,Reg11,0
43,stable,young drivers,Female,medical,0,private or freelance work,1,275.49,1 per year,275.5,360.55,265.3,14,12,other,25-50 kW,Reg12,0
51,down,young drivers,Male,normal,0,private or freelance work,1,228.93,4 per year,233.6,279.69,208.3,15,11,street,25-50 kW,Reg6,0
32,down,only partner,Female,medical,2,private or freelance work,1,329.16,12 per year,335.88,318.6,305.34,9,0,street,25-50 kW,Reg2,0
65,down,all drivers > 24,Male,normal,0,private or freelance work,1,296.11,1 per year,302.15,253.75,251.03,14,9,other,25-50 kW,Reg13,0
37,stable,only partner,Female,medical,3,private or freelance work,1,180.03,12 per year,180.04,238.05,188.55,9,3,private garage,75 kW,Reg4,0
33,down,same,Male,normal,1,private or freelance work,1,678.72,4 per year,708.23,570.28,590.19,18,18,street,75 kW,Reg7,0
59,stable,same,Male,normal,8,unknown,2,251.88,1 per year,251.88,203.78,251.88,16,2,private estate,125-300 kW,Reg1,0
35,stable,only partner,Male,medical,0,private or freelance work,1,230.45,4 per year,230.46,302.77,230.46,17,15,private garage,75 kW,Reg8,0
30,stable,only partner,Female,medical,1,private or freelance work,1,174.26,2 per year,174.27,203.39,169.6,12,6,private garage,25-50 kW,Reg14,0
38,down,same,Male,normal,2,private or freelance work,1,418.31,4 per year,426.85,372.38,391.27,15,7,private garage,100 kW,Reg11,0
33,down,all drivers > 24,Male,normal,4,private or freelance work,1,437.96,12 per year,446.9,372.57,406.27,18,18,street,125-300 kW,Reg7,0
50,stable,only partner,Male,medical,7,unknown,2,291.21,1 per year,291.22,276.01,291.22,12,5,private estate,25-50 kW,Reg7,0
38,stable,only partner,Male,normal,5,unknown,1,254.49,1 per year,254.5,223.08,256.77,18,3,unknown,100 kW,Reg8,0
39,down,same,Male,normal,1,private or freelance work,1,534.53,1 per year,557.78,507.11,464.81,18,18,private garage,75 kW,Reg4,0
69,stable,all drivers > 24,Female,normal,2,private or freelance work,1,342.94,2 per year,342.95,342.15,342.95,16,9,private garage,75 kW,Reg14,1
74,up,only partner,Male,normal,0,private or freelance work,1,278.12,4 per year,185.41,380.93,278.11,13,13,private garage,75 kW,Reg6,0
50,down,same,Male,normal,1,private or freelance work,4,173.02,1 per year,176.55,205.04,147.52,18,14,private garage,75 kW,Reg11,1
38,down,same,Male,normal,7,private or freelance work,1,204.65,12 per year,208.82,263.39,187.94,16,9,underground garage,25-50 kW,Reg14,0
33,stable,same,Male,normal,2,private or freelance work,2,328.06,4 per year,328.07,330.97,318.88,18,18,other,75 kW,Reg5,0
39,down,same,Male,medical,0,private or freelance work,2,229.2,1 per year,233.88,265.21,223.96,17,14,street,25-50 kW,Reg13,0
44,down,only partner,Male,normal,6,private or freelance work,2,292.6,1 per year,298.58,233.92,279.2,4,4,carport,75 kW,Reg8,0
55,stable,same,Male,normal,0,private or freelance work,1,242.13,1 per year,242.14,339.26,237.67,18,12,private garage,75 kW,Reg8,1
40,stable,same,Female,medical,8,unknown,1,431.35,4 per year,431.36,373.21,407.57,13,4,private estate,25-50 kW,Reg8,0
36,down,only partner,Male,medical,2,private or freelance work,1,314.02,4 per year,320.42,245.04,284.83,15,13,private garage,25-50 kW,Reg4,0
53,stable,same,Female,normal,0,private or freelance work,1,263.34,4 per year,263.35,346.94,278.59,13,6,private garage,25-50 kW,Reg4,0
43,stable,only partner,Female,medical,1,private or freelance work,1,223.95,4 per year,223.96,326.29,223.96,17,10,private garage,100 kW,Reg2,0
55,stable,all drivers > 24,Female,normal,3,private or freelance work,1,366.35,1 per year,366.35,284.83,366.35,13,10,parking deck,100 kW,Reg3,0
72,stable,only partner,Male,normal,0,private or freelance work,3,178.54,1 per year,178.55,214.88,178.55,14,0,private garage,75 kW,Reg8,0
36,down,only partner,Male,medical,0,private or freelance work,1,692.17,2 per year,804.04,864.91,605.76,18,17,other,25-50 kW,Reg8,0
32,down,young drivers,Male,normal,0,private or freelance work,1,494.18,1 per year,504.26,550.49,432.2,18,18,street,75 kW,Reg1,1
64,down,same,Male,normal,0,private or freelance work,1,339.18,1 per year,346.1,312.65,267.49,7,7,carport,100 kW,Reg6,0
24,down,same,Female,normal,0,private or freelance work,1,305.6,4 per year,311.84,343.84,250.59,15,11,other,25-50 kW,Reg10,0
45,stable,same,Female,normal,2,private or freelance work,1,355.25,4 per year,355.26,346.19,372.21,17,10,private garage,125-300 kW,Reg7,1
30,stable,all drivers > 24,Male,normal,0,private or freelance work,1,304.03,4 per year,304.04,359.8,331.09,10,6,other,100 kW,Reg7,0
22,down,same,Male,normal,0,private or freelance work,1,378.65,4 per year,386.38,439.36,331.18,17,13,street,75 kW,Reg7,0
31,down,only partner,Female,medical,0,private or freelance work,1,228.27,4 per year,232.92,225.04,211.75,9,8,carport,25-50 kW,Reg11,0
29,up,only partner,Female,normal,0,private or freelance work,1,519.41,2 per year,415.53,746.26,571.38,7,5,private garage,125-300 kW,Reg4,0
48,down,only partner,Male,normal,0,private or freelance work,1,1049.87,2 per year,1071.3,682.04,999.88,12,10,private garage,100 kW,Reg8,1
45,down,same,Male,normal,9,unknown,2,288.7,2 per year,294.59,198.38,274.03,11,0,street,125-300 kW,Reg7,0
55,stable,only partner,Male,medical,6,private or freelance work,3,182.96,1 per year,182.96,225.41,182.96,14,8,private garage,125-300 kW,Reg3,0
38,down,only partner,Female,normal,0,private or freelance work,1,503.71,1 per year,525.61,564.43,438.01,8,8,private garage,150 kW,Reg7,0
56,stable,only partner,Male,normal,1,private or freelance work,1,344.8,1 per year,344.8,282.45,344.8,15,14,private garage,100 kW,Reg8,0
68,stable,only partner,Male,normal,1,private or freelance work,1,144.67,1 per year,144.69,154.93,135.68,18,2,underground garage,75 kW,Reg7,0
41,stable,same,Male,medical,0,private or freelance work,2,170.31,1 per year,170.32,207.47,170.32,9,5,private garage,125-300 kW,Reg6,0
36,stable,same,Male,medical,1,private or freelance work,1,171.19,1 per year,171.2,223.9,161.96,12,2,street,100 kW,Reg12,0
44,stable,only partner,Female,normal,4,private or freelance work,1,426.58,2 per year,410.65,345.81,426.58,11,9,private garage,75 kW,Reg8,1
50,down,young drivers,Male,normal,3,private or freelance work,2,558.49,4 per year,569.89,335.26,523.04,15,12,parking deck,25-50 kW,Reg6,0
42,stable,only partner,Male,medical,4,private or freelance work,3,185.6,1 per year,185.61,170.26,177.35,16,6,unknown,75 kW,Reg6,0
65,stable,same,Male,normal,0,private or freelance work,1,218.68,12 per year,218.68,341.06,218.68,17,12,street,100 kW,Reg1,0
46,down,same,Female,medical,2,private or freelance work,1,452.2,1 per year,461.43,369.45,370.81,17,9,street,100 kW,Reg5,0
39,down,all drivers > 24,Male,normal,1,private or freelance work,1,461.73,12 per year,471.15,459.52,403.85,15,14,street,25-50 kW,Reg4,0
40,down,only partner,Male,normal,4,private or freelance work,1,283.2,1 per year,288.97,252.03,259.68,13,10,private garage,125-300 kW,Reg8,0
43,stable,only partner,Male,normal,1,private or freelance work,1,159.14,1 per year,159.15,191.41,165.13,18,15,carport,75 kW,Reg8,0
57,stable,young drivers,Male,normal,3,private or freelance work,1,568.8,1 per year,568.81,387.89,568.81,17,9,unknown,75 kW,Reg8,0
36,stable,only partner,Male,medical,0,private or freelance work,2,262.79,1 per year,262.8,414.41,262.8,17,10,carport,75 kW,Reg4,0
44,down,same,Female,normal,0,private or freelance work,2,559.95,1 per year,571.38,564.52,543.59,10,9,street,100 kW,Reg8,0
32,down,only partner,Female,normal,1,private or freelance work,1,843.8,12 per year,880.49,709.75,719.84,12,11,carport,100 kW,Reg4,0
30,stable,same,Female,medical,0,private or freelance work,1,295.16,4 per year,295.16,387.15,295.16,11,8,street,75 kW,Reg12,0
52,stable,young drivers,Male,medical,1,private or freelance work,1,351.55,2 per year,351.56,341.88,329.35,16,8,carport,75 kW,Reg8,0
55,down,young drivers,Male,normal,0,private or freelance work,1,372.88,4 per year,380.49,585.25,382.74,14,11,street,25-50 kW,Reg5,0
42,stable,same,Male,normal,0,private or freelance work,1,140.46,1 per year,140.47,226.89,140.47,13,7,private garage,100 kW,Reg14,1
46,stable,young drivers,Female,medical,0,private or freelance work,3,174.93,1 per year,174.94,280.89,174.94,16,13,street,75 kW,Reg8,0
48,stable,only partner,Male,medical,8,private or freelance work,2,281.26,1 per year,281.26,283.01,281.26,9,1,carport,25-50 kW,Reg8,0
78,stable,same,Male,normal,7,unknown,1,216.74,1 per year,216.75,248.04,214.84,17,9,private garage,75 kW,Reg4,0
44,stable,only partner,Male,normal,0,private or freelance work,1,182.08,1 per year,182.09,260.55,170.91,18,11,private garage,100 kW,Reg5,0
44,stable,same,Male,medical,8,unknown,1,349.78,1 per year,337.0,359.11,349.78,14,4,private garage,100 kW,Reg7,0
28,stable,all drivers > 24,Female,medical,0,private or freelance work,1,334.23,2 per year,334.24,428.35,309.83,15,12,private garage,100 kW,Reg8,0
38,stable,only partner,Male,medical,1,private or freelance work,1,271.56,1 per year,271.57,346.97,271.57,14,11,street,75 kW,Reg6,0
44,down,same,Male,medical,0,private or freelance work,1,233.29,2 per year,238.05,264.9,208.3,17,11,street,75 kW,Reg14,0
27,down,only partner,Female,normal,0,private or freelance work,1,844.2,4 per year,980.64,827.89,767.45,18,18,other,100 kW,Reg4,0
45,stable,young drivers,Male,medical,0,private or freelance work,1,1234.38,4 per year,1234.39,1285.09,1234.39,15,15,parking deck,75 kW,Reg4,0
76,stable,same,Male,normal,6,unknown,1,236.41,1 per year,236.41,242.54,236.41,7,0,private garage,25-50 kW,Reg8,0
36,stable,same,Male,medical,0,private or freelance work,1,133.37,4 per year,133.39,163.49,139.62,14,11,parking deck,25-50 kW,Reg10,0
31,down,same,Male,medical,0,private or freelance work,1,532.84,1 per year,618.95,628.91,484.39,8,8,private garage,75 kW,Reg8,0
46,stable,same,Male,normal,1,private or freelance work,1,410.22,4 per year,410.24,449.64,410.24,14,7,parking deck,75 kW,Reg2,0
40,down,only partner,Male,normal,2,private or freelance work,1,524.15,2 per year,534.85,358.12,485.64,10,0,other,25-50 kW,Reg12,1
65,stable,all drivers > 24,Male,normal,7,unknown,1,721.91,4 per year,721.92,559.2,756.51,18,11,private garage,75 kW,Reg3,0
28,down,same,Male,normal,0,private or freelance work,1,399.03,2 per year,407.17,382.3,356.3,14,13,private garage,25-50 kW,Reg8,0
43,down,only partner,Female,medical,6,private or freelance work,2,285.99,2 per year,291.83,288.61,262.86,14,3,street,125-300 kW,Reg5,0
40,stable,only partner,Female,medical,0,private or freelance work,2,259.1,1 per year,259.11,260.8,259.11,10,9,private garage,75 kW,Reg8,0
27,down,only partner,Female,normal,2,private or freelance work,1,766.65,4 per year,799.99,571.9,648.02,12,10,carport,25-50 kW,Reg8,0
53,stable,only partner,Female,normal,0,private or freelance work,1,731.25,4 per year,731.26,736.44,731.26,18,18,private garage,75 kW,Reg7,1
32,down,same,Male,normal,1,private or freelance work,1,333.45,1 per year,340.25,334.17,309.33,12,9,private garage,75 kW,Reg7,0
38,stable,same,Male,normal,0,private or freelance work,2,183.19,4 per year,183.2,223.86,167.05,13,7,private garage,100 kW,Reg12,0
40,stable,same,Male,medical,6,unknown,1,243.33,4 per year,243.34,231.42,230.74,10,4,private garage,125-300 kW,Reg9,0
43,stable,same,Female,medical,10,unknown,1,193.56,1 per year,193.58,144.72,193.58,15,3,private garage,75 kW,Reg2,0
35,down,only partner,Male,medical,0,private or freelance work,2,458.53,4 per year,478.46,569.09,398.73,14,14,private garage,25-50 kW,Reg7,0
36,stable,only partner,Male,medical,1,private or freelance work,1,225.34,1 per year,225.35,316.89,242.78,16,8,carport,75 kW,Reg1,0
41,down,only partner,Male,medical,1,private or freelance work,1,186.96,4 per year,190.77,201.65,170.03,14,2,other,75 kW,Reg10,0
51,stable,same,Female,normal,1,private or freelance work,1,391.36,1 per year,391.38,396.44,391.38,5,0,other,100 kW,Reg8,0
52,stable,young drivers,Male,normal,0,private or freelance work,2,304.98,2 per year,304.99,367.9,313.95,10,8,parking deck,75 kW,Reg9,0
29,down,only partner,Male,normal,0,private or freelance work,1,477.8,2 per year,487.55,362.89,442.74,13,10,private garage,100 kW,Reg8,0
23,down,same,Female,normal,1,private or freelance work,1,734.41,2 per year,766.34,501.56,638.61,14,13,private garage,25-50 kW,Reg4,0
37,stable,only partner,Male,normal,5,unknown,2,212.84,1 per year,212.85,237.54,202.0,12,3,unknown,100 kW,Reg5,0
43,stable,same,Male,normal,1,private or freelance work,1,256.91,1 per year,256.91,346.62,256.91,13,6,street,100 kW,Reg4,1
34,down,same,Male,normal,1,private or freelance work,1,581.92,12 per year,593.8,454.19,528.46,16,2,street,100 kW,Reg9,0
61,stable,same,Male,normal,0,private or freelance work,1,147.51,2 per year,147.52,229.4,147.52,16,3,private garage,150 kW,Reg10,1
33,stable,only partner,Male,normal,1,private or freelance work,2,240.6,1 per year,240.61,248.17,247.4,14,7,parking deck,25-50 kW,Reg12,0
31,stable,same,Male,normal,1,private or freelance work,1,440.19,4 per year,440.2,385.02,457.37,9,7,street,75 kW,Reg9,0
41,down,same,Male,normal,2,private or freelance work,1,453.45,2 per year,462.7,469.52,420.64,14,10,street,125-300 kW,Reg4,0
48,stable,only partner,Male,medical,5,private or freelance work,2,315.29,1 per year,315.3,282.98,315.3,13,11,carport,75 kW,Reg5,0
59,stable,all drivers > 24,Female,normal,1,private or freelance work,1,282.3,4 per year,282.31,290.03,304.07,17,12,private garage,25-50 kW,Reg8,0
25,down,same,Female,normal,0,private or freelance work,1,485.93,4 per year,495.85,503.51,449.91,12,8,other,75 kW,Reg10,0
74,stable,all drivers > 24,Female,normal,2,private or freelance work,1,238.04,4 per year,238.05,325.35,238.05,18,0,private garage,125-300 kW,Reg4,0
45,stable,only partner,Male,normal,8,private or freelance work,1,238.04,1 per year,238.05,328.8,249.56,14,3,carport,125-300 kW,Reg4,1
69,stable,same,Female,normal,0,private or freelance work,1,224.96,1 per year,224.97,327.52,224.97,18,14,private garage,100 kW,Reg4,0
56,down,same,Male,normal,7,private or freelance work,2,279.24,2 per year,284.94,300.65,244.23,18,11,private garage,125-300 kW,Reg8,0
35,down,same,Male,medical,0,private or freelance work,1,493.01,2 per year,572.69,543.29,478.47,10,8,street,75 kW,Reg4,0
43,stable,same,Female,normal,0,private or freelance work,1,249.06,4 per year,249.07,274.86,268.41,12,12,private garage,25-50 kW,Reg13,0
30,stable,only partner,Female,normal,1,private or freelance work,2,276.06,2 per year,276.08,289.32,281.29,11,8,parking deck,75 kW,Reg7,0
57,stable,only partner,Female,medical,1,private or freelance work,2,516.4,1 per year,516.41,512.25,547.14,11,11,parking deck,75 kW,Reg9,0
54,stable,only partner,Male,normal,5,unknown,1,307.82,1 per year,307.82,274.09,307.82,18,6,unknown,75 kW,Reg8,0
33,down,same,Male,normal,1,private or freelance work,1,339.78,4 per year,346.71,388.61,332.74,3,1,other,75 kW,Reg13,1
45,stable,only partner,Female,medical,1,private or freelance work,1,323.24,1 per year,323.25,386.5,314.2,16,13,other,100 kW,Reg5,0
27,down,same,Female,normal,1,private or freelance work,1,527.73,4 per year,739.34,522.92,438.18,17,16,private garage,75 kW,Reg7,0
54,stable,only partner,Male,medical,0,private or freelance work,1,169.16,4 per year,169.17,201.28,169.17,15,13,private garage,100 kW,Reg3,0
50,stable,same,Female,normal,0,private or freelance work,1,346.4,1 per year,346.41,504.07,366.69,17,12,street,75 kW,Reg9,1
36,down,same,Female,normal,0,private or freelance work,1,177.89,4 per year,181.53,257.25,158.82,17,10,parking deck,25-50 kW,Reg12,0
36,down,only partner,Male,medical,0,private or freelance work,2,302.91,2 per year,316.08,357.98,263.4,11,7,carport,25-50 kW,Reg12,0
43,down,same,Female,medical,0,private or freelance work,1,359.26,1 per year,366.59,434.5,326.61,15,0,carport,75 kW,Reg6,1
78,stable,only partner,Male,normal,7,unknown,1,337.84,1 per year,337.85,259.96,331.55,7,0,street,100 kW,Reg8,0
42,stable,same,Male,normal,8,private or freelance work,1,408.87,4 per year,408.89,329.54,397.46,16,11,unknown,100 kW,Reg6,0
32,stable,all drivers > 24,Male,normal,2,private or freelance work,1,299.94,1 per year,299.95,319.76,299.95,10,3,street,75 kW,Reg4,0
43,down,same,Male,normal,0,private or freelance work,2,500.2,4 per year,510.41,456.15,409.79,15,15,street,25-50 kW,Reg12,0
37,stable,only partner,Male,normal,1,private or freelance work,1,287.16,1 per year,287.18,306.75,287.18,13,0,other,75 kW,Reg5,0
38,stable,same,Male,normal,9,private or freelance work,1,277.94,1 per year,277.95,273.32,302.53,18,6,street,125-300 kW,Reg4,1
48,down,only partner,Male,normal,9,private or freelance work,3,297.2,1 per year,303.26,314.35,272.94,12,0,underground garage,125-300 kW,Reg5,0
38,stable,young drivers,Male,normal,0,private or freelance work,2,493.21,4 per year,493.22,588.69,493.22,13,9,street,75 kW,Reg4,1
28,stable,same,Female,medical,0,private or freelance work,1,377.27,4 per year,377.29,484.07,377.29,14,12,carport,150 kW,Reg4,0
40,down,only partner,Male,medical,2,private or freelance work,1,464.76,12 per year,474.25,361.99,415.19,18,13,underground garage,100 kW,Reg14,0
33,stable,same,Male,normal,1,private or freelance work,1,279.27,12 per year,279.29,294.83,274.11,9,8,private garage,75 kW,Reg4,1
68,stable,young drivers,Male,normal,0,private or freelance work,1,210.26,4 per year,210.28,302.94,200.59,14,10,other,25-50 kW,Reg4,0
34,down,same,Male,medical,0,private or freelance work,1,490.83,4 per year,500.85,523.71,467.46,12,11,carport,75 kW,Reg5,0
33,down,same,Male,normal,1,private or freelance work,1,681.11,12 per year,695.01,634.7,579.17,12,11,other,100 kW,Reg5,0
26,stable,same,Female,medical,0,private or freelance work,1,171.86,1 per year,171.88,280.9,184.65,15,10,street,25-50 kW,Reg14,0
46,down,young drivers,Female,normal,0,private or freelance work,1,928.87,4 per year,1078.99,944.5,844.45,17,16,carport,75 kW,Reg4,0
28,stable,same,Male,normal,0,private or freelance work,1,570.61,4 per year,570.62,625.52,587.21,18,18,private garage,100 kW,Reg8,0
42,stable,only partner,Female,medical,8,unknown,2,217.18,1 per year,217.19,189.81,202.04,18,9,street,25-50 kW,Reg5,0
44,down,same,Female,normal,7,unknown,1,482.88,1 per year,492.74,255.34,447.46,17,10,street,75 kW,Reg5,0
41,down,same,Female,medical,8,unknown,1,377.62,4 per year,385.33,323.75,369.4,17,9,street,25-50 kW,Reg9,0
44,stable,young drivers,Female,medical,0,private or freelance work,1,275.97,1 per year,275.99,370.01,270.86,6,1,parking deck,25-50 kW,Reg4,0
44,stable,only partner,Female,medical,2,private or freelance work,1,169.04,12 per year,169.05,218.91,177.08,12,2,private garage,100 kW,Reg3,0
68,stable,only partner,Male,normal,1,private or freelance work,2,191.41,1 per year,191.42,282.67,204.21,14,2,private garage,75 kW,Reg4,0
36,stable,only partner,Female,medical,0,private or freelance work,1,153.81,2 per year,153.82,206.3,147.06,10,3,other,25-50 kW,Reg7,1
61,stable,only partner,Male,normal,2,private or freelance work,1,320.12,1 per year,320.14,234.97,269.85,15,0,street,125-300 kW,Reg12,0
57,down,only partner,Female,medical,3,private or freelance work,2,399.85,12 per year,408.01,261.95,352.65,15,8,unknown,75 kW,Reg13,0
45,stable,all drivers > 24,Male,normal,1,private or freelance work,2,352.92,1 per year,352.94,484.03,363.16,15,8,street,100 kW,Reg9,1
33,down,same,Female,medical,0,private or freelance work,1,144.12,1 per year,147.06,203.08,130.73,18,8,street,75 kW,Reg12,0
42,stable,only partner,Male,normal,5,private or freelance work,1,298.79,1 per year,298.79,284.01,298.79,13,12,private garage,100 kW,Reg6,0
25,down,same,Male,normal,1,private or freelance work,1,996.68,12 per year,1040.01,672.11,834.34,13,11,private garage,75 kW,Reg4,0
35,down,same,Male,normal,0,private or freelance work,1,235.09,2 per year,239.89,306.82,215.9,18,16,private garage,100 kW,Reg12,0
54,down,same,Female,normal,2,private or freelance work,1,693.6,12 per year,707.75,498.12,679.51,12,10,other,75 kW,Reg6,0
41,down,same,Female,medical,0,private or freelance work,2,359.26,4 per year,366.59,426.06,335.84,12,9,street,75 kW,Reg14,0
40,stable,same,Male,medical,7,unknown,2,320.26,1 per year,320.28,199.61,323.22,14,6,street,100 kW,Reg1,0
42,up,only partner,Female,medical,2,private or freelance work,1,936.64,12 per year,610.85,686.46,972.11,12,10,parking deck,75 kW,Reg9,0
39,stable,same,Male,medical,0,private or freelance work,1,140.89,1 per year,140.9,197.16,140.9,11,3,carport,100 kW,Reg4,0
55,stable,only partner,Male,normal,1,private or freelance work,2,301.33,4 per year,301.34,275.98,289.99,14,12,street,100 kW,Reg6,0
38,stable,only partner,Male,medical,1,private or freelance work,6,154.84,1 per year,154.85,149.3,154.85,8,4,private garage,75 kW,Reg8,1
36,stable,same,Male,medical,0,private or freelance work,1,241.48,1 per year,241.49,266.77,239.24,5,0,street,100 kW,Reg3,0
48,stable,same,Male,medical,11,private or freelance work,2,213.82,2 per year,213.82,179.64,213.82,14,0,private garage,225 kW,Reg5,0
63,down,same,Male,normal,0,private or freelance work,1,273.43,1 per year,317.63,194.66,248.58,18,18,parking deck,100 kW,Reg7,0
47,stable,same,Female,medical,8,unknown,2,270.52,1 per year,270.54,225.79,263.39,12,0,private garage,100 kW,Reg14,0
37,down,only partner,Male,medical,3,private or freelance work,2,347.02,12 per year,354.1,318.98,321.91,9,7,parking deck,25-50 kW,Reg2,0
43,stable,same,Female,medical,3,private or freelance work,1,454.34,1 per year,454.35,401.57,476.11,10,5,unknown,100 kW,Reg1,0
44,down,young drivers,Female,medical,0,private or freelance work,1,348.05,1 per year,355.15,446.01,328.09,15,13,street,75 kW,Reg7,0
26,down,same,Male,normal,0,private or freelance work,1,538.13,12 per year,561.53,452.0,467.94,17,15,private garage,75 kW,Reg13,0
34,stable,same,Female,medical,1,private or freelance work,1,205.3,1 per year,205.31,278.07,205.31,10,5,carport,75 kW,Reg3,0
23,stable,young drivers,Female,normal,0,private or freelance work,2,706.6,4 per year,706.61,655.96,836.07,13,13,private garage,25-50 kW,Reg3,0
41,stable,same,Male,medical,6,unknown,3,377.51,2 per year,377.52,274.64,377.52,13,6,street,25-50 kW,Reg4,1
84,stable,all drivers > 24,Male,normal,10,unknown,1,201.42,1 per year,199.55,161.91,201.42,13,0,private garage,25-50 kW,Reg7,0
36,up,same,Male,medical,6,unknown,1,744.77,4 per year,620.64,392.45,672.61,15,6,private estate,100 kW,Reg8,0
35,stable,all drivers > 24,Female,medical,1,private or freelance work,1,218.44,1 per year,218.45,199.44,218.45,8,3,private garage,25-50 kW,Reg5,1
26,down,same,Female,medical,4,private or freelance work,1,551.56,4 per year,562.81,313.8,456.29,13,9,unknown,25-50 kW,Reg7,0
46,down,same,Female,medical,8,unknown,1,253.61,1 per year,258.79,170.2,234.11,16,6,private garage,100 kW,Reg5,0
74,stable,same,Male,normal,1,private or freelance work,1,209.71,2 per year,209.72,273.92,209.72,18,8,private garage,100 kW,Reg6,0
35,down,same,Male,normal,2,private or freelance work,1,336.29,12 per year,343.15,366.26,283.88,18,18,parking deck,75 kW,Reg3,0
51,down,young drivers,Male,medical,0,private or freelance work,1,433.54,1 per year,452.39,548.49,376.99,9,7,other,75 kW,Reg7,0
56,down,same,Male,normal,0,private or freelance work,1,323.82,4 per year,330.42,379.85,317.92,12,6,private garage,75 kW,Reg3,0
74,up,young drivers,Female,normal,9,unknown,1,460.61,1 per year,307.08,379.21,464.89,16,5,private garage,125-300 kW,Reg7,0
52,stable,all drivers > 24,Male,normal,2,private or freelance work,1,344.46,1 per year,344.47,349.59,334.95,16,11,private garage,75 kW,Reg14,0
36,stable,only partner,Male,normal,1,private or freelance work,1,278.68,2 per year,278.69,294.75,286.44,13,8,private garage,100 kW,Reg4,0
40,down,only partner,Male,normal,0,private or freelance work,1,502.45,4 per year,512.7,480.35,439.45,16,12,private garage,100 kW,Reg4,0
32,down,only partner,Male,medical,0,private or freelance work,1,344.81,1 per year,351.85,451.71,301.59,13,6,street,75 kW,Reg5,0
34,stable,same,Male,medical,0,private or freelance work,3,159.05,1 per year,159.06,237.7,159.06,15,9,private garage,25-50 kW,Reg5,0
48,down,only partner,Female,medical,1,private or freelance work,1,893.42,12 per year,911.65,675.84,781.41,13,13,private garage,125-300 kW,Reg14,0
44,down,all drivers > 24,Female,medical,4,private or freelance work,1,329.6,2 per year,336.32,330.6,316.63,12,11,street,75 kW,Reg6,0
36,down,same,Male,normal,1,private or freelance work,1,342.95,1 per year,349.95,415.68,306.42,17,13,private garage,25-50 kW,Reg12,0
57,stable,all drivers > 24,Male,medical,1,private or freelance work,1,400.2,1 per year,400.21,459.96,400.21,14,6,private garage,75 kW,Reg5,0
46,down,only partner,Male,normal,0,private or freelance work,1,227.97,4 per year,232.63,315.95,206.77,15,6,other,100 kW,Reg7,0
41,stable,only partner,Male,medical,4,private or freelance work,2,378.35,1 per year,361.03,346.7,378.35,18,10,unknown,100 kW,Reg8,1
29,down,all drivers > 24,Female,normal,0,private or freelance work,1,394.93,4 per year,458.76,530.55,372.44,18,17,other,25-50 kW,Reg1,0
36,stable,same,Female,medical,6,unknown,1,290.62,1 per year,290.64,218.78,298.45,12,0,street,25-50 kW,Reg7,0
26,down,same,Male,normal,1,private or freelance work,1,687.36,12 per year,717.25,511.88,597.7,10,8,carport,75 kW,Reg13,0
44,stable,only partner,Female,medical,10,unknown,1,390.74,1 per year,390.75,326.85,394.19,11,0,private garage,75 kW,Reg5,0
48,down,same,Female,medical,2,private or freelance work,1,341.62,4 per year,348.59,388.82,293.27,18,11,parking deck,75 kW,Reg5,0
39,stable,only partner,Male,normal,6,private or freelance work,1,256.2,1 per year,256.21,281.34,256.21,11,4,parking deck,75 kW,Reg4,1
42,stable,only partner,Female,medical,3,private or freelance work,1,270.6,1 per year,257.72,291.45,275.17,8,0,unknown,100 kW,Reg7,0
62,stable,only partner,Male,normal,0,private or freelance work,1,170.31,1 per year,170.32,231.4,170.32,13,4,private garage,75 kW,Reg8,0
45,down,young drivers,Female,medical,0,private or freelance work,1,298.12,1 per year,304.2,243.69,263.25,11,11,street,75 kW,Reg4,0
43,stable,same,Male,normal,3,private or freelance work,1,262.4,1 per year,262.41,213.81,262.41,18,9,unknown,25-50 kW,Reg8,0
40,down,all drivers > 24,Male,medical,9,private or freelance work,1,368.81,1 per year,376.34,425.95,348.22,12,3,street,75 kW,Reg4,0
28,down,only partner,Female,normal,1,private or freelance work,1,503.03,1 per year,513.3,556.23,439.98,15,11,street,100 kW,Reg12,1
27,down,only partner,Female,normal,0,private or freelance work,1,333.84,1 per year,340.65,412.43,312.26,17,11,street,75 kW,Reg8,0
58,stable,same,Male,medical,0,private or freelance work,1,249.4,1 per year,249.41,357.92,261.6,14,9,private garage,75 kW,Reg4,0
39,down,same,Male,normal,1,private or freelance work,2,312.52,12 per year,318.9,317.91,288.84,18,13,street,100 kW,Reg7,0
67,stable,same,Female,normal,10,unknown,1,437.95,2 per year,437.96,246.45,441.9,18,8,private garage,25-50 kW,Reg12,0
35,stable,only partner,Male,normal,1,private or freelance work,2,244.39,4 per year,244.4,294.38,244.4,12,11,carport,25-50 kW,Reg3,1
37,down,same,Female,normal,1,private or freelance work,1,316.25,4 per year,322.7,356.3,295.8,10,4,carport,75 kW,Reg8,0
32,stable,same,Male,normal,0,private or freelance work,1,292.96,2 per year,292.98,282.57,307.19,15,15,street,125-300 kW,Reg12,0
43,stable,only partner,Male,normal,4,private or freelance work,1,230.83,1 per year,230.84,213.9,250.74,11,4,unknown,75 kW,Reg7,0
28,stable,same,Male,normal,0,private or freelance work,1,1110.49,4 per year,1110.5,1139.83,1110.5,15,15,other,75 kW,Reg8,0
37,stable,same,Male,normal,1,private or freelance work,4,260.95,1 per year,260.96,293.58,268.44,16,6,parking deck,125-300 kW,Reg6,1
51,stable,young drivers,Male,medical,0,private or freelance work,6,235.39,1 per year,235.4,233.54,235.4,14,14,private garage,25-50 kW,Reg7,0
43,stable,only partner,Male,normal,5,private or freelance work,6,214.66,1 per year,214.68,175.62,214.68,5,3,private garage,75 kW,Reg4,0
38,stable,same,Male,normal,1,private or freelance work,1,513.96,4 per year,513.97,392.46,513.97,13,11,private garage,75 kW,Reg8,1
80,stable,same,Male,normal,11,unknown,1,189.89,12 per year,188.16,206.42,189.89,13,0,private garage,75 kW,Reg7,0
38,stable,all drivers > 24,Male,normal,2,private or freelance work,1,268.92,12 per year,256.12,247.19,270.96,8,6,private garage,100 kW,Reg12,0
30,stable,same,Male,normal,0,private or freelance work,1,219.94,1 per year,219.95,300.1,219.95,18,12,street,25-50 kW,Reg14,0
45,stable,same,Male,normal,3,private or freelance work,1,383.96,12 per year,383.97,327.15,383.97,16,13,unknown,100 kW,Reg3,0
49,stable,all drivers > 24,Male,normal,4,private or freelance work,2,230.68,1 per year,230.69,280.84,232.85,12,8,parking deck,75 kW,Reg6,0
59,stable,same,Male,normal,0,private or freelance work,2,242.73,4 per year,242.74,313.56,254.52,17,17,private garage,100 kW,Reg2,0
24,down,same,Female,normal,1,private or freelance work,1,633.93,4 per year,646.86,530.24,603.74,10,8,other,75 kW,Reg12,0
31,down,only partner,Male,normal,1,private or freelance work,2,253.8,12 per year,258.97,256.22,233.29,16,6,other,75 kW,Reg12,0
56,stable,only partner,Male,medical,0,private or freelance work,1,156.61,1 per year,156.63,196.11,153.73,9,3,private garage,100 kW,Reg14,1
63,stable,same,Male,normal,1,private or freelance work,1,323.95,2 per year,323.96,364.9,330.06,16,7,street,100 kW,Reg14,0
37,stable,same,Female,normal,8,unknown,1,321.37,1 per year,321.39,220.6,290.59,11,2,street,25-50 kW,Reg8,0
47,stable,only partner,Male,normal,0,private or freelance work,1,255.48,1 per year,255.49,340.06,255.49,12,8,other,75 kW,Reg4,0
37,down,same,Female,normal,1,private or freelance work,1,402.93,1 per year,411.15,403.61,391.27,16,9,street,25-50 kW,Reg8,0
40,up,only partner,Female,medical,1,private or freelance work,1,347.13,1 per year,260.35,502.2,347.13,16,14,private garage,125-300 kW,Reg2,0
45,up,same,Male,medical,8,unknown,1,676.39,4 per year,473.47,643.45,676.39,9,0,private estate,75 kW,Reg5,0
44,down,young drivers,Male,medical,0,private or freelance work,1,357.95,4 per year,365.25,399.56,313.08,12,9,private garage,25-50 kW,Reg4,0
55,down,young drivers,Female,normal,0,private or freelance work,2,309.69,1 per year,316.01,268.72,276.51,14,3,other,75 kW,Reg5,0
59,stable,same,Male,normal,10,private or freelance work,1,284.55,1 per year,284.56,246.19,284.56,16,15,private garage,75 kW,Reg13,0
74,stable,same,Male,normal,4,private or freelance work,1,246.66,1 per year,244.34,226.11,246.66,16,0,unknown,75 kW,Reg4,0
30,stable,all drivers > 24,Male,normal,2,private or freelance work,1,246.05,2 per year,246.06,334.17,226.19,17,12,private garage,75 kW,Reg3,0
36,stable,same,Male,medical,0,private or freelance work,1,264.15,1 per year,264.16,317.02,242.59,8,2,underground garage,125-300 kW,Reg8,0
59,stable,all drivers > 24,Male,normal,5,private or freelance work,1,397.1,1 per year,397.11,361.93,397.11,9,0,street,75 kW,Reg8,0
28,down,same,Female,normal,0,private or freelance work,1,507.01,4 per year,588.95,562.69,435.84,18,15,street,75 kW,Reg7,0
47,stable,same,Female,medical,0,private or freelance work,1,242.19,4 per year,242.2,265.77,253.76,9,8,private garage,100 kW,Reg7,0
35,stable,same,Female,normal,2,private or freelance work,1,274.58,4 per year,274.59,290.3,274.59,17,13,private garage,75 kW,Reg5,0
79,stable,only partner,Male,normal,11,unknown,1,210.97,1 per year,210.99,277.11,212.94,16,5,private garage,100 kW,Reg5,1
22,down,same,Female,normal,0,private or freelance work,1,387.11,1 per year,395.01,445.38,368.69,10,7,other,25-50 kW,Reg5,0
35,stable,same,Female,medical,3,private or freelance work,1,422.66,2 per year,422.68,285.06,422.68,14,8,unknown,75 kW,Reg5,0
46,down,only partner,Female,medical,0,private or freelance work,1,452.67,4 per year,461.91,488.73,423.42,13,13,other,75 kW,Reg5,0
28,down,same,Male,medical,0,private or freelance work,1,371.62,4 per year,379.2,376.42,307.28,17,14,street,100 kW,Reg6,0
47,stable,same,Male,normal,1,private or freelance work,1,206.59,1 per year,206.6,217.11,214.48,12,0,parking deck,75 kW,Reg10,0
66,up,all drivers > 24,Female,medical,2,private or freelance work,1,388.75,4 per year,291.56,381.88,388.75,11,11,street,25-50 kW,Reg1,0
40,stable,young drivers,Male,medical,1,private or freelance work,1,356.88,4 per year,339.9,398.21,370.4,12,11,other,100 kW,Reg7,0
42,stable,same,Male,normal,1,private or freelance work,1,275.85,4 per year,275.86,345.25,280.99,15,0,private garage,100 kW,Reg1,0
46,stable,same,Male,medical,6,unknown,1,331.31,1 per year,331.32,238.91,328.42,12,1,private garage,75 kW,Reg11,0
38,down,same,Female,normal,2,private or freelance work,1,269.84,1 per year,275.35,269.8,245.5,8,7,parking deck,100 kW,Reg5,0
53,down,same,Male,normal,1,private or freelance work,1,337.52,4 per year,344.41,384.45,315.71,16,10,private garage,75 kW,Reg4,0
61,stable,same,Male,medical,6,unknown,1,452.24,1 per year,452.25,347.29,452.25,17,10,private garage,75 kW,Reg4,0
27,down,same,Female,medical,1,private or freelance work,1,317.42,1 per year,323.9,187.27,287.91,1,0,street,25-50 kW,Reg4,1
23,down,same,Male,medical,0,private or freelance work,1,628.01,12 per year,879.82,572.42,546.1,17,17,other,25-50 kW,Reg3,0
56,stable,young drivers,Male,normal,0,private or freelance work,1,207.7,1 per year,207.71,358.44,207.71,13,7,street,25-50 kW,Reg12,0
50,down,young drivers,Male,medical,0,private or freelance work,1,189.31,1 per year,193.17,206.6,173.55,11,7,private garage,75 kW,Reg6,0
43,down,same,Female,medical,2,private or freelance work,1,497.44,1 per year,507.59,359.07,478.54,14,7,street,75 kW,Reg12,0
42,stable,all drivers > 24,Male,medical,1,private or freelance work,2,209.3,1 per year,209.31,264.01,209.31,15,9,parking deck,25-50 kW,Reg4,0
52,down,same,Male,normal,0,private or freelance work,1,666.53,12 per year,933.79,727.3,579.59,18,15,private garage,75 kW,Reg3,0
44,down,same,Female,normal,6,unknown,1,490.47,4 per year,500.48,412.06,426.49,18,11,private garage,100 kW,Reg5,0
45,stable,same,Male,medical,4,private or freelance work,2,233.23,2 per year,233.24,176.77,224.76,13,8,unknown,75 kW,Reg4,0
47,stable,only partner,Male,normal,1,private or freelance work,2,293.33,1 per year,293.34,281.42,293.34,15,9,private garage,75 kW,Reg7,0
32,stable,only partner,Male,medical,0,private or freelance work,1,233.3,1 per year,233.3,357.14,233.3,12,5,parking deck,75 kW,Reg4,0
40,stable,same,Male,normal,0,private or freelance work,1,339.55,12 per year,339.56,345.57,339.56,14,4,street,100 kW,Reg4,0
34,down,same,Male,normal,0,private or freelance work,1,448.77,4 per year,457.92,471.78,392.5,11,7,parking deck,75 kW,Reg4,0
64,down,same,Female,normal,8,private or freelance work,1,232.47,2 per year,237.21,230.23,207.56,13,4,private garage,75 kW,Reg8,0
64,down,same,Male,normal,2,private or freelance work,1,298.3,1 per year,304.39,248.96,266.51,13,5,other,75 kW,Reg11,0
43,stable,same,Female,medical,0,private or freelance work,1,294.76,1 per year,294.78,445.76,275.99,14,8,other,100 kW,Reg8,0
38,stable,only partner,Female,normal,2,private or freelance work,1,279.79,1 per year,279.8,285.15,290.36,14,7,other,100 kW,Reg4,0
42,down,only partner,Male,medical,1,private or freelance work,1,607.94,1 per year,620.35,604.1,578.99,16,13,other,100 kW,Reg2,0
40,stable,young drivers,Female,medical,0,private or freelance work,1,132.16,1 per year,132.17,206.02,132.17,14,7,private garage,25-50 kW,Reg14,1
37,up,same,Male,medical,2,private or freelance work,2,1310.36,12 per year,632.59,1533.17,1310.35,14,12,carport,125-300 kW,Reg2,0
25,down,same,Female,normal,0,private or freelance work,1,480.82,12 per year,490.64,509.03,457.92,17,17,private garage,75 kW,Reg4,0
57,stable,only partner,Female,normal,6,unknown,1,363.07,1 per year,363.09,215.78,299.07,7,1,private garage,200 kW,Reg5,0
34,stable,same,Female,medical,0,private or freelance work,1,323.96,1 per year,323.97,425.91,352.81,12,4,underground garage,75 kW,Reg8,0
37,stable,same,Male,medical,1,private or freelance work,1,192.89,4 per year,192.9,238.45,192.9,15,8,other,25-50 kW,Reg3,0
36,down,only partner,Female,normal,5,unknown,1,410.72,1 per year,419.1,319.89,370.56,10,0,unknown,75 kW,Reg8,0
43,down,only partner,Male,normal,1,private or freelance work,2,373.74,12 per year,389.99,507.3,324.99,16,11,private garage,25-50 kW,Reg3,0
31,stable,only partner,Male,medical,0,private or freelance work,1,269.11,1 per year,269.13,292.55,269.11,11,10,private garage,25-50 kW,Reg8,0
85,stable,same,Male,normal,10,unknown,1,357.67,1 per year,357.69,298.43,354.45,18,9,private garage,100 kW,Reg8,0
49,stable,only partner,Male,normal,6,private or freelance work,2,261.6,4 per year,261.61,225.05,261.61,10,10,carport,25-50 kW,Reg3,0
53,stable,same,Male,normal,0,private or freelance work,1,236.36,1 per year,236.38,270.36,249.85,11,6,private garage,25-50 kW,Reg7,0
42,stable,same,Female,medical,5,unknown,1,212.14,1 per year,212.15,198.79,214.07,15,1,unknown,25-50 kW,Reg9,0
82,stable,only partner,Male,medical,10,unknown,1,264.76,1 per year,264.78,207.93,277.15,14,1,private garage,150 kW,Reg6,0
42,down,only partner,Male,normal,1,private or freelance work,1,283.88,1 per year,289.68,365.11,251.32,15,10,private garage,100 kW,Reg7,0
43,stable,same,Male,medical,1,private or freelance work,1,309.99,4 per year,310.0,362.38,310.0,13,2,other,150 kW,Reg4,0
54,down,same,Male,normal,2,private or freelance work,1,462.11,2 per year,471.54,481.85,436.89,17,10,street,100 kW,Reg5,0
45,stable,only partner,Female,normal,9,unknown,1,460.14,1 per year,438.24,356.89,463.11,12,0,street,125-300 kW,Reg7,1
22,down,young drivers,Male,normal,0,private or freelance work,1,549.36,1 per year,560.57,583.51,586.89,7,5,private garage,100 kW,Reg14,1
27,down,same,Male,medical,1,private or freelance work,1,775.82,4 per year,901.2,743.55,761.01,12,11,other,75 kW,Reg4,0
37,stable,only partner,Male,normal,0,private or freelance work,1,213.28,4 per year,213.29,273.32,213.29,14,8,private garage,75 kW,Reg7,0
44,stable,only partner,Male,medical,4,private or freelance work,1,270.13,1 per year,267.66,244.26,270.13,5,0,unknown,25-50 kW,Reg4,0
26,down,same,Female,medical,0,private or freelance work,1,251.49,4 per year,256.63,309.26,222.74,11,5,street,25-50 kW,Reg6,0
33,stable,same,Male,medical,1,private or freelance work,2,355.69,4 per year,355.7,363.21,339.44,18,14,street,100 kW,Reg5,0
37,stable,only partner,Female,medical,0,private or freelance work,1,177.19,1 per year,177.2,246.5,177.2,15,8,other,25-50 kW,Reg5,0
41,stable,same,Male,normal,3,private or freelance work,2,305.55,1 per year,305.55,301.96,305.55,18,14,street,75 kW,Reg3,0
41,stable,same,Male,medical,7,unknown,1,239.46,1 per year,239.48,191.35,230.99,11,0,private garage,75 kW,Reg7,0
43,stable,only partner,Male,normal,4,private or freelance work,1,256.0,4 per year,256.01,230.06,260.85,17,13,unknown,75 kW,Reg4,0
44,stable,only partner,Male,normal,8,unknown,2,242.73,1 per year,242.74,206.71,242.74,14,4,private garage,100 kW,Reg4,0
33,stable,only partner,Male,medical,0,private or freelance work,1,158.1,1 per year,158.11,234.05,168.6,9,1,private garage,100 kW,Reg4,1
43,down,young drivers,Male,normal,1,private or freelance work,1,528.75,1 per year,614.2,662.88,498.9,10,9,parking deck,25-50 kW,Reg6,0
32,down,same,Male,normal,1,private or freelance work,1,261.73,1 per year,267.08,278.16,240.36,12,6,private garage,75 kW,Reg7,0
44,stable,same,Female,medical,0,private or freelance work,1,193.69,4 per year,193.7,234.2,181.53,16,13,other,25-50 kW,Reg5,0
38,stable,only partner,Female,normal,2,private or freelance work,1,250.05,2 per year,250.06,263.6,243.25,15,12,parking deck,75 kW,Reg6,0
29,stable,same,Male,normal,0,private or freelance work,1,245.74,1 per year,245.75,251.02,271.86,15,8,private garage,100 kW,Reg3,0
41,stable,only partner,Male,medical,2,private or freelance work,1,158.81,1 per year,158.82,206.77,158.82,11,3,other,75 kW,Reg10,0
23,down,same,Male,normal,0,private or freelance work,1,987.14,1 per year,1894.51,715.28,897.4,7,6,other,25-50 kW,Reg13,1
52,stable,only partner,Female,normal,6,private or freelance work,1,246.69,1 per year,246.7,189.91,246.7,11,4,private garage,75 kW,Reg13,0
43,down,only partner,Female,medical,1,private or freelance work,2,404.35,12 per year,412.6,376.35,378.21,16,12,street,75 kW,Reg4,0
30,stable,same,Male,normal,0,private or freelance work,1,342.99,1 per year,343.0,342.61,317.92,18,15,street,75 kW,Reg4,0
51,down,only partner,Male,medical,3,private or freelance work,2,489.35,4 per year,499.34,317.82,453.94,10,7,unknown,75 kW,Reg8,0
29,down,same,Male,normal,0,private or freelance work,2,403.03,4 per year,411.25,376.95,383.84,9,9,private garage,75 kW,Reg11,0
29,up,all drivers > 24,Male,medical,0,private or freelance work,1,332.74,4 per year,237.67,411.0,332.74,11,9,other,75 kW,Reg3,0
36,down,same,Male,medical,1,private or freelance work,1,419.04,12 per year,427.59,424.72,381.06,14,11,underground garage,75 kW,Reg8,1
33,stable,same,Female,normal,0,private or freelance work,1,229.81,4 per year,229.83,218.96,240.84,18,17,street,75 kW,Reg11,0
31,down,all drivers > 24,Male,medical,2,private or freelance work,1,744.8,1 per year,760.0,610.55,722.85,18,13,underground garage,100 kW,Reg5,0
33,down,only partner,Male,normal,3,private or freelance work,1,782.63,4 per year,798.6,553.42,711.06,14,10,unknown,75 kW,Reg10,0
57,down,young drivers,Male,medical,0,private or freelance work,2,832.32,1 per year,966.84,828.82,778.68,0,0,underground garage,25-50 kW,Reg7,0
67,stable,all drivers > 24,Male,medical,0,private or freelance work,2,248.38,4 per year,248.39,328.18,228.31,15,9,private garage,100 kW,Reg3,0
48,stable,young drivers,Male,medical,1,private or freelance work,1,480.65,1 per year,480.65,411.26,480.65,8,5,private garage,100 kW,Reg7,1
36,down,same,Female,medical,1,private or freelance work,1,866.78,4 per year,904.46,806.81,753.72,18,15,private garage,75 kW,Reg4,1
39,stable,only partner,Male,medical,7,unknown,1,200.61,1 per year,200.62,211.01,200.62,10,3,private estate,75 kW,Reg4,0
52,stable,all drivers > 24,Male,normal,0,private or freelance work,2,184.04,1 per year,184.05,188.91,184.05,14,14,private garage,25-50 kW,Reg4,0
21,down,same,Male,medical,0,private or freelance work,1,559.14,1 per year,570.55,670.88,489.04,11,6,private garage,100 kW,Reg5,0
72,down,all drivers > 24,Female,medical,0,private or freelance work,1,922.81,2 per year,1071.95,851.62,769.56,16,15,other,125-300 kW,Reg14,1
36,up,only partner,Male,normal,5,unknown,1,401.25,4 per year,300.94,496.11,416.32,16,2,unknown,125-300 kW,Reg12,0
33,stable,only partner,Female,normal,0,private or freelance work,1,193.19,1 per year,193.2,255.6,193.2,9,4,private garage,75 kW,Reg14,1
34,stable,only partner,Male,normal,0,private or freelance work,1,255.49,1 per year,255.49,294.44,255.49,18,18,parking deck,100 kW,Reg14,0
76,stable,only partner,Male,medical,11,unknown,1,139.83,1 per year,139.84,129.19,133.76,15,1,private garage,25-50 kW,Reg12,0
37,stable,same,Male,medical,0,private or freelance work,1,250.85,1 per year,250.86,261.51,205.86,16,7,street,100 kW,Reg5,0
36,stable,same,Male,normal,1,private or freelance work,1,265.33,1 per year,265.34,310.6,241.6,15,11,street,75 kW,Reg12,1
36,down,only partner,Male,medical,0,private or freelance work,2,455.62,4 per year,475.42,412.11,396.21,11,10,street,25-50 kW,Reg12,0
45,stable,only partner,Male,normal,2,private or freelance work,3,176.28,1 per year,176.29,187.62,176.29,13,3,private garage,25-50 kW,Reg1,0
34,stable,same,Male,normal,2,private or freelance work,1,292.26,12 per year,292.26,273.5,292.26,14,10,private garage,75 kW,Reg8,0
82,stable,same,Male,normal,8,unknown,1,367.24,1 per year,367.25,314.68,384.75,14,4,street,100 kW,Reg12,0
40,stable,only partner,Male,medical,0,private or freelance work,3,157.36,1 per year,157.38,197.99,157.36,12,9,carport,100 kW,Reg12,0
36,stable,same,Male,normal,1,private or freelance work,1,247.08,12 per year,247.09,294.57,247.09,12,8,private garage,75 kW,Reg4,0
37,down,only partner,Female,normal,4,private or freelance work,1,269.6,1 per year,275.1,271.29,232.45,14,7,private garage,75 kW,Reg4,0
63,stable,only partner,Male,medical,5,private or freelance work,1,197.86,1 per year,197.88,185.62,185.49,9,0,private garage,100 kW,Reg14,0
74,stable,same,Male,normal,8,unknown,1,206.79,1 per year,206.8,195.58,214.49,12,0,private garage,75 kW,Reg10,0
36,down,same,Female,normal,0,private or freelance work,1,578.66,4 per year,672.17,573.21,511.56,17,16,street,25-50 kW,Reg4,0
43,stable,only partner,Male,normal,4,private or freelance work,1,410.56,1 per year,410.57,278.51,377.36,12,8,unknown,75 kW,Reg11,1
41,down,only partner,Male,medical,7,unknown,2,579.06,12 per year,590.88,363.91,515.53,17,5,street,150 kW,Reg8,0
26,down,only partner,Male,medical,0,private or freelance work,1,261.02,4 per year,266.35,286.21,231.15,17,16,parking deck,25-50 kW,Reg7,0
73,stable,same,Female,normal,12,private or freelance work,1,141.11,1 per year,141.13,156.05,143.73,12,0,other,25-50 kW,Reg6,0
67,stable,same,Male,normal,2,private or freelance work,2,449.2,4 per year,449.21,488.89,453.45,15,10,private garage,100 kW,Reg8,0
36,stable,same,Male,medical,0,private or freelance work,1,300.78,12 per year,300.79,387.69,300.75,16,15,parking deck,75 kW,Reg4,0
48,down,young drivers,Male,normal,0,private or freelance work,1,761.46,4 per year,884.52,861.89,692.24,16,5,parking deck,75 kW,Reg5,0
58,down,same,Female,normal,0,private or freelance work,1,284.75,2 per year,290.56,391.34,303.58,18,9,street,25-50 kW,Reg4,0
66,up,same,Male,normal,7,private or freelance work,1,393.36,12 per year,275.35,331.84,408.42,5,3,underground garage,75 kW,Reg4,0
43,stable,only partner,Male,medical,8,private or freelance work,3,339.96,1 per year,339.98,259.79,339.98,11,2,carport,100 kW,Reg7,0
36,stable,only partner,Male,medical,4,private or freelance work,1,233.8,1 per year,233.81,199.8,233.81,18,0,private garage,100 kW,Reg7,0
33,down,only partner,Female,medical,1,private or freelance work,1,315.5,4 per year,321.94,260.32,289.75,9,5,other,100 kW,Reg1,0
78,stable,same,Male,normal,9,unknown,1,285.17,1 per year,285.19,286.99,287.78,18,6,private garage,100 kW,Reg5,0
32,stable,only partner,Male,medical,0,private or freelance work,1,204.2,1 per year,204.21,318.27,204.21,15,10,private garage,100 kW,Reg7,0
59,stable,only partner,Male,normal,2,private or freelance work,1,455.86,4 per year,455.88,392.09,455.88,18,8,carport,100 kW,Reg4,0
33,down,same,Male,normal,1,private or freelance work,1,593.03,4 per year,605.14,594.58,564.8,14,13,private garage,75 kW,Reg4,0
54,stable,only partner,Male,medical,0,private or freelance work,1,303.23,1 per year,303.24,463.64,297.57,16,8,other,125-300 kW,Reg14,0
41,down,young drivers,Male,normal,3,private or freelance work,2,718.89,12 per year,733.56,554.8,641.59,5,1,street,25-50 kW,Reg8,0
34,down,only partner,Female,medical,2,private or freelance work,1,653.34,1 per year,681.75,484.09,568.12,14,12,street,75 kW,Reg4,0
44,stable,only partner,Male,normal,1,private or freelance work,1,301.65,1 per year,301.66,294.44,277.02,11,6,private garage,25-50 kW,Reg10,0
44,stable,only partner,Male,normal,2,private or freelance work,1,381.23,1 per year,381.23,325.83,381.23,7,5,private garage,125-300 kW,Reg14,0
64,stable,only partner,Female,medical,9,private or freelance work,1,84.27,1 per year,84.29,108.32,84.29,14,2,private garage,25-50 kW,Reg13,0
41,stable,same,Male,normal,1,private or freelance work,1,304.51,2 per year,304.52,331.34,304.52,18,15,parking deck,25-50 kW,Reg6,0
27,up,only partner,Female,normal,0,private or freelance work,1,1291.08,4 per year,1023.96,1396.99,1291.07,9,8,underground garage,150 kW,Reg8,1
65,stable,only partner,Male,normal,2,private or freelance work,1,234.99,1 per year,235.0,268.8,211.74,14,5,private garage,175 kW,Reg4,0
58,stable,young drivers,Male,normal,6,private or freelance work,2,118.22,2 per year,118.24,120.51,112.67,12,3,private garage,25-50 kW,Reg8,0
41,down,only partner,Female,normal,1,private or freelance work,1,587.2,1 per year,599.19,410.55,549.25,14,12,private garage,25-50 kW,Reg7,0
39,stable,only partner,Male,medical,1,private or freelance work,1,281.3,1 per year,281.31,321.08,281.32,10,9,other,75 kW,Reg7,0
31,stable,same,Male,medical,1,private or freelance work,1,153.82,1 per year,153.84,232.47,137.97,16,6,street,100 kW,Reg11,1
24,down,same,Male,normal,0,private or freelance work,1,715.39,2 per year,745.2,645.82,583.2,8,7,other,100 kW,Reg3,1
46,stable,only partner,Male,normal,0,private or freelance work,5,146.62,1 per year,146.64,207.95,146.64,15,8,other,125-300 kW,Reg12,1
41,down,only partner,Male,normal,2,private or freelance work,2,563.73,1 per year,575.24,468.45,527.3,12,5,street,75 kW,Reg8,1
47,stable,only partner,Male,medical,9,unknown,2,339.2,1 per year,339.21,219.79,312.47,9,0,street,75 kW,Reg8,0
35,stable,same,Male,medical,4,private or freelance work,1,211.06,1 per year,211.08,219.31,209.14,9,0,unknown,100 kW,Reg8,0
49,stable,young drivers,Male,normal,0,private or freelance work,1,160.31,1 per year,160.32,223.46,160.32,16,13,street,75 kW,Reg7,0
35,stable,only partner,Male,normal,0,private or freelance work,1,179.5,4 per year,179.51,240.11,179.51,11,3,other,25-50 kW,Reg5,0
50,stable,all drivers > 24,Female,medical,1,private or freelance work,1,491.78,1 per year,487.1,327.71,491.78,12,10,private garage,75 kW,Reg5,0
77,stable,young drivers,Female,normal,8,unknown,1,323.26,1 per year,317.22,302.67,323.26,15,0,street,75 kW,Reg5,0
43,stable,young drivers,Male,normal,1,private or freelance work,2,364.67,1 per year,364.69,364.58,351.23,8,4,private garage,75 kW,Reg7,0
23,stable,same,Male,normal,1,private or freelance work,1,606.06,1 per year,606.07,463.68,606.07,12,11,street,75 kW,Reg7,1
39,down,only partner,Male,normal,0,private or freelance work,1,725.1,4 per year,842.29,719.89,659.19,9,8,other,100 kW,Reg4,0
47,down,only partner,Male,medical,8,private or freelance work,3,354.23,1 per year,361.46,268.92,322.72,9,0,private garage,125-300 kW,Reg3,1
58,stable,same,Male,normal,6,unknown,1,275.84,1 per year,275.85,266.09,270.77,6,0,private garage,75 kW,Reg14,0
32,down,only partner,Female,normal,0,private or freelance work,1,407.75,4 per year,425.48,408.73,354.56,1,0,street,25-50 kW,Reg5,0
38,stable,same,Male,normal,1,private or freelance work,1,343.61,4 per year,343.62,360.34,356.94,17,7,street,125-300 kW,Reg9,0
24,down,same,Female,medical,2,private or freelance work,1,728.05,12 per year,759.7,623.52,657.49,16,14,street,25-50 kW,Reg2,0
73,stable,same,Male,medical,6,unknown,1,367.02,4 per year,367.04,266.16,370.39,17,10,street,75 kW,Reg10,0
72,stable,all drivers > 24,Male,normal,0,private or freelance work,1,295.52,1 per year,295.54,324.81,290.01,15,0,private garage,75 kW,Reg4,1
47,down,young drivers,Female,medical,1,private or freelance work,1,305.67,2 per year,318.96,497.94,265.8,12,9,street,25-50 kW,Reg6,0
34,down,same,Male,normal,0,private or freelance work,2,207.29,1 per year,211.53,217.29,182.09,5,0,other,100 kW,Reg3,1
80,stable,all drivers > 24,Male,normal,9,private or freelance work,3,235.56,1 per year,235.58,284.6,224.66,13,2,private garage,100 kW,Reg6,0
33,stable,only partner,Male,medical,4,private or freelance work,1,295.84,1 per year,295.85,342.61,310.15,13,3,unknown,125-300 kW,Reg8,0
37,stable,all drivers > 24,Male,medical,1,private or freelance work,1,241.91,1 per year,241.92,293.02,241.92,12,4,private garage,75 kW,Reg8,1
32,down,same,Male,normal,0,private or freelance work,1,454.25,4 per year,463.53,490.15,432.63,8,6,private garage,75 kW,Reg4,0
43,stable,same,Male,medical,2,private or freelance work,1,247.78,1 per year,247.79,297.18,247.79,18,10,parking deck,75 kW,Reg7,0
35,stable,same,Male,normal,0,private or freelance work,1,493.49,4 per year,493.5,601.44,531.84,17,16,street,25-50 kW,Reg5,0
37,stable,only partner,Female,medical,1,private or freelance work,2,284.54,4 per year,284.55,315.65,284.55,18,14,other,75 kW,Reg5,0
46,down,young drivers,Female,medical,0,private or freelance work,1,453.02,1 per year,462.26,499.83,427.56,15,12,street,75 kW,Reg12,1
45,stable,only partner,Male,medical,0,private or freelance work,1,135.84,1 per year,135.85,193.35,135.85,13,0,private garage,125-300 kW,Reg7,0
44,stable,same,Male,normal,7,unknown,1,343.79,1 per year,343.8,274.85,343.8,9,2,street,25-50 kW,Reg9,0
37,stable,same,Male,normal,10,unknown,2,322.85,4 per year,322.85,183.74,322.85,10,0,street,25-50 kW,Reg4,0
36,stable,same,Male,normal,0,private or freelance work,1,842.28,2 per year,842.29,1103.9,900.1,17,17,street,100 kW,Reg9,0
33,up,same,Male,medical,2,private or freelance work,1,384.12,1 per year,320.1,423.56,384.11,10,3,street,75 kW,Reg5,0
37,stable,only partner,Female,medical,2,private or freelance work,1,237.0,1 per year,237.01,312.86,226.19,15,13,private garage,100 kW,Reg8,0
30,down,young drivers,Male,normal,0,private or freelance work,1,348.22,4 per year,355.33,413.44,325.71,15,14,private garage,25-50 kW,Reg12,0
38,down,only partner,Female,normal,1,private or freelance work,1,593.45,1 per year,605.56,474.09,560.13,12,10,private garage,75 kW,Reg5,0
32,down,only partner,Female,normal,2,private or freelance work,1,463.16,1 per year,472.61,473.51,429.65,12,10,private garage,125-300 kW,Reg4,0
36,down,same,Female,medical,2,private or freelance work,1,509.6,2 per year,520.0,381.42,485.33,18,11,street,25-50 kW,Reg4,0
53,down,young drivers,Male,normal,1,private or freelance work,1,362.38,1 per year,369.78,284.09,320.48,12,4,street,75 kW,Reg4,0
31,down,same,Male,normal,1,private or freelance work,1,659.79,12 per year,688.48,583.91,563.04,15,12,parking deck,100 kW,Reg7,0
36,down,same,Male,normal,0,private or freelance work,1,299.99,4 per year,306.11,355.06,314.62,18,17,street,100 kW,Reg11,0
34,up,only partner,Male,medical,0,private or freelance work,1,932.44,1 per year,739.52,1231.26,950.2,14,13,parking deck,75 kW,Reg4,0
46,stable,only partner,Female,normal,0,private or freelance work,1,172.35,1 per year,172.36,208.66,159.96,18,18,parking deck,100 kW,Reg13,0
57,stable,only partner,Female,medical,2,private or freelance work,2,149.79,1 per year,149.8,219.21,155.44,14,5,private garage,100 kW,Reg3,0
44,down,same,Male,normal,0,private or freelance work,1,173.37,1 per year,176.91,199.35,163.35,9,6,private garage,100 kW,Reg1,1
35,down,only partner,Male,normal,0,private or freelance work,1,330.71,4 per year,337.46,389.54,312.26,13,12,private garage,75 kW,Reg6,0
39,down,only partner,Male,normal,1,private or freelance work,1,530.08,1 per year,540.9,446.09,463.62,18,16,private garage,125-300 kW,Reg4,0
36,down,only partner,Female,normal,1,private or freelance work,1,296.9,1 per year,302.96,335.36,254.51,17,11,street,100 kW,Reg8,0
42,down,only partner,Male,medical,1,private or freelance work,1,381.02,1 per year,388.8,391.55,356.4,18,18,private garage,25-50 kW,Reg4,0
64,down,only partner,Male,normal,10,private or freelance work,1,226.07,1 per year,230.69,237.66,201.85,16,3,street,75 kW,Reg7,0
76,stable,only partner,Male,normal,5,unknown,1,244.69,1 per year,244.7,237.71,251.35,17,9,unknown,75 kW,Reg4,0
33,down,all drivers > 24,Male,normal,2,private or freelance work,1,716.91,4 per year,731.54,606.48,708.95,16,11,street,25-50 kW,Reg9,0
29,stable,unknown,Male,medical,3,unknown,4,227.95,1 per year,227.96,319.11,221.94,17,14,unknown,100 kW,Reg6,0
37,stable,only partner,Male,normal,4,private or freelance work,1,249.26,1 per year,249.27,218.56,238.04,9,5,unknown,75 kW,Reg7,0
26,down,same,Male,normal,1,private or freelance work,1,782.32,4 per year,816.34,756.16,680.27,14,11,street,75 kW,Reg8,0
37,down,same,Male,normal,0,private or freelance work,1,428.98,1 per year,498.31,486.81,362.31,16,14,private garage,75 kW,Reg4,0
28,stable,same,Male,normal,0,private or freelance work,1,248.38,1 per year,248.39,315.09,248.39,14,7,street,100 kW,Reg7,0
48,stable,same,Male,normal,3,private or freelance work,1,241.83,4 per year,241.83,239.86,241.83,12,0,unknown,75 kW,Reg10,1
42,down,only partner,Male,normal,1,private or freelance work,3,356.45,1 per year,363.73,391.02,326.53,15,6,street,75 kW,Reg3,0
46,down,only partner,Female,medical,9,private or freelance work,1,391.11,4 per year,399.09,278.74,354.75,18,18,parking deck,75 kW,Reg4,0
39,down,same,Male,normal,2,private or freelance work,1,357.88,4 per year,365.19,262.99,304.05,16,9,other,125-300 kW,Reg8,0
42,down,same,Female,normal,1,private or freelance work,1,343.97,2 per year,350.99,354.17,315.89,15,11,street,75 kW,Reg4,0
43,stable,same,Male,normal,9,unknown,2,445.76,1 per year,445.77,404.36,405.44,15,10,unknown,225 kW,Reg5,0
32,down,same,Male,normal,1,private or freelance work,1,525.81,1 per year,536.54,545.08,500.76,13,8,underground garage,75 kW,Reg8,0
51,stable,same,Female,medical,6,unknown,1,212.19,1 per year,212.2,164.84,204.65,10,4,street,25-50 kW,Reg9,0
58,stable,same,Male,medical,0,private or freelance work,1,158.07,1 per year,158.09,191.59,168.78,14,10,private garage,75 kW,Reg12,0
47,stable,same,Male,normal,0,private or freelance work,1,229.24,1 per year,229.25,293.3,229.25,18,15,private garage,75 kW,Reg3,0
36,stable,only partner,Male,medical,1,private or freelance work,2,233.96,2 per year,233.97,348.91,231.83,13,5,other,100 kW,Reg2,0
43,down,same,Male,medical,5,private or freelance work,1,533.18,4 per year,544.06,464.29,479.86,11,11,other,75 kW,Reg3,0
47,stable,same,Male,medical,0,private or freelance work,1,911.0,4 per year,911.01,1248.64,911.01,17,14,private garage,75 kW,Reg4,0
24,up,only partner,Female,normal,1,private or freelance work,1,1296.06,4 per year,804.45,1285.44,1333.42,14,13,underground garage,75 kW,Reg4,0
37,down,same,Male,normal,1,private or freelance work,3,361.49,4 per year,368.86,346.23,301.79,10,9,underground garage,75 kW,Reg7,0
49,stable,only partner,Female,medical,0,private or freelance work,1,170.15,1 per year,170.16,221.88,170.16,12,0,private garage,75 kW,Reg14,0
61,stable,same,Male,normal,7,private or freelance work,1,264.81,2 per year,264.83,283.4,264.83,8,0,private garage,75 kW,Reg6,1
36,down,only partner,Male,medical,3,private or freelance work,1,579.25,1 per year,591.07,404.8,506.64,14,11,unknown,75 kW,Reg4,0
48,up,same,Male,normal,3,private or freelance work,1,350.96,1 per year,233.97,345.56,307.64,16,2,unknown,125-300 kW,Reg10,0
54,down,all drivers > 24,Female,medical,1,private or freelance work,1,429.34,4 per year,438.1,617.69,475.54,15,10,street,125-300 kW,Reg3,1
29,down,same,Female,medical,0,private or freelance work,1,429.52,4 per year,448.2,447.11,373.49,8,7,street,25-50 kW,Reg8,0
31,down,only partner,Female,normal,1,private or freelance work,1,334.2,2 per year,341.03,310.06,300.51,10,7,private garage,25-50 kW,Reg12,0
67,stable,same,Male,normal,0,private or freelance work,1,113.92,1 per year,113.94,169.55,122.5,18,9,other,75 kW,Reg3,0
40,stable,all drivers > 24,Female,normal,5,unknown,1,174.21,1 per year,172.69,172.65,174.21,13,0,unknown,25-50 kW,Reg8,0
36,down,same,Male,normal,0,private or freelance work,1,565.26,2 per year,589.84,570.21,491.51,9,9,parking deck,75 kW,Reg12,0
30,stable,only partner,Female,normal,0,private or freelance work,2,377.84,4 per year,377.85,415.31,350.37,13,11,other,75 kW,Reg12,0
73,stable,same,Male,normal,0,private or freelance work,1,257.08,2 per year,257.09,318.14,240.46,15,4,private garage,125-300 kW,Reg12,0
37,stable,same,Male,normal,2,private or freelance work,1,248.15,4 per year,248.15,264.9,248.15,12,7,private garage,75 kW,Reg10,0
51,down,all drivers > 24,Female,normal,2,private or freelance work,1,188.91,1 per year,192.76,161.4,165.22,17,5,street,25-50 kW,Reg10,0
68,stable,same,Male,medical,6,unknown,1,441.27,1 per year,437.13,366.12,441.27,14,0,street,125-300 kW,Reg4,0
42,stable,only partner,Female,normal,6,unknown,2,347.26,2 per year,347.28,305.64,360.33,11,4,street,100 kW,Reg5,0
34,down,only partner,Female,medical,1,private or freelance work,1,763.86,2 per year,1070.14,678.81,664.23,9,8,street,75 kW,Reg14,0
39,stable,only partner,Male,medical,2,private or freelance work,1,266.19,2 per year,266.19,236.84,266.19,12,10,street,25-50 kW,Reg7,0
48,stable,young drivers,Male,normal,0,private or freelance work,1,377.29,1 per year,377.3,509.3,377.3,14,11,parking deck,75 kW,Reg8,0
45,down,same,Male,normal,2,private or freelance work,1,369.75,4 per year,377.3,393.9,333.12,18,18,private garage,100 kW,Reg3,0
42,stable,same,Male,medical,1,private or freelance work,1,350.06,4 per year,350.07,346.09,350.07,15,15,other,75 kW,Reg1,0
42,stable,only partner,Male,normal,10,unknown,1,362.57,4 per year,362.59,248.19,365.91,14,3,street,100 kW,Reg5,1
32,down,same,Male,medical,1,private or freelance work,1,297.52,1 per year,303.59,297.73,294.39,13,9,street,25-50 kW,Reg7,0
35,down,same,Male,normal,0,private or freelance work,1,255.68,1 per year,260.9,290.1,237.01,18,7,other,100 kW,Reg9,0
47,stable,only partner,Male,medical,4,private or freelance work,1,194.49,1 per year,194.5,189.36,198.15,17,2,unknown,100 kW,Reg7,0
46,stable,young drivers,Male,normal,0,private or freelance work,1,548.34,1 per year,548.35,534.11,548.38,11,10,private garage,100 kW,Reg7,1
55,stable,young drivers,Female,medical,0,private or freelance work,1,248.29,1 per year,248.3,245.31,248.3,10,7,other,25-50 kW,Reg1,0
33,down,same,Male,medical,0,private or freelance work,1,767.55,4 per year,891.6,770.61,697.77,14,13,private garage,75 kW,Reg5,0
35,stable,young drivers,Male,normal,1,private or freelance work,1,568.22,4 per year,568.24,498.49,568.24,14,10,underground garage,100 kW,Reg7,0
35,down,only partner,Female,medical,1,private or freelance work,1,265.48,1 per year,270.9,251.83,236.35,9,8,other,100 kW,Reg14,0
40,stable,only partner,Male,normal,1,private or freelance work,1,261.77,2 per year,261.79,325.66,261.79,18,13,street,100 kW,Reg4,0
38,stable,only partner,Male,normal,3,private or freelance work,1,348.56,12 per year,348.57,269.2,314.23,18,11,unknown,150 kW,Reg5,0
56,down,only partner,Male,normal,0,private or freelance work,1,640.61,4 per year,653.69,678.44,671.55,7,4,underground garage,125-300 kW,Reg4,0
51,stable,same,Male,normal,3,private or freelance work,1,252.76,1 per year,245.71,242.27,252.76,18,16,carport,100 kW,Reg3,0
32,stable,same,Male,normal,1,private or freelance work,1,348.9,12 per year,348.91,282.11,348.91,5,3,private garage,25-50 kW,Reg6,0
58,stable,same,Female,normal,3,private or freelance work,2,363.3,12 per year,363.31,327.74,346.62,16,0,unknown,75 kW,Reg5,0
26,down,young drivers,Male,medical,0,private or freelance work,1,620.27,4 per year,720.51,708.12,591.07,14,12,parking deck,75 kW,Reg8,0
54,stable,only partner,Male,normal,5,unknown,1,185.91,1 per year,185.93,179.65,185.93,14,7,unknown,100 kW,Reg14,0
55,stable,same,Male,normal,8,private or freelance work,3,239.91,1 per year,228.5,204.12,246.54,3,2,private garage,75 kW,Reg13,0
52,down,same,Male,medical,7,unknown,3,201.1,1 per year,205.2,180.82,177.5,7,0,street,25-50 kW,Reg8,0
60,down,same,Male,normal,3,private or freelance work,1,753.45,12 per year,768.82,426.88,652.8,11,8,unknown,75 kW,Reg7,0
43,stable,young drivers,Female,medical,8,unknown,1,179.54,1 per year,179.55,290.62,191.66,12,0,private garage,75 kW,Reg6,0
35,stable,same,Male,normal,7,unknown,1,398.79,1 per year,398.8,283.51,406.11,14,7,street,100 kW,Reg4,0
46,down,same,Male,medical,0,private or freelance work,1,150.76,1 per year,153.84,176.6,122.92,18,13,private garage,125-300 kW,Reg6,0
38,stable,only partner,Male,normal,1,private or freelance work,2,153.81,1 per year,153.82,230.93,169.94,18,15,parking deck,75 kW,Reg3,0
46,stable,same,Male,medical,6,private or freelance work,1,204.6,4 per year,204.61,267.14,204.61,16,9,street,125-300 kW,Reg4,0
43,stable,only partner,Male,medical,9,unknown,1,329.44,1 per year,329.45,246.01,314.75,12,3,parking deck,75 kW,Reg9,0
22,down,same,Female,medical,0,private or freelance work,1,567.99,1 per year,659.79,581.21,516.35,13,12,parking deck,25-50 kW,Reg11,0
31,stable,only partner,Female,medical,0,private or freelance work,1,226.89,4 per year,226.9,294.68,226.9,11,7,other,75 kW,Reg10,0
66,stable,only partner,Male,normal,0,private or freelance work,1,125.28,1 per year,125.29,169.27,127.62,11,3,private garage,75 kW,Reg10,0
39,down,same,Male,normal,1,private or freelance work,1,812.68,1 per year,848.01,729.15,706.68,14,12,underground garage,75 kW,Reg8,0
50,down,same,Female,normal,2,private or freelance work,1,453.42,12 per year,462.68,419.52,436.9,14,7,street,75 kW,Reg10,0
27,down,same,Female,medical,4,private or freelance work,1,471.91,2 per year,481.54,329.55,467.26,17,10,unknown,25-50 kW,Reg9,0
30,stable,young drivers,Male,normal,0,private or freelance work,1,227.09,2 per year,227.1,284.5,227.1,7,2,parking deck,75 kW,Reg12,0
63,down,only partner,Male,medical,1,private or freelance work,1,447.76,1 per year,467.22,512.99,407.61,10,0,other,25-50 kW,Reg7,0
79,stable,same,Male,normal,7,unknown,2,204.9,1 per year,203.02,234.95,204.9,8,1,private estate,75 kW,Reg2,0
77,stable,same,Female,medical,9,unknown,1,231.71,1 per year,231.73,195.93,219.74,12,0,street,25-50 kW,Reg11,0
62,stable,same,Female,medical,2,private or freelance work,1,232.28,2 per year,232.28,218.56,232.28,14,3,underground garage,75 kW,Reg8,0
62,down,same,Female,normal,8,private or freelance work,1,382.54,1 per year,390.35,355.71,357.83,11,10,parking deck,25-50 kW,Reg5,1
65,stable,same,Female,normal,3,private or freelance work,1,227.13,2 per year,227.14,197.35,233.61,14,1,unknown,75 kW,Reg4,0
62,down,only partner,Female,medical,9,unknown,1,541.33,1 per year,552.37,394.46,477.66,15,4,private garage,100 kW,Reg5,0
35,stable,all drivers > 24,Female,medical,3,private or freelance work,1,396.44,1 per year,396.45,340.15,411.82,15,12,street,25-50 kW,Reg8,1
31,up,same,Male,normal,0,private or freelance work,1,948.48,4 per year,588.71,1101.79,904.67,14,13,private garage,75 kW,Reg7,0
42,stable,same,Male,normal,8,private or freelance work,3,263.81,4 per year,263.82,187.3,263.82,14,11,private garage,125-300 kW,Reg3,0
46,down,same,Male,normal,2,private or freelance work,1,291.8,1 per year,297.75,205.09,260.54,14,2,street,125-300 kW,Reg9,0
44,stable,commercial,Female,normal,0,unknown,1,264.95,1 per year,264.96,325.77,264.96,16,11,unknown,75 kW,Reg6,0
45,down,only partner,Male,normal,1,private or freelance work,1,495.48,4 per year,505.59,415.49,463.82,10,9,parking deck,75 kW,Reg4,0
65,down,same,Male,normal,9,unknown,1,482.42,1 per year,492.26,312.1,417.71,11,2,street,25-50 kW,Reg5,1
42,stable,same,Male,medical,1,private or freelance work,1,177.98,1 per year,177.99,160.93,166.92,14,0,private garage,100 kW,Reg10,0
40,stable,only partner,Male,normal,0,private or freelance work,1,270.34,1 per year,270.35,333.01,286.12,13,0,private garage,75 kW,Reg4,0
33,stable,only partner,Female,medical,0,private or freelance work,1,226.9,1 per year,216.66,283.58,226.9,16,15,private garage,100 kW,Reg7,0
46,down,only partner,Male,normal,0,private or freelance work,1,297.5,2 per year,303.58,382.4,311.96,12,9,street,75 kW,Reg7,0
43,stable,same,Female,medical,8,unknown,1,265.0,4 per year,265.01,225.75,262.61,8,0,street,25-50 kW,Reg5,0
49,stable,same,Female,normal,2,private or freelance work,1,236.24,4 per year,236.25,167.12,223.58,7,5,other,75 kW,Reg11,0
37,stable,same,Male,medical,9,private or freelance work,1,164.81,1 per year,164.83,234.44,167.92,15,6,parking deck,75 kW,Reg5,0
52,stable,all drivers > 24,Male,medical,0,private or freelance work,1,198.7,1 per year,198.71,286.3,210.28,17,13,street,25-50 kW,Reg9,0
51,down,only partner,Male,normal,4,private or freelance work,2,320.61,2 per year,327.15,310.41,297.41,15,10,parking deck,25-50 kW,Reg7,0
37,down,all drivers > 24,Male,normal,0,private or freelance work,1,355.96,4 per year,363.22,381.21,330.21,12,11,street,25-50 kW,Reg4,0
42,down,young drivers,Male,medical,0,private or freelance work,4,258.08,1 per year,263.35,336.57,237.01,11,7,private garage,75 kW,Reg4,0
41,stable,same,Male,medical,1,private or freelance work,1,249.78,1 per year,249.78,280.05,249.78,13,10,private garage,25-50 kW,Reg8,0
36,down,same,Male,normal,0,private or freelance work,1,567.52,4 per year,659.24,575.28,492.32,14,13,other,25-50 kW,Reg11,0
29,stable,only partner,Female,medical,1,private or freelance work,1,508.65,1 per year,508.66,406.97,475.79,17,16,street,75 kW,Reg7,0
52,down,same,Female,medical,0,private or freelance work,2,230.77,12 per year,235.48,245.88,211.92,12,5,carport,75 kW,Reg7,0
35,down,same,Female,normal,0,private or freelance work,2,533.23,4 per year,556.41,508.18,455.09,10,10,private garage,25-50 kW,Reg4,0
38,stable,same,Male,normal,7,unknown,1,227.9,1 per year,227.91,218.65,238.41,11,4,private garage,100 kW,Reg7,0
42,stable,young drivers,Female,normal,3,private or freelance work,1,1255.86,4 per year,1255.88,442.56,1196.74,16,13,private garage,100 kW,Reg7,0
32,down,young drivers,Male,normal,1,private or freelance work,1,503.72,2 per year,514.0,513.15,463.76,13,10,street,75 kW,Reg4,0
79,stable,all drivers > 24,Female,normal,5,unknown,1,210.26,1 per year,208.39,236.12,210.26,18,11,unknown,75 kW,Reg8,0
64,down,only partner,Female,normal,1,private or freelance work,2,507.22,1 per year,517.57,489.25,443.64,18,14,private garage,100 kW,Reg7,0
32,down,same,Female,medical,0,private or freelance work,1,486.34,1 per year,507.49,489.61,422.94,13,12,private garage,75 kW,Reg5,0
37,stable,same,Female,medical,2,private or freelance work,1,290.52,12 per year,290.54,334.09,271.95,10,9,private garage,75 kW,Reg5,0
30,stable,same,Female,medical,0,private or freelance work,1,194.98,1 per year,194.99,224.21,194.99,12,0,carport,25-50 kW,Reg7,0
46,down,young drivers,Male,normal,0,private or freelance work,1,939.23,4 per year,958.4,725.33,894.5,11,9,private garage,125-300 kW,Reg8,1
38,stable,same,Female,medical,1,private or freelance work,1,277.39,12 per year,277.39,324.51,277.39,9,0,private garage,75 kW,Reg14,0
42,stable,same,Female,medical,7,unknown,1,395.42,1 per year,395.44,251.24,398.81,18,11,street,75 kW,Reg13,0
38,stable,only partner,Male,normal,2,private or freelance work,2,263.79,4 per year,263.8,236.4,263.8,18,13,private garage,75 kW,Reg13,0
57,stable,only partner,Female,medical,1,private or freelance work,1,177.92,1 per year,173.02,173.56,177.92,12,5,parking deck,75 kW,Reg6,0
55,down,same,Male,normal,2,private or freelance work,1,427.67,2 per year,436.4,282.84,392.75,18,15,private garage,100 kW,Reg14,0
59,stable,all drivers > 24,Male,medical,10,unknown,1,237.4,1 per year,237.41,224.56,246.22,15,2,private garage,100 kW,Reg7,0
36,down,all drivers > 24,Male,normal,2,private or freelance work,1,877.6,1 per year,1229.49,651.58,792.35,2,0,street,25-50 kW,Reg9,0
59,up,same,Male,normal,1,private or freelance work,1,325.68,1 per year,271.4,387.41,325.68,13,5,street,100 kW,Reg7,0
69,stable,same,Female,normal,6,unknown,1,222.99,1 per year,223.0,167.93,213.25,11,5,private garage,25-50 kW,Reg1,0
41,down,young drivers,Female,medical,0,private or freelance work,1,471.63,4 per year,492.14,535.94,421.82,8,4,street,25-50 kW,Reg13,0
46,up,young drivers,Male,medical,1,private or freelance work,2,1338.63,1 per year,1061.68,1654.99,1338.64,18,18,other,75 kW,Reg7,0
55,stable,all drivers > 24,Male,normal,2,private or freelance work,1,215.05,1 per year,215.06,195.3,213.08,18,4,private garage,75 kW,Reg12,1
37,stable,all drivers > 24,Male,normal,0,private or freelance work,1,305.76,1 per year,305.77,362.75,305.77,6,0,parking deck,100 kW,Reg8,0
43,stable,same,Male,normal,0,private or freelance work,1,435.28,1 per year,435.29,494.88,435.29,13,5,street,75 kW,Reg8,1
42,stable,young drivers,Male,normal,0,private or freelance work,1,251.79,4 per year,251.8,322.79,251.8,10,7,private garage,75 kW,Reg14,0
55,stable,all drivers > 24,Male,normal,0,private or freelance work,2,222.86,2 per year,222.88,275.74,222.88,15,5,private garage,25-50 kW,Reg6,1
43,stable,young drivers,Male,normal,0,private or freelance work,4,212.64,12 per year,212.65,296.14,212.65,18,18,private garage,25-50 kW,Reg3,1
61,stable,all drivers > 24,Female,normal,2,private or freelance work,2,236.54,1 per year,236.55,247.24,236.55,18,7,parking deck,75 kW,Reg12,0
22,stable,same,Female,medical,1,private or freelance work,1,354.45,12 per year,354.46,435.7,354.46,10,7,parking deck,75 kW,Reg4,0
42,stable,same,Male,medical,7,unknown,2,235.64,1 per year,233.54,216.49,235.64,12,0,private garage,125-300 kW,Reg8,0
27,stable,same,Female,medical,1,private or freelance work,1,477.04,4 per year,477.04,431.82,477.04,12,11,private garage,100 kW,Reg4,1
38,stable,all drivers > 24,Male,normal,2,private or freelance work,1,422.71,1 per year,422.72,435.77,414.74,11,3,street,25-50 kW,Reg9,0
39,stable,only partner,Female,medical,7,unknown,2,442.84,12 per year,442.85,288.05,446.79,17,10,street,25-50 kW,Reg5,0
43,down,young drivers,Male,normal,0,private or freelance work,1,1190.26,4 per year,1239.85,985.84,970.37,10,9,private garage,25-50 kW,Reg4,0
44,down,only partner,Male,medical,1,private or freelance work,1,360.21,1 per year,375.88,452.62,285.84,12,9,private garage,75 kW,Reg7,1
30,down,young drivers,Male,normal,0,private or freelance work,1,383.25,4 per year,391.07,406.66,354.55,16,16,private garage,25-50 kW,Reg12,0
33,down,same,Male,medical,1,private or freelance work,1,380.55,1 per year,388.31,504.34,366.66,14,10,street,125-300 kW,Reg9,0
37,stable,same,Male,medical,0,private or freelance work,3,208.7,1 per year,208.71,321.93,216.69,16,4,underground garage,125-300 kW,Reg6,0
36,stable,same,Female,medical,4,private or freelance work,1,238.21,2 per year,238.23,199.27,236.04,10,4,unknown,75 kW,Reg12,0
40,stable,same,Male,normal,2,private or freelance work,1,353.85,1 per year,353.86,327.94,367.51,9,7,private garage,100 kW,Reg14,0
55,stable,only partner,Male,medical,1,private or freelance work,2,230.25,2 per year,230.26,237.11,230.26,16,1,private garage,100 kW,Reg8,0
32,down,same,Female,medical,1,private or freelance work,1,430.59,1 per year,439.38,352.49,370.68,17,12,street,100 kW,Reg3,1
52,stable,only partner,Male,normal,0,private or freelance work,1,200.62,1 per year,200.64,255.9,200.64,15,8,street,75 kW,Reg4,0
77,stable,same,Male,normal,0,private or freelance work,1,179.24,2 per year,179.25,267.8,179.25,14,4,private garage,100 kW,Reg4,1
39,stable,only partner,Male,medical,1,private or freelance work,1,142.95,1 per year,142.95,175.65,142.95,11,2,street,75 kW,Reg7,0
37,stable,only partner,Male,normal,1,private or freelance work,2,205.81,4 per year,205.83,295.52,213.47,13,9,street,25-50 kW,Reg7,0
33,stable,same,Male,medical,2,private or freelance work,2,450.09,1 per year,450.1,368.43,450.1,17,9,street,100 kW,Reg8,0
29,down,same,Male,medical,0,private or freelance work,1,366.02,4 per year,373.49,447.94,348.59,10,8,street,100 kW,Reg3,0
34,stable,all drivers > 24,Female,medical,0,private or freelance work,6,231.81,1 per year,231.83,332.85,247.29,14,9,other,25-50 kW,Reg8,0
70,stable,all drivers > 24,Male,normal,7,private or freelance work,1,173.55,1 per year,173.56,222.1,185.41,7,0,carport,75 kW,Reg4,0
30,down,same,Female,normal,2,private or freelance work,1,351.58,4 per year,358.75,318.74,319.85,9,3,private garage,100 kW,Reg14,1
34,down,same,Male,medical,0,private or freelance work,1,640.42,1 per year,743.93,534.08,582.2,6,6,street,75 kW,Reg14,0
54,stable,same,Male,normal,8,unknown,1,357.35,1 per year,347.56,351.04,357.35,9,1,private garage,75 kW,Reg8,0
49,stable,same,Male,normal,1,private or freelance work,1,350.66,1 per year,350.68,292.07,350.68,12,10,parking deck,75 kW,Reg8,0
36,stable,only partner,Female,normal,0,private or freelance work,1,269.03,4 per year,269.04,341.93,269.04,14,11,private garage,75 kW,Reg10,0
50,stable,same,Male,normal,2,private or freelance work,1,227.53,2 per year,227.54,239.71,223.37,14,3,street,100 kW,Reg13,0
31,stable,same,Male,normal,1,private or freelance work,1,263.51,1 per year,263.53,312.26,263.53,17,14,underground garage,150 kW,Reg13,1
35,down,same,Male,normal,2,private or freelance work,1,683.48,1 per year,713.2,551.05,594.32,10,8,private garage,100 kW,Reg7,0
31,down,same,Male,normal,2,private or freelance work,1,382.62,4 per year,390.42,446.26,354.94,16,12,underground garage,125-300 kW,Reg4,0
64,stable,same,Male,medical,0,private or freelance work,1,237.03,4 per year,237.04,247.16,237.05,17,17,parking deck,75 kW,Reg8,1
31,stable,same,Female,normal,1,private or freelance work,3,272.91,4 per year,272.92,294.65,272.92,18,12,underground garage,75 kW,Reg7,0
22,down,same,Male,medical,1,private or freelance work,2,550.29,2 per year,561.53,562.58,467.94,13,12,parking deck,25-50 kW,Reg5,1
43,stable,only partner,Male,normal,10,unknown,2,248.95,2 per year,248.95,251.18,248.95,7,2,unknown,75 kW,Reg1,0
53,stable,young drivers,Female,normal,0,private or freelance work,2,194.98,1 per year,194.99,326.23,189.68,14,5,parking deck,75 kW,Reg4,0
54,stable,same,Male,normal,1,private or freelance work,1,351.56,4 per year,351.58,311.01,351.58,18,15,private garage,25-50 kW,Reg5,0
37,stable,same,Male,medical,0,private or freelance work,1,181.51,4 per year,181.53,254.39,173.33,11,7,private garage,100 kW,Reg14,0
37,stable,only partner,Female,medical,0,private or freelance work,1,826.51,4 per year,826.52,1002.14,883.17,12,12,private garage,75 kW,Reg4,0
40,stable,only partner,Female,medical,10,unknown,1,289.35,1 per year,289.36,242.76,292.04,11,0,private garage,75 kW,Reg9,0
39,stable,same,Male,normal,3,private or freelance work,1,177.56,1 per year,177.57,257.5,177.57,18,3,street,125-300 kW,Reg12,1
32,down,same,Male,medical,0,private or freelance work,1,262.13,1 per year,267.47,279.36,263.47,9,6,private garage,100 kW,Reg3,1
80,stable,all drivers > 24,Male,medical,11,unknown,1,317.34,1 per year,317.35,268.39,297.25,14,0,private garage,75 kW,Reg4,0
25,down,only partner,Female,normal,2,private or freelance work,1,553.7,4 per year,577.78,361.89,464.26,12,10,street,25-50 kW,Reg4,0
40,down,only partner,Female,normal,1,private or freelance work,1,415.88,1 per year,424.36,402.04,371.16,6,3,private garage,75 kW,Reg4,0
46,stable,young drivers,Male,normal,0,private or freelance work,1,704.34,12 per year,704.35,954.52,745.11,11,11,other,25-50 kW,Reg10,0
38,down,all drivers > 24,Male,normal,0,private or freelance work,1,305.6,1 per year,311.84,400.69,272.28,13,10,other,100 kW,Reg1,0
29,down,only partner,Male,normal,0,private or freelance work,1,278.91,12 per year,284.6,266.7,256.14,7,6,parking deck,25-50 kW,Reg12,0
52,stable,same,Male,normal,1,private or freelance work,1,162.83,1 per year,162.84,176.72,155.5,17,10,other,75 kW,Reg7,0
39,down,same,Female,medical,1,private or freelance work,2,198.28,12 per year,202.33,252.82,179.85,15,12,private garage,125-300 kW,Reg6,0
66,up,only partner,Male,medical,9,private or freelance work,3,239.92,2 per year,196.3,219.38,239.91,3,2,private garage,25-50 kW,Reg10,0
41,stable,only partner,Male,normal,5,private or freelance work,1,156.08,1 per year,156.09,210.82,156.09,17,11,private garage,75 kW,Reg3,0
23,down,same,Male,medical,1,private or freelance work,1,882.66,4 per year,921.04,659.31,767.51,13,12,private garage,75 kW,Reg4,1
74,up,same,Male,normal,5,private or freelance work,1,456.81,1 per year,304.54,392.92,407.36,15,0,unknown,75 kW,Reg7,0
29,stable,only partner,Male,normal,1,private or freelance work,1,351.97,2 per year,351.99,442.09,358.61,15,6,other,125-300 kW,Reg5,1
35,stable,same,Male,normal,0,private or freelance work,2,181.15,1 per year,181.16,264.12,181.16,10,2,private garage,100 kW,Reg4,0
28,down,only partner,Female,medical,4,private or freelance work,1,671.66,12 per year,685.36,412.21,628.25,9,6,parking deck,100 kW,Reg11,0
38,stable,same,Male,normal,3,private or freelance work,1,297.99,1 per year,297.99,322.43,297.99,18,13,unknown,125-300 kW,Reg3,0
38,stable,same,Male,normal,2,private or freelance work,1,308.23,1 per year,308.24,261.0,302.45,18,17,private garage,100 kW,Reg3,0
58,stable,same,Male,normal,1,private or freelance work,1,373.04,2 per year,373.05,391.56,373.05,8,3,private garage,100 kW,Reg8,0
72,down,same,Male,normal,11,unknown,2,374.07,1 per year,381.7,309.05,301.4,6,0,unknown,150 kW,Reg3,0
63,stable,same,Female,medical,9,unknown,1,309.16,12 per year,309.17,232.01,309.17,13,9,street,25-50 kW,Reg7,1
35,down,only partner,Male,normal,1,private or freelance work,1,376.61,1 per year,384.3,407.89,345.88,12,6,street,75 kW,Reg8,0
49,stable,young drivers,Male,medical,0,private or freelance work,1,179.31,1 per year,179.33,252.88,184.46,18,7,private garage,75 kW,Reg7,1
58,stable,all drivers > 24,Female,normal,3,private or freelance work,1,243.0,1 per year,243.01,195.46,243.01,16,4,unknown,75 kW,Reg7,0
34,stable,same,Male,normal,0,private or freelance work,1,240.3,2 per year,240.31,326.38,240.31,14,7,street,100 kW,Reg13,0
37,stable,same,Male,normal,5,unknown,1,331.41,1 per year,331.43,264.24,334.46,18,12,unknown,100 kW,Reg10,0
48,stable,same,Male,normal,1,private or freelance work,1,220.59,2 per year,220.6,221.74,220.6,18,5,parking deck,75 kW,Reg12,0
27,stable,same,Male,normal,1,private or freelance work,1,286.4,1 per year,286.41,254.89,286.41,17,14,private garage,25-50 kW,Reg14,1
32,stable,same,Male,normal,1,private or freelance work,1,297.18,4 per year,297.19,367.74,320.68,11,7,private garage,100 kW,Reg4,1
71,stable,only partner,Female,normal,9,private or freelance work,1,303.49,2 per year,303.5,255.52,303.5,18,17,private garage,75 kW,Reg8,0
48,down,only partner,Female,medical,6,unknown,2,323.74,1 per year,330.35,213.38,275.06,15,5,unknown,25-50 kW,Reg8,0
32,stable,same,Female,normal,1,private or freelance work,1,400.45,1 per year,400.45,452.95,400.45,9,8,private garage,125-300 kW,Reg13,1
36,stable,only partner,Male,normal,1,private or freelance work,1,213.84,1 per year,204.3,250.34,213.84,12,0,street,125-300 kW,Reg7,0
38,stable,same,Female,normal,1,private or freelance work,1,347.11,4 per year,347.13,382.24,347.13,12,5,street,75 kW,Reg4,0
40,stable,same,Male,normal,1,private or freelance work,2,206.66,4 per year,206.67,231.25,208.6,15,9,private garage,100 kW,Reg12,0
46,stable,same,Female,normal,7,unknown,1,237.69,1 per year,237.7,185.79,237.7,11,4,street,25-50 kW,Reg5,0
58,stable,all drivers > 24,Male,normal,2,private or freelance work,1,264.01,1 per year,264.03,273.11,251.85,16,10,other,75 kW,Reg8,0
29,down,same,Male,medical,0,private or freelance work,1,679.16,1 per year,788.93,776.11,617.43,10,9,other,75 kW,Reg7,1
37,stable,only partner,Male,medical,2,private or freelance work,1,171.66,1 per year,171.66,187.5,171.66,13,7,private garage,25-50 kW,Reg4,0
33,down,only partner,Female,normal,0,private or freelance work,1,508.12,1 per year,590.24,536.19,441.15,14,13,private garage,75 kW,Reg3,1
68,down,same,Male,normal,6,unknown,1,310.46,2 per year,316.8,242.04,274.71,14,7,private estate,25-50 kW,Reg14,0
39,down,only partner,Male,normal,0,private or freelance work,1,318.52,1 per year,325.02,357.46,297.94,14,10,street,25-50 kW,Reg14,0
49,down,young drivers,Female,medical,0,private or freelance work,1,377.61,1 per year,385.31,477.71,359.64,10,9,street,75 kW,Reg7,0
36,down,all drivers > 24,Female,normal,4,private or freelance work,1,573.53,12 per year,585.24,336.65,536.46,18,14,unknown,75 kW,Reg5,0
30,down,only partner,Female,medical,0,private or freelance work,1,175.24,4 per year,178.81,214.26,160.94,14,2,street,25-50 kW,Reg12,1
24,down,same,Female,medical,0,private or freelance work,1,496.06,4 per year,506.19,386.26,446.91,10,5,street,25-50 kW,Reg8,0
73,stable,same,Male,normal,10,unknown,5,217.58,1 per year,217.59,200.2,227.67,16,3,street,75 kW,Reg14,0
34,down,same,Male,normal,0,private or freelance work,1,472.37,12 per year,906.56,589.0,429.43,12,5,street,125-300 kW,Reg7,0
32,down,same,Male,normal,2,private or freelance work,1,403.36,4 per year,411.59,392.95,373.73,8,8,other,100 kW,Reg8,0
25,down,same,Male,normal,1,private or freelance work,2,470.4,4 per year,480.0,457.06,447.99,16,15,private garage,75 kW,Reg5,0
24,down,same,Female,normal,1,private or freelance work,1,407.69,4 per year,416.01,404.43,403.07,11,7,private garage,75 kW,Reg7,0
31,stable,same,Male,normal,1,private or freelance work,1,324.54,1 per year,324.55,298.84,309.56,13,12,private garage,100 kW,Reg1,0
41,stable,same,Male,normal,4,private or freelance work,1,268.96,1 per year,268.97,231.54,271.5,17,6,unknown,100 kW,Reg4,0
37,down,only partner,Male,medical,1,private or freelance work,1,209.41,1 per year,213.69,266.62,192.33,15,9,other,100 kW,Reg10,0
31,stable,only partner,Male,medical,0,private or freelance work,2,195.5,1 per year,195.51,265.82,195.51,14,8,private garage,75 kW,Reg8,1
31,down,only partner,Female,normal,1,private or freelance work,1,371.22,12 per year,387.36,304.77,322.8,17,16,private garage,25-50 kW,Reg10,0
57,stable,same,Male,medical,1,private or freelance work,1,334.4,1 per year,334.41,366.08,347.3,11,0,street,100 kW,Reg9,0
39,stable,only partner,Male,medical,5,unknown,1,206.38,1 per year,204.49,217.71,206.38,8,0,unknown,75 kW,Reg4,0
53,stable,only partner,Male,medical,1,private or freelance work,1,180.13,1 per year,180.13,173.23,180.13,18,18,carport,75 kW,Reg7,0
76,down,same,Male,medical,10,unknown,1,341.95,2 per year,348.93,317.99,320.0,10,0,private garage,75 kW,Reg14,0
43,down,all drivers > 24,Male,normal,1,private or freelance work,4,733.42,4 per year,748.39,437.46,623.53,18,18,street,25-50 kW,Reg8,1
29,down,same,Male,normal,1,private or freelance work,1,279.32,4 per year,285.03,263.15,232.0,13,10,parking deck,75 kW,Reg14,0
69,stable,same,Female,medical,6,unknown,1,227.29,1 per year,227.3,309.88,215.14,16,9,street,100 kW,Reg5,0
43,stable,same,Female,medical,1,private or freelance work,1,266.46,1 per year,256.55,286.52,266.46,12,9,street,75 kW,Reg10,1
62,stable,only partner,Male,normal,12,unknown,2,195.71,1 per year,195.73,180.39,195.73,16,1,private estate,25-50 kW,Reg5,0
47,down,young drivers,Female,medical,0,private or freelance work,1,279.77,12 per year,285.48,369.6,266.44,11,0,street,25-50 kW,Reg6,0
44,stable,only partner,Female,medical,0,private or freelance work,1,269.21,4 per year,269.23,311.44,256.75,14,13,other,75 kW,Reg7,0
40,stable,only partner,Female,normal,10,private or freelance work,1,176.69,1 per year,176.7,222.85,176.7,18,8,private garage,100 kW,Reg7,0
47,stable,young drivers,Male,medical,1,private or freelance work,2,403.3,4 per year,403.31,474.69,403.31,9,7,parking deck,25-50 kW,Reg4,0
31,down,same,Female,normal,2,private or freelance work,1,731.72,4 per year,746.65,468.18,696.86,12,10,private garage,75 kW,Reg7,0
29,down,same,Male,normal,2,private or freelance work,1,533.82,4 per year,544.71,424.06,499.32,14,8,street,75 kW,Reg5,0
54,stable,only partner,Male,normal,2,private or freelance work,1,214.35,1 per year,214.36,187.93,210.4,9,9,carport,25-50 kW,Reg12,1
53,down,all drivers > 24,Female,medical,6,private or freelance work,3,349.27,12 per year,356.4,380.05,324.0,9,8,street,100 kW,Reg5,0
32,stable,same,Female,medical,5,unknown,1,335.24,1 per year,335.25,294.71,329.24,14,7,unknown,25-50 kW,Reg8,0
72,stable,same,Male,normal,9,private or freelance work,1,160.99,1 per year,161.0,199.55,156.54,12,0,private garage,75 kW,Reg5,0
30,down,same,Male,normal,2,private or freelance work,1,444.41,1 per year,453.47,367.51,403.09,18,15,private garage,75 kW,Reg5,0
63,down,only partner,Male,medical,9,private or freelance work,1,393.25,1 per year,401.27,449.6,328.21,15,4,private garage,75 kW,Reg1,0
43,down,only partner,Male,medical,3,private or freelance work,3,175.7,1 per year,179.29,170.05,159.72,9,1,unknown,25-50 kW,Reg4,0
41,stable,only partner,Male,medical,2,private or freelance work,1,289.5,1 per year,289.51,316.74,303.39,16,6,parking deck,125-300 kW,Reg7,0
52,stable,same,Male,normal,0,private or freelance work,1,985.48,12 per year,985.49,1096.79,985.49,16,15,private garage,100 kW,Reg4,0
46,stable,only partner,Male,medical,7,unknown,1,388.89,1 per year,388.89,425.59,388.89,9,1,private garage,100 kW,Reg6,0
32,down,only partner,Female,normal,0,private or freelance work,1,392.02,4 per year,400.02,396.53,366.69,10,9,carport,75 kW,Reg3,1
54,stable,same,Female,normal,5,unknown,1,281.53,1 per year,281.54,264.43,281.54,17,7,unknown,75 kW,Reg10,0
53,down,only partner,Male,normal,0,private or freelance work,2,251.61,2 per year,256.75,324.65,224.66,15,10,other,100 kW,Reg4,0
49,stable,only partner,Male,medical,11,unknown,1,315.9,1 per year,315.9,281.48,315.9,13,1,private garage,75 kW,Reg5,0
34,down,same,Male,medical,2,private or freelance work,1,633.68,2 per year,646.61,449.03,603.5,11,9,private garage,75 kW,Reg7,0
43,stable,same,Female,medical,8,unknown,2,238.12,12 per year,238.14,198.98,223.56,15,6,private garage,75 kW,Reg7,0
56,stable,same,Male,medical,1,private or freelance work,1,204.2,1 per year,204.21,250.1,198.51,12,8,private garage,100 kW,Reg4,0
32,stable,only partner,Male,normal,1,private or freelance work,1,225.24,4 per year,225.25,213.46,233.8,6,6,private garage,100 kW,Reg7,0
44,down,only partner,Male,normal,1,private or freelance work,1,217.83,4 per year,222.28,185.96,194.49,16,0,private garage,75 kW,Reg11,0
57,stable,same,Male,normal,1,private or freelance work,1,320.94,4 per year,320.95,389.36,333.36,16,12,street,75 kW,Reg6,0
50,down,only partner,Male,normal,2,private or freelance work,3,380.03,1 per year,387.79,307.43,352.54,15,12,underground garage,75 kW,Reg7,0
43,stable,only partner,Male,medical,8,unknown,1,341.11,1 per year,341.12,243.31,314.52,13,4,street,125-300 kW,Reg7,0
53,stable,only partner,Female,normal,9,private or freelance work,1,186.63,1 per year,186.64,261.66,199.2,17,7,carport,100 kW,Reg4,0
83,stable,same,Male,normal,10,unknown,1,257.13,1 per year,257.14,252.31,259.5,12,0,private garage,100 kW,Reg4,1
32,down,young drivers,Male,medical,0,private or freelance work,1,401.59,1 per year,409.79,505.85,351.25,15,14,private garage,125-300 kW,Reg4,0
37,stable,only partner,Female,medical,0,private or freelance work,1,140.89,1 per year,140.9,183.21,140.9,12,0,private garage,75 kW,Reg4,0
58,up,young drivers,Male,normal,0,private or freelance work,2,934.52,2 per year,741.18,1168.4,891.58,16,16,street,25-50 kW,Reg4,0
58,down,same,Male,normal,6,unknown,1,453.91,4 per year,463.18,278.41,398.62,10,4,street,25-50 kW,Reg14,1
40,stable,only partner,Female,normal,3,private or freelance work,1,249.07,1 per year,249.07,262.16,249.07,15,5,unknown,75 kW,Reg5,0
48,down,only partner,Male,medical,8,unknown,2,341.75,1 per year,348.73,280.68,300.01,11,1,private garage,75 kW,Reg5,0
32,down,only partner,Female,medical,0,private or freelance work,1,442.91,4 per year,514.49,476.19,413.89,2,1,private garage,25-50 kW,Reg3,0
32,down,same,Male,normal,1,private or freelance work,1,293.8,1 per year,299.8,248.39,256.98,7,1,private garage,25-50 kW,Reg7,1
32,down,all drivers > 24,Male,normal,0,private or freelance work,1,1115.12,1 per year,1295.34,1077.84,1013.76,14,13,other,100 kW,Reg8,0
55,stable,only partner,Male,medical,9,unknown,1,220.45,1 per year,220.46,198.21,192.37,16,7,private garage,100 kW,Reg6,0
41,down,young drivers,Female,medical,0,private or freelance work,1,315.55,1 per year,321.99,318.44,295.16,8,0,private garage,100 kW,Reg14,0
37,stable,only partner,Male,normal,0,private or freelance work,1,726.69,4 per year,726.7,825.05,726.7,13,13,other,75 kW,Reg10,0
29,stable,only partner,Female,medical,0,private or freelance work,1,246.06,2 per year,246.06,264.99,246.06,6,6,carport,100 kW,Reg3,0
26,down,only partner,Female,normal,2,private or freelance work,1,651.03,4 per year,679.34,463.31,566.11,9,7,carport,25-50 kW,Reg7,1
32,stable,only partner,Male,normal,0,private or freelance work,2,256.61,1 per year,256.63,360.86,251.91,13,3,other,100 kW,Reg4,0
44,down,only partner,Male,normal,0,private or freelance work,1,265.45,1 per year,270.86,278.76,255.49,8,3,private garage,25-50 kW,Reg8,0
38,stable,only partner,Male,normal,1,private or freelance work,2,305.51,1 per year,290.97,385.01,310.58,7,3,private garage,100 kW,Reg5,0
44,down,same,Male,medical,4,private or freelance work,1,537.27,2 per year,548.24,415.09,452.75,11,3,unknown,25-50 kW,Reg5,0
37,stable,same,Female,medical,0,private or freelance work,1,193.19,1 per year,193.2,254.15,193.2,13,8,underground garage,25-50 kW,Reg8,0
27,down,same,Male,normal,0,private or freelance work,1,368.16,1 per year,375.68,382.94,322.0,10,7,parking deck,75 kW,Reg7,1
62,stable,same,Male,normal,0,private or freelance work,1,834.34,4 per year,834.35,990.48,834.35,15,15,private garage,25-50 kW,Reg2,0
34,stable,only partner,Male,normal,0,private or freelance work,1,267.8,1 per year,267.81,356.89,267.81,13,10,parking deck,75 kW,Reg2,0
36,down,only partner,Female,normal,1,private or freelance work,3,445.86,1 per year,465.25,510.8,387.7,13,12,carport,75 kW,Reg1,0
29,stable,same,Female,normal,2,private or freelance work,1,191.41,4 per year,191.42,263.35,189.68,13,5,private garage,75 kW,Reg11,0
53,down,only partner,Male,medical,6,unknown,2,264.56,1 per year,269.96,264.21,236.61,9,2,street,25-50 kW,Reg7,0
44,stable,young drivers,Male,medical,0,private or freelance work,1,381.11,1 per year,381.12,489.75,381.12,18,18,private garage,25-50 kW,Reg4,0
42,down,same,Male,normal,3,private or freelance work,1,504.2,12 per year,514.49,548.16,498.82,18,17,private garage,125-300 kW,Reg6,0
40,down,same,Male,normal,0,private or freelance work,1,672.34,1 per year,781.0,660.09,611.21,16,15,other,75 kW,Reg1,0
58,stable,same,Male,medical,7,unknown,1,206.68,1 per year,206.69,184.18,206.69,13,0,private garage,75 kW,Reg10,0
53,stable,only partner,Male,normal,10,unknown,2,177.99,2 per year,176.41,142.0,177.99,10,0,private garage,100 kW,Reg11,0
39,down,only partner,Male,medical,0,private or freelance work,1,188.45,1 per year,192.3,245.89,173.08,11,5,private garage,75 kW,Reg3,0
21,down,young drivers,Female,normal,0,private or freelance work,1,822.1,12 per year,954.96,998.51,761.85,12,9,street,75 kW,Reg1,0
76,stable,same,Male,normal,10,private or freelance work,1,156.53,1 per year,156.54,246.06,156.54,17,7,private garage,75 kW,Reg5,0
60,stable,only partner,Male,normal,10,private or freelance work,1,213.24,1 per year,213.25,232.53,227.74,18,9,private garage,125-300 kW,Reg8,0
71,down,same,Female,normal,6,unknown,1,256.66,1 per year,261.9,208.23,230.7,6,0,private garage,25-50 kW,Reg3,0
39,down,only partner,Male,normal,0,private or freelance work,1,210.38,4 per year,214.68,257.6,193.2,14,7,private garage,25-50 kW,Reg8,1
20,down,same,Male,medical,0,private or freelance work,1,974.54,4 per year,1132.04,1000.6,903.11,17,17,parking deck,100 kW,Reg5,0
49,stable,same,Female,normal,0,private or freelance work,1,222.86,4 per year,222.88,334.61,235.83,18,12,street,75 kW,Reg9,0
32,down,same,Female,medical,2,private or freelance work,1,307.98,12 per year,314.26,250.12,277.65,15,13,other,75 kW,Reg12,0
56,stable,same,Male,medical,7,unknown,1,291.73,1 per year,291.74,185.3,294.36,17,0,private garage,25-50 kW,Reg6,0
45,down,same,Male,normal,7,unknown,1,351.24,1 per year,358.41,279.18,321.54,11,3,street,100 kW,Reg4,1
31,down,same,Male,normal,0,private or freelance work,2,378.65,4 per year,386.38,455.51,347.13,16,12,private garage,175 kW,Reg14,1
49,stable,only partner,Male,normal,1,private or freelance work,1,298.23,4 per year,298.24,312.89,318.58,12,9,street,75 kW,Reg11,0
21,stable,same,Female,normal,0,private or freelance work,1,584.4,4 per year,584.41,492.45,584.41,9,6,carport,25-50 kW,Reg13,0
47,stable,only partner,Male,medical,6,unknown,1,239.51,1 per year,239.52,162.61,221.11,9,3,private garage,150 kW,Reg8,0
28,down,same,Female,normal,0,private or freelance work,1,370.35,4 per year,377.91,389.83,352.72,10,10,parking deck,100 kW,Reg13,0
38,down,same,Male,normal,6,private or freelance work,1,419.84,1 per year,428.41,356.45,382.15,8,6,street,75 kW,Reg13,1
36,down,same,Female,medical,0,private or freelance work,1,406.16,4 per year,414.45,394.56,387.65,12,11,other,100 kW,Reg7,0
48,stable,only partner,Male,medical,7,unknown,2,247.95,2 per year,247.95,182.55,247.95,8,0,private garage,125-300 kW,Reg5,0
49,up,same,Male,normal,1,private or freelance work,1,508.77,4 per year,423.97,608.62,544.01,10,6,street,75 kW,Reg5,0
60,stable,same,Male,medical,7,private or freelance work,1,203.19,4 per year,203.19,274.16,203.19,13,6,underground garage,100 kW,Reg4,0
35,down,all drivers > 24,Female,normal,1,private or freelance work,1,448.66,1 per year,457.81,395.96,427.63,14,11,street,25-50 kW,Reg4,0
31,stable,same,Male,normal,2,private or freelance work,1,297.24,1 per year,297.25,216.06,297.25,11,3,street,75 kW,Reg8,0
47,down,only partner,Male,normal,0,private or freelance work,2,511.77,2 per year,594.47,660.59,465.25,18,9,other,75 kW,Reg12,0
34,stable,young drivers,Male,normal,0,private or freelance work,1,218.71,1 per year,218.72,298.16,201.06,12,10,other,75 kW,Reg12,0
54,up,only partner,Female,normal,0,private or freelance work,1,747.35,4 per year,581.27,991.61,822.77,15,14,other,125-300 kW,Reg4,0
31,down,same,Male,normal,1,private or freelance work,1,558.85,4 per year,570.25,458.61,532.22,12,7,private garage,100 kW,Reg4,0
61,stable,only partner,Male,medical,1,private or freelance work,1,170.6,1 per year,170.61,138.21,164.48,18,8,private garage,100 kW,Reg8,0
66,stable,only partner,Male,normal,9,unknown,2,294.46,1 per year,294.48,256.15,299.99,14,2,private garage,75 kW,Reg1,0
34,down,young drivers,Male,normal,2,private or freelance work,2,696.99,12 per year,711.21,463.1,715.66,13,11,street,25-50 kW,Reg7,0
48,down,same,Male,normal,1,private or freelance work,1,391.06,4 per year,399.04,454.99,368.55,17,12,street,150 kW,Reg9,0
63,stable,same,Male,normal,0,private or freelance work,1,326.92,1 per year,326.94,301.0,326.94,8,0,private garage,150 kW,Reg4,1
42,stable,young drivers,Male,normal,0,private or freelance work,1,336.32,1 per year,336.34,405.44,320.68,16,13,private garage,75 kW,Reg4,0
44,up,same,Male,normal,1,private or freelance work,1,544.23,1 per year,453.53,513.76,544.23,15,13,underground garage,75 kW,Reg8,1
52,stable,young drivers,Male,medical,0,private or freelance work,1,145.25,1 per year,145.26,256.41,145.26,12,0,street,75 kW,Reg7,0
28,down,same,Male,normal,0,private or freelance work,1,428.0,4 per year,436.74,432.54,357.09,16,14,underground garage,75 kW,Reg2,0
54,stable,same,Female,medical,0,private or freelance work,1,178.53,4 per year,178.54,218.24,173.56,18,15,parking deck,75 kW,Reg6,0
42,down,young drivers,Female,medical,0,private or freelance work,1,556.62,2 per year,567.98,434.72,487.51,12,12,carport,25-50 kW,Reg13,0
28,down,only partner,Female,medical,1,private or freelance work,2,329.62,2 per year,336.35,354.4,308.31,11,6,private garage,125-300 kW,Reg7,0
41,stable,all drivers > 24,Male,normal,1,private or freelance work,1,198.12,1 per year,198.14,193.2,198.14,12,1,carport,75 kW,Reg8,0
63,down,same,Female,normal,1,private or freelance work,1,373.54,1 per year,381.16,338.07,339.84,18,0,underground garage,100 kW,Reg9,0
48,stable,same,Male,normal,1,private or freelance work,1,160.97,4 per year,160.97,197.8,160.97,18,17,private garage,75 kW,Reg7,0
28,down,same,Male,normal,0,private or freelance work,1,891.53,4 per year,1280.84,877.72,775.26,0,0,private garage,75 kW,Reg4,0
39,stable,only partner,Female,normal,5,private or freelance work,1,393.8,1 per year,393.81,367.79,393.81,9,7,parking deck,75 kW,Reg8,0
31,down,same,Male,medical,3,private or freelance work,1,888.2,4 per year,906.32,467.24,870.55,9,6,street,150 kW,Reg7,0
23,down,same,Female,normal,0,private or freelance work,1,531.25,4 per year,542.09,423.12,526.05,13,8,parking deck,25-50 kW,Reg9,0
53,down,all drivers > 24,Female,normal,0,private or freelance work,1,363.41,1 per year,370.83,455.4,399.47,12,9,private garage,75 kW,Reg3,0
28,down,same,Male,medical,0,private or freelance work,1,793.52,2 per year,921.76,943.26,721.39,13,12,underground garage,100 kW,Reg8,0
44,down,same,Male,normal,0,private or freelance work,1,259.54,1 per year,264.84,308.74,242.76,14,3,private garage,75 kW,Reg4,1
26,down,all drivers > 24,Female,medical,3,private or freelance work,1,532.51,1 per year,543.38,380.69,493.99,13,9,unknown,25-50 kW,Reg4,0
50,stable,only partner,Male,normal,10,unknown,1,209.85,1 per year,202.43,160.44,209.85,10,0,private garage,75 kW,Reg7,0
39,down,same,Female,medical,0,private or freelance work,1,245.71,1 per year,250.73,281.48,222.88,5,0,private garage,75 kW,Reg5,0
28,stable,only partner,Male,medical,1,private or freelance work,1,391.35,1 per year,391.36,360.39,391.36,10,7,private garage,25-50 kW,Reg4,0
26,up,all drivers > 24,Female,medical,2,private or freelance work,1,640.7,2 per year,417.85,990.96,684.41,9,8,private garage,100 kW,Reg4,0
45,down,same,Female,normal,1,private or freelance work,1,255.51,4 per year,260.73,266.95,217.12,18,15,other,100 kW,Reg11,1
49,stable,same,Male,normal,0,private or freelance work,1,157.35,12 per year,157.36,205.97,157.36,15,13,private garage,75 kW,Reg1,1
39,stable,same,Female,medical,7,private or freelance work,1,335.79,1 per year,335.8,255.07,335.8,10,3,private garage,100 kW,Reg7,0
71,stable,same,Female,normal,0,private or freelance work,1,186.63,1 per year,186.64,265.11,186.64,12,0,private garage,125-300 kW,Reg14,0
74,stable,same,Female,normal,8,unknown,1,230.71,1 per year,228.61,225.69,230.71,11,3,private garage,25-50 kW,Reg4,0
62,down,only partner,Male,normal,0,private or freelance work,1,733.73,12 per year,852.31,833.49,667.02,14,12,parking deck,75 kW,Reg7,0
33,stable,same,Female,medical,1,private or freelance work,1,264.27,1 per year,264.29,275.39,274.21,15,6,parking deck,75 kW,Reg10,0
35,stable,only partner,Female,medical,0,private or freelance work,2,486.99,1 per year,487.0,533.92,487.0,0,0,carport,25-50 kW,Reg6,0
38,down,only partner,Male,medical,1,private or freelance work,1,296.78,1 per year,302.84,278.52,275.21,10,6,street,75 kW,Reg9,1
39,down,only partner,Female,normal,2,private or freelance work,1,637.31,12 per year,650.31,446.04,606.96,12,9,private garage,75 kW,Reg13,0
50,stable,only partner,Female,normal,5,unknown,1,196.19,1 per year,196.2,178.23,196.2,18,7,unknown,75 kW,Reg11,0
33,stable,only partner,Female,normal,1,private or freelance work,1,293.29,2 per year,293.3,327.75,293.3,6,1,parking deck,100 kW,Reg5,0
42,stable,young drivers,Female,normal,0,private or freelance work,2,229.24,1 per year,229.25,342.96,229.25,14,13,other,75 kW,Reg4,0
35,down,all drivers > 24,Male,normal,3,private or freelance work,2,625.66,1 per year,638.42,474.72,602.15,11,2,unknown,75 kW,Reg2,0
66,stable,same,Female,normal,10,unknown,1,192.88,2 per year,192.89,167.25,196.38,16,4,private garage,100 kW,Reg4,1
26,down,young drivers,Male,normal,0,private or freelance work,1,488.27,2 per year,498.24,532.34,431.21,16,13,underground garage,75 kW,Reg8,1
32,down,same,Male,normal,1,private or freelance work,3,662.38,4 per year,691.18,671.12,604.0,13,13,private garage,75 kW,Reg8,0
42,down,same,Female,medical,1,private or freelance work,1,276.16,1 per year,281.8,310.91,255.24,18,13,street,75 kW,Reg3,0
48,stable,young drivers,Male,normal,0,private or freelance work,4,326.34,1 per year,326.35,322.11,310.93,11,9,private garage,100 kW,Reg8,0
85,stable,only partner,Male,normal,10,unknown,2,327.29,1 per year,327.3,294.89,324.3,14,1,private garage,100 kW,Reg7,0
23,up,same,Male,normal,0,private or freelance work,1,1207.46,4 per year,957.64,1318.3,1207.45,13,12,underground garage,75 kW,Reg6,0
37,down,all drivers > 24,Female,medical,0,private or freelance work,1,333.45,4 per year,340.25,318.43,268.43,14,14,carport,25-50 kW,Reg3,0
42,stable,same,Female,medical,0,private or freelance work,1,189.59,1 per year,189.6,243.85,189.6,9,1,private garage,100 kW,Reg8,0
53,stable,young drivers,Male,medical,0,private or freelance work,1,518.84,2 per year,518.85,586.85,518.85,13,13,street,25-50 kW,Reg4,0
51,down,only partner,Female,normal,8,unknown,1,316.61,1 per year,323.07,185.66,287.18,11,0,private garage,25-50 kW,Reg4,0
69,down,same,Male,medical,10,unknown,1,254.98,1 per year,260.19,199.2,227.66,13,0,private garage,25-50 kW,Reg10,0
34,down,same,Male,normal,4,private or freelance work,3,509.93,4 per year,520.34,281.12,443.2,17,10,unknown,25-50 kW,Reg8,0
24,down,same,Male,medical,0,private or freelance work,1,1025.52,1 per year,1191.26,921.09,932.25,18,18,private garage,75 kW,Reg4,1
34,down,only partner,Male,medical,0,private or freelance work,4,241.14,1 per year,246.06,283.02,218.72,11,9,private garage,125-300 kW,Reg7,0
39,stable,only partner,Male,medical,1,private or freelance work,3,234.59,1 per year,234.6,273.7,226.15,9,5,private garage,100 kW,Reg4,0
41,stable,only partner,Male,medical,6,unknown,1,544.36,1 per year,544.38,415.38,505.62,15,9,unknown,125-300 kW,Reg7,0
41,down,same,Male,normal,1,private or freelance work,1,374.86,4 per year,382.51,384.03,350.64,14,8,street,25-50 kW,Reg5,0
63,stable,same,Male,medical,8,unknown,1,225.6,2 per year,225.61,212.2,225.61,18,0,private garage,100 kW,Reg4,0
55,down,same,Male,normal,4,private or freelance work,1,406.05,12 per year,414.34,358.79,372.9,12,12,parking deck,75 kW,Reg5,0
51,stable,young drivers,Male,normal,0,private or freelance work,1,260.34,1 per year,260.35,374.28,270.35,7,1,private garage,100 kW,Reg7,0
38,stable,only partner,Female,medical,9,unknown,1,324.66,12 per year,324.67,237.66,327.78,10,0,street,25-50 kW,Reg3,0
37,stable,only partner,Female,medical,1,private or freelance work,1,297.48,1 per year,297.49,342.49,297.49,12,9,private garage,75 kW,Reg8,0
48,stable,same,Male,normal,1,private or freelance work,1,154.47,4 per year,154.49,214.25,151.66,17,10,carport,100 kW,Reg1,0
70,stable,only partner,Male,normal,9,unknown,1,339.38,1 per year,339.39,257.09,339.39,18,8,private garage,100 kW,Reg10,0
45,stable,same,Male,medical,7,unknown,2,348.17,1 per year,348.19,212.8,348.19,7,0,street,25-50 kW,Reg5,0
41,stable,only partner,Male,normal,1,private or freelance work,1,265.24,1 per year,265.25,302.47,265.25,13,8,street,75 kW,Reg6,0
85,down,same,Female,normal,6,private or freelance work,2,239.1,1 per year,243.97,150.54,203.46,8,1,street,25-50 kW,Reg14,0
28,down,only partner,Male,normal,1,private or freelance work,1,355.79,4 per year,363.05,362.41,336.16,14,11,street,100 kW,Reg6,0
42,down,same,Female,medical,0,private or freelance work,1,329.12,4 per year,335.84,365.89,287.86,17,16,private garage,75 kW,Reg13,0
44,stable,young drivers,Male,normal,4,private or freelance work,1,280.52,1 per year,280.54,341.14,280.54,13,7,street,125-300 kW,Reg11,0
51,stable,young drivers,Male,normal,0,private or freelance work,2,244.39,1 per year,244.4,321.24,244.4,11,8,other,25-50 kW,Reg5,0
45,stable,same,Male,normal,1,private or freelance work,1,216.76,1 per year,216.77,219.1,216.77,16,3,private garage,75 kW,Reg12,1
59,stable,only partner,Male,normal,7,unknown,3,301.26,1 per year,301.28,261.2,298.47,13,6,private garage,100 kW,Reg8,0
30,down,same,Female,medical,0,private or freelance work,1,614.47,4 per year,713.78,690.07,591.07,15,14,street,25-50 kW,Reg4,0
35,stable,only partner,Male,normal,0,private or freelance work,1,286.61,1 per year,286.63,362.88,286.63,11,8,street,150 kW,Reg14,0
38,stable,same,Male,normal,0,private or freelance work,1,811.03,4 per year,811.04,1069.2,811.04,14,14,underground garage,75 kW,Reg2,0
47,stable,young drivers,Female,medical,0,private or freelance work,1,204.2,1 per year,204.21,247.8,193.2,9,0,other,100 kW,Reg12,0
29,down,only partner,Female,medical,0,private or freelance work,1,564.74,4 per year,656.01,593.41,499.23,7,4,parking deck,100 kW,Reg11,0
44,down,young drivers,Female,medical,0,private or freelance work,1,271.47,1 per year,277.01,316.74,256.65,16,13,parking deck,25-50 kW,Reg10,1
43,down,only partner,Male,medical,4,private or freelance work,2,368.21,1 per year,375.72,288.78,307.02,8,4,unknown,75 kW,Reg10,0
37,stable,same,Male,medical,1,private or freelance work,1,328.22,4 per year,328.24,395.91,328.24,15,7,private garage,25-50 kW,Reg5,0
74,stable,same,Female,medical,10,unknown,1,220.45,1 per year,220.46,229.4,224.51,13,2,private garage,75 kW,Reg8,0
30,stable,same,Female,normal,1,private or freelance work,1,353.02,4 per year,353.04,323.03,353.04,10,10,street,25-50 kW,Reg7,0
39,stable,same,Female,medical,1,private or freelance work,2,329.4,1 per year,329.41,287.81,317.25,8,7,parking deck,75 kW,Reg12,1
34,down,only partner,Female,medical,0,private or freelance work,2,226.53,4 per year,231.15,245.71,194.99,11,7,other,125-300 kW,Reg11,0
44,down,same,Female,medical,8,private or freelance work,1,266.07,1 per year,271.5,271.34,248.88,8,0,street,25-50 kW,Reg8,0
23,down,same,Female,normal,0,private or freelance work,1,653.81,2 per year,759.48,726.0,594.38,15,14,private garage,25-50 kW,Reg8,0
44,stable,only partner,Female,normal,1,private or freelance work,1,314.01,12 per year,314.03,250.95,314.03,13,12,private garage,25-50 kW,Reg4,0
35,stable,all drivers > 24,Male,normal,8,private or freelance work,1,314.51,1 per year,314.52,392.67,314.52,16,8,street,75 kW,Reg5,0
40,stable,only partner,Male,medical,8,private or freelance work,3,147.4,1 per year,147.4,184.46,147.4,9,1,private garage,100 kW,Reg7,0
77,up,same,Female,normal,1,private or freelance work,1,1707.38,4 per year,1354.13,1659.31,1707.38,18,17,other,75 kW,Reg4,0
42,down,same,Male,medical,9,unknown,2,235.56,12 per year,240.36,188.74,207.9,10,1,private garage,75 kW,Reg8,0
60,stable,only partner,Female,normal,11,unknown,1,225.16,1 per year,225.17,196.38,225.17,15,3,private garage,75 kW,Reg4,0
37,stable,same,Male,normal,0,private or freelance work,1,407.17,12 per year,407.17,509.35,407.17,12,8,private garage,75 kW,Reg4,0
63,stable,all drivers > 24,Male,normal,0,private or freelance work,1,146.97,1 per year,146.99,201.41,146.99,18,16,private garage,125-300 kW,Reg4,0
59,stable,same,Male,medical,6,unknown,1,344.43,1 per year,328.04,264.21,346.79,16,10,private garage,75 kW,Reg8,0
53,down,same,Female,medical,6,private or freelance work,1,204.2,2 per year,208.36,179.11,182.31,12,5,street,25-50 kW,Reg3,0
25,down,young drivers,Male,normal,0,private or freelance work,1,711.56,4 per year,826.56,720.04,646.84,13,12,street,75 kW,Reg3,0
24,down,only partner,Female,normal,0,private or freelance work,1,330.47,4 per year,337.21,407.54,314.72,15,12,other,25-50 kW,Reg5,0
49,stable,same,Male,normal,2,private or freelance work,1,211.06,1 per year,211.08,177.44,205.3,17,2,private garage,75 kW,Reg8,0
37,down,only partner,Male,medical,1,private or freelance work,1,372.0,4 per year,388.18,436.88,323.47,6,5,private garage,25-50 kW,Reg4,0
70,stable,same,Female,normal,9,unknown,1,136.64,1 per year,136.65,150.81,128.4,9,0,private garage,25-50 kW,Reg12,0
25,down,all drivers > 24,Female,normal,2,private or freelance work,1,499.0,2 per year,520.7,588.45,425.81,10,8,street,75 kW,Reg3,0
42,stable,all drivers > 24,Male,normal,0,private or freelance work,1,263.34,4 per year,263.35,338.39,263.35,16,9,private garage,75 kW,Reg3,0
40,stable,same,Male,normal,9,private or freelance work,2,269.78,1 per year,269.79,284.96,269.79,14,4,street,75 kW,Reg7,0
37,up,same,Male,normal,0,private or freelance work,1,522.88,1 per year,410.84,485.16,563.49,12,9,parking deck,100 kW,Reg5,0
34,down,same,Female,normal,3,private or freelance work,1,679.84,4 per year,693.71,379.26,647.46,10,7,parking deck,25-50 kW,Reg3,0
49,stable,only partner,Male,medical,8,unknown,1,387.39,2 per year,387.4,288.4,362.87,14,5,private garage,100 kW,Reg8,0
31,down,all drivers > 24,Male,medical,2,private or freelance work,1,1019.24,4 per year,1313.69,854.33,815.39,15,13,parking deck,75 kW,Reg4,0
59,stable,only partner,Female,normal,1,private or freelance work,1,286.3,4 per year,286.31,341.39,286.31,17,12,private garage,100 kW,Reg8,0
41,stable,all drivers > 24,Female,medical,0,private or freelance work,2,307.94,4 per year,307.95,372.33,307.96,16,15,street,75 kW,Reg2,0
34,down,only partner,Male,normal,1,private or freelance work,2,269.37,4 per year,274.86,302.62,264.39,10,1,street,100 kW,Reg3,0
49,stable,only partner,Male,normal,9,unknown,1,255.69,12 per year,255.7,173.88,242.12,11,2,private garage,100 kW,Reg13,0
67,stable,same,Male,normal,0,private or freelance work,1,152.44,2 per year,152.45,221.8,152.45,13,3,private garage,150 kW,Reg10,0
36,stable,only partner,Female,medical,1,private or freelance work,1,115.39,1 per year,115.4,185.74,119.56,16,3,private garage,25-50 kW,Reg4,0
34,stable,only partner,Female,medical,2,private or freelance work,1,139.36,1 per year,139.38,204.55,139.38,14,7,private garage,25-50 kW,Reg3,0
39,stable,only partner,Male,normal,1,private or freelance work,1,342.49,1 per year,342.5,275.01,342.5,10,8,private garage,125-300 kW,Reg7,0
46,stable,same,Male,normal,10,unknown,1,335.56,1 per year,335.57,294.26,335.57,13,3,street,25-50 kW,Reg5,0
44,up,same,Male,normal,1,private or freelance work,1,341.57,4 per year,239.1,402.54,372.06,9,8,private garage,100 kW,Reg10,0
37,down,all drivers > 24,Male,normal,0,private or freelance work,1,645.6,4 per year,658.78,629.16,538.21,13,13,private garage,75 kW,Reg13,0
50,down,only partner,Male,medical,1,private or freelance work,1,369.55,4 per year,377.09,390.36,339.38,16,8,parking deck,75 kW,Reg3,0
29,down,all drivers > 24,Male,normal,1,private or freelance work,1,854.29,12 per year,992.36,896.59,740.24,14,14,parking deck,75 kW,Reg11,0
63,stable,same,Male,normal,2,private or freelance work,1,234.17,1 per year,234.17,208.59,234.17,8,1,street,125-300 kW,Reg7,0
78,stable,only partner,Male,normal,11,unknown,2,216.96,1 per year,216.98,226.45,203.44,11,0,private garage,100 kW,Reg6,0
58,down,same,Male,normal,0,private or freelance work,1,349.68,1 per year,356.81,415.8,386.51,11,0,private garage,75 kW,Reg12,0
41,down,same,Female,medical,4,private or freelance work,2,232.8,1 per year,237.55,262.38,213.82,16,2,private garage,100 kW,Reg12,0
70,stable,only partner,Male,normal,4,private or freelance work,2,323.36,12 per year,307.98,306.46,325.86,7,0,unknown,25-50 kW,Reg4,1
33,down,all drivers > 24,Female,medical,0,private or freelance work,1,539.98,4 per year,551.0,648.88,438.01,15,13,private garage,75 kW,Reg12,0
37,stable,only partner,Female,normal,0,private or freelance work,1,161.01,1 per year,161.03,238.43,161.03,15,9,private garage,75 kW,Reg7,0
44,stable,same,Male,medical,0,private or freelance work,1,97.15,1 per year,97.16,163.01,101.63,15,4,private garage,75 kW,Reg4,1
29,down,same,Male,normal,1,private or freelance work,1,490.04,4 per year,500.04,585.79,466.7,11,6,private garage,100 kW,Reg2,0
53,stable,same,Male,normal,10,unknown,1,337.79,1 per year,337.8,344.14,340.9,10,0,private estate,100 kW,Reg8,0
40,down,young drivers,Male,normal,4,private or freelance work,1,752.52,2 per year,767.87,461.48,690.58,13,8,unknown,25-50 kW,Reg14,1
69,stable,same,Male,normal,1,private or freelance work,1,251.16,1 per year,251.18,297.05,251.18,16,5,private garage,100 kW,Reg4,0
48,stable,all drivers > 24,Female,medical,6,unknown,1,326.75,4 per year,326.76,304.23,326.76,10,1,private garage,100 kW,Reg8,0
54,down,same,Female,medical,8,unknown,2,443.77,4 per year,452.83,305.32,407.91,11,3,private garage,75 kW,Reg4,0
44,stable,only partner,Female,normal,2,private or freelance work,1,283.28,1 per year,283.29,221.88,283.29,16,0,private garage,75 kW,Reg4,0
42,stable,only partner,Male,normal,0,private or freelance work,1,119.66,1 per year,119.67,143.56,119.67,9,0,private garage,75 kW,Reg7,0
32,down,same,Male,normal,0,private or freelance work,2,670.9,12 per year,684.59,620.48,586.79,8,8,carport,100 kW,Reg3,0
29,stable,only partner,Female,normal,0,private or freelance work,1,278.11,1 per year,278.11,309.79,278.11,8,7,other,25-50 kW,Reg8,0
44,down,young drivers,Female,medical,0,private or freelance work,1,644.08,4 per year,748.17,845.21,585.53,8,7,carport,25-50 kW,Reg6,0
44,stable,same,Male,medical,7,unknown,2,286.4,4 per year,286.4,226.86,286.4,10,1,private garage,100 kW,Reg8,0
43,down,only partner,Male,medical,6,unknown,2,581.92,4 per year,593.8,470.84,565.36,17,7,street,75 kW,Reg3,0
49,down,young drivers,Male,normal,1,private or freelance work,1,833.45,2 per year,869.69,706.01,711.04,14,13,private garage,25-50 kW,Reg4,1
36,down,only partner,Female,normal,3,private or freelance work,2,353.68,4 per year,360.9,312.69,318.97,10,9,other,25-50 kW,Reg6,0
47,down,all drivers > 24,Male,normal,0,private or freelance work,3,360.52,2 per year,367.87,419.75,343.36,17,9,parking deck,25-50 kW,Reg7,0
53,stable,same,Male,normal,4,private or freelance work,1,343.45,1 per year,343.46,302.54,343.46,17,12,unknown,75 kW,Reg8,1
58,stable,same,Male,normal,10,unknown,1,260.34,1 per year,260.35,192.31,244.19,15,3,private garage,75 kW,Reg7,0
71,stable,same,Male,normal,9,unknown,1,154.95,1 per year,154.96,175.93,153.58,10,0,private garage,25-50 kW,Reg14,0
40,down,young drivers,Female,medical,0,private or freelance work,1,840.29,2 per year,976.1,795.19,763.91,10,10,street,25-50 kW,Reg12,0
41,down,only partner,Female,medical,0,private or freelance work,1,610.34,4 per year,622.8,681.15,615.76,17,15,street,75 kW,Reg9,1
43,stable,same,Male,normal,5,unknown,1,316.86,1 per year,316.88,280.14,314.05,10,0,unknown,125-300 kW,Reg4,0
29,down,same,Male,normal,0,private or freelance work,1,470.58,2 per year,546.64,564.17,427.8,10,5,street,25-50 kW,Reg4,0
50,down,same,Male,normal,2,private or freelance work,1,380.79,1 per year,388.56,399.49,372.98,18,11,private garage,100 kW,Reg7,1
33,stable,only partner,Male,medical,2,private or freelance work,1,238.69,2 per year,232.15,249.61,238.69,9,2,other,100 kW,Reg7,0
52,down,only partner,Male,normal,5,private or freelance work,1,359.29,1 per year,366.62,350.83,333.3,14,1,carport,100 kW,Reg8,0
27,down,commercial,Male,normal,1,commercial,1,872.26,4 per year,910.19,681.56,758.5,12,11,unknown,25-50 kW,Reg5,1
42,stable,young drivers,Female,medical,10,unknown,1,317.59,1 per year,317.6,241.79,314.79,16,6,street,25-50 kW,Reg12,1
47,stable,all drivers > 24,Female,medical,2,private or freelance work,2,367.36,1 per year,367.37,345.53,367.37,12,4,street,75 kW,Reg8,0
38,stable,only partner,Female,medical,1,private or freelance work,1,256.31,2 per year,256.32,265.29,263.53,16,13,street,100 kW,Reg10,0
45,down,only partner,Male,medical,6,unknown,3,299.92,12 per year,306.04,287.29,256.71,11,5,private garage,25-50 kW,Reg6,0
46,down,only partner,Female,normal,1,private or freelance work,1,652.65,12 per year,681.03,576.01,606.4,18,17,parking deck,25-50 kW,Reg4,0
42,up,same,Male,normal,5,private or freelance work,1,534.73,12 per year,392.14,693.35,550.07,13,8,street,75 kW,Reg5,0
46,down,only partner,Female,normal,0,private or freelance work,2,669.78,12 per year,698.9,671.5,610.97,18,17,private garage,75 kW,Reg8,0
27,stable,same,Male,normal,2,private or freelance work,1,466.77,2 per year,466.79,484.2,484.85,15,9,street,100 kW,Reg9,0
35,down,only partner,Female,medical,1,private or freelance work,1,394.58,4 per year,402.64,272.09,345.11,17,15,parking deck,25-50 kW,Reg14,1
38,down,only partner,Male,medical,0,private or freelance work,1,536.1,4 per year,547.04,469.41,510.55,12,11,private garage,100 kW,Reg7,0
50,down,young drivers,Female,medical,0,private or freelance work,1,265.92,1 per year,271.35,355.94,244.4,9,0,street,75 kW,Reg9,1
57,stable,all drivers > 24,Female,normal,7,private or freelance work,1,241.68,1 per year,241.69,205.7,241.69,14,0,private garage,25-50 kW,Reg2,0
80,down,only partner,Female,normal,0,private or freelance work,1,558.9,4 per year,583.2,746.68,486.0,13,5,private garage,100 kW,Reg4,0
45,stable,only partner,Male,normal,6,unknown,1,400.26,1 per year,400.28,328.94,411.7,16,0,street,75 kW,Reg8,0
42,stable,young drivers,Male,medical,1,private or freelance work,1,174.03,1 per year,174.04,299.97,174.04,13,5,private garage,25-50 kW,Reg4,0
32,down,only partner,Male,normal,2,private or freelance work,2,305.14,1 per year,311.36,306.19,267.78,16,6,street,75 kW,Reg11,0
29,stable,same,Female,normal,0,private or freelance work,1,246.15,4 per year,246.16,290.49,246.16,11,9,street,75 kW,Reg4,0
77,stable,same,Female,normal,10,private or freelance work,1,218.7,1 per year,218.7,222.9,218.7,14,4,private garage,75 kW,Reg5,0
47,down,same,Male,medical,1,private or freelance work,1,346.65,4 per year,353.73,340.23,321.54,16,16,parking deck,25-50 kW,Reg5,0
27,stable,same,Male,medical,5,private or freelance work,2,247.54,1 per year,247.55,248.46,227.92,5,0,private garage,25-50 kW,Reg3,0
37,stable,only partner,Male,normal,4,private or freelance work,2,265.44,12 per year,265.45,228.19,253.27,12,8,unknown,100 kW,Reg11,0
57,stable,all drivers > 24,Male,medical,1,private or freelance work,1,162.14,1 per year,162.15,203.15,157.71,17,8,other,100 kW,Reg4,0
42,stable,only partner,Male,normal,4,private or freelance work,2,191.38,1 per year,191.39,227.46,182.63,17,2,private garage,75 kW,Reg12,0
29,down,only partner,Female,medical,1,private or freelance work,1,420.44,2 per year,429.03,518.38,428.94,8,6,underground garage,125-300 kW,Reg8,1
36,down,only partner,Male,normal,0,private or freelance work,1,388.08,4 per year,396.0,365.65,322.98,18,18,other,150 kW,Reg4,0
38,down,only partner,Male,normal,0,private or freelance work,1,280.83,1 per year,286.56,338.59,270.35,13,10,other,100 kW,Reg14,0
29,down,same,Male,normal,0,private or freelance work,1,732.78,4 per year,747.74,695.36,604.31,13,12,private garage,175 kW,Reg4,0
52,down,young drivers,Male,medical,0,private or freelance work,1,416.03,1 per year,424.52,622.59,370.83,11,8,parking deck,75 kW,Reg8,0
62,stable,only partner,Male,normal,0,private or freelance work,1,177.85,1 per year,177.86,241.88,176.26,12,0,private garage,125-300 kW,Reg4,0
46,down,same,Male,normal,2,private or freelance work,2,261.08,1 per year,266.41,296.9,239.76,18,11,private garage,75 kW,Reg7,0
30,down,same,Male,normal,0,private or freelance work,1,512.85,4 per year,595.74,553.84,483.81,18,18,private garage,75 kW,Reg3,0
41,down,all drivers > 24,Female,normal,0,private or freelance work,1,351.32,4 per year,358.49,415.9,334.3,15,0,other,25-50 kW,Reg4,0
82,stable,same,Male,normal,7,private or freelance work,1,171.96,1 per year,171.98,183.21,171.98,14,0,private garage,75 kW,Reg12,0
34,down,only partner,Female,normal,0,private or freelance work,2,324.55,4 per year,331.18,345.0,303.58,9,5,private garage,100 kW,Reg14,1
28,down,only partner,Male,normal,0,private or freelance work,1,980.14,2 per year,1408.14,803.24,852.31,9,8,street,100 kW,Reg5,1
31,down,same,Male,normal,0,private or freelance work,1,725.1,4 per year,842.29,723.89,622.86,15,15,private garage,75 kW,Reg8,0
55,down,only partner,Female,medical,6,unknown,1,402.06,1 per year,410.26,289.75,341.93,16,10,private garage,100 kW,Reg5,0
31,down,same,Male,normal,1,private or freelance work,1,825.53,12 per year,861.43,779.98,717.85,18,18,private garage,100 kW,Reg4,0
39,stable,same,Male,normal,1,private or freelance work,1,333.44,2 per year,333.45,394.58,333.45,15,7,private garage,75 kW,Reg14,0
43,stable,only partner,Female,medical,2,private or freelance work,1,328.51,2 per year,328.53,297.3,328.53,17,11,private garage,25-50 kW,Reg14,0
37,down,all drivers > 24,Male,normal,3,private or freelance work,1,434.4,1 per year,443.26,443.11,406.32,10,7,private garage,75 kW,Reg5,0
44,stable,same,Female,normal,3,private or freelance work,1,274.06,4 per year,274.07,340.23,261.66,12,8,street,100 kW,Reg13,0
79,stable,same,Male,medical,11,unknown,1,400.15,1 per year,381.11,418.85,411.01,11,0,private garage,100 kW,Reg8,0
45,down,only partner,Male,medical,9,private or freelance work,2,242.79,1 per year,247.75,232.65,228.53,13,0,private garage,75 kW,Reg4,0
30,down,only partner,Male,normal,0,private or freelance work,1,223.75,4 per year,228.31,235.5,202.95,9,7,other,100 kW,Reg3,0
27,down,only partner,Male,normal,2,private or freelance work,1,623.01,4 per year,635.72,433.9,593.35,17,15,parking deck,25-50 kW,Reg4,0
53,down,young drivers,Male,normal,0,private or freelance work,4,593.03,4 per year,605.14,632.55,484.78,9,7,carport,25-50 kW,Reg11,0
45,stable,same,Female,medical,3,private or freelance work,3,483.94,1 per year,483.95,420.64,465.97,12,9,unknown,75 kW,Reg14,0
36,down,same,Female,normal,0,private or freelance work,1,369.69,1 per year,377.24,496.74,352.09,16,13,parking deck,75 kW,Reg4,0
26,down,same,Male,normal,0,private or freelance work,1,762.16,2 per year,885.34,886.73,692.87,13,12,parking deck,150 kW,Reg4,0
36,down,same,Female,medical,0,private or freelance work,2,629.52,4 per year,731.26,649.89,611.21,17,16,carport,25-50 kW,Reg8,0
45,stable,only partner,Male,medical,7,unknown,1,302.4,4 per year,302.41,235.47,288.91,11,2,street,125-300 kW,Reg4,0
26,down,same,Female,medical,0,private or freelance work,1,324.42,1 per year,331.04,349.36,308.97,4,1,underground garage,25-50 kW,Reg8,1
28,down,same,Male,normal,1,private or freelance work,1,300.88,12 per year,307.02,278.71,279.11,17,13,other,75 kW,Reg13,0
48,stable,only partner,Female,medical,0,private or freelance work,1,162.51,1 per year,162.53,232.76,162.53,14,0,private garage,75 kW,Reg5,0
34,stable,same,Female,normal,0,private or freelance work,1,218.66,4 per year,218.68,276.42,218.68,14,12,private garage,75 kW,Reg11,0
33,stable,same,Male,normal,0,private or freelance work,2,318.49,2 per year,318.5,361.62,318.5,10,10,private garage,125-300 kW,Reg10,0
52,stable,only partner,Male,normal,6,private or freelance work,1,399.52,1 per year,399.52,368.46,399.52,10,8,street,75 kW,Reg8,0
38,down,only partner,Male,normal,0,private or freelance work,1,691.17,4 per year,968.31,681.53,601.03,12,12,private garage,125-300 kW,Reg3,0
41,stable,same,Male,normal,3,private or freelance work,1,216.31,4 per year,216.32,236.91,226.77,11,0,private garage,75 kW,Reg4,0
33,stable,all drivers > 24,Male,medical,1,private or freelance work,1,222.29,1 per year,222.29,287.53,222.29,15,1,private garage,75 kW,Reg7,0
44,stable,only partner,Female,medical,1,private or freelance work,1,181.39,2 per year,181.39,182.66,181.39,11,0,street,75 kW,Reg13,0
51,stable,only partner,Male,normal,7,unknown,1,282.96,1 per year,282.98,224.4,285.6,12,5,private garage,100 kW,Reg4,0
31,down,all drivers > 24,Male,normal,0,private or freelance work,1,559.15,12 per year,570.56,493.96,532.51,5,5,street,75 kW,Reg4,1
38,stable,only partner,Female,medical,6,unknown,1,287.96,1 per year,287.98,239.84,300.91,15,7,street,75 kW,Reg1,0
56,down,only partner,Female,normal,0,private or freelance work,1,730.5,4 per year,745.41,598.12,663.12,18,18,private garage,100 kW,Reg7,0
42,down,same,Male,normal,2,private or freelance work,3,765.86,1 per year,889.64,843.55,689.75,16,10,private garage,200 kW,Reg4,0
40,stable,only partner,Female,medical,1,private or freelance work,1,221.21,1 per year,221.22,292.56,233.88,16,9,private garage,75 kW,Reg12,0
48,down,young drivers,Female,normal,0,private or freelance work,1,388.29,4 per year,396.21,356.67,346.39,8,2,other,25-50 kW,Reg7,0
38,stable,same,Female,normal,5,private or freelance work,2,232.3,2 per year,232.31,238.12,240.89,18,12,private garage,25-50 kW,Reg6,0
21,down,same,Male,normal,1,private or freelance work,1,1176.92,4 per year,1367.12,1167.7,1123.14,11,9,carport,100 kW,Reg5,0
37,stable,only partner,Male,medical,3,private or freelance work,1,253.25,1 per year,248.56,267.62,253.25,8,6,carport,100 kW,Reg7,1
36,down,same,Male,normal,2,private or freelance work,1,499.06,4 per year,509.25,460.83,453.64,10,10,private garage,125-300 kW,Reg8,0
42,stable,only partner,Female,medical,8,unknown,1,198.34,2 per year,198.35,119.57,188.46,14,5,private garage,25-50 kW,Reg12,0
38,stable,same,Female,medical,1,private or freelance work,1,178.91,2 per year,178.92,193.01,178.92,16,1,private garage,75 kW,Reg13,0
40,down,same,Female,medical,0,private or freelance work,1,516.86,4 per year,600.39,620.81,440.24,11,6,private garage,125-300 kW,Reg6,0
50,stable,young drivers,Female,medical,0,private or freelance work,1,164.04,1 per year,164.05,227.05,164.05,11,1,street,25-50 kW,Reg4,0
59,down,same,Male,normal,1,private or freelance work,1,371.32,1 per year,378.9,393.81,344.46,16,10,private garage,75 kW,Reg4,0
33,down,same,Male,medical,0,private or freelance work,1,449.26,4 per year,862.23,461.66,408.42,12,9,other,25-50 kW,Reg3,0
31,down,same,Male,medical,0,private or freelance work,2,427.08,1 per year,435.8,454.59,399.47,14,13,carport,75 kW,Reg5,0
27,down,only partner,Male,medical,0,private or freelance work,1,606.38,4 per year,704.38,594.71,526.06,8,7,private garage,75 kW,Reg7,0
24,down,same,Female,medical,0,private or freelance work,1,462.46,4 per year,537.2,549.85,420.45,14,14,private garage,75 kW,Reg3,0
44,down,same,Female,normal,0,private or freelance work,1,354.37,1 per year,361.6,223.56,325.44,14,14,carport,75 kW,Reg11,0
67,stable,only partner,Female,medical,4,private or freelance work,2,159.14,1 per year,159.15,178.69,162.11,13,0,underground garage,175 kW,Reg7,0
43,stable,only partner,Male,medical,2,private or freelance work,1,193.74,1 per year,193.74,232.0,193.74,13,8,private garage,100 kW,Reg4,0
34,down,only partner,Female,medical,0,private or freelance work,1,224.43,1 per year,229.01,257.95,206.1,6,3,street,100 kW,Reg7,0
63,stable,only partner,Female,medical,2,private or freelance work,1,286.94,4 per year,286.95,277.1,297.88,18,10,street,75 kW,Reg9,0
40,down,only partner,Male,normal,0,private or freelance work,1,665.46,4 per year,679.04,737.81,658.71,12,11,private garage,75 kW,Reg6,1
36,down,all drivers > 24,Male,normal,1,private or freelance work,1,686.05,4 per year,796.92,740.11,623.68,11,9,other,75 kW,Reg8,0
33,down,only partner,Female,medical,1,private or freelance work,1,181.72,1 per year,185.42,206.56,166.88,8,0,carport,25-50 kW,Reg5,0
68,stable,only partner,Male,normal,1,private or freelance work,2,174.62,1 per year,174.62,177.95,174.62,7,0,private garage,25-50 kW,Reg7,0
37,stable,all drivers > 24,Male,normal,0,private or freelance work,2,226.79,1 per year,226.8,289.07,208.3,10,4,other,75 kW,Reg8,1
28,stable,only partner,Male,medical,1,private or freelance work,1,317.66,2 per year,317.67,339.85,317.67,17,11,private garage,100 kW,Reg6,0
40,stable,only partner,Male,medical,1,private or freelance work,2,270.95,2 per year,270.96,333.09,263.47,16,8,private garage,25-50 kW,Reg8,0
48,stable,only partner,Female,normal,8,private or freelance work,1,179.24,1 per year,179.25,195.67,179.25,14,0,private garage,25-50 kW,Reg8,0
48,down,only partner,Female,normal,7,private or freelance work,3,225.52,4 per year,230.13,217.22,204.55,7,0,private garage,75 kW,Reg7,0
25,down,same,Female,normal,1,private or freelance work,1,570.8,4 per year,799.67,484.61,496.35,5,0,carport,75 kW,Reg5,0
39,stable,only partner,Male,normal,2,private or freelance work,1,204.15,1 per year,204.14,198.21,204.15,11,2,private garage,100 kW,Reg10,0
38,stable,same,Male,normal,0,private or freelance work,1,321.05,4 per year,305.77,327.74,326.85,5,3,private garage,125-300 kW,Reg12,0
51,stable,young drivers,Female,normal,1,private or freelance work,1,266.69,2 per year,266.7,300.12,256.77,13,12,other,25-50 kW,Reg12,0
32,stable,same,Male,medical,0,private or freelance work,1,276.46,1 per year,276.46,382.24,276.46,16,13,street,75 kW,Reg4,0
45,stable,all drivers > 24,Female,normal,0,private or freelance work,3,331.15,1 per year,331.15,331.14,331.15,8,3,private garage,25-50 kW,Reg4,1
42,down,only partner,Male,normal,1,private or freelance work,1,308.64,4 per year,314.94,329.96,291.6,14,13,parking deck,75 kW,Reg3,0
66,stable,only partner,Female,normal,0,private or freelance work,1,276.63,12 per year,276.64,286.5,276.64,9,0,carport,25-50 kW,Reg4,0
39,stable,only partner,Female,medical,6,private or freelance work,2,144.24,1 per year,144.25,151.49,144.25,8,8,private garage,25-50 kW,Reg4,0
35,down,same,Female,medical,0,private or freelance work,3,365.37,12 per year,372.83,291.3,319.56,15,14,private garage,25-50 kW,Reg7,1
46,stable,only partner,Male,normal,7,private or freelance work,2,398.85,1 per year,398.85,333.01,398.85,15,14,parking deck,25-50 kW,Reg4,0
70,stable,only partner,Female,normal,9,unknown,1,288.51,1 per year,288.53,214.7,275.7,17,8,private garage,25-50 kW,Reg7,0
48,stable,same,Male,normal,0,private or freelance work,1,244.89,1 per year,244.9,282.86,210.67,18,13,private garage,75 kW,Reg8,0
44,down,only partner,Male,normal,11,private or freelance work,2,199.88,12 per year,203.96,230.71,185.42,12,0,parking deck,25-50 kW,Reg4,0
29,up,same,Female,normal,0,private or freelance work,1,557.32,4 per year,433.47,724.75,562.65,11,11,parking deck,75 kW,Reg14,0
32,down,same,Male,normal,0,private or freelance work,2,451.94,1 per year,461.16,488.77,430.41,9,8,private garage,100 kW,Reg4,0
39,stable,same,Male,medical,1,private or freelance work,2,246.99,1 per year,247.0,329.36,247.0,10,4,carport,75 kW,Reg2,0
26,stable,only partner,Female,medical,0,private or freelance work,1,281.66,1 per year,281.67,332.26,281.67,17,15,private garage,75 kW,Reg4,0
40,down,same,Male,normal,1,private or freelance work,1,653.61,12 per year,682.02,585.71,568.35,15,13,private garage,125-300 kW,Reg5,0
28,down,same,Female,medical,1,private or freelance work,1,530.28,2 per year,683.48,491.01,448.49,13,11,private garage,25-50 kW,Reg3,0
43,down,only partner,Male,normal,2,private or freelance work,2,899.97,4 per year,918.34,652.96,857.11,18,16,other,100 kW,Reg2,0
47,down,young drivers,Male,medical,0,private or freelance work,1,330.32,1 per year,337.06,352.34,281.32,14,14,other,75 kW,Reg12,0
66,stable,same,Male,normal,6,unknown,2,252.72,1 per year,248.23,221.54,252.72,10,0,street,100 kW,Reg7,0
39,stable,young drivers,Female,medical,1,private or freelance work,1,404.1,1 per year,404.11,419.99,404.11,12,5,private garage,75 kW,Reg8,1
36,down,only partner,Male,normal,4,private or freelance work,1,452.77,1 per year,462.01,358.91,397.06,16,12,unknown,75 kW,Reg7,0
38,stable,all drivers > 24,Male,normal,2,private or freelance work,2,327.1,1 per year,327.11,311.45,315.1,18,16,parking deck,125-300 kW,Reg2,0
40,stable,same,Male,normal,7,unknown,1,394.6,1 per year,394.61,290.62,412.92,13,5,private garage,75 kW,Reg7,0
45,down,only partner,Female,normal,7,unknown,1,526.47,4 per year,537.21,399.86,492.87,14,7,street,75 kW,Reg4,0
45,up,young drivers,Female,normal,6,unknown,1,546.61,1 per year,425.14,407.95,526.14,6,0,private garage,75 kW,Reg7,0
36,stable,same,Male,normal,6,unknown,1,529.27,4 per year,529.29,446.45,495.49,13,7,carport,75 kW,Reg4,0
27,down,same,Female,normal,1,private or freelance work,1,362.77,1 per year,370.18,342.64,336.14,14,11,private garage,25-50 kW,Reg10,0
68,stable,same,Female,normal,7,private or freelance work,1,291.58,1 per year,291.59,341.12,291.59,15,8,underground garage,75 kW,Reg4,0
50,stable,only partner,Female,normal,9,unknown,1,260.13,2 per year,260.13,208.23,260.13,12,0,private garage,100 kW,Reg3,0
36,down,all drivers > 24,Male,medical,0,private or freelance work,1,308.91,4 per year,315.21,346.97,286.56,7,0,underground garage,75 kW,Reg8,0
42,stable,same,Female,medical,8,unknown,1,277.08,1 per year,267.14,235.54,277.08,10,2,private garage,75 kW,Reg2,0
37,down,same,Male,normal,1,private or freelance work,2,223.88,1 per year,228.45,278.36,203.08,17,12,private garage,100 kW,Reg7,0
30,down,same,Female,medical,4,private or freelance work,1,430.49,2 per year,439.28,466.32,399.35,15,13,street,125-300 kW,Reg5,1
35,stable,only partner,Male,normal,2,private or freelance work,3,263.75,1 per year,263.76,209.09,263.76,16,13,parking deck,25-50 kW,Reg4,0
72,down,same,Female,normal,4,private or freelance work,1,420.91,1 per year,429.5,352.85,382.91,11,3,unknown,100 kW,Reg8,0
30,down,same,Female,medical,0,private or freelance work,1,290.09,4 per year,296.01,284.5,261.44,17,16,street,25-50 kW,Reg13,0
54,stable,only partner,Male,medical,8,unknown,2,385.56,1 per year,385.57,253.62,385.57,17,1,private garage,75 kW,Reg13,1
50,stable,same,Male,normal,3,private or freelance work,1,295.59,2 per year,295.6,250.15,307.05,18,12,unknown,75 kW,Reg9,0
52,stable,young drivers,Female,medical,0,private or freelance work,1,239.88,1 per year,239.89,276.45,239.89,12,4,private garage,25-50 kW,Reg4,0
48,stable,same,Male,normal,1,private or freelance work,1,288.84,2 per year,288.85,297.41,299.96,11,5,street,75 kW,Reg4,0
58,down,same,Male,normal,4,private or freelance work,1,248.26,12 per year,253.33,192.0,221.66,10,0,unknown,75 kW,Reg13,0
49,stable,only partner,Female,normal,9,private or freelance work,1,173.59,1 per year,173.6,225.1,180.25,11,2,private garage,125-300 kW,Reg14,0
24,down,same,Female,normal,1,private or freelance work,1,765.96,1 per year,799.26,599.51,666.06,15,13,parking deck,25-50 kW,Reg5,0
45,down,only partner,Male,normal,5,private or freelance work,4,460.48,1 per year,469.87,422.12,438.57,4,3,other,75 kW,Reg7,0
28,stable,same,Female,medical,0,private or freelance work,1,158.02,1 per year,158.04,196.95,158.04,18,15,carport,75 kW,Reg8,0
37,stable,only partner,Male,medical,1,private or freelance work,1,152.91,1 per year,152.92,182.76,157.04,17,9,other,25-50 kW,Reg7,0
36,stable,same,Female,medical,1,private or freelance work,1,267.9,4 per year,267.91,270.46,267.91,15,6,private garage,75 kW,Reg4,0
42,down,young drivers,Female,normal,0,private or freelance work,2,298.32,1 per year,304.41,420.0,279.05,9,8,other,25-50 kW,Reg4,0
29,down,only partner,Female,medical,1,private or freelance work,2,318.17,1 per year,324.66,391.29,295.15,16,8,other,100 kW,Reg7,0
32,up,only partner,Male,medical,0,private or freelance work,3,282.57,4 per year,235.48,346.73,272.28,9,6,other,75 kW,Reg12,0
42,stable,only partner,Male,medical,0,private or freelance work,1,124.03,4 per year,124.04,181.15,124.04,13,10,underground garage,25-50 kW,Reg6,0
48,stable,same,Male,normal,2,private or freelance work,1,220.06,12 per year,220.07,160.21,212.09,14,3,carport,100 kW,Reg10,1
51,stable,same,Male,normal,0,private or freelance work,1,133.63,1 per year,133.64,181.56,143.94,12,0,private garage,75 kW,Reg12,0
43,down,only partner,Male,medical,8,unknown,2,414.06,1 per year,422.51,228.5,379.94,12,2,private garage,125-300 kW,Reg13,0
37,stable,same,Male,medical,0,private or freelance work,1,217.9,12 per year,217.91,265.64,213.9,6,0,street,25-50 kW,Reg10,0
32,down,same,Male,medical,2,private or freelance work,1,559.95,1 per year,571.38,657.5,559.41,15,12,street,75 kW,Reg8,0
59,stable,only partner,Female,normal,0,private or freelance work,1,171.49,12 per year,171.5,223.04,171.5,13,8,street,25-50 kW,Reg5,0
33,stable,only partner,Male,normal,1,private or freelance work,1,208.8,4 per year,208.8,244.39,208.8,10,0,private garage,75 kW,Reg4,0
57,down,young drivers,Male,normal,0,private or freelance work,1,412.13,1 per year,420.54,404.75,360.46,10,7,private garage,25-50 kW,Reg6,1
22,down,same,Male,normal,0,private or freelance work,1,1095.4,4 per year,1411.85,708.95,919.09,9,7,other,75 kW,Reg4,0
31,down,same,Male,medical,0,private or freelance work,1,606.11,4 per year,704.06,696.18,583.2,16,15,street,25-50 kW,Reg9,0
32,down,same,Male,normal,2,private or freelance work,7,678.31,4 per year,707.8,547.92,589.82,15,13,other,75 kW,Reg3,0
33,stable,only partner,Female,medical,1,private or freelance work,1,273.49,1 per year,273.5,343.76,286.54,15,10,street,125-300 kW,Reg7,0
41,stable,only partner,Female,normal,5,unknown,1,550.49,2 per year,550.5,355.3,496.9,18,12,unknown,175 kW,Reg8,0
51,down,all drivers > 24,Male,normal,0,private or freelance work,1,864.16,1 per year,900.16,870.69,691.18,13,6,private garage,75 kW,Reg14,0
37,down,only partner,Male,normal,0,private or freelance work,2,233.52,1 per year,238.29,303.15,244.4,9,0,other,75 kW,Reg7,0
23,up,same,Male,normal,0,private or freelance work,1,812.82,4 per year,530.1,984.39,868.66,18,18,parking deck,25-50 kW,Reg4,0
39,stable,same,Female,medical,0,private or freelance work,1,159.56,2 per year,159.58,229.66,165.52,8,3,private garage,100 kW,Reg12,0
55,stable,same,Male,normal,1,private or freelance work,1,451.44,4 per year,451.44,388.16,451.44,18,16,street,100 kW,Reg4,0
49,down,only partner,Female,normal,0,private or freelance work,1,968.75,4 per year,1009.11,800.46,789.74,15,14,parking deck,25-50 kW,Reg7,0
55,stable,same,Male,normal,0,private or freelance work,1,303.58,2 per year,303.58,298.94,303.58,18,18,other,75 kW,Reg8,0
57,stable,only partner,Male,normal,6,private or freelance work,1,274.43,1 per year,274.44,362.56,292.91,17,11,private garage,100 kW,Reg14,0
33,down,young drivers,Male,normal,2,private or freelance work,1,421.29,1 per year,429.89,384.56,383.15,14,2,private garage,100 kW,Reg14,0
57,stable,same,Male,normal,2,private or freelance work,1,344.45,1 per year,344.46,391.59,331.81,17,8,private garage,75 kW,Reg12,0
45,stable,all drivers > 24,Female,medical,2,private or freelance work,2,303.05,2 per year,303.06,270.56,303.06,18,14,street,25-50 kW,Reg2,0
35,down,same,Female,normal,1,private or freelance work,1,328.18,4 per year,334.87,357.16,301.39,16,13,street,125-300 kW,Reg5,0
33,down,young drivers,Male,normal,0,private or freelance work,2,326.08,1 per year,332.74,506.24,287.86,12,9,carport,75 kW,Reg7,0
30,down,same,Male,normal,0,private or freelance work,1,614.62,12 per year,641.34,555.25,509.63,18,16,carport,25-50 kW,Reg14,0
72,down,only partner,Female,normal,0,private or freelance work,1,808.81,4 per year,939.52,927.76,756.65,12,11,carport,75 kW,Reg3,0
49,stable,only partner,Male,medical,7,unknown,1,223.14,1 per year,223.15,211.62,223.15,13,6,private garage,75 kW,Reg7,0
26,down,same,Male,medical,0,private or freelance work,1,534.49,1 per year,545.4,535.01,485.48,14,14,underground garage,75 kW,Reg7,1
35,stable,same,Male,medical,1,private or freelance work,1,212.21,2 per year,212.22,243.08,212.22,17,7,private garage,25-50 kW,Reg13,0
75,stable,only partner,Male,normal,4,private or freelance work,1,253.41,1 per year,253.43,249.77,278.53,18,4,unknown,150 kW,Reg7,0
39,down,all drivers > 24,Male,medical,2,private or freelance work,2,248.56,1 per year,253.64,223.06,228.27,7,0,private garage,25-50 kW,Reg7,0
47,down,only partner,Male,normal,4,private or freelance work,2,326.33,1 per year,332.99,259.86,286.57,16,11,unknown,25-50 kW,Reg7,0
30,stable,only partner,Female,medical,0,private or freelance work,1,265.29,1 per year,265.3,360.68,265.3,17,14,carport,75 kW,Reg4,0
44,down,young drivers,Male,normal,2,private or freelance work,1,622.99,4 per year,635.7,411.06,572.13,13,11,street,75 kW,Reg7,0
41,down,all drivers > 24,Female,medical,1,private or freelance work,1,702.4,1 per year,732.94,669.45,646.51,13,12,street,75 kW,Reg9,0
45,down,young drivers,Female,medical,0,private or freelance work,2,134.17,1 per year,136.91,196.36,121.7,10,0,private garage,25-50 kW,Reg10,0
44,stable,same,Female,normal,1,private or freelance work,1,262.46,12 per year,249.97,209.01,266.73,16,15,street,25-50 kW,Reg2,0
40,down,same,Male,medical,7,unknown,2,291.8,12 per year,297.75,225.66,267.02,14,6,street,25-50 kW,Reg5,0
43,stable,only partner,Male,medical,6,unknown,1,449.82,1 per year,449.84,458.79,413.84,13,6,private garage,75 kW,Reg8,0
39,down,same,Male,normal,2,private or freelance work,2,562.07,1 per year,573.54,512.33,510.99,15,13,carport,125-300 kW,Reg8,0
45,down,same,Male,medical,3,private or freelance work,1,221.01,1 per year,225.52,270.45,205.03,8,3,private garage,75 kW,Reg4,0
43,stable,only partner,Male,medical,4,private or freelance work,1,393.68,4 per year,393.69,389.65,416.38,16,3,unknown,75 kW,Reg9,1
27,down,same,Male,normal,0,private or freelance work,1,502.56,12 per year,512.81,369.01,470.6,11,10,other,75 kW,Reg8,0
27,down,young drivers,Male,normal,0,private or freelance work,2,341.04,4 per year,348.0,429.45,340.62,18,18,underground garage,25-50 kW,Reg5,0
34,down,same,Female,normal,1,private or freelance work,1,291.94,4 per year,297.9,269.96,260.66,17,11,private garage,75 kW,Reg4,0
64,stable,only partner,Male,medical,11,unknown,1,148.58,1 per year,148.59,151.74,147.24,11,0,private garage,75 kW,Reg6,1
32,down,same,Male,medical,0,private or freelance work,1,286.55,2 per year,292.4,286.74,265.83,11,9,other,75 kW,Reg10,0
51,down,same,Female,medical,0,private or freelance work,1,387.16,1 per year,395.06,480.42,338.99,13,10,carport,175 kW,Reg4,0
44,down,young drivers,Male,normal,0,private or freelance work,1,345.98,4 per year,353.04,345.57,320.94,13,13,private garage,25-50 kW,Reg7,0
33,stable,only partner,Female,normal,1,private or freelance work,1,330.32,12 per year,330.34,364.14,321.19,11,7,private garage,125-300 kW,Reg4,0
57,stable,only partner,Male,medical,7,unknown,1,300.05,2 per year,300.06,230.46,300.06,13,3,street,25-50 kW,Reg5,0
27,up,all drivers > 24,Female,normal,1,private or freelance work,1,1532.17,4 per year,951.0,1619.47,1561.81,14,12,street,75 kW,Reg8,0
60,stable,only partner,Male,normal,0,private or freelance work,1,178.8,2 per year,178.81,255.35,178.81,18,12,private garage,25-50 kW,Reg5,0
34,down,same,Male,normal,0,private or freelance work,1,515.74,1 per year,526.26,515.69,491.18,18,16,street,75 kW,Reg5,0
44,down,same,Male,medical,6,private or freelance work,5,248.23,1 per year,253.3,217.62,211.71,7,1,private garage,25-50 kW,Reg4,1
37,stable,only partner,Male,normal,1,private or freelance work,1,140.0,1 per year,138.75,159.71,140.0,13,3,private garage,100 kW,Reg11,0
38,stable,same,Female,normal,3,private or freelance work,1,292.56,4 per year,287.18,294.2,292.56,14,8,unknown,75 kW,Reg6,0
50,down,young drivers,Male,normal,0,private or freelance work,1,301.13,1 per year,307.28,441.91,268.84,12,6,private garage,75 kW,Reg7,0
48,stable,young drivers,Male,medical,12,private or freelance work,2,263.99,1 per year,264.0,342.85,254.21,18,7,private estate,100 kW,Reg5,0
43,stable,same,Female,medical,10,unknown,8,201.34,1 per year,201.35,199.1,196.11,16,3,private garage,25-50 kW,Reg4,0
69,stable,same,Male,medical,10,unknown,1,341.32,2 per year,341.34,230.81,344.49,16,5,street,75 kW,Reg5,0
35,stable,only partner,Male,normal,5,unknown,1,221.39,2 per year,221.4,206.42,211.8,8,2,unknown,75 kW,Reg14,0
35,down,same,Male,normal,0,private or freelance work,1,275.6,1 per year,281.22,322.41,253.1,11,10,private garage,100 kW,Reg4,0
48,stable,same,Male,normal,1,private or freelance work,1,189.08,1 per year,189.09,240.89,200.05,12,6,street,75 kW,Reg7,0
32,stable,only partner,Male,normal,2,private or freelance work,1,314.66,4 per year,314.66,246.96,314.66,9,7,parking deck,100 kW,Reg14,0
42,stable,only partner,Female,medical,7,private or freelance work,2,249.91,1 per year,249.93,187.7,258.94,10,3,carport,100 kW,Reg7,0
25,down,same,Female,normal,0,private or freelance work,1,308.43,4 per year,314.72,389.65,290.56,15,7,street,25-50 kW,Reg4,0
35,down,all drivers > 24,Male,normal,0,private or freelance work,1,149.4,1 per year,152.45,216.61,134.61,12,5,private garage,75 kW,Reg6,1
41,stable,only partner,Female,medical,1,private or freelance work,1,257.9,1 per year,257.91,307.54,257.91,14,9,parking deck,75 kW,Reg4,0
40,down,same,Male,normal,0,private or freelance work,1,391.36,2 per year,399.35,394.19,372.4,10,3,parking deck,100 kW,Reg8,0
35,down,only partner,Female,medical,1,private or freelance work,1,284.63,1 per year,290.44,249.24,266.46,11,8,street,75 kW,Reg9,0
35,down,same,Female,normal,0,private or freelance work,1,258.6,12 per year,263.88,325.11,229.01,13,10,private garage,75 kW,Reg12,0
64,stable,same,Male,normal,2,private or freelance work,1,387.99,2 per year,373.31,377.33,387.99,11,8,carport,75 kW,Reg9,0
70,stable,same,Male,normal,6,unknown,1,243.74,1 per year,243.75,272.69,241.46,12,6,private garage,75 kW,Reg4,0
27,down,same,Male,normal,0,private or freelance work,1,1093.31,4 per year,1531.69,985.79,950.7,11,11,private garage,100 kW,Reg8,1
45,down,only partner,Male,normal,7,private or freelance work,4,302.86,1 per year,309.04,271.94,299.96,3,2,underground garage,75 kW,Reg7,0
36,down,same,Male,medical,7,unknown,1,502.14,4 per year,512.39,331.94,469.7,15,6,private garage,75 kW,Reg6,0
29,stable,young drivers,Male,normal,0,private or freelance work,2,489.2,4 per year,489.21,883.85,521.88,13,11,private garage,25-50 kW,Reg10,0
42,stable,same,Female,normal,0,private or freelance work,1,1124.67,4 per year,1124.69,1332.5,1124.69,13,13,parking deck,125-300 kW,Reg8,0
35,stable,same,Male,normal,0,private or freelance work,1,222.95,4 per year,222.96,266.35,201.09,12,12,other,125-300 kW,Reg13,0
36,down,same,Male,normal,3,private or freelance work,1,363.3,1 per year,370.71,265.26,329.52,15,6,unknown,100 kW,Reg5,0
31,down,young drivers,Female,medical,0,private or freelance work,1,469.26,2 per year,478.84,539.05,468.49,14,13,private garage,75 kW,Reg7,0
35,down,same,Male,medical,1,private or freelance work,1,208.87,1 per year,213.14,222.16,186.5,11,0,private garage,100 kW,Reg8,0
23,up,same,Female,normal,0,private or freelance work,1,846.04,4 per year,671.0,915.62,846.04,12,10,private garage,25-50 kW,Reg7,0
72,stable,same,Female,normal,7,unknown,1,299.49,4 per year,299.5,241.57,302.2,18,12,private garage,100 kW,Reg5,0
41,up,same,Male,medical,0,private or freelance work,1,1022.61,4 per year,811.04,1109.24,1003.49,14,13,street,25-50 kW,Reg3,0
39,down,same,Female,normal,0,private or freelance work,1,401.91,1 per year,410.11,416.97,382.78,9,6,street,75 kW,Reg3,0
35,down,all drivers > 24,Male,normal,4,private or freelance work,3,271.85,4 per year,277.4,271.6,259.4,14,13,street,75 kW,Reg7,0
77,stable,same,Female,normal,0,private or freelance work,1,173.33,1 per year,173.33,235.49,173.33,13,2,private garage,25-50 kW,Reg4,0
56,down,young drivers,Male,medical,0,private or freelance work,3,423.97,4 per year,432.63,519.39,370.83,18,16,other,75 kW,Reg5,0
48,up,same,Female,medical,1,private or freelance work,1,1298.86,4 per year,806.19,1424.08,1298.85,11,8,other,75 kW,Reg4,0
49,stable,young drivers,Male,medical,0,private or freelance work,1,474.55,1 per year,474.56,504.43,507.63,13,10,parking deck,100 kW,Reg4,1
31,down,same,Male,normal,0,private or freelance work,1,212.33,12 per year,216.66,246.64,204.21,10,2,other,75 kW,Reg1,0
39,stable,all drivers > 24,Male,medical,0,private or freelance work,1,177.56,1 per year,177.57,231.49,166.36,15,11,street,75 kW,Reg4,1
59,stable,young drivers,Male,normal,0,private or freelance work,1,318.19,4 per year,318.2,506.67,339.93,12,7,street,25-50 kW,Reg4,0
58,stable,same,Male,medical,1,private or freelance work,1,311.64,1 per year,311.65,285.39,305.83,10,6,street,75 kW,Reg14,0
37,down,only partner,Female,medical,0,private or freelance work,1,339.57,1 per year,346.5,412.43,311.83,16,15,carport,100 kW,Reg8,0
31,down,all drivers > 24,Female,medical,2,private or freelance work,1,493.55,2 per year,503.62,529.1,457.84,14,12,private garage,100 kW,Reg8,0
48,down,same,Male,normal,0,private or freelance work,1,390.75,4 per year,398.73,492.96,404.99,10,0,private garage,100 kW,Reg4,0
81,stable,same,Male,medical,9,unknown,1,341.4,1 per year,341.41,280.55,351.01,9,0,street,75 kW,Reg6,0
38,stable,same,Male,normal,2,private or freelance work,1,286.1,1 per year,286.11,364.17,286.11,18,15,street,100 kW,Reg8,0
30,down,same,Male,normal,0,private or freelance work,1,898.55,12 per year,1043.78,984.15,816.89,16,14,private garage,125-300 kW,Reg12,0
32,down,same,Female,medical,2,private or freelance work,1,825.82,12 per year,842.68,549.14,757.3,15,12,street,75 kW,Reg12,0
41,down,same,Male,medical,0,private or freelance work,1,532.25,4 per year,618.27,495.34,521.19,14,14,private garage,25-50 kW,Reg7,0
56,stable,same,Male,medical,6,unknown,1,570.57,1 per year,570.59,406.06,570.59,18,11,private garage,100 kW,Reg2,1
73,stable,same,Male,normal,9,unknown,1,331.45,1 per year,328.44,309.6,331.45,18,7,private estate,100 kW,Reg7,0
41,down,only partner,Male,medical,0,private or freelance work,1,192.15,1 per year,196.08,257.82,179.74,13,6,other,75 kW,Reg13,0
36,stable,same,Male,normal,4,private or freelance work,2,593.39,4 per year,593.4,348.81,561.04,17,11,unknown,125-300 kW,Reg14,0
31,stable,same,Female,medical,0,private or freelance work,1,207.7,4 per year,207.71,295.1,207.71,18,13,street,75 kW,Reg7,0
43,stable,only partner,Female,normal,3,private or freelance work,1,240.62,1 per year,240.62,207.79,240.62,14,3,unknown,75 kW,Reg5,1
75,down,same,Male,normal,5,private or freelance work,1,603.96,2 per year,616.29,614.11,615.72,16,7,street,75 kW,Reg9,0
55,stable,young drivers,Female,normal,0,private or freelance work,1,145.26,1 per year,145.28,213.88,138.69,18,0,private garage,75 kW,Reg4,0
44,stable,only partner,Male,normal,10,private or freelance work,1,153.75,1 per year,153.75,145.04,153.75,10,0,parking deck,25-50 kW,Reg8,0
25,stable,same,Female,medical,0,private or freelance work,1,327.31,4 per year,327.32,394.45,327.32,10,8,street,25-50 kW,Reg3,0
43,stable,only partner,Female,medical,0,private or freelance work,1,216.68,2 per year,216.69,288.95,216.69,10,7,underground garage,75 kW,Reg8,1
45,stable,only partner,Male,normal,4,private or freelance work,1,289.66,1 per year,289.68,354.01,289.68,15,6,parking deck,75 kW,Reg7,0
39,down,only partner,Female,medical,0,private or freelance work,1,139.36,1 per year,142.2,163.11,121.89,5,0,private garage,75 kW,Reg3,0
42,down,same,Male,normal,0,private or freelance work,1,534.1,1 per year,557.32,630.73,464.49,15,14,street,125-300 kW,Reg3,1
28,down,same,Female,normal,4,private or freelance work,1,510.38,12 per year,520.8,330.46,486.45,6,0,unknown,25-50 kW,Reg8,0
36,stable,same,Male,normal,3,private or freelance work,2,293.35,1 per year,293.35,261.01,293.35,7,6,private garage,75 kW,Reg7,0
33,down,all drivers > 24,Female,normal,2,private or freelance work,2,841.66,4 per year,858.84,573.45,864.9,12,10,street,25-50 kW,Reg4,0
41,stable,young drivers,Female,medical,0,private or freelance work,1,222.55,2 per year,222.56,257.9,222.56,12,12,other,75 kW,Reg14,0
40,stable,same,Male,medical,1,private or freelance work,3,251.71,1 per year,251.73,295.45,261.36,17,9,street,100 kW,Reg9,0
29,down,only partner,Male,normal,1,private or freelance work,3,334.72,12 per year,341.55,340.51,313.06,11,10,private garage,75 kW,Reg4,0
33,down,same,Female,medical,0,private or freelance work,1,234.49,4 per year,239.27,257.04,197.84,9,8,private garage,25-50 kW,Reg3,0
80,stable,only partner,Male,normal,6,unknown,1,340.52,1 per year,340.54,285.88,319.24,18,13,carport,75 kW,Reg3,0
26,down,same,Female,normal,0,private or freelance work,1,603.04,1 per year,700.5,594.8,548.21,11,10,parking deck,25-50 kW,Reg5,0
41,down,same,Male,normal,1,private or freelance work,1,363.74,12 per year,371.16,323.15,329.93,14,13,street,75 kW,Reg5,0
54,down,young drivers,Male,medical,0,private or freelance work,1,384.22,1 per year,400.92,447.0,334.11,12,3,street,100 kW,Reg4,0
31,stable,same,Male,normal,0,private or freelance work,1,265.81,1 per year,265.83,292.5,253.69,5,1,street,100 kW,Reg4,0
65,down,only partner,Female,normal,4,private or freelance work,1,594.15,1 per year,606.27,403.98,477.94,8,4,unknown,150 kW,Reg3,1
35,stable,only partner,Female,medical,0,private or freelance work,1,327.05,1 per year,327.06,364.47,306.11,17,16,other,75 kW,Reg5,0
30,down,young drivers,Male,medical,0,private or freelance work,1,350.69,1 per year,357.85,487.39,316.06,2,1,private garage,25-50 kW,Reg8,0
42,stable,same,Male,medical,7,unknown,1,179.85,1 per year,179.86,164.68,181.51,13,5,private estate,25-50 kW,Reg7,0
24,stable,all drivers > 24,Female,medical,0,private or freelance work,1,517.59,4 per year,517.6,602.0,483.99,7,6,carport,100 kW,Reg8,0
41,down,same,Male,normal,0,private or freelance work,3,271.03,1 per year,276.56,229.5,237.05,18,18,private garage,125-300 kW,Reg4,0
34,down,same,Male,normal,0,private or freelance work,1,954.98,4 per year,1109.33,551.09,868.14,9,9,carport,25-50 kW,Reg13,0
42,stable,young drivers,Male,normal,2,private or freelance work,1,459.14,1 per year,459.14,309.73,459.14,8,6,other,75 kW,Reg12,0
46,stable,same,Male,normal,3,private or freelance work,3,292.86,4 per year,292.88,282.85,304.1,18,4,unknown,100 kW,Reg9,1
49,stable,only partner,Male,normal,4,private or freelance work,1,303.85,2 per year,303.86,246.42,301.05,9,1,unknown,75 kW,Reg7,0
55,stable,only partner,Male,medical,0,private or freelance work,1,265.89,4 per year,265.9,339.94,281.42,12,11,other,25-50 kW,Reg8,0
42,stable,only partner,Male,medical,2,private or freelance work,1,423.45,1 per year,423.46,442.65,465.56,14,7,street,75 kW,Reg9,0
37,stable,only partner,Female,medical,8,unknown,1,354.94,2 per year,354.95,290.12,354.95,9,1,private garage,100 kW,Reg7,0
72,stable,only partner,Male,normal,11,unknown,1,224.85,2 per year,222.79,254.25,224.85,13,2,private garage,100 kW,Reg5,0
47,down,same,Male,normal,2,private or freelance work,1,260.23,1 per year,265.54,220.06,227.6,17,0,street,75 kW,Reg4,0
33,down,same,Male,medical,1,private or freelance work,1,324.15,2 per year,330.76,395.11,297.69,18,15,parking deck,250 kW,Reg5,0
32,down,only partner,Male,normal,1,private or freelance work,2,243.89,2 per year,248.86,261.14,221.21,10,4,private garage,100 kW,Reg8,1
62,down,only partner,Male,medical,0,private or freelance work,5,345.88,1 per year,352.94,405.26,305.77,18,18,private garage,150 kW,Reg8,0
31,down,same,Male,medical,0,private or freelance work,1,804.87,4 per year,934.95,754.08,671.8,13,13,parking deck,75 kW,Reg14,0
40,stable,same,Male,normal,1,private or freelance work,4,209.19,4 per year,209.2,265.45,209.2,18,9,private garage,75 kW,Reg1,0
31,stable,only partner,Male,medical,0,private or freelance work,1,309.33,4 per year,309.34,377.49,309.34,13,10,private garage,100 kW,Reg7,0
37,stable,same,Male,medical,1,private or freelance work,1,235.03,1 per year,235.03,294.88,235.03,10,5,private garage,225 kW,Reg7,0
25,down,same,Female,normal,0,private or freelance work,1,690.44,12 per year,720.46,532.62,635.31,13,13,street,25-50 kW,Reg5,1
39,stable,only partner,Male,normal,0,private or freelance work,1,121.81,1 per year,121.82,184.68,121.82,18,6,other,75 kW,Reg14,0
75,stable,same,Male,normal,7,unknown,1,230.25,2 per year,230.26,222.09,234.5,8,1,private garage,100 kW,Reg1,0
70,stable,same,Male,medical,8,unknown,1,323.27,1 per year,323.29,292.73,326.14,15,2,private garage,75 kW,Reg7,0
29,up,only partner,Female,medical,3,private or freelance work,1,600.32,4 per year,428.8,489.86,611.67,11,7,unknown,75 kW,Reg5,0
29,down,same,Male,medical,1,private or freelance work,1,426.74,1 per year,435.45,417.66,399.16,16,11,parking deck,100 kW,Reg8,0
41,stable,only partner,Female,normal,0,private or freelance work,1,162.73,1 per year,162.74,206.39,152.8,18,11,street,25-50 kW,Reg7,0
54,down,same,Male,normal,10,private or freelance work,1,152.97,1 per year,156.09,170.88,137.55,18,7,carport,100 kW,Reg5,0
41,stable,same,Female,medical,9,unknown,1,394.58,1 per year,394.59,254.21,369.79,16,7,street,75 kW,Reg7,0
35,down,young drivers,Male,normal,0,private or freelance work,1,374.11,4 per year,381.75,507.1,356.32,10,7,parking deck,75 kW,Reg13,0
69,stable,all drivers > 24,Male,medical,6,private or freelance work,1,214.65,1 per year,214.66,331.41,216.69,10,3,parking deck,75 kW,Reg4,0
47,stable,same,Male,normal,1,private or freelance work,1,224.1,4 per year,224.11,316.94,241.76,17,10,street,125-300 kW,Reg4,0
49,stable,only partner,Male,medical,4,private or freelance work,2,199.14,1 per year,199.14,166.76,199.14,8,1,unknown,100 kW,Reg14,0
50,down,same,Male,normal,9,unknown,1,281.84,1 per year,287.59,184.22,231.36,12,3,private garage,100 kW,Reg5,0
50,down,same,Male,normal,1,private or freelance work,1,501.52,4 per year,523.33,372.45,436.11,14,11,private garage,25-50 kW,Reg10,0
23,down,only partner,Female,medical,0,private or freelance work,1,529.06,4 per year,614.56,554.17,480.96,11,10,private garage,25-50 kW,Reg4,1
35,up,only partner,Male,normal,3,private or freelance work,2,405.75,12 per year,338.12,421.49,405.74,18,10,street,150 kW,Reg1,0
77,stable,all drivers > 24,Female,normal,6,unknown,1,383.76,1 per year,383.77,280.52,380.28,17,11,private garage,25-50 kW,Reg7,0
40,up,only partner,Male,medical,0,private or freelance work,1,263.4,1 per year,193.16,400.95,263.4,11,4,other,25-50 kW,Reg13,0
35,stable,only partner,Female,normal,1,private or freelance work,1,313.31,1 per year,313.33,325.79,322.19,9,2,street,125-300 kW,Reg7,0
35,stable,same,Female,normal,4,private or freelance work,2,408.9,12 per year,408.91,394.79,424.61,11,8,street,75 kW,Reg9,0
70,down,same,Male,normal,4,private or freelance work,3,683.73,4 per year,697.69,653.89,621.27,12,8,unknown,125-300 kW,Reg4,0
30,down,same,Female,medical,1,private or freelance work,1,421.31,4 per year,439.63,396.49,366.36,15,14,parking deck,25-50 kW,Reg1,0
43,down,same,Male,medical,2,private or freelance work,1,326.6,4 per year,333.26,353.45,302.98,15,10,private garage,75 kW,Reg8,1
68,stable,same,Male,medical,0,private or freelance work,3,214.65,1 per year,214.66,279.49,214.66,14,5,street,100 kW,Reg14,0
32,down,same,Male,normal,2,private or freelance work,1,583.43,12 per year,595.34,484.76,535.11,16,14,street,75 kW,Reg12,0
41,stable,only partner,Female,medical,1,private or freelance work,2,345.48,1 per year,345.49,351.6,368.9,10,8,carport,225 kW,Reg10,1
49,down,all drivers > 24,Male,normal,5,unknown,2,241.09,1 per year,246.01,194.27,210.86,16,2,unknown,75 kW,Reg14,1
29,down,only partner,Male,normal,0,private or freelance work,1,580.7,4 per year,592.55,607.76,538.06,16,13,street,100 kW,Reg9,0
85,stable,only partner,Female,normal,10,unknown,1,187.04,1 per year,187.05,173.64,188.74,18,0,private garage,75 kW,Reg5,0
39,down,same,Male,normal,2,private or freelance work,1,829.26,4 per year,865.31,720.0,674.24,14,13,private garage,75 kW,Reg12,0
64,stable,all drivers > 24,Male,normal,0,private or freelance work,1,161.79,1 per year,161.8,256.71,161.8,15,7,private garage,75 kW,Reg4,0
27,down,only partner,Female,normal,0,private or freelance work,1,281.25,12 per year,286.99,389.15,273.41,17,14,other,125-300 kW,Reg10,0
59,stable,same,Male,normal,7,unknown,1,318.09,1 per year,318.1,253.38,318.1,12,5,street,75 kW,Reg9,1
37,stable,only partner,Male,normal,2,private or freelance work,2,206.06,4 per year,206.06,185.8,206.06,13,10,private garage,25-50 kW,Reg14,0
46,stable,all drivers > 24,Male,medical,6,unknown,1,407.25,1 per year,407.26,232.22,421.95,18,9,private garage,75 kW,Reg7,0
40,stable,only partner,Male,medical,8,private or freelance work,1,378.89,1 per year,378.9,297.39,354.86,11,6,unknown,100 kW,Reg4,0
71,down,same,Male,normal,0,private or freelance work,1,323.61,4 per year,330.21,422.4,278.11,14,11,other,75 kW,Reg14,0
33,stable,same,Male,medical,5,unknown,3,322.94,1 per year,322.95,330.6,338.2,12,7,unknown,125-300 kW,Reg4,0
62,stable,all drivers > 24,Male,normal,1,private or freelance work,1,299.94,1 per year,299.95,382.18,299.95,16,8,private garage,100 kW,Reg5,0
35,stable,same,Male,normal,0,private or freelance work,1,251.93,1 per year,251.94,271.73,251.94,9,7,underground garage,125-300 kW,Reg7,0
46,stable,all drivers > 24,Female,normal,4,private or freelance work,1,183.58,1 per year,183.59,192.12,183.59,11,3,private garage,25-50 kW,Reg4,0
52,down,only partner,Female,normal,0,private or freelance work,2,679.13,2 per year,788.89,753.25,659.96,15,14,carport,25-50 kW,Reg4,0
38,down,only partner,Male,normal,1,private or freelance work,1,735.48,12 per year,750.49,532.3,741.76,14,13,parking deck,75 kW,Reg9,0
29,stable,only partner,Female,medical,0,private or freelance work,1,174.03,1 per year,174.04,285.84,174.04,16,12,other,75 kW,Reg12,0
49,stable,same,Male,normal,2,private or freelance work,1,389.62,4 per year,389.64,319.11,404.94,11,2,parking deck,100 kW,Reg10,0
38,down,only partner,Male,medical,0,private or freelance work,1,476.28,1 per year,486.0,553.5,453.6,12,9,parking deck,75 kW,Reg4,1
67,stable,same,Male,normal,0,private or freelance work,2,138.66,1 per year,132.41,151.96,138.66,2,0,private garage,75 kW,Reg10,0
50,down,only partner,Female,normal,5,private or freelance work,1,185.88,1 per year,189.68,209.53,168.78,14,2,private garage,125-300 kW,Reg4,0
62,stable,same,Male,normal,2,private or freelance work,1,372.27,4 per year,372.29,354.77,361.95,18,14,street,75 kW,Reg3,0
31,down,only partner,Male,medical,1,private or freelance work,1,304.47,4 per year,310.69,312.18,282.24,14,12,private garage,75 kW,Reg8,0
37,stable,only partner,Male,medical,1,private or freelance work,1,273.51,1 per year,273.53,336.26,281.3,14,11,street,75 kW,Reg7,0
30,down,same,Male,normal,0,private or freelance work,1,1018.1,12 per year,1182.64,612.19,925.52,13,12,private garage,75 kW,Reg4,1
54,down,only partner,Male,medical,1,private or freelance work,1,306.64,1 per year,312.9,221.84,273.79,7,0,private garage,125-300 kW,Reg4,1
54,stable,only partner,Female,normal,0,private or freelance work,1,155.24,1 per year,155.25,238.89,155.25,18,12,private garage,75 kW,Reg10,1
30,down,only partner,Male,medical,0,private or freelance work,1,489.94,2 per year,499.94,580.34,484.65,7,2,parking deck,100 kW,Reg14,0
30,down,only partner,Male,medical,0,private or freelance work,1,258.6,4 per year,263.88,337.73,258.47,13,9,street,25-50 kW,Reg7,0
64,down,same,Male,normal,4,private or freelance work,2,647.0,1 per year,660.2,398.95,599.52,4,0,unknown,100 kW,Reg5,0
46,stable,same,Male,normal,0,private or freelance work,1,155.9,2 per year,155.91,242.93,175.93,18,9,other,75 kW,Reg8,0
70,stable,only partner,Male,normal,0,private or freelance work,1,238.16,1 per year,238.17,275.04,206.55,13,5,private garage,225 kW,Reg7,1
35,stable,only partner,Female,medical,0,private or freelance work,1,228.3,1 per year,228.31,305.3,241.49,16,13,parking deck,125-300 kW,Reg9,0
55,stable,young drivers,Male,medical,0,private or freelance work,1,244.88,1 per year,244.89,360.77,251.94,11,2,private garage,75 kW,Reg4,0
37,stable,same,Male,medical,0,private or freelance work,3,850.3,1 per year,850.31,976.39,926.14,8,7,other,75 kW,Reg4,0
22,down,same,Male,normal,0,private or freelance work,1,615.18,2 per year,627.74,669.99,538.06,13,12,private garage,100 kW,Reg14,1
42,stable,same,Female,medical,0,private or freelance work,1,143.5,2 per year,143.51,213.1,143.51,14,12,private garage,25-50 kW,Reg7,0
43,stable,all drivers > 24,Male,medical,0,private or freelance work,1,366.67,2 per year,366.69,548.67,388.22,15,10,street,75 kW,Reg9,0
23,down,young drivers,Female,normal,0,private or freelance work,1,893.92,12 per year,932.79,751.75,747.84,14,12,street,75 kW,Reg8,0
40,stable,only partner,Male,normal,5,unknown,1,373.29,1 per year,373.3,259.06,366.45,13,8,unknown,150 kW,Reg5,0
75,stable,same,Male,normal,8,unknown,1,213.68,1 per year,213.69,197.21,207.95,10,1,private garage,75 kW,Reg3,0
59,down,only partner,Male,normal,7,private or freelance work,1,378.21,4 per year,385.92,383.74,334.64,12,4,street,75 kW,Reg5,0
36,down,only partner,Male,medical,1,private or freelance work,1,281.26,12 per year,287.0,288.29,273.15,11,7,other,100 kW,Reg4,0
42,stable,only partner,Male,normal,0,private or freelance work,1,280.04,2 per year,280.05,289.26,267.12,9,8,parking deck,75 kW,Reg10,0
28,down,only partner,Female,medical,0,private or freelance work,1,662.38,4 per year,691.18,743.09,575.99,14,14,private garage,100 kW,Reg4,0
32,down,same,Female,medical,0,private or freelance work,1,873.09,2 per year,1014.2,794.14,763.91,18,18,private garage,100 kW,Reg9,0
66,down,all drivers > 24,Female,normal,1,private or freelance work,1,285.18,1 per year,291.0,293.09,261.9,11,0,street,75 kW,Reg4,0
30,down,only partner,Female,medical,0,private or freelance work,2,300.21,2 per year,313.26,428.65,261.05,15,13,street,75 kW,Reg11,0
48,stable,only partner,Male,normal,9,unknown,1,371.62,2 per year,371.62,291.6,371.62,10,0,street,175 kW,Reg14,0
36,stable,same,Male,normal,6,unknown,2,530.42,2 per year,530.44,425.05,511.0,15,8,street,100 kW,Reg5,0
35,stable,same,Male,normal,0,private or freelance work,1,218.66,2 per year,218.68,325.61,220.7,11,6,street,75 kW,Reg4,0
43,stable,same,Female,medical,0,private or freelance work,1,193.18,1 per year,193.19,268.36,202.49,14,9,private garage,125-300 kW,Reg10,0
37,stable,only partner,Female,normal,2,private or freelance work,2,311.35,1 per year,311.36,347.52,302.71,18,15,private garage,100 kW,Reg4,1
42,stable,same,Male,medical,4,private or freelance work,1,378.2,2 per year,378.21,214.64,357.86,16,3,unknown,75 kW,Reg4,0
39,down,only partner,Female,medical,1,private or freelance work,1,319.57,1 per year,326.09,316.0,298.91,17,11,street,25-50 kW,Reg2,0
60,stable,same,Male,normal,7,unknown,2,334.89,1 per year,334.9,300.26,334.9,8,1,private garage,25-50 kW,Reg4,0
41,down,only partner,Female,medical,3,private or freelance work,3,484.92,1 per year,494.81,499.31,453.22,7,5,street,75 kW,Reg4,0
41,stable,same,Male,normal,0,private or freelance work,1,175.61,1 per year,175.62,191.4,161.54,14,6,underground garage,100 kW,Reg14,0
37,down,same,Female,medical,0,private or freelance work,1,514.52,4 per year,597.68,604.0,485.46,12,12,street,25-50 kW,Reg4,0
43,down,same,Male,normal,6,private or freelance work,1,511.95,4 per year,522.4,516.79,469.9,15,12,street,75 kW,Reg5,0
45,down,same,Male,normal,0,private or freelance work,1,860.46,4 per year,999.52,818.88,745.81,18,17,parking deck,75 kW,Reg4,0
54,down,same,Female,medical,2,private or freelance work,1,389.94,1 per year,397.9,318.31,361.74,10,0,street,100 kW,Reg1,1
27,stable,all drivers > 24,Male,normal,0,private or freelance work,1,997.72,1 per year,997.74,1232.19,997.74,7,7,private garage,200 kW,Reg4,0
47,stable,only partner,Female,medical,0,private or freelance work,1,248.06,12 per year,248.08,300.93,230.17,17,6,street,75 kW,Reg13,1
37,stable,only partner,Female,normal,3,private or freelance work,1,217.18,4 per year,217.19,249.51,205.7,16,11,private garage,75 kW,Reg6,0
37,down,same,Male,normal,0,private or freelance work,1,218.28,2 per year,222.74,243.85,200.46,7,3,private garage,75 kW,Reg7,0
28,down,only partner,Female,normal,1,private or freelance work,1,251.98,4 per year,257.12,235.61,233.74,10,0,street,25-50 kW,Reg4,0
40,down,only partner,Female,medical,11,private or freelance work,1,210.36,12 per year,214.65,215.88,197.01,11,0,other,25-50 kW,Reg14,0
38,down,same,Male,normal,1,private or freelance work,1,459.46,1 per year,468.84,444.96,401.86,15,10,parking deck,75 kW,Reg4,0
59,stable,only partner,Male,normal,0,private or freelance work,1,242.13,1 per year,242.14,351.59,263.35,11,4,private garage,75 kW,Reg4,0
38,stable,only partner,Male,medical,1,private or freelance work,1,285.91,2 per year,285.93,322.0,285.93,13,8,private garage,125-300 kW,Reg6,0
38,stable,same,Female,normal,1,private or freelance work,1,242.33,1 per year,242.34,240.65,237.94,17,7,street,25-50 kW,Reg14,0
85,stable,young drivers,Female,medical,8,unknown,1,590.21,1 per year,590.22,325.45,595.72,13,0,private garage,75 kW,Reg5,1
45,stable,young drivers,Male,normal,0,private or freelance work,1,351.85,4 per year,351.86,582.4,372.79,15,1,private garage,75 kW,Reg10,0
48,up,same,Male,normal,10,private or freelance work,1,388.01,1 per year,258.68,376.49,369.86,8,7,parking deck,100 kW,Reg4,0
57,stable,same,Male,normal,5,private or freelance work,1,251.79,1 per year,251.8,260.55,251.8,13,0,private garage,125-300 kW,Reg3,0
33,down,same,Male,normal,1,private or freelance work,1,519.73,1 per year,530.34,549.61,486.14,17,11,private garage,150 kW,Reg8,0
35,down,only partner,Male,normal,0,private or freelance work,1,341.14,1 per year,348.1,517.74,324.89,17,14,private garage,75 kW,Reg3,0
46,stable,all drivers > 24,Female,medical,8,private or freelance work,1,285.03,4 per year,285.04,344.81,285.04,16,12,private garage,75 kW,Reg4,0
42,down,same,Male,normal,1,private or freelance work,1,417.28,4 per year,425.8,311.59,372.43,4,3,private garage,75 kW,Reg12,1
42,down,same,Male,normal,2,private or freelance work,1,364.2,2 per year,371.64,323.38,344.03,10,1,parking deck,75 kW,Reg7,0
42,stable,same,Male,normal,5,private or freelance work,1,417.76,1 per year,417.78,347.6,417.78,8,7,private garage,125-300 kW,Reg7,0
57,stable,only partner,Female,normal,10,private or freelance work,1,172.24,1 per year,172.25,153.59,172.25,11,0,private estate,75 kW,Reg8,0
31,stable,same,Male,normal,1,private or freelance work,1,250.26,1 per year,250.26,302.19,250.26,14,10,street,100 kW,Reg14,0
36,down,same,Female,medical,6,unknown,1,477.62,1 per year,487.36,319.71,423.24,11,5,private garage,75 kW,Reg7,0
56,down,same,Female,medical,7,private or freelance work,1,342.33,1 per year,349.31,272.49,310.5,9,7,street,25-50 kW,Reg12,1
66,stable,only partner,Male,normal,10,private or freelance work,1,112.46,1 per year,112.48,118.46,98.29,11,1,street,25-50 kW,Reg11,0
33,down,same,Male,normal,0,private or freelance work,1,329.22,1 per year,335.94,311.39,319.68,7,0,parking deck,125-300 kW,Reg3,0
38,down,only partner,Female,medical,0,private or freelance work,1,211.75,1 per year,216.08,271.68,192.06,15,8,street,75 kW,Reg7,0
57,stable,same,Male,medical,2,private or freelance work,1,221.05,1 per year,221.06,207.18,212.96,7,1,private garage,125-300 kW,Reg12,0
34,stable,only partner,Female,normal,0,private or freelance work,1,133.37,2 per year,133.39,189.99,133.39,17,11,private garage,25-50 kW,Reg7,0
30,down,same,Female,medical,1,private or freelance work,1,578.99,4 per year,672.56,542.89,526.35,9,3,other,75 kW,Reg8,0
34,down,same,Male,medical,0,private or freelance work,1,211.58,1 per year,215.9,276.45,191.91,13,7,private garage,100 kW,Reg4,0
37,down,same,Male,normal,3,private or freelance work,1,328.84,1 per year,335.55,249.93,293.61,18,10,unknown,100 kW,Reg4,0
48,up,same,Male,normal,0,private or freelance work,1,540.69,12 per year,420.54,664.03,501.46,12,8,underground garage,100 kW,Reg7,0
29,stable,same,Female,normal,2,private or freelance work,1,282.64,1 per year,282.65,259.0,277.47,12,7,carport,75 kW,Reg11,1
60,stable,same,Male,normal,2,private or freelance work,1,214.74,1 per year,214.75,161.08,214.75,18,14,other,25-50 kW,Reg1,0
35,stable,only partner,Male,normal,0,private or freelance work,1,143.71,1 per year,143.73,157.91,134.84,15,5,private garage,150 kW,Reg12,0
37,down,only partner,Female,normal,5,private or freelance work,1,147.09,1 per year,150.09,166.77,143.35,18,5,street,25-50 kW,Reg5,0
39,stable,all drivers > 24,Male,normal,6,unknown,2,289.53,1 per year,289.54,233.55,284.34,7,1,carport,75 kW,Reg12,0
26,down,same,Female,medical,1,private or freelance work,1,534.15,1 per year,545.05,486.71,508.71,13,10,street,75 kW,Reg4,0
30,down,only partner,Male,normal,0,private or freelance work,1,711.56,4 per year,826.56,719.5,646.84,18,18,street,75 kW,Reg3,0
39,stable,same,Female,normal,1,private or freelance work,1,249.03,1 per year,249.04,256.08,249.04,16,11,private garage,75 kW,Reg10,0
41,stable,all drivers > 24,Male,normal,3,private or freelance work,2,361.1,4 per year,361.11,329.38,378.71,13,5,unknown,75 kW,Reg9,0
34,down,young drivers,Male,normal,1,private or freelance work,2,833.45,1 per year,869.69,693.8,724.74,11,9,parking deck,75 kW,Reg10,1
42,stable,young drivers,Male,normal,0,private or freelance work,1,261.66,1 per year,261.67,353.79,261.67,7,4,private garage,75 kW,Reg12,1
37,down,only partner,Male,normal,1,private or freelance work,1,326.08,1 per year,332.74,390.26,279.95,15,8,private garage,100 kW,Reg7,1
45,stable,only partner,Female,normal,1,private or freelance work,1,204.65,4 per year,204.66,256.9,204.66,17,10,private garage,75 kW,Reg4,0
33,down,only partner,Male,medical,0,private or freelance work,2,312.61,1 per year,318.99,404.38,273.89,18,14,carport,75 kW,Reg8,0
33,down,same,Female,medical,1,private or freelance work,1,438.18,2 per year,447.13,388.11,409.86,15,10,street,25-50 kW,Reg2,0
53,down,all drivers > 24,Male,normal,1,private or freelance work,1,321.81,1 per year,328.38,332.78,315.75,12,10,parking deck,25-50 kW,Reg5,0
31,up,all drivers > 24,Female,medical,4,private or freelance work,1,701.08,1 per year,560.86,517.25,662.86,10,6,unknown,100 kW,Reg7,0
50,down,young drivers,Male,normal,0,private or freelance work,4,323.82,1 per year,330.42,496.44,289.27,14,8,private garage,75 kW,Reg8,0
71,stable,same,Female,normal,1,private or freelance work,1,384.81,1 per year,384.82,404.84,384.82,13,8,private garage,75 kW,Reg10,0
36,stable,only partner,Female,normal,1,private or freelance work,1,245.1,1 per year,245.11,283.48,245.11,15,10,private garage,100 kW,Reg8,0
37,down,only partner,Male,normal,0,private or freelance work,1,274.35,1 per year,279.95,290.71,256.63,9,8,other,75 kW,Reg8,0
39,down,same,Male,normal,0,private or freelance work,2,177.72,2 per year,181.35,266.76,170.91,17,10,private garage,25-50 kW,Reg7,1
42,stable,same,Male,medical,1,private or freelance work,1,299.16,4 per year,299.17,322.09,299.17,18,13,street,25-50 kW,Reg7,1
49,down,young drivers,Male,medical,0,private or freelance work,1,261.92,1 per year,267.26,356.71,259.0,17,15,street,25-50 kW,Reg9,0
39,stable,same,Male,normal,1,private or freelance work,1,483.05,4 per year,483.06,467.81,451.94,11,9,private garage,75 kW,Reg2,0
41,stable,only partner,Female,medical,6,unknown,1,316.41,4 per year,316.42,256.8,283.61,15,9,private garage,100 kW,Reg6,0
52,down,only partner,Female,normal,1,private or freelance work,1,277.4,1 per year,283.06,239.94,254.76,6,3,street,25-50 kW,Reg4,0
25,stable,same,Female,medical,4,private or freelance work,1,292.54,4 per year,292.55,369.01,281.84,15,9,underground garage,75 kW,Reg14,0
40,stable,all drivers > 24,Male,medical,2,private or freelance work,1,315.56,4 per year,315.58,323.03,303.88,11,6,street,100 kW,Reg14,0
54,stable,same,Male,normal,1,private or freelance work,1,282.31,4 per year,277.02,334.99,282.31,12,3,street,75 kW,Reg4,0
68,down,same,Male,normal,1,private or freelance work,1,457.64,1 per year,477.54,547.66,401.65,15,7,private garage,75 kW,Reg7,1
62,stable,same,Female,medical,9,unknown,1,249.72,2 per year,249.74,197.71,234.29,13,4,private garage,75 kW,Reg8,0
21,down,same,Male,normal,0,private or freelance work,1,1016.01,12 per year,1180.21,1129.35,880.16,17,17,parking deck,75 kW,Reg4,0
62,stable,only partner,Male,medical,0,private or freelance work,2,190.74,4 per year,190.75,235.21,190.75,18,15,street,75 kW,Reg2,0
42,stable,same,Male,normal,0,private or freelance work,1,248.39,4 per year,248.4,334.49,248.39,13,4,street,75 kW,Reg4,0
37,down,only partner,Male,medical,1,private or freelance work,1,508.36,4 per year,518.74,455.01,457.4,14,12,private garage,75 kW,Reg12,0
54,stable,same,Male,normal,2,private or freelance work,1,337.49,1 per year,337.49,331.85,337.49,11,9,street,100 kW,Reg6,0
30,down,only partner,Female,medical,1,private or freelance work,1,360.44,12 per year,367.8,362.43,331.01,11,9,street,125-300 kW,Reg4,0
27,down,young drivers,Male,normal,0,private or freelance work,1,621.12,4 per year,633.8,665.5,543.25,13,11,carport,100 kW,Reg5,0
38,stable,same,Male,medical,0,private or freelance work,1,220.69,1 per year,220.7,311.44,220.7,12,8,other,75 kW,Reg14,0
47,stable,same,Male,medical,12,unknown,1,165.85,1 per year,165.86,168.26,165.86,18,8,private garage,25-50 kW,Reg14,0
52,down,only partner,Male,medical,0,private or freelance work,1,469.91,1 per year,479.5,542.12,439.54,11,9,underground garage,125-300 kW,Reg8,0
25,down,same,Male,normal,0,private or freelance work,1,822.62,2 per year,839.41,528.75,719.5,8,7,private garage,100 kW,Reg4,1
33,down,same,Male,medical,3,private or freelance work,1,387.93,1 per year,395.85,275.43,356.26,12,8,unknown,75 kW,Reg7,0
74,down,same,Male,medical,8,private or freelance work,2,380.56,1 per year,388.33,396.86,349.84,10,2,private garage,75 kW,Reg12,0
68,stable,all drivers > 24,Male,medical,10,private or freelance work,2,288.84,1 per year,288.85,263.7,288.85,11,11,private garage,25-50 kW,Reg10,0
48,down,only partner,Male,normal,1,private or freelance work,1,263.91,4 per year,269.3,314.3,240.11,18,9,parking deck,75 kW,Reg9,0
40,down,same,Male,normal,0,private or freelance work,2,262.96,2 per year,268.33,286.28,241.49,13,9,carport,100 kW,Reg7,0
58,down,young drivers,Female,medical,6,private or freelance work,1,488.24,1 per year,498.2,341.76,488.76,12,7,street,25-50 kW,Reg5,1
34,stable,all drivers > 24,Female,normal,0,private or freelance work,1,584.84,4 per year,584.85,765.88,629.8,18,18,private garage,75 kW,Reg13,0
32,down,same,Male,normal,1,private or freelance work,1,434.6,12 per year,453.5,421.5,410.74,14,14,parking deck,25-50 kW,Reg1,0
51,stable,all drivers > 24,Male,normal,0,private or freelance work,1,222.0,1 per year,222.01,211.1,246.06,16,9,carport,100 kW,Reg3,0
34,down,only partner,Male,medical,2,private or freelance work,1,286.7,1 per year,292.55,313.0,261.04,9,2,street,75 kW,Reg7,0
49,stable,young drivers,Male,normal,9,unknown,1,545.3,12 per year,545.31,478.71,514.86,12,3,private garage,125-300 kW,Reg6,0
32,down,same,Male,normal,2,private or freelance work,1,397.15,12 per year,405.25,383.66,410.64,11,2,private garage,75 kW,Reg12,0
36,stable,same,Female,normal,2,private or freelance work,1,201.55,1 per year,201.56,169.1,199.75,2,0,private garage,100 kW,Reg8,0
39,up,only partner,Male,normal,3,private or freelance work,1,485.95,1 per year,226.77,496.93,450.85,6,6,carport,125-300 kW,Reg8,1
35,stable,only partner,Male,normal,3,private or freelance work,3,304.04,1 per year,304.04,287.59,304.04,9,8,other,75 kW,Reg3,0
46,stable,same,Male,normal,5,private or freelance work,1,217.76,1 per year,217.78,264.39,217.78,14,7,private garage,100 kW,Reg10,0
27,down,only partner,Female,normal,0,private or freelance work,1,712.24,1 per year,827.35,826.88,647.5,14,11,street,75 kW,Reg5,0
35,down,same,Female,medical,0,private or freelance work,1,240.11,1 per year,245.01,297.45,222.74,10,4,street,25-50 kW,Reg3,0
21,down,young drivers,Female,normal,1,private or freelance work,1,637.51,4 per year,1223.5,674.26,661.52,9,7,private garage,25-50 kW,Reg5,0
36,stable,only partner,Female,medical,0,private or freelance work,1,704.34,4 per year,704.35,835.75,704.35,17,17,street,25-50 kW,Reg12,1
39,down,only partner,Male,medical,0,private or freelance work,4,326.08,4 per year,332.74,368.82,301.59,15,5,street,100 kW,Reg9,0
36,stable,all drivers > 24,Male,normal,0,private or freelance work,1,219.94,1 per year,219.95,315.27,239.24,10,3,street,100 kW,Reg7,0
73,down,only partner,Female,medical,0,private or freelance work,1,447.31,1 per year,466.76,509.16,415.11,9,8,private garage,25-50 kW,Reg4,0
42,down,same,Female,medical,1,private or freelance work,1,421.25,4 per year,429.85,395.19,382.52,10,6,street,75 kW,Reg9,1
58,down,only partner,Female,normal,2,private or freelance work,2,528.26,1 per year,539.04,455.93,484.45,3,3,parking deck,125-300 kW,Reg11,0
46,stable,same,Female,medical,10,unknown,1,368.03,4 per year,368.03,281.89,368.03,11,0,street,100 kW,Reg6,0
51,down,same,Male,normal,2,private or freelance work,1,396.45,4 per year,404.54,349.71,364.09,14,7,private garage,150 kW,Reg5,0
41,stable,only partner,Male,normal,2,private or freelance work,1,431.36,4 per year,431.38,407.26,456.79,9,7,street,100 kW,Reg9,0
39,stable,same,Male,normal,1,private or freelance work,1,229.59,1 per year,229.6,343.31,240.54,16,9,underground garage,125-300 kW,Reg8,1
46,stable,young drivers,Male,medical,0,private or freelance work,1,256.39,1 per year,256.4,293.39,256.4,11,0,private garage,100 kW,Reg7,0
48,stable,same,Male,medical,1,private or freelance work,2,412.06,1 per year,396.54,401.21,412.06,8,7,private garage,100 kW,Reg7,1
43,down,young drivers,Male,medical,2,private or freelance work,1,281.54,1 per year,287.29,318.0,255.36,18,10,parking deck,75 kW,Reg7,0
33,stable,only partner,Male,normal,0,private or freelance work,1,267.84,1 per year,267.85,283.21,267.85,11,1,carport,25-50 kW,Reg12,0
40,stable,only partner,Male,medical,7,private or freelance work,2,420.28,1 per year,420.29,296.86,424.16,9,2,street,100 kW,Reg5,0
25,stable,all drivers > 24,Female,normal,0,private or freelance work,1,306.11,1 per year,306.12,363.65,270.86,13,6,private garage,25-50 kW,Reg8,0
47,stable,same,Male,normal,5,private or freelance work,1,230.74,1 per year,230.75,279.7,230.75,15,6,private garage,75 kW,Reg8,0
81,stable,same,Male,normal,10,unknown,1,251.41,1 per year,251.42,174.18,238.11,13,0,private garage,75 kW,Reg11,1
28,down,same,Male,normal,1,private or freelance work,1,675.96,4 per year,705.35,605.2,587.8,14,10,parking deck,75 kW,Reg4,0
41,stable,all drivers > 24,Male,normal,0,private or freelance work,1,265.3,2 per year,265.3,297.95,265.3,17,16,private garage,75 kW,Reg4,0
44,stable,only partner,Male,medical,8,private or freelance work,2,241.11,1 per year,241.12,259.02,234.44,11,3,private garage,125-300 kW,Reg4,0
30,down,only partner,Male,normal,0,private or freelance work,1,312.61,4 per year,318.99,353.38,292.4,7,2,carport,75 kW,Reg3,0
40,up,only partner,Male,medical,3,private or freelance work,11,428.29,1 per year,336.51,278.84,428.3,17,13,unknown,25-50 kW,Reg10,0
35,down,only partner,Male,normal,1,private or freelance work,1,543.24,1 per year,566.86,649.46,509.63,10,8,parking deck,100 kW,Reg5,1
68,stable,all drivers > 24,Male,medical,1,private or freelance work,1,226.91,1 per year,226.91,262.33,226.91,9,0,private garage,100 kW,Reg8,1
72,up,same,Male,normal,2,private or freelance work,1,677.65,1 per year,508.24,657.51,677.65,17,12,street,75 kW,Reg4,0
48,down,only partner,Male,normal,1,private or freelance work,1,235.48,1 per year,240.29,263.58,204.41,16,9,other,75 kW,Reg3,1
43,stable,only partner,Female,normal,1,private or freelance work,1,201.45,1 per year,197.71,255.86,201.45,12,8,street,75 kW,Reg14,0
48,down,same,Female,medical,3,private or freelance work,1,344.98,1 per year,352.02,264.51,287.54,5,0,parking deck,75 kW,Reg8,0
40,stable,all drivers > 24,Male,normal,1,private or freelance work,2,290.03,1 per year,290.04,267.84,276.56,11,11,street,125-300 kW,Reg7,1
34,stable,only partner,Male,normal,1,private or freelance work,1,320.19,2 per year,320.2,326.81,320.2,4,0,parking deck,100 kW,Reg8,0
40,stable,all drivers > 24,Female,medical,5,unknown,2,256.89,2 per year,256.9,293.18,250.15,13,3,unknown,100 kW,Reg8,0
45,down,same,Male,medical,3,private or freelance work,1,673.75,1 per year,687.5,503.24,617.78,11,8,private garage,100 kW,Reg8,0
29,stable,same,Male,normal,0,private or freelance work,1,277.34,1 per year,277.35,293.32,277.35,14,6,underground garage,100 kW,Reg7,1
30,down,same,Female,normal,2,private or freelance work,1,693.6,4 per year,707.75,491.7,660.56,18,16,street,75 kW,Reg13,0
36,down,same,Male,normal,0,private or freelance work,1,303.92,1 per year,310.13,374.38,284.31,14,13,private garage,125-300 kW,Reg8,1
41,down,same,Male,normal,1,private or freelance work,1,440.61,1 per year,449.6,434.38,385.37,17,12,carport,75 kW,Reg5,0
26,down,same,Male,medical,1,private or freelance work,1,625.72,4 per year,638.49,417.06,497.65,12,8,street,75 kW,Reg14,0
37,stable,only partner,Male,normal,1,private or freelance work,1,270.97,1 per year,270.99,333.51,270.99,15,6,private garage,100 kW,Reg8,0
42,stable,only partner,Female,medical,4,private or freelance work,1,569.2,12 per year,569.21,434.04,517.7,15,11,unknown,100 kW,Reg14,0
33,stable,only partner,Male,medical,3,private or freelance work,4,284.3,1 per year,284.31,398.77,300.75,10,5,street,100 kW,Reg10,0
48,stable,only partner,Male,medical,9,unknown,1,162.82,1 per year,162.82,166.06,162.82,14,2,private garage,25-50 kW,Reg8,1
45,stable,same,Male,medical,1,private or freelance work,1,186.06,1 per year,186.08,250.45,196.85,16,8,private garage,125-300 kW,Reg9,1
44,down,young drivers,Male,normal,0,private or freelance work,2,378.65,4 per year,386.38,463.33,343.86,14,11,parking deck,25-50 kW,Reg6,0
43,stable,same,Female,normal,3,private or freelance work,1,554.06,2 per year,554.08,446.38,575.59,14,11,unknown,75 kW,Reg9,0
37,stable,same,Male,normal,5,unknown,1,227.49,2 per year,227.5,189.54,239.89,18,9,unknown,100 kW,Reg6,0
68,up,same,Male,normal,3,private or freelance work,1,386.17,1 per year,280.85,477.24,401.0,15,3,parking deck,100 kW,Reg8,0
37,up,all drivers > 24,Male,normal,5,unknown,1,445.2,2 per year,333.9,503.77,445.2,5,0,unknown,100 kW,Reg8,0
39,down,same,Male,medical,0,private or freelance work,1,578.17,4 per year,671.61,727.39,525.61,18,18,other,100 kW,Reg7,0
45,stable,young drivers,Male,normal,0,private or freelance work,2,231.69,4 per year,231.7,244.75,231.7,14,1,private garage,75 kW,Reg11,0
40,stable,only partner,Male,normal,4,private or freelance work,2,217.81,1 per year,213.85,217.96,217.81,12,5,unknown,75 kW,Reg4,1
48,stable,same,Female,medical,0,private or freelance work,1,82.38,1 per year,82.39,99.06,90.74,15,1,private garage,25-50 kW,Reg3,0
60,up,only partner,Male,medical,2,private or freelance work,1,560.57,1 per year,411.09,783.16,582.41,18,17,other,100 kW,Reg6,0
60,stable,young drivers,Male,normal,1,private or freelance work,1,194.11,1 per year,194.13,229.24,194.13,15,7,carport,75 kW,Reg10,0
37,stable,only partner,Female,medical,0,private or freelance work,1,267.8,1 per year,267.81,379.49,267.81,10,3,other,100 kW,Reg4,0
30,stable,only partner,Female,normal,1,private or freelance work,1,234.01,2 per year,234.03,284.16,240.61,17,8,private garage,100 kW,Reg4,0
64,stable,all drivers > 24,Female,normal,0,private or freelance work,1,278.58,1 per year,278.59,359.31,286.56,9,3,private garage,25-50 kW,Reg4,0
47,stable,same,Male,medical,7,unknown,1,247.48,2 per year,247.49,175.8,247.49,12,4,private garage,75 kW,Reg13,0
35,down,same,Male,normal,0,private or freelance work,1,662.38,12 per year,691.18,610.9,609.78,16,15,parking deck,75 kW,Reg9,0
30,stable,same,Male,normal,0,private or freelance work,1,343.14,2 per year,343.15,374.09,343.15,11,10,street,75 kW,Reg10,0
21,down,same,Male,normal,0,private or freelance work,1,751.74,12 per year,784.42,1014.54,605.57,16,16,private garage,100 kW,Reg8,0
33,down,same,Male,medical,1,private or freelance work,1,638.62,12 per year,666.39,592.22,555.33,18,18,private garage,75 kW,Reg7,0
53,stable,only partner,Female,medical,3,private or freelance work,10,258.8,2 per year,258.8,196.31,258.8,10,4,unknown,100 kW,Reg1,1
75,stable,young drivers,Female,normal,0,private or freelance work,1,226.6,1 per year,226.61,273.68,226.61,15,15,private garage,25-50 kW,Reg14,0
45,stable,same,Male,medical,5,unknown,1,231.34,1 per year,231.35,210.95,217.6,18,11,unknown,75 kW,Reg7,0
40,stable,same,Female,normal,5,unknown,1,439.86,4 per year,439.87,330.85,460.86,15,9,unknown,25-50 kW,Reg6,1
54,stable,same,Male,normal,1,private or freelance work,1,243.26,1 per year,243.27,254.21,227.7,15,12,street,75 kW,Reg4,0
51,stable,only partner,Male,medical,1,private or freelance work,1,208.06,4 per year,208.08,260.93,202.39,18,12,other,100 kW,Reg1,0
72,down,same,Male,medical,8,unknown,1,333.68,1 per year,340.49,251.61,305.5,14,0,private garage,75 kW,Reg8,0
52,stable,same,Female,normal,0,private or freelance work,1,206.81,1 per year,206.83,242.27,197.37,15,13,other,100 kW,Reg7,0
45,down,young drivers,Male,medical,7,unknown,2,443.61,1 per year,452.66,389.52,411.34,11,0,private estate,25-50 kW,Reg5,0
53,stable,all drivers > 24,Female,normal,2,private or freelance work,1,391.7,4 per year,391.71,366.75,391.71,13,7,street,75 kW,Reg6,0
30,down,same,Female,medical,4,private or freelance work,2,371.42,4 per year,379.0,275.45,336.89,18,10,unknown,75 kW,Reg7,0
58,stable,young drivers,Female,normal,1,private or freelance work,1,347.7,1 per year,347.71,241.12,325.68,18,0,other,75 kW,Reg4,0
59,stable,same,Female,normal,6,unknown,1,275.54,4 per year,275.55,168.58,275.55,18,8,private garage,75 kW,Reg3,0
48,down,young drivers,Female,normal,1,private or freelance work,1,640.99,1 per year,654.08,496.64,560.64,9,6,street,75 kW,Reg12,0
42,down,only partner,Male,medical,0,private or freelance work,1,359.26,1 per year,366.59,320.89,297.78,16,15,private garage,175 kW,Reg6,0
48,stable,same,Male,normal,5,unknown,2,228.25,1 per year,228.26,229.85,226.28,18,11,unknown,75 kW,Reg4,0
53,stable,same,Female,normal,1,private or freelance work,1,500.99,4 per year,501.0,302.96,520.36,9,7,carport,100 kW,Reg14,0
49,up,young drivers,Male,medical,0,private or freelance work,2,411.56,4 per year,342.96,460.28,411.55,18,7,private garage,150 kW,Reg7,0
49,down,young drivers,Male,medical,0,private or freelance work,1,401.91,1 per year,410.11,665.19,382.78,15,9,other,75 kW,Reg3,0
36,down,only partner,Male,normal,1,private or freelance work,1,391.36,1 per year,399.35,409.91,363.05,13,3,private garage,125-300 kW,Reg3,0
37,stable,only partner,Female,medical,1,private or freelance work,1,263.51,4 per year,263.53,346.09,263.53,11,4,other,75 kW,Reg2,0
45,stable,same,Female,normal,0,private or freelance work,1,423.01,2 per year,423.03,532.29,403.31,12,10,parking deck,75 kW,Reg2,0
39,down,same,Male,normal,1,private or freelance work,1,214.23,1 per year,218.6,211.86,194.31,15,6,private garage,75 kW,Reg10,0
38,stable,same,Female,medical,1,private or freelance work,1,294.11,1 per year,294.13,303.71,294.13,15,12,other,75 kW,Reg5,1
27,stable,same,Female,normal,2,private or freelance work,1,459.17,4 per year,459.19,374.34,459.19,11,8,parking deck,100 kW,Reg8,0
32,down,same,Male,normal,1,private or freelance work,1,491.04,12 per year,512.39,531.36,419.12,18,15,street,75 kW,Reg3,0
36,down,only partner,Female,normal,0,private or freelance work,1,451.57,4 per year,460.79,357.74,422.39,5,5,parking deck,25-50 kW,Reg5,1
31,up,same,Female,normal,1,private or freelance work,2,1340.46,4 per year,832.01,1331.61,1290.45,12,10,parking deck,75 kW,Reg12,0
41,stable,commercial,Female,normal,6,unknown,1,236.6,1 per year,236.61,277.59,236.61,15,9,unknown,75 kW,Reg7,0
38,stable,only partner,Male,normal,0,private or freelance work,1,229.24,1 per year,229.25,305.1,227.1,14,11,street,75 kW,Reg8,0
65,stable,same,Female,medical,9,unknown,1,249.58,1 per year,247.37,256.81,249.58,14,3,private estate,75 kW,Reg14,0
30,down,same,Male,normal,0,private or freelance work,1,494.69,4 per year,574.64,614.45,458.14,14,8,parking deck,75 kW,Reg10,0
50,down,all drivers > 24,Female,normal,7,unknown,2,540.18,4 per year,551.2,328.54,529.71,13,5,street,25-50 kW,Reg5,0
31,up,young drivers,Male,normal,2,private or freelance work,1,1529.47,12 per year,717.91,1535.3,1355.8,10,6,private garage,100 kW,Reg7,1
52,stable,same,Female,medical,8,unknown,1,191.36,1 per year,191.36,173.38,191.36,10,1,private garage,25-50 kW,Reg7,0
41,stable,same,Male,normal,2,private or freelance work,1,240.83,2 per year,240.84,225.76,236.38,18,18,parking deck,75 kW,Reg4,0
39,stable,only partner,Female,medical,4,private or freelance work,1,264.05,1 per year,261.61,194.55,264.05,16,0,unknown,75 kW,Reg4,0
37,down,only partner,Male,medical,1,private or freelance work,1,353.16,1 per year,360.36,393.31,342.05,3,0,private garage,75 kW,Reg7,0
30,down,young drivers,Male,medical,1,private or freelance work,1,555.41,1 per year,579.56,597.56,482.98,14,13,underground garage,25-50 kW,Reg7,0
38,down,same,Female,normal,0,private or freelance work,1,200.13,1 per year,204.21,211.41,183.79,17,11,carport,75 kW,Reg4,0
40,stable,same,Male,normal,6,unknown,2,184.56,1 per year,184.58,157.97,177.9,8,1,street,75 kW,Reg7,0
37,stable,same,Male,normal,4,private or freelance work,1,146.16,1 per year,146.18,184.79,146.18,11,0,other,75 kW,Reg14,0
64,stable,young drivers,Male,medical,0,private or freelance work,2,349.7,4 per year,349.71,511.85,349.71,16,11,street,100 kW,Reg1,0
40,down,same,Female,medical,1,private or freelance work,1,407.21,12 per year,415.53,442.74,403.31,11,10,other,75 kW,Reg9,1
32,down,only partner,Male,medical,3,private or freelance work,1,432.62,1 per year,441.45,463.0,440.85,7,7,underground garage,150 kW,Reg8,0
58,stable,only partner,Female,normal,4,private or freelance work,1,354.51,4 per year,354.52,299.1,361.31,13,4,unknown,25-50 kW,Reg9,0
43,stable,same,Female,normal,0,private or freelance work,1,195.5,1 per year,195.51,254.19,181.53,18,17,private garage,75 kW,Reg3,0
65,up,same,Female,medical,7,unknown,1,613.15,1 per year,437.96,435.48,658.72,11,3,private garage,25-50 kW,Reg4,0
77,down,same,Male,medical,7,unknown,1,205.4,1 per year,209.59,271.96,188.0,11,0,private estate,75 kW,Reg7,0
60,stable,only partner,Male,normal,1,private or freelance work,1,382.65,1 per year,371.71,325.17,382.65,11,9,street,100 kW,Reg7,0
29,down,same,Male,normal,0,private or freelance work,1,439.05,4 per year,458.14,471.4,364.51,12,11,parking deck,75 kW,Reg7,1
40,stable,only partner,Male,normal,0,private or freelance work,1,174.29,1 per year,174.3,182.25,166.36,8,5,private garage,100 kW,Reg10,0
55,down,young drivers,Female,normal,1,private or freelance work,1,802.48,4 per year,837.38,667.05,697.81,11,6,other,75 kW,Reg3,1
48,stable,only partner,Male,medical,0,private or freelance work,1,142.17,1 per year,142.19,157.6,142.2,6,0,carport,75 kW,Reg10,0
66,stable,same,Male,normal,1,private or freelance work,1,130.02,1 per year,130.04,155.85,130.04,17,3,private garage,175 kW,Reg4,0
32,down,same,Male,medical,1,private or freelance work,1,445.78,2 per year,454.87,544.46,432.63,9,8,private garage,75 kW,Reg4,0
43,stable,only partner,Male,medical,3,private or freelance work,1,210.52,1 per year,210.54,250.2,210.54,14,6,private garage,125-300 kW,Reg4,0
42,stable,young drivers,Female,medical,0,private or freelance work,2,329.96,1 per year,329.98,473.65,329.98,13,0,other,100 kW,Reg8,0
35,down,only partner,Male,normal,1,private or freelance work,1,420.19,12 per year,428.76,375.21,393.03,17,13,private garage,75 kW,Reg4,0
66,stable,same,Male,normal,7,private or freelance work,2,146.69,1 per year,146.7,118.14,146.7,16,16,private garage,25-50 kW,Reg8,0
46,down,young drivers,Male,medical,7,private or freelance work,2,206.07,1 per year,210.28,230.99,180.24,8,0,street,25-50 kW,Reg5,0
37,stable,only partner,Male,normal,5,unknown,2,267.74,2 per year,267.75,248.15,270.2,12,2,unknown,75 kW,Reg8,0
46,stable,same,Male,normal,2,private or freelance work,1,281.85,4 per year,281.86,312.49,281.86,16,16,private garage,150 kW,Reg5,0
38,stable,same,Male,medical,0,private or freelance work,15,136.57,2 per year,136.59,146.8,136.59,7,2,private garage,75 kW,Reg10,0
32,down,same,Male,normal,0,private or freelance work,1,269.99,4 per year,275.5,323.33,244.89,17,14,street,150 kW,Reg3,0
35,down,same,Male,normal,3,private or freelance work,1,569.44,12 per year,581.06,482.39,542.32,16,15,private garage,125-300 kW,Reg8,0
34,stable,only partner,Male,normal,4,private or freelance work,1,232.01,1 per year,232.02,197.54,238.47,16,6,unknown,75 kW,Reg10,0
31,down,only partner,Female,normal,0,private or freelance work,2,249.18,1 per year,254.26,317.96,237.67,9,7,private garage,100 kW,Reg1,0
31,down,same,Female,normal,0,private or freelance work,1,196.45,12 per year,200.46,199.57,171.74,7,0,other,25-50 kW,Reg14,0
47,down,young drivers,Female,normal,0,private or freelance work,1,252.45,1 per year,257.6,346.61,273.89,13,6,private garage,25-50 kW,Reg14,0
40,down,only partner,Male,medical,1,private or freelance work,1,228.11,1 per year,232.76,287.75,210.75,15,10,street,100 kW,Reg5,0
39,stable,only partner,Female,normal,1,private or freelance work,1,310.43,1 per year,310.44,364.81,319.23,8,3,private garage,100 kW,Reg14,0
51,down,same,Female,normal,1,private or freelance work,1,711.54,4 per year,742.47,586.77,636.55,15,14,private garage,75 kW,Reg12,1
50,stable,same,Male,normal,9,unknown,1,304.11,2 per year,304.13,191.08,278.05,18,11,private garage,125-300 kW,Reg3,0
65,stable,same,Male,medical,10,unknown,1,262.94,1 per year,262.94,199.29,262.94,12,0,street,75 kW,Reg14,0
31,up,only partner,Female,medical,2,private or freelance work,1,316.02,2 per year,237.01,299.76,307.46,12,5,carport,25-50 kW,Reg12,0
58,stable,same,Female,normal,0,private or freelance work,2,926.12,12 per year,926.14,1063.44,926.14,18,18,private garage,25-50 kW,Reg5,0
26,down,same,Male,normal,0,private or freelance work,1,503.8,12 per year,525.7,626.74,463.71,12,7,private garage,100 kW,Reg4,0
38,stable,same,Male,normal,0,private or freelance work,1,803.41,1 per year,803.42,949.11,866.56,8,8,parking deck,75 kW,Reg3,0
46,stable,same,Female,medical,5,unknown,1,247.75,1 per year,247.75,256.81,247.75,10,3,unknown,75 kW,Reg4,0
51,up,all drivers > 24,Female,normal,0,private or freelance work,1,754.99,4 per year,587.21,999.94,754.99,13,9,street,100 kW,Reg4,0
41,stable,same,Male,normal,1,private or freelance work,1,287.9,1 per year,287.91,265.07,287.91,16,13,street,75 kW,Reg7,0
39,stable,same,Female,normal,0,private or freelance work,1,231.46,4 per year,231.47,297.05,231.47,17,15,street,75 kW,Reg12,0
44,up,only partner,Male,medical,1,private or freelance work,1,447.72,1 per year,335.79,602.69,447.71,13,10,street,100 kW,Reg8,0
52,stable,all drivers > 24,Female,normal,9,unknown,1,539.59,1 per year,539.6,447.2,509.8,15,6,street,125-300 kW,Reg9,0
74,stable,same,Male,normal,7,unknown,2,307.88,1 per year,305.03,246.46,307.88,14,6,street,75 kW,Reg13,0
36,stable,only partner,Female,medical,2,private or freelance work,1,244.78,1 per year,244.79,253.16,249.3,15,4,underground garage,100 kW,Reg7,0
35,up,same,Male,medical,1,private or freelance work,1,503.53,1 per year,391.64,577.42,489.66,9,5,private garage,75 kW,Reg8,0
60,stable,same,Male,normal,1,private or freelance work,1,173.8,4 per year,173.81,194.94,165.91,11,5,other,100 kW,Reg1,0
49,stable,same,Male,normal,4,private or freelance work,1,253.51,2 per year,241.45,201.75,255.48,12,4,unknown,125-300 kW,Reg10,0
33,stable,same,Male,normal,0,private or freelance work,1,215.89,1 per year,215.9,306.31,215.9,18,10,parking deck,125-300 kW,Reg7,0
55,stable,same,Male,medical,2,private or freelance work,1,430.76,12 per year,430.77,370.2,410.68,13,2,street,100 kW,Reg9,0
26,down,same,Female,normal,0,private or freelance work,1,641.4,12 per year,745.06,540.66,556.41,18,17,parking deck,25-50 kW,Reg14,0
39,stable,only partner,Male,normal,2,private or freelance work,4,372.6,4 per year,372.6,276.64,372.6,8,5,private garage,100 kW,Reg4,0
24,stable,same,Female,normal,0,private or freelance work,1,232.44,4 per year,232.45,251.62,232.43,10,6,private garage,25-50 kW,Reg6,0
36,stable,young drivers,Male,medical,0,private or freelance work,1,247.71,2 per year,247.72,302.54,247.72,5,5,private garage,75 kW,Reg3,0
34,stable,only partner,Female,medical,3,private or freelance work,1,373.15,1 per year,373.16,312.19,373.16,13,7,unknown,75 kW,Reg8,0
61,stable,same,Female,normal,1,private or freelance work,1,189.15,1 per year,189.16,188.2,189.16,16,0,carport,75 kW,Reg7,0
38,down,only partner,Female,normal,3,private or freelance work,1,432.07,2 per year,440.89,318.43,416.1,15,11,unknown,25-50 kW,Reg9,0
35,stable,same,Male,normal,0,private or freelance work,2,197.65,1 per year,197.66,274.44,185.42,11,3,other,125-300 kW,Reg13,1
52,up,young drivers,Female,medical,0,private or freelance work,1,565.22,12 per year,403.73,786.29,544.06,11,11,carport,25-50 kW,Reg13,0
35,down,only partner,Female,medical,3,private or freelance work,1,347.5,1 per year,354.59,272.91,319.13,12,6,unknown,25-50 kW,Reg4,0
32,down,all drivers > 24,Male,medical,1,private or freelance work,1,312.69,1 per year,319.07,327.71,295.2,6,1,private garage,100 kW,Reg7,1
43,stable,all drivers > 24,Female,medical,2,private or freelance work,1,554.86,12 per year,554.87,496.36,554.87,13,10,other,100 kW,Reg8,0
43,stable,same,Male,normal,3,private or freelance work,1,349.86,1 per year,349.87,419.14,363.3,15,9,private garage,150 kW,Reg8,0
47,stable,only partner,Female,medical,1,private or freelance work,1,178.74,1 per year,178.75,182.6,178.75,14,5,street,75 kW,Reg4,0
28,stable,only partner,Male,normal,0,private or freelance work,1,232.61,2 per year,232.63,272.66,232.63,12,4,street,100 kW,Reg5,0
60,stable,same,Male,medical,8,unknown,2,172.79,1 per year,172.79,156.15,172.79,8,0,private garage,25-50 kW,Reg7,0
61,down,only partner,Male,medical,1,private or freelance work,1,195.78,1 per year,199.78,226.04,173.2,16,4,street,100 kW,Reg2,0
32,stable,only partner,Male,normal,0,private or freelance work,1,266.34,1 per year,266.35,383.18,273.89,13,7,street,75 kW,Reg3,1
40,stable,only partner,Female,medical,6,unknown,2,306.8,1 per year,306.8,315.48,306.8,11,4,private garage,75 kW,Reg8,1
68,stable,same,Female,normal,7,unknown,1,239.56,1 per year,239.58,182.33,241.81,17,10,private garage,25-50 kW,Reg4,0
48,stable,only partner,Male,normal,9,private or freelance work,1,193.53,1 per year,193.53,187.57,193.53,10,8,carport,100 kW,Reg7,1
37,stable,same,Female,medical,1,private or freelance work,1,241.64,2 per year,241.65,278.56,250.8,12,7,street,75 kW,Reg14,1
53,down,only partner,Male,normal,0,private or freelance work,1,236.66,1 per year,241.49,309.71,214.66,12,9,other,100 kW,Reg7,0
50,down,young drivers,Male,medical,0,private or freelance work,2,808.81,1 per year,939.52,828.45,735.27,12,12,carport,75 kW,Reg7,0
54,down,same,Female,normal,1,private or freelance work,1,317.76,2 per year,324.25,302.07,294.78,7,6,private garage,75 kW,Reg7,0
25,stable,same,Female,medical,0,private or freelance work,1,717.66,12 per year,717.68,807.0,717.68,12,12,private garage,25-50 kW,Reg7,0
37,stable,only partner,Male,medical,2,private or freelance work,1,209.03,1 per year,209.03,257.45,209.03,8,0,other,75 kW,Reg4,0
43,stable,only partner,Male,medical,7,private or freelance work,1,265.39,2 per year,265.4,298.43,258.04,9,2,private garage,75 kW,Reg1,0
46,stable,all drivers > 24,Male,medical,5,private or freelance work,5,306.28,1 per year,291.71,284.16,311.69,10,7,other,100 kW,Reg4,1
47,down,all drivers > 24,Male,medical,1,private or freelance work,1,513.36,1 per year,523.84,470.19,498.88,12,0,parking deck,75 kW,Reg10,0
48,down,same,Female,medical,0,private or freelance work,1,738.97,1 per year,858.4,690.73,671.8,17,16,parking deck,75 kW,Reg5,0
49,down,only partner,Female,medical,6,unknown,1,252.79,4 per year,257.95,201.62,244.51,15,8,private garage,25-50 kW,Reg6,0
41,down,same,Male,normal,0,private or freelance work,1,929.21,12 per year,969.61,922.94,808.01,12,11,street,25-50 kW,Reg4,1
58,stable,same,Female,normal,0,private or freelance work,1,159.74,4 per year,159.75,185.5,159.74,13,5,private garage,25-50 kW,Reg4,0
53,stable,young drivers,Male,normal,1,private or freelance work,1,252.12,1 per year,242.8,237.04,252.12,13,0,private garage,75 kW,Reg3,0
42,down,same,Male,medical,4,private or freelance work,1,548.95,12 per year,560.15,431.15,513.47,17,13,parking deck,75 kW,Reg8,0
26,down,same,Male,medical,0,private or freelance work,1,518.18,4 per year,528.75,563.9,470.8,16,16,private garage,125-300 kW,Reg4,0
58,stable,same,Female,medical,9,unknown,1,266.9,1 per year,266.91,239.96,262.06,9,0,private garage,75 kW,Reg4,0
31,down,young drivers,Male,normal,1,private or freelance work,1,843.8,4 per year,880.49,874.25,733.75,15,14,street,75 kW,Reg4,0
44,down,only partner,Male,medical,4,private or freelance work,2,130.72,1 per year,133.39,170.2,110.24,17,1,private garage,125-300 kW,Reg13,0
29,down,same,Male,medical,0,private or freelance work,1,312.61,1 per year,318.99,388.98,292.4,12,7,other,125-300 kW,Reg7,0
51,stable,same,Male,normal,10,unknown,1,233.65,1 per year,233.65,190.04,233.65,12,0,street,100 kW,Reg10,0
29,down,only partner,Male,normal,0,private or freelance work,1,404.43,1 per year,412.69,483.06,353.73,16,13,underground garage,125-300 kW,Reg12,1
50,stable,same,Male,normal,1,private or freelance work,1,222.93,1 per year,222.94,265.23,222.94,16,7,underground garage,100 kW,Reg7,0
46,stable,same,Male,normal,1,private or freelance work,1,297.04,4 per year,297.05,311.28,297.05,16,11,underground garage,75 kW,Reg14,0
48,stable,young drivers,Female,medical,0,private or freelance work,1,908.69,1 per year,908.7,1102.11,908.7,15,15,other,75 kW,Reg7,0
43,stable,same,Male,normal,0,private or freelance work,1,295.45,1 per year,295.46,324.66,289.97,3,0,street,75 kW,Reg4,0
37,up,same,Female,medical,1,private or freelance work,1,286.18,4 per year,214.64,360.15,286.18,10,5,other,100 kW,Reg11,1
33,down,same,Male,normal,0,private or freelance work,1,291.11,2 per year,297.05,328.0,272.3,15,15,private garage,125-300 kW,Reg10,0
40,down,only partner,Male,medical,7,private or freelance work,1,255.66,1 per year,260.87,201.26,228.26,17,9,unknown,25-50 kW,Reg4,0
50,down,same,Male,normal,3,private or freelance work,2,357.21,4 per year,364.5,336.71,328.05,15,3,street,100 kW,Reg4,1
37,stable,only partner,Male,medical,0,private or freelance work,1,259.16,1 per year,259.17,252.95,264.09,6,6,private garage,75 kW,Reg7,0
67,down,all drivers > 24,Female,normal,0,private or freelance work,2,793.29,1 per year,809.48,860.76,755.51,12,9,street,75 kW,Reg5,0
35,stable,all drivers > 24,Male,normal,5,unknown,1,359.29,1 per year,359.3,294.43,352.9,17,10,unknown,75 kW,Reg12,0
43,stable,only partner,Male,medical,1,private or freelance work,1,259.33,2 per year,259.34,289.01,259.34,13,9,private garage,100 kW,Reg3,0
34,stable,all drivers > 24,Female,normal,0,private or freelance work,1,164.5,1 per year,156.67,236.8,165.52,13,6,street,75 kW,Reg7,0
32,down,only partner,Female,medical,2,private or freelance work,5,564.91,4 per year,576.44,489.05,528.4,18,15,street,100 kW,Reg4,0
32,stable,same,Male,normal,3,private or freelance work,1,469.25,1 per year,469.25,392.4,469.25,15,10,unknown,75 kW,Reg4,0
40,down,only partner,Female,medical,1,private or freelance work,2,340.18,2 per year,347.13,332.16,318.2,13,12,private garage,100 kW,Reg8,0
40,stable,same,Male,normal,0,private or freelance work,2,216.3,1 per year,216.31,277.62,242.39,10,3,private garage,75 kW,Reg4,1
24,down,same,Male,normal,1,private or freelance work,1,591.66,12 per year,617.39,625.51,514.49,14,13,private garage,25-50 kW,Reg4,0
40,stable,only partner,Female,normal,7,private or freelance work,1,299.04,12 per year,284.81,238.96,304.13,16,14,other,25-50 kW,Reg5,1
49,down,same,Female,normal,0,private or freelance work,1,425.33,2 per year,434.01,435.9,405.07,12,8,parking deck,25-50 kW,Reg4,0
37,stable,same,Male,medical,0,private or freelance work,1,275.97,1 per year,275.99,337.38,281.22,10,8,parking deck,75 kW,Reg10,1
28,down,young drivers,Male,medical,0,private or freelance work,1,311.27,1 per year,324.8,479.79,265.8,15,7,private garage,75 kW,Reg4,0
46,stable,only partner,Female,normal,4,private or freelance work,1,388.75,1 per year,388.75,296.94,388.75,10,8,private garage,75 kW,Reg12,0
45,stable,all drivers > 24,Female,medical,2,private or freelance work,1,340.62,2 per year,340.64,325.0,328.03,17,12,other,75 kW,Reg9,0
47,down,only partner,Male,medical,10,unknown,1,236.23,1 per year,241.05,226.95,212.71,12,2,private garage,100 kW,Reg4,0
32,stable,only partner,Male,medical,0,private or freelance work,1,190.97,1 per year,190.99,195.29,179.21,6,0,carport,25-50 kW,Reg3,0
57,stable,same,Male,normal,7,unknown,1,530.49,12 per year,530.5,297.15,521.0,18,7,private garage,75 kW,Reg8,0
63,up,young drivers,Male,normal,2,private or freelance work,1,693.33,2 per year,504.24,604.29,727.6,18,10,private garage,75 kW,Reg3,0
36,down,only partner,Male,normal,2,private or freelance work,1,246.83,2 per year,251.86,222.2,220.38,10,5,underground garage,125-300 kW,Reg4,0
31,stable,all drivers > 24,Female,medical,0,private or freelance work,1,309.01,4 per year,309.03,377.31,327.09,13,10,other,75 kW,Reg9,0
33,down,same,Female,normal,0,private or freelance work,1,593.43,4 per year,605.54,594.92,604.31,14,14,private garage,100 kW,Reg8,0
56,stable,same,Female,medical,14,unknown,1,226.2,2 per year,226.21,182.75,222.16,18,8,private garage,25-50 kW,Reg3,0
36,down,same,Female,normal,1,private or freelance work,1,495.5,1 per year,505.61,383.54,458.69,13,12,street,25-50 kW,Reg9,0
42,stable,same,Male,normal,1,private or freelance work,1,179.69,1 per year,179.7,174.05,174.83,17,2,private garage,75 kW,Reg12,0
37,down,all drivers > 24,Male,normal,0,private or freelance work,1,685.09,1 per year,699.08,606.48,704.65,16,15,parking deck,100 kW,Reg4,0
42,stable,young drivers,Male,medical,0,private or freelance work,1,317.63,2 per year,317.64,267.43,288.85,12,0,carport,75 kW,Reg11,1
36,stable,same,Male,normal,0,private or freelance work,1,283.94,12 per year,283.95,345.35,283.95,16,14,private garage,100 kW,Reg14,0
33,stable,same,Male,normal,1,private or freelance work,1,404.21,4 per year,404.23,444.05,411.93,16,11,parking deck,100 kW,Reg9,0
46,stable,only partner,Male,normal,5,private or freelance work,1,258.24,1 per year,253.44,229.29,258.24,10,8,underground garage,75 kW,Reg7,0
44,stable,young drivers,Male,normal,1,private or freelance work,2,344.99,1 per year,345.0,306.86,345.0,18,11,carport,75 kW,Reg4,0
26,down,same,Male,normal,0,private or freelance work,1,761.46,4 per year,1461.39,661.38,761.85,17,16,street,25-50 kW,Reg9,1
43,stable,same,Male,normal,1,private or freelance work,1,174.36,4 per year,174.38,204.56,174.38,17,1,private garage,100 kW,Reg3,0
31,down,only partner,Male,normal,1,private or freelance work,1,296.9,1 per year,302.96,328.04,277.02,10,2,underground garage,75 kW,Reg8,0
45,stable,only partner,Female,medical,1,private or freelance work,2,261.66,4 per year,261.67,340.26,261.67,15,14,private garage,100 kW,Reg4,0
40,down,same,Male,normal,0,private or freelance work,1,291.62,4 per year,297.57,362.06,267.81,18,16,carport,125-300 kW,Reg4,0
47,stable,only partner,Male,normal,1,private or freelance work,2,218.41,1 per year,218.43,214.21,218.43,16,3,street,100 kW,Reg4,0
27,down,same,Female,normal,4,private or freelance work,1,425.9,4 per year,434.59,246.92,394.72,12,0,unknown,25-50 kW,Reg1,0
34,stable,same,Female,medical,2,private or freelance work,1,263.79,4 per year,263.8,241.66,271.26,16,8,street,75 kW,Reg12,0
42,stable,same,Male,normal,12,unknown,1,339.15,1 per year,339.16,229.53,342.28,15,2,street,25-50 kW,Reg5,0
56,stable,young drivers,Female,normal,1,private or freelance work,1,293.91,1 per year,293.92,351.91,280.24,9,8,other,75 kW,Reg8,0
39,down,same,Male,normal,1,private or freelance work,1,607.28,12 per year,705.43,560.59,552.08,9,8,underground garage,25-50 kW,Reg7,0
47,stable,only partner,Male,normal,9,private or freelance work,1,204.72,12 per year,204.74,181.35,187.04,13,3,private garage,75 kW,Reg8,0
46,stable,young drivers,Female,normal,0,private or freelance work,1,484.31,1 per year,484.32,455.77,484.32,13,8,other,75 kW,Reg14,1
42,stable,only partner,Male,normal,5,unknown,1,146.6,1 per year,146.61,134.26,147.84,18,0,unknown,25-50 kW,Reg7,0
50,stable,only partner,Male,medical,7,unknown,1,191.14,1 per year,191.14,164.62,191.14,15,3,private garage,125-300 kW,Reg7,0
36,down,same,Male,medical,0,private or freelance work,1,244.02,1 per year,249.0,266.52,224.1,11,10,private garage,75 kW,Reg7,0
40,down,all drivers > 24,Male,medical,1,private or freelance work,1,748.24,1 per year,780.77,739.39,650.65,10,8,other,100 kW,Reg7,0
23,down,same,Male,medical,0,private or freelance work,1,1085.46,4 per year,1132.65,828.58,943.87,13,11,street,100 kW,Reg4,0
44,stable,young drivers,Female,normal,0,private or freelance work,3,242.04,1 per year,242.05,271.22,230.75,15,12,private garage,100 kW,Reg14,0
28,down,only partner,Female,medical,1,private or freelance work,1,581.95,4 per year,607.25,524.39,540.36,12,10,private garage,25-50 kW,Reg4,1
23,down,same,Male,medical,0,private or freelance work,1,385.84,1 per year,393.71,396.31,343.86,13,10,parking deck,75 kW,Reg12,1
38,stable,same,Female,medical,1,private or freelance work,1,164.83,4 per year,164.84,195.38,164.84,12,3,other,75 kW,Reg4,0
48,stable,same,Male,normal,2,private or freelance work,1,339.5,2 per year,339.51,319.1,329.98,12,7,private garage,100 kW,Reg12,0
22,stable,same,Male,medical,0,private or freelance work,1,1058.54,4 per year,1058.55,1392.84,1058.55,10,10,underground garage,100 kW,Reg4,0
54,stable,all drivers > 24,Female,medical,1,private or freelance work,1,244.76,1 per year,244.78,274.81,249.42,14,0,private garage,75 kW,Reg9,1
30,down,same,Female,medical,1,private or freelance work,1,270.26,12 per year,275.77,257.47,254.4,17,10,parking deck,25-50 kW,Reg9,0
42,stable,all drivers > 24,Female,medical,11,private or freelance work,1,134.6,1 per year,134.61,186.9,134.61,14,2,private garage,25-50 kW,Reg14,0
41,stable,only partner,Male,medical,7,unknown,1,332.84,4 per year,332.85,283.58,335.89,12,4,private garage,75 kW,Reg1,0
45,stable,young drivers,Male,normal,0,private or freelance work,1,279.7,1 per year,279.71,313.99,274.4,13,8,private garage,100 kW,Reg8,0
46,up,same,Male,normal,2,private or freelance work,1,366.06,1 per year,299.5,337.11,339.67,10,8,carport,100 kW,Reg11,0
30,down,same,Male,medical,1,private or freelance work,1,419.29,4 per year,427.85,365.42,399.32,1,0,private garage,75 kW,Reg10,0
38,stable,only partner,Male,medical,0,private or freelance work,1,256.05,1 per year,256.06,353.06,265.83,9,0,underground garage,75 kW,Reg6,0
32,down,only partner,Female,normal,7,private or freelance work,1,457.19,12 per year,466.53,349.06,400.41,11,10,private garage,100 kW,Reg11,0
37,stable,all drivers > 24,Male,normal,2,private or freelance work,1,283.54,1 per year,283.55,267.05,283.55,15,5,street,75 kW,Reg12,0
33,down,same,Male,normal,1,private or freelance work,1,261.08,4 per year,266.41,339.46,251.12,15,7,private garage,125-300 kW,Reg7,0
41,up,same,Female,medical,1,private or freelance work,1,354.2,1 per year,265.65,428.62,354.2,8,3,private garage,125-300 kW,Reg8,0
41,stable,only partner,Male,normal,0,private or freelance work,1,226.76,2 per year,226.77,193.04,237.7,9,9,private garage,75 kW,Reg7,0
55,stable,all drivers > 24,Female,normal,2,private or freelance work,1,317.59,1 per year,317.6,304.52,317.6,6,5,private garage,150 kW,Reg4,0
31,stable,only partner,Female,medical,0,private or freelance work,1,203.14,1 per year,203.15,271.5,203.15,11,8,street,75 kW,Reg5,1
56,down,all drivers > 24,Male,medical,4,private or freelance work,3,560.58,2 per year,572.02,346.16,505.18,13,8,unknown,100 kW,Reg5,1
46,stable,same,Female,medical,10,unknown,2,187.04,1 per year,187.05,150.05,192.11,14,8,unknown,75 kW,Reg5,0
32,up,all drivers > 24,Female,normal,0,private or freelance work,1,1213.08,12 per year,962.1,1413.11,1236.45,15,15,private garage,75 kW,Reg5,0
37,down,same,Male,medical,0,private or freelance work,1,696.5,1 per year,975.77,821.75,623.12,16,15,street,100 kW,Reg2,0
59,down,young drivers,Male,medical,0,private or freelance work,3,356.56,4 per year,363.84,444.0,330.76,16,15,private garage,25-50 kW,Reg6,0
39,stable,same,Female,normal,10,unknown,2,269.7,4 per year,267.29,202.84,269.7,10,0,private garage,25-50 kW,Reg7,0
34,down,only partner,Male,normal,2,private or freelance work,1,217.07,2 per year,221.5,243.81,193.81,9,1,private garage,75 kW,Reg6,0
36,stable,only partner,Male,normal,1,private or freelance work,2,141.82,1 per year,141.84,181.4,143.12,12,1,parking deck,75 kW,Reg5,0
39,down,only partner,Male,normal,5,unknown,1,518.48,2 per year,529.06,380.94,433.69,13,8,unknown,75 kW,Reg7,0
45,down,same,Female,normal,1,private or freelance work,1,286.56,12 per year,292.41,321.12,263.17,14,9,private garage,100 kW,Reg14,0
31,down,same,Female,normal,2,private or freelance work,1,691.98,1 per year,803.81,714.71,629.06,10,4,private garage,25-50 kW,Reg4,1
44,down,young drivers,Female,medical,4,private or freelance work,4,592.14,4 per year,604.23,342.21,481.29,10,6,unknown,25-50 kW,Reg3,1
32,down,same,Male,normal,6,private or freelance work,1,243.51,1 per year,248.47,274.21,220.86,14,7,street,75 kW,Reg8,0
25,down,same,Female,normal,1,private or freelance work,1,703.84,12 per year,734.44,555.66,589.55,12,9,parking deck,25-50 kW,Reg8,0
45,down,young drivers,Male,medical,0,private or freelance work,1,373.28,1 per year,380.9,496.41,324.0,12,7,private garage,100 kW,Reg5,1
36,stable,only partner,Female,normal,2,private or freelance work,1,213.55,1 per year,213.56,184.57,207.78,8,5,private garage,75 kW,Reg4,1
44,stable,same,Male,medical,2,private or freelance work,1,278.01,12 per year,278.02,347.66,297.1,10,7,private garage,100 kW,Reg6,0
36,stable,only partner,Female,normal,1,private or freelance work,1,243.3,4 per year,243.31,271.12,247.79,12,3,private garage,75 kW,Reg13,1
33,stable,all drivers > 24,Male,medical,0,private or freelance work,3,470.5,1 per year,470.51,557.96,431.46,10,8,private garage,100 kW,Reg6,1
34,down,only partner,Female,normal,1,private or freelance work,1,291.95,1 per year,297.91,287.41,268.11,12,0,private garage,75 kW,Reg7,0
50,down,only partner,Female,normal,1,private or freelance work,1,259.87,12 per year,265.17,262.9,238.65,7,1,private garage,75 kW,Reg3,0
39,down,only partner,Male,medical,1,private or freelance work,1,444.28,4 per year,463.6,482.88,386.34,14,9,underground garage,25-50 kW,Reg11,1
31,down,same,Female,normal,1,private or freelance work,1,635.43,12 per year,663.06,584.24,547.39,12,11,carport,100 kW,Reg14,0
48,stable,all drivers > 24,Female,normal,1,private or freelance work,1,260.44,1 per year,260.45,268.98,260.45,15,2,parking deck,25-50 kW,Reg4,0
57,down,same,Female,normal,2,private or freelance work,1,901.78,4 per year,1047.53,790.49,819.8,8,3,underground garage,100 kW,Reg8,0
26,down,young drivers,Female,medical,0,private or freelance work,1,436.84,4 per year,455.84,685.41,372.78,11,9,private garage,75 kW,Reg5,0
42,down,only partner,Female,normal,1,private or freelance work,1,748.7,4 per year,869.7,805.64,713.79,17,14,street,75 kW,Reg4,0
45,down,young drivers,Male,normal,0,private or freelance work,1,844.2,4 per year,980.64,933.47,767.45,18,18,carport,75 kW,Reg1,0
42,stable,only partner,Male,medical,14,private or freelance work,1,136.06,1 per year,136.08,166.55,136.08,14,0,parking deck,75 kW,Reg7,0
54,down,same,Male,normal,5,unknown,1,357.98,1 per year,365.29,235.73,324.7,7,0,unknown,150 kW,Reg9,0
47,down,same,Female,normal,0,private or freelance work,1,241.14,12 per year,246.06,278.14,218.72,12,9,private garage,75 kW,Reg11,0
39,stable,same,Male,normal,2,private or freelance work,2,198.69,2 per year,196.88,239.49,198.69,10,5,underground garage,125-300 kW,Reg4,0
47,stable,same,Female,normal,0,private or freelance work,1,199.19,1 per year,199.2,267.1,197.35,14,8,private garage,75 kW,Reg4,0
36,stable,only partner,Male,normal,2,private or freelance work,1,347.95,4 per year,347.96,317.4,347.96,18,16,other,75 kW,Reg10,0
30,stable,same,Female,medical,2,private or freelance work,1,233.51,1 per year,233.53,285.75,233.53,12,10,private garage,25-50 kW,Reg3,0
38,down,only partner,Male,normal,3,private or freelance work,3,318.88,1 per year,325.39,240.66,292.88,17,13,unknown,75 kW,Reg3,0
45,down,same,Male,normal,0,private or freelance work,1,333.54,4 per year,340.35,309.55,317.66,18,18,carport,25-50 kW,Reg4,0
49,up,only partner,Female,normal,0,private or freelance work,1,460.6,4 per year,329.0,400.39,478.12,10,7,other,125-300 kW,Reg3,0
42,stable,only partner,Female,medical,11,unknown,1,260.05,1 per year,257.69,191.48,260.05,14,3,street,75 kW,Reg9,0
44,down,same,Male,normal,0,private or freelance work,2,584.1,4 per year,678.5,567.84,531.0,17,16,other,25-50 kW,Reg8,1
58,down,same,Female,medical,2,private or freelance work,1,310.19,1 per year,316.53,322.54,284.86,12,5,other,125-300 kW,Reg6,1
41,down,same,Female,normal,2,private or freelance work,1,429.62,12 per year,438.39,320.9,375.76,13,0,street,100 kW,Reg7,0
70,stable,all drivers > 24,Male,medical,12,unknown,7,612.04,1 per year,612.05,513.64,617.69,15,2,private garage,150 kW,Reg5,0
56,stable,young drivers,Male,medical,5,unknown,2,569.1,1 per year,569.11,318.98,569.11,9,3,unknown,75 kW,Reg8,0
70,stable,same,Male,normal,1,private or freelance work,1,276.75,1 per year,276.76,372.76,266.45,17,11,other,75 kW,Reg8,0
52,stable,only partner,Male,medical,11,private or freelance work,1,281.47,2 per year,268.08,234.27,285.96,11,0,street,125-300 kW,Reg3,0
73,stable,same,Male,normal,9,unknown,1,196.71,1 per year,193.3,183.16,196.71,15,3,private garage,100 kW,Reg10,0
57,down,young drivers,Female,medical,0,private or freelance work,1,575.15,2 per year,586.89,569.32,543.25,14,13,private garage,25-50 kW,Reg8,0
29,down,same,Male,normal,0,private or freelance work,1,535.82,4 per year,546.75,371.7,510.31,2,2,parking deck,100 kW,Reg10,0
47,down,same,Male,medical,1,private or freelance work,1,462.4,2 per year,471.84,475.09,424.35,18,17,private garage,100 kW,Reg14,0
43,stable,all drivers > 24,Male,normal,1,private or freelance work,2,165.35,1 per year,165.36,263.2,165.36,17,6,carport,75 kW,Reg1,0
23,down,same,Female,medical,2,private or freelance work,1,675.12,4 per year,704.48,730.26,587.02,11,11,parking deck,75 kW,Reg3,0
52,down,same,Male,normal,1,private or freelance work,1,776.8,4 per year,792.65,697.09,790.94,10,8,private garage,125-300 kW,Reg2,0
57,stable,same,Male,normal,7,unknown,1,190.49,1 per year,190.5,188.35,177.51,9,0,private garage,75 kW,Reg4,0
44,stable,only partner,Male,normal,3,private or freelance work,1,111.34,2 per year,111.35,153.05,122.92,17,8,street,25-50 kW,Reg14,0
55,stable,all drivers > 24,Female,normal,5,private or freelance work,1,548.84,1 per year,548.85,494.03,575.76,11,9,other,100 kW,Reg9,0
39,stable,only partner,Male,normal,0,private or freelance work,2,213.9,2 per year,213.9,286.52,213.9,16,9,parking deck,75 kW,Reg8,0
39,stable,same,Female,medical,1,private or freelance work,2,212.69,1 per year,212.7,311.9,229.01,15,11,street,25-50 kW,Reg12,0
46,down,only partner,Male,normal,9,unknown,2,621.32,1 per year,634.0,370.34,586.6,10,0,street,75 kW,Reg5,0
48,stable,same,Female,medical,1,private or freelance work,1,220.85,4 per year,220.86,286.9,208.82,18,10,street,25-50 kW,Reg4,0
36,down,same,Male,normal,1,private or freelance work,1,717.34,4 per year,731.98,595.09,609.98,17,15,parking deck,75 kW,Reg5,1
36,stable,same,Male,medical,4,private or freelance work,2,266.54,1 per year,266.55,371.78,287.14,12,6,underground garage,75 kW,Reg7,0
